trial_id,component_id,is_true,exact_mode_norm,ssl_clean,ssl_perturbed,esl,rsln_clean,rsln_perturbed,reln,snr_db,noise_model
0,0,0,1.001336729,1.001315191,1.001314464,0.010418331,0.999978491,0.999977765,0.010404423,10,gaussian
0,1,0,0.99524815,0.995224592,0.995223131,0.044839316,0.999976329,0.999974861,0.045053403,10,gaussian
0,2,0,0.996946329,0.996918383,0.996918788,0.015527436,0.999971969,0.999972375,0.015574997,10,gaussian
0,3,0,0.996325345,0.996301296,0.996300526,0.018841669,0.999975862,0.999975089,0.018911161,10,gaussian
0,4,0,0.992365721,0.992340327,0.992338994,0.07986347,0.999974411,0.999973067,0.080477861,10,gaussian
0,5,0,0.995970981,0.995940357,0.99593562,0.029637101,0.999969252,0.999964496,0.029756993,10,gaussian
0,6,0,0.996391681,0.996247159,0.996255558,0.014961254,0.999854954,0.999863384,0.015015435,10,gaussian
0,7,0,0.994233531,0.994086231,0.994078945,0.205882283,0.999851845,0.999844517,0.207076382,10,gaussian
0,8,0,0.995625028,0.994549223,0.994565253,0.018013779,0.998919468,0.998935568,0.018092935,10,gaussian
0,9,0,0.996884593,0.995924103,0.995907549,0.068148138,0.999036509,0.999019904,0.068361111,10,gaussian
0,10,1,0.962040475,0.01343836,0.000577785,0.000454833,0.013968602,0.000600583,0.000472779,10,gaussian
0,11,1,0.960914819,0.011198235,0.000572208,0.000447554,0.011653723,0.000595483,0.000465758,10,gaussian
0,12,1,0.960705678,0.014908624,0.000754903,0.000639345,0.01551841,0.00078578,0.000665495,10,gaussian
0,13,1,0.961157362,0.01701308,0.000789465,0.000675531,0.017700618,0.000821369,0.00070283,10,gaussian
0,14,1,0.961823916,0.015581098,0.00075703,0.000615203,0.016199532,0.000787077,0.000639622,10,gaussian
1,0,0,0.994724921,0.99470576,0.99470871,0.0880168,0.999980738,0.999983704,0.088483558,10,gaussian
1,1,0,0.992529474,0.992508965,0.99250919,0.120537619,0.999979336,0.999979563,0.121444876,10,gaussian
1,2,0,0.997399919,0.997386067,0.997385231,0.010682815,0.999986112,0.999985274,0.010710664,10,gaussian
1,3,0,0.995795745,0.995747443,0.995746021,0.029603445,0.999951494,0.999950066,0.029728431,10,gaussian
1,4,0,0.996094511,0.996069543,0.996068183,0.051092621,0.999974934,0.999973569,0.051292945,10,gaussian
1,5,0,0.99421324,0.994176688,0.994176683,0.079667981,0.999963236,0.999963231,0.080131684,10,gaussian
1,6,0,0.99399818,0.993942175,0.993942066,0.047822647,0.999943656,0.999943546,0.048111403,10,gaussian
1,7,0,0.997973437,0.997929401,0.997919236,0.022786191,0.999955875,0.999945689,0.022832462,10,gaussian
1,8,0,0.996762754,0.996723262,0.996718188,0.034930823,0.99996038,0.999955289,0.03504427,10,gaussian
1,9,1,0.960293811,0.011204729,0.000494376,0.000458235,0.011668022,0.000514817,0.000477182,10,gaussian
1,10,1,0.961992255,0.015425507,0.000648618,0.000593026,0.01603496,0.000674244,0.000616456,10,gaussian
1,11,1,0.960643062,0.014054579,0.000712694,0.000673748,0.014630387,0.000741892,0.000701351,10,gaussian
1,12,1,0.959066396,0.014236539,0.000720095,0.000661835,0.014844164,0.00075083,0.000690082,10,gaussian
1,13,1,0.959828204,0.010451816,0.000552239,0.000467566,0.010889257,0.000575352,0.000487135,10,gaussian
1,14,0,0.98903637,0.988742189,0.98874876,0.261560172,0.999702558,0.999709202,0.264459609,10,gaussian
2,0,0,0.994028392,0.994009009,0.994010552,0.056846622,0.9999805,0.999982053,0.057188127,10,gaussian
2,1,0,0.998160537,0.998135161,0.998132075,0.011071285,0.999974578,0.999971486,0.011091687,10,gaussian
2,2,0,0.996291724,0.996272207,0.996269842,0.023558871,0.99998041,0.999978036,0.023646559,10,gaussian
2,3,0,0.998318629,0.998294453,0.998294343,0.029035635,0.999975783,0.999975673,0.029084537,10,gaussian
2,4,0,0.9941974,0.994185918,0.994180447,0.054880505,0.999988451,0.999982948,0.055200813,10,gaussian
2,5,0,0.997722461,0.997716684,0.997717404,0.186336924,0.99999421,0.999994931,0.186762282,10,gaussian
2,6,0,0.994451996,0.994364009,0.994382798,0.067911903,0.999911522,0.999930416,0.068290781,10,gaussian
2,7,0,0.996025781,0.995911186,0.995912877,0.02671321,0.999884949,0.999886645,0.026819797,10,gaussian
2,8,0,0.996767947,0.996327562,0.996319327,0.019107814,0.999558187,0.999549925,0.019169772,10,gaussian
2,9,0,0.994696149,0.993803089,0.993974143,0.085231236,0.999102179,0.999274144,0.085685701,10,gaussian
2,10,1,0.960361238,0.012747608,0.000552496,0.000487195,0.013273764,0.0005753,0.000507304,10,gaussian
2,11,1,0.960608215,0.01137385,0.000626988,0.000491266,0.011840259,0.000652699,0.000511411,10,gaussian
2,12,1,0.962118246,0.017371915,0.000750555,0.000636997,0.018055904,0.000780107,0.000662078,10,gaussian
2,13,1,0.961327121,0.014742839,0.000764517,0.000651928,0.015335923,0.000795273,0.000678154,10,gaussian
2,14,1,0.960065443,0.016877094,0.000819411,0.000709499,0.017579108,0.000853495,0.000739011,10,gaussian
3,0,0,0.991768242,0.991731813,0.991733196,0.104772483,0.999963269,0.999964663,0.105642104,10,gaussian
3,1,0,0.996611237,0.996586233,0.996584686,0.046213503,0.99997491,0.999973358,0.046370643,10,gaussian
3,2,0,0.997137391,0.997112031,0.997111735,0.021932737,0.999974567,0.999974269,0.021995702,10,gaussian
3,3,0,0.993716199,0.993692145,0.993686728,0.079984108,0.999975794,0.999970343,0.08048989,10,gaussian
3,4,0,0.997154354,0.99714089,0.997142109,0.029194334,0.999986497,0.99998772,0.029277648,10,gaussian
3,5,0,0.994430466,0.994392141,0.994399452,0.020352272,0.99996146,0.999968813,0.02046626,10,gaussian
3,6,0,0.988269701,0.988216924,0.988226886,0.687951111,0.999946597,0.999956677,0.696116768,10,gaussian
3,7,0,0.99027457,0.990122179,0.990091295,0.237064055,0.999846113,0.999814925,0.239392248,10,gaussian
3,8,0,0.994948343,0.994735835,0.994736821,0.044084798,0.999786413,0.999787404,0.04430863,10,gaussian
3,9,1,0.960695135,0.012162634,0.000517593,0.000420514,0.012660243,0.000538769,0.000437719,10,gaussian
3,10,1,0.960288498,0.014453723,0.000733272,0.000597735,0.015051439,0.000763596,0.000622453,10,gaussian
3,11,1,0.960303825,0.015492981,0.000808078,0.000645714,0.016133415,0.000841482,0.000672406,10,gaussian
3,12,1,0.960771827,0.016486023,0.000822901,0.000582217,0.017159145,0.0008565,0.000605989,10,gaussian
3,13,1,0.960223995,0.01062664,0.000752896,0.000433911,0.011066835,0.000784084,0.000451885,10,gaussian
3,14,0,0.998555374,0.997493939,0.997662113,0.030341597,0.99893703,0.999105447,0.030385493,10,gaussian
4,0,0,0.994859687,0.994843317,0.994843068,0.065163452,0.999983545,0.999983295,0.065500143,10,gaussian
4,1,0,0.993601156,0.993577194,0.993574615,0.11812853,0.999975884,0.999973289,0.118889284,10,gaussian
4,2,0,0.998031308,0.998008079,0.998008788,0.013447659,0.999976725,0.999977435,0.013474186,10,gaussian
4,3,0,0.995530408,0.995491462,0.995493291,0.045231664,0.999960879,0.999962716,0.045434739,10,gaussian
4,4,0,0.994575652,0.994516814,0.994518604,0.032843573,0.999940842,0.999942641,0.033022699,10,gaussian
4,5,0,0.987997737,0.987974727,0.987976371,0.333322774,0.999976711,0.999978375,0.337372001,10,gaussian
4,6,0,0.984064669,0.984053918,0.984052116,0.590514126,0.999989075,0.999987244,0.600076544,10,gaussian
4,7,0,0.9993214,0.999303091,0.999298762,0.020721172,0.999981679,0.999977346,0.020735243,10,gaussian
4,8,0,0.996966724,0.996910444,0.996905095,0.024591743,0.999943549,0.999938184,0.024666563,10,gaussian
4,9,0,0.997469318,0.997328857,0.997320651,0.029539874,0.999859183,0.999850956,0.02961482,10,gaussian
4,10,1,0.960369497,0.011574426,0.000497359,0.000469153,0.012052055,0.000517883,0.000488513,10,gaussian
4,11,1,0.960818914,0.012481267,0.000535069,0.000477179,0.012990238,0.000556889,0.000496638,10,gaussian
4,12,1,0.960628275,0.01647974,0.000695828,0.000641983,0.017155169,0.000724347,0.000668295,10,gaussian
4,13,1,0.961354245,0.016167389,0.000697719,0.000643641,0.016817307,0.000725767,0.000669515,10,gaussian
4,14,1,0.96104827,0.01992481,0.000758522,0.000709904,0.020732372,0.000789265,0.000738676,10,gaussian
5,0,0,0.993161524,0.993110307,0.993109379,0.086850455,0.99994843,0.999947496,0.087448469,10,gaussian
5,1,0,0.994343942,0.994329432,0.994329352,0.038505032,0.999985408,0.999985328,0.038724058,10,gaussian
5,2,0,0.993901559,0.993878147,0.993876621,0.084781791,0.999976445,0.999974909,0.085302,10,gaussian
5,3,0,0.994946187,0.99491956,0.994920286,0.039444708,0.999973238,0.999973967,0.039645066,10,gaussian
5,4,0,0.996567576,0.996530591,0.996530474,0.028371484,0.999962888,0.99996277,0.028469202,10,gaussian
5,5,0,0.993697928,0.993671728,0.993672131,0.081343431,0.999973634,0.999974039,0.081859315,10,gaussian
5,6,0,0.985943049,0.985929092,0.985929404,0.922265743,0.999985844,0.999986161,0.935414824,10,gaussian
5,7,0,0.995962042,0.99570823,0.995700635,0.053458976,0.999745159,0.999737533,0.053675716,10,gaussian
5,8,0,0.991927622,0.991803692,0.991804078,0.05676927,0.999875062,0.99987545,0.057231263,10,gaussian
5,9,0,0.997166702,0.996905281,0.996933474,0.031229675,0.999737836,0.999766109,0.03131841,10,gaussian
5,10,1,0.961746351,0.011054141,0.000495406,0.00042048,0.011493822,0.000515111,0.000437205,10,gaussian
5,11,1,0.96161003,0.010325407,0.000506964,0.000412503,0.010737624,0.000527203,0.000428971,10,gaussian
5,12,1,0.961131013,0.015166024,0.000688894,0.000586243,0.015779351,0.000716754,0.000609952,10,gaussian
5,13,1,0.961346852,0.015973429,0.000752636,0.000623591,0.016615677,0.000782897,0.000648664,10,gaussian
5,14,1,0.961280971,0.015423394,0.000712939,0.000587416,0.016044626,0.000741655,0.000611076,10,gaussian
6,0,0,0.995025984,0.994977771,0.994971867,0.023909996,0.999951546,0.999945613,0.024029519,10,gaussian
6,1,0,0.997918557,0.997903717,0.997905456,0.032640212,0.999985129,0.999986872,0.032708292,10,gaussian
6,2,0,0.993140164,0.993050462,0.993058535,0.076739463,0.999909678,0.999917808,0.077269519,10,gaussian
6,3,1,0.961165497,0.013493226,0.000523002,0.000466937,0.0140384,0.000544133,0.000485803,10,gaussian
6,4,1,0.960654267,0.016263145,0.000745739,0.000668642,0.016929238,0.000776283,0.000696027,10,gaussian
6,5,1,0.961197546,0.017104971,0.000793145,0.000692351,0.017795479,0.000825164,0.000720301,10,gaussian
6,6,1,0.96063405,0.012274954,0.000553635,0.000479906,0.012777971,0.000576322,0.000499573,10,gaussian
6,7,1,0.961059775,0.017161787,0.000751208,0.000643746,0.017857148,0.000781646,0.000669829,10,gaussian
6,8,0,0.999384254,0.998868608,0.998857757,0.066387512,0.999484036,0.999473179,0.066428415,10,gaussian
6,9,0,0.996507339,0.996467448,0.996469623,0.026336054,0.999959969,0.999962152,0.026428359,10,gaussian
6,10,0,0.993614324,0.993595424,0.993599201,0.812149709,0.999980979,0.99998478,0.817369164,10,gaussian
6,11,0,0.996706712,0.996667804,0.996667731,0.053094786,0.999960964,0.99996089,0.053270221,10,gaussian
6,12,0,0.990964101,0.990940779,0.99094129,0.126973577,0.999976466,0.999976981,0.128131359,10,gaussian
6,13,0,0.992933893,0.992894905,0.992895081,0.042699745,0.999960734,0.999960911,0.043003613,10,gaussian
6,14,0,0.997340408,0.997301173,0.997299282,0.019093033,0.999960661,0.999958764,0.019143948,10,gaussian
7,0,0,0.996320942,0.996299056,0.996302297,0.026500932,0.999978033,0.999981286,0.02659879,10,gaussian
7,1,0,0.998920071,0.998904488,0.998903557,0.016400502,0.999984399,0.999983467,0.016418232,10,gaussian
7,2,0,0.996358097,0.996341716,0.996339493,0.01925477,0.999983559,0.999981328,0.019325151,10,gaussian
7,3,0,0.995774133,0.995744396,0.995742214,0.014864863,0.999970137,0.999967946,0.014927946,10,gaussian
7,4,0,0.996824477,0.996782948,0.996784365,0.047896265,0.999958339,0.99995976,0.048048845,10,gaussian
7,5,0,0.996010426,0.99590053,0.995894844,0.021959916,0.999889664,0.999883955,0.022047877,10,gaussian
7,6,0,0.997346618,0.997322016,0.997321432,0.053907556,0.999975333,0.999974747,0.054050974,10,gaussian
7,7,0,0.992203521,0.992148087,0.992144392,0.051911314,0.99994413,0.999940406,0.05231922,10,gaussian
7,8,0,0.99445544,0.994361176,0.994352387,0.053027658,0.999905211,0.999896372,0.053323312,10,gaussian
7,9,0,0.994859258,0.994431551,0.994595215,0.020601449,0.999570083,0.999734593,0.020707903,10,gaussian
7,10,1,0.960029547,0.008815734,0.000443763,0.0004011,0.009182774,0.000462238,0.0004178,10,gaussian
7,11,1,0.961525571,0.011929999,0.000577629,0.000502367,0.012407365,0.000600743,0.000522469,10,gaussian
7,12,1,0.961818816,0.009903645,0.000507316,0.000364242,0.010296789,0.000527455,0.000378701,10,gaussian
7,13,1,0.96109506,0.011579284,0.000630653,0.000536712,0.012048011,0.000656182,0.000558438,10,gaussian
7,14,1,0.960650996,0.013393399,0.000661245,0.000533218,0.013942003,0.00068833,0.000555058,10,gaussian
8,0,0,0.993012663,0.992986904,0.992982148,0.10653709,0.99997406,0.99996927,0.107286738,10,gaussian
8,1,0,0.997879038,0.997861917,0.99786584,0.099961729,0.999982842,0.999986774,0.100174194,10,gaussian
8,2,0,0.995080787,0.995068554,0.995070617,0.092691651,0.999987707,0.99998978,0.093149875,10,gaussian
8,3,0,0.997065418,0.99703094,0.997031961,0.013943296,0.99996542,0.999966445,0.013984334,10,gaussian
8,4,0,0.995415767,0.995388977,0.995386584,0.036133131,0.999973087,0.999970682,0.036299537,10,gaussian
8,5,0,0.992484506,0.992470424,0.992473522,0.417019951,0.999985812,0.999988933,0.420177795,10,gaussian
8,6,0,0.998113467,0.998047715,0.998041818,0.016523482,0.999934124,0.999928216,0.016554713,10,gaussian
8,7,0,0.996941013,0.996888052,0.996871525,0.028299096,0.999946876,0.999930298,0.028385929,10,gaussian
8,8,0,0.989521686,0.989314151,0.98935489,0.229053145,0.999790267,0.999831438,0.231478651,10,gaussian
8,9,1,0.959430609,0.013104138,0.000509391,0.00046552,0.013658245,0.000530931,0.000485205,10,gaussian
8,10,1,0.962057519,0.018100914,0.000679851,0.000585547,0.018814794,0.000706663,0.00060864,10,gaussian
8,11,1,0.960903969,0.021872905,0.000757039,0.000641477,0.022762842,0.000787841,0.000667576,10,gaussian
8,12,1,0.960584768,0.012180898,0.000577513,0.000455131,0.012680711,0.000601209,0.000473806,10,gaussian
8,13,1,0.960725162,0.017655827,0.000744681,0.000614121,0.018377605,0.000775124,0.000639226,10,gaussian
8,14,0,0.996101186,0.995272308,0.995373126,0.041432109,0.999167878,0.99926909,0.041594278,10,gaussian
9,0,0,0.992242671,0.992216389,0.992216932,0.141936983,0.999973513,0.999974059,0.143046643,10,gaussian
9,1,0,0.994948358,0.994909067,0.994913059,0.067293296,0.999960509,0.999964522,0.067634964,10,gaussian
9,2,0,0.99855865,0.998528582,0.998532408,0.015141057,0.999969889,0.999973721,0.015162912,10,gaussian
9,3,0,0.998639414,0.998605168,0.998608196,0.033358224,0.999965707,0.99996874,0.033403673,10,gaussian
9,4,0,0.993268097,0.993225421,0.993221729,0.122071423,0.999957035,0.999953318,0.122898766,10,gaussian
9,5,0,0.993534283,0.993500933,0.993505843,0.313376917,0.999966433,0.999971375,0.315416309,10,gaussian
9,6,0,0.996032296,0.995935901,0.995936992,0.051558183,0.999903221,0.999904316,0.051763566,10,gaussian
9,7,0,0.99805972,0.997916411,0.99792846,0.012136504,0.999856412,0.999868485,0.012160098,10,gaussian
9,8,1,0.960468513,0.009575898,0.000480004,0.000424733,0.009970028,0.00049976,0.000442215,10,gaussian
9,9,1,0.96122317,0.01393922,0.000706446,0.000607345,0.014501544,0.000734944,0.000631846,10,gaussian
9,10,1,0.961623833,0.013953771,0.000734671,0.000616077,0.014510633,0.00076399,0.000640663,10,gaussian
9,11,1,0.962045998,0.012902649,0.000688417,0.000569907,0.013411675,0.000715576,0.00059239,10,gaussian
9,12,1,0.961060265,0.010733866,0.00049879,0.000419347,0.011168775,0.000519,0.000436338,10,gaussian
9,13,0,0.997884861,0.997664115,0.99767059,0.012651477,0.999778787,0.999785274,0.012678294,10,gaussian
9,14,0,0.997023048,0.9966149,0.996568964,0.026361618,0.999590633,0.99954456,0.02644033,10,gaussian
10,0,0,0.993437018,0.993402511,0.993404414,0.086889259,0.999965265,0.99996718,0.087463279,10,gaussian
10,1,0,0.994801629,0.994774147,0.994773964,0.028303643,0.999972374,0.99997219,0.028451545,10,gaussian
10,2,0,0.998549381,0.998542701,0.998542708,0.018301021,0.99999331,0.999993317,0.018327607,10,gaussian
10,3,0,0.996402083,0.996376337,0.996378243,0.017386763,0.999974161,0.999976074,0.017449545,10,gaussian
10,4,0,0.997385932,0.99730885,0.997300639,0.018739345,0.999922715,0.999914483,0.01878846,10,gaussian
10,5,1,0.959520707,0.010197244,0.00052593,0.000456756,0.010627435,0.000548118,0.000476026,10,gaussian
10,6,1,0.9605379,0.011304147,0.000709628,0.000600318,0.011768559,0.000738781,0.000624981,10,gaussian
10,7,1,0.960098133,0.014447747,0.000799991,0.000654023,0.015048198,0.000833239,0.000681205,10,gaussian
10,8,1,0.960073474,0.015339794,0.000838379,0.000636165,0.015977729,0.000873245,0.000662621,10,gaussian
10,9,1,0.959823026,0.010577279,0.000697241,0.000457247,0.011020031,0.000726427,0.000476387,10,gaussian
10,10,0,0.993905442,0.992518353,0.992427796,0.025428295,0.998604405,0.998513293,0.025584219,10,gaussian
10,11,0,0.997300151,0.997263331,0.997261515,0.024730766,0.999963081,0.999961259,0.024797716,10,gaussian
10,12,0,0.991836617,0.991788025,0.991773172,0.408167452,0.999951008,0.999936033,0.411526904,10,gaussian
10,13,0,0.995967012,0.995929879,0.995928309,0.040144434,0.999962717,0.999961141,0.040306991,10,gaussian
10,14,0,0.998410503,0.998346103,0.998352364,0.042758073,0.999935498,0.999941769,0.042826145,10,gaussian
11,0,0,0.995571191,0.995564301,0.99556456,0.011030628,0.99999308,0.99999334,0.011079698,10,gaussian
11,1,0,0.995249069,0.995222301,0.995221429,0.075765308,0.999973104,0.999972228,0.076126982,10,gaussian
11,2,0,0.996092764,0.996033396,0.996038673,0.033187187,0.999940399,0.999945697,0.033317365,10,gaussian
11,3,0,0.997267688,0.997250059,0.997251593,0.053689186,0.999982323,0.999983862,0.053836283,10,gaussian
11,4,0,0.99568297,0.995667024,0.995669173,0.029312622,0.999983985,0.999986143,0.029439714,10,gaussian
11,5,0,0.995602704,0.995554646,0.995548389,0.022449024,0.999951729,0.999945445,0.022548175,10,gaussian
11,6,0,0.996032762,0.995966938,0.995981849,0.016747035,0.999933914,0.999948884,0.016813739,10,gaussian
11,7,0,0.994485374,0.994455329,0.994453722,0.030347708,0.999969788,0.999968172,0.030515992,10,gaussian
11,8,1,0.960278779,0.011025636,0.000501966,0.000464498,0.011481703,0.000522729,0.000483712,10,gaussian
11,9,1,0.960561173,0.01538313,0.000655779,0.000610151,0.016014732,0.000682704,0.000635203,10,gaussian
11,10,1,0.961599799,0.017412772,0.000731626,0.000654301,0.018108128,0.000760843,0.00068043,10,gaussian
11,11,1,0.961341201,0.011191306,0.000489688,0.000429955,0.011641347,0.000509381,0.000447245,10,gaussian
11,12,1,0.960426437,0.014685644,0.000692221,0.000623548,0.015290754,0.000720743,0.00064924,10,gaussian
11,13,0,0.993170015,0.992983996,0.992974684,0.023922243,0.999812702,0.999803325,0.024086755,10,gaussian
11,14,0,0.99922036,0.998898709,0.998922404,0.020757758,0.999678098,0.999701811,0.020773955,10,gaussian
12,0,0,0.993151879,0.99313002,0.993125605,0.074418418,0.999977991,0.999973545,0.074931558,10,gaussian
12,1,0,0.997095325,0.997084605,0.997081921,0.021539967,0.999989249,0.999986558,0.021602716,10,gaussian
12,2,0,0.994421367,0.994410867,0.994411249,0.081209245,0.999989441,0.999989825,0.081664823,10,gaussian
12,3,0,0.995589171,0.995571078,0.995573661,0.072130422,0.999981827,0.999984421,0.072449986,10,gaussian
12,4,0,0.994467959,0.994452404,0.994449621,0.125732022,0.999984359,0.99998156,0.126431446,10,gaussian
12,5,0,0.997173901,0.997150902,0.997154116,0.019718246,0.999976936,0.999980159,0.01977413,10,gaussian
12,6,0,0.995235133,0.995176416,0.995190711,0.023243411,0.999941002,0.999955365,0.023354693,10,gaussian
12,7,0,0.992059376,0.991996578,0.991960726,0.05950716,0.999936699,0.999900561,0.059983466,10,gaussian
12,8,0,0.997775298,0.997678448,0.997670354,0.022082373,0.999902934,0.999894822,0.022131609,10,gaussian
12,9,1,0.960830476,0.009141765,0.000493283,0.00041262,0.009514441,0.000513392,0.000429441,10,gaussian
12,10,1,0.960370114,0.013452064,0.000723861,0.000578397,0.014007167,0.000753731,0.000602265,10,gaussian
12,11,1,0.961128032,0.01434347,0.000797979,0.000590935,0.014923579,0.000830253,0.000614835,10,gaussian
12,12,1,0.961755379,0.014738012,0.000838569,0.000554711,0.015324076,0.000871915,0.00057677,10,gaussian
12,13,1,0.960921691,0.013237899,0.00075275,0.000412341,0.013776252,0.000783362,0.00042911,10,gaussian
12,14,0,0.993904677,0.992312637,0.992111008,0.018990388,0.998398196,0.998195331,0.01910685,10,gaussian
13,0,0,0.998987234,0.998979369,0.99897821,0.021317979,0.999992126,0.999990966,0.021339591,10,gaussian
13,1,0,0.994320462,0.994282029,0.994277389,0.076958072,0.999961348,0.999956681,0.077397655,10,gaussian
13,2,0,0.993956429,0.993939337,0.993940238,0.096328899,0.999982804,0.99998371,0.096914609,10,gaussian
13,3,0,0.994183185,0.994158294,0.994154174,0.03496335,0.999974963,0.999970819,0.035167915,10,gaussian
13,4,0,0.991437986,0.99142245,0.991423892,0.168500318,0.99998433,0.999985784,0.16995548,10,gaussian
13,5,0,0.988911476,0.988901642,0.988905092,0.306088012,0.999990056,0.999993544,0.309520134,10,gaussian
13,6,0,0.996198775,0.996144456,0.996147165,0.047618688,0.999945474,0.999948193,0.047800388,10,gaussian
13,7,0,0.995011588,0.994967608,0.994961139,0.027111498,0.999955799,0.999949297,0.02724742,10,gaussian
13,8,0,0.992748666,0.992643971,0.992667492,0.262079116,0.99989454,0.999918233,0.263993421,10,gaussian
13,9,0,0.993748203,0.993520104,0.993508959,0.068005445,0.999770466,0.999759251,0.068433276,10,gaussian
13,10,1,0.959928343,0.012418117,0.00067013,0.000533626,0.012936504,0.000698104,0.000555902,10,gaussian
13,11,1,0.960433659,0.010730139,0.000679051,0.000516062,0.011172181,0.000707026,0.000537322,10,gaussian
13,12,1,0.961263863,0.014539793,0.000883826,0.000688715,0.015125704,0.000919442,0.000716468,10,gaussian
13,13,1,0.961793326,0.017799565,0.000890445,0.000653921,0.018506642,0.000925817,0.000679897,10,gaussian
13,14,1,0.961627154,0.016134546,0.000999185,0.000739596,0.01677838,0.001039057,0.000769109,10,gaussian
14,0,0,0.994299978,0.9942649,0.994272046,0.036362156,0.999964721,0.999971908,0.03657061,10,gaussian
14,1,0,0.995652251,0.995615974,0.995616564,0.040115678,0.999963564,0.999964157,0.040290852,10,gaussian
14,2,0,0.996935928,0.996918868,0.996918539,0.026070195,0.999982887,0.999982558,0.026150321,10,gaussian
14,3,0,0.987105728,0.987073748,0.987094733,0.869689767,0.999967603,0.999988862,0.881050269,10,gaussian
14,4,0,0.997399122,0.99734707,0.997350664,0.077039831,0.999947812,0.999951416,0.077240725,10,gaussian
14,5,0,0.997789727,0.997732668,0.997734788,0.05283535,0.999942815,0.999944939,0.052952389,10,gaussian
14,6,0,0.997417977,0.997272995,0.997242175,0.009502076,0.999854643,0.999823743,0.009526674,10,gaussian
14,7,0,0.997273052,0.997194173,0.997157858,0.014376244,0.999920906,0.999884491,0.014415555,10,gaussian
14,8,1,0.960186023,0.011783552,0.00056394,0.000501127,0.012272155,0.000587324,0.000521906,10,gaussian
14,9,1,0.960527779,0.014108968,0.000801052,0.000682927,0.014688767,0.00083397,0.000710992,10,gaussian
14,10,1,0.961727207,0.013505319,0.000848478,0.000674803,0.014042775,0.000882244,0.000701657,10,gaussian
14,11,1,0.961130713,0.015641396,0.000918531,0.000678543,0.016273952,0.000955677,0.000705984,10,gaussian
14,12,1,0.961838623,0.012087302,0.000774955,0.000474449,0.012566871,0.000805701,0.000493273,10,gaussian
14,13,0,0.995375521,0.994591727,0.994733186,0.030760122,0.999212564,0.99935468,0.030903032,10,gaussian
14,14,0,0.996436588,0.996102934,0.996160554,0.013788536,0.999665152,0.999722978,0.013837846,10,gaussian
15,0,0,0.995777963,0.995742226,0.995741218,0.047465286,0.999964111,0.999963099,0.047666536,10,gaussian
15,1,0,0.995954408,0.995913834,0.99591248,0.01801129,0.999959261,0.999957902,0.018084452,10,gaussian
15,2,0,0.996877736,0.996855673,0.99685741,0.036830889,0.999977869,0.999979611,0.036946245,10,gaussian
15,3,0,0.99247289,0.992463292,0.992461721,0.264501032,0.999990329,0.999988747,0.26650706,10,gaussian
15,4,0,0.995089794,0.995078349,0.995076261,0.082627807,0.999988499,0.9999864,0.083035529,10,gaussian
15,5,0,0.997800186,0.997790958,0.997791437,0.032796325,0.999990752,0.999991232,0.032868629,10,gaussian
15,6,0,0.990983258,0.990926531,0.990921216,0.204423033,0.999942756,0.999937393,0.206283034,10,gaussian
15,7,0,0.988284337,0.988153907,0.98813773,0.364600313,0.999868024,0.999851655,0.368922484,10,gaussian
15,8,0,0.986272344,0.985909375,0.985900887,0.571480567,0.99963198,0.999623374,0.579434849,10,gaussian
15,9,1,0.960642367,0.01140323,0.000789852,0.000496562,0.011870422,0.000822212,0.000516906,10,gaussian
15,10,1,0.960763652,0.016010054,0.001132652,0.000685224,0.016663884,0.001178908,0.000713208,10,gaussian
15,11,1,0.959846659,0.020600605,0.001335602,0.000727497,0.021462392,0.001391475,0.000757931,10,gaussian
15,12,1,0.959042949,0.018643455,0.001677089,0.00070219,0.019439645,0.001748711,0.000732178,10,gaussian
15,13,1,0.960793732,0.017184589,0.002926839,0.000512392,0.017885825,0.003046272,0.000533301,10,gaussian
15,14,0,0.993824797,0.992041753,0.99154871,0.072060263,0.998205877,0.99770977,0.072508015,10,gaussian
16,0,1,0.960539408,0.010854004,0.00045189,0.000424912,0.011299905,0.000470454,0.000442368,10,gaussian
16,1,1,0.961649644,0.009529139,0.000437446,0.000404081,0.009909159,0.000454892,0.000420196,10,gaussian
16,2,1,0.960553577,0.015453696,0.000638661,0.000594491,0.016088323,0.000664889,0.000618905,10,gaussian
16,3,1,0.961169441,0.016218558,0.000652488,0.000611062,0.016873777,0.000678848,0.000635749,10,gaussian
16,4,1,0.961132283,0.012859482,0.000600054,0.000567053,0.013379513,0.00062432,0.000589984,10,gaussian
16,5,0,0.994945656,0.994925999,0.994928055,0.067698461,0.999980243,0.99998231,0.068042371,10,gaussian
16,6,0,0.993832481,0.993796116,0.993797922,0.068646478,0.999963409,0.999965226,0.069072484,10,gaussian
16,7,0,0.992784232,0.992776134,0.992774261,0.101016848,0.999991843,0.999989957,0.10175106,10,gaussian
16,8,0,0.995184349,0.995147771,0.995133015,0.016848652,0.999963246,0.999948418,0.016930182,10,gaussian
16,9,0,0.989574534,0.989527031,0.989526795,0.201599899,0.999951997,0.999951758,0.203723814,10,gaussian
16,10,0,0.996846609,0.996834096,0.996833701,0.023143642,0.999987447,0.999987051,0.023216854,10,gaussian
16,11,0,0.995671839,0.995659389,0.99566103,0.038656378,0.999987497,0.999989144,0.038824416,10,gaussian
16,12,0,0.997887377,0.997863762,0.997863245,0.020083278,0.999976336,0.999975818,0.020125796,10,gaussian
16,13,0,0.995046269,0.99502973,0.995029515,0.020434227,0.999983379,0.999983163,0.020535957,10,gaussian
16,14,0,0.994927266,0.994916185,0.994914484,0.145694845,0.999988862,0.999987152,0.146437684,10,gaussian
17,0,0,0.995753715,0.995723695,0.995723293,0.078485172,0.999969852,0.999969448,0.078819863,10,gaussian
17,1,0,0.997070272,0.997041373,0.997039784,0.005524722,0.999971016,0.999969422,0.005540955,10,gaussian
17,2,0,1.000371318,1.000340325,1.000342881,0.012572194,0.999969018,0.999971574,0.012567527,10,gaussian
17,3,0,0.99345222,0.993420932,0.993430964,0.227686919,0.999968505,0.999978603,0.229187589,10,gaussian
17,4,0,0.99664328,0.996627389,0.996628467,0.011720315,0.999984055,0.999985137,0.01175979,10,gaussian
17,5,0,0.997736262,0.997711037,0.997711465,0.025319945,0.999974717,0.999975147,0.025377393,10,gaussian
17,6,0,0.995062313,0.995014318,0.995011632,0.050492042,0.999951767,0.999949067,0.050742593,10,gaussian
17,7,0,0.996350954,0.996316138,0.996312547,0.021106702,0.999965056,0.999961452,0.021184004,10,gaussian
17,8,0,0.998316678,0.998115442,0.998105563,0.045723006,0.999798425,0.999788529,0.045800103,10,gaussian
17,9,1,0.960239534,0.01073697,0.000494673,0.00044388,0.011181554,0.000515156,0.00046226,10,gaussian
17,10,1,0.961422131,0.016418146,0.000692532,0.000603716,0.017076938,0.00072032,0.00062794,10,gaussian
17,11,1,0.960953429,0.014430755,0.000771309,0.00064867,0.015017123,0.00080265,0.000675027,10,gaussian
17,12,1,0.961555777,0.012543907,0.000702506,0.000576124,0.013045428,0.000730593,0.000599158,10,gaussian
17,13,1,0.962132877,0.011355545,0.000564821,0.000418601,0.011802471,0.000587051,0.000435076,10,gaussian
17,14,0,0.997169832,0.995304368,0.995614367,0.013347999,0.998129242,0.998440121,0.013385884,10,gaussian
18,0,0,0.994278284,0.994261813,0.994259171,0.024279037,0.999983434,0.999980777,0.024418754,10,gaussian
18,1,0,0.995077466,0.995053304,0.995051215,0.023630617,0.999975719,0.99997362,0.023747515,10,gaussian
18,2,0,0.996575937,0.996561949,0.996562277,0.031758076,0.999985964,0.999986294,0.031867191,10,gaussian
18,3,0,0.997700593,0.99768796,0.997684175,0.012556939,0.999987339,0.999983544,0.012585879,10,gaussian
18,4,0,0.996737985,0.996708321,0.996709374,0.051270608,0.999970239,0.999971295,0.051438401,10,gaussian
18,5,0,0.998213374,0.998176259,0.998174221,0.013248229,0.999962819,0.999960777,0.013271941,10,gaussian
18,6,0,0.996365766,0.99634535,0.996343823,0.035470896,0.999979509,0.999977977,0.035600276,10,gaussian
18,7,0,0.9946304,0.994538693,0.994538159,0.093738825,0.999907798,0.999907261,0.094244882,10,gaussian
18,8,0,0.997011748,0.996780815,0.996803594,0.016066155,0.999768376,0.999791223,0.016114309,10,gaussian
18,9,1,0.960120782,0.011620184,0.000510234,0.000476655,0.012102836,0.000531427,0.000496453,10,gaussian
18,10,1,0.961377845,0.014681351,0.000666353,0.000618379,0.015271156,0.000693123,0.000643222,10,gaussian
18,11,1,0.960829746,0.016876313,0.000735205,0.000689014,0.017564312,0.000765178,0.000717103,10,gaussian
18,12,1,0.960137858,0.018002901,0.000698042,0.000649984,0.01875033,0.000727023,0.00067697,10,gaussian
18,13,1,0.959964563,0.012415981,0.000516798,0.000467953,0.012933791,0.000538351,0.000487469,10,gaussian
18,14,0,0.999290669,0.998896775,0.998918812,0.006476508,0.999605826,0.999627878,0.006481105,10,gaussian
19,0,0,0.995317471,0.995279291,0.995281885,0.035524259,0.99996164,0.999964247,0.035691385,10,gaussian
19,1,0,0.997469468,0.997437793,0.997441151,0.028742338,0.999968245,0.999971611,0.028815256,10,gaussian
19,2,0,0.995460582,0.995396817,0.995398157,0.063881028,0.999935944,0.99993729,0.064172333,10,gaussian
19,3,0,0.995042521,0.995022981,0.995023526,0.040381417,0.999980362,0.99998091,0.040582604,10,gaussian
19,4,0,0.994537599,0.994512276,0.994512939,0.067423197,0.999974538,0.999975204,0.067793512,10,gaussian
19,5,0,0.986806429,0.986794564,0.986797445,0.437010242,0.999987975,0.999990895,0.442853055,10,gaussian
19,6,0,0.99703778,0.996994419,0.996997166,0.035617597,0.99995651,0.999959265,0.035723418,10,gaussian
19,7,0,0.98546554,0.985389285,0.985388686,0.770905237,0.99992262,0.999922012,0.782275185,10,gaussian
19,8,0,0.994487416,0.993682021,0.993705648,0.069028719,0.99919014,0.999213899,0.069411355,10,gaussian
19,9,1,0.960457828,0.010191822,0.000526354,0.000426653,0.010611421,0.000548024,0.000444219,10,gaussian
19,10,1,0.960501574,0.010386926,0.000460095,0.000411189,0.010814065,0.000479015,0.000428098,10,gaussian
19,11,1,0.961114263,0.017322611,0.000673719,0.000560224,0.018023466,0.000700977,0.000582891,10,gaussian
19,12,1,0.9612021,0.015118162,0.000633172,0.000559169,0.01572839,0.000658729,0.000581739,10,gaussian
19,13,1,0.960327353,0.014417645,0.000715992,0.000630178,0.015013261,0.000745571,0.000656212,10,gaussian
19,14,0,0.997314557,0.997183403,0.997187837,0.084794417,0.999868492,0.999872938,0.085022741,10,gaussian
20,0,0,0.996718574,0.996697361,0.996695535,0.012883894,0.999978718,0.999976885,0.012926311,10,gaussian
20,1,0,0.997953002,0.997940538,0.997940944,0.02389394,0.999987511,0.999987918,0.023942951,10,gaussian
20,2,0,0.99335176,0.993334746,0.993332344,0.253534464,0.999982871,0.999980453,0.255231303,10,gaussian
20,3,0,0.993173756,0.993136329,0.993138488,0.36470654,0.999962315,0.999964489,0.367213227,10,gaussian
20,4,0,0.995477713,0.995423492,0.995431834,0.070922219,0.999945533,0.999953913,0.071244407,10,gaussian
20,5,0,0.992889957,0.992854192,0.992865265,0.288168797,0.999963979,0.999975131,0.290232362,10,gaussian
20,6,0,0.997698883,0.997617133,0.997624321,0.051004953,0.999918061,0.999925266,0.051122593,10,gaussian
20,7,0,0.992476908,0.992416455,0.992419488,0.070457345,0.999939089,0.999942144,0.07099142,10,gaussian
20,8,0,0.995968922,0.995908953,0.995901418,0.019210251,0.999939788,0.999932222,0.019288002,10,gaussian
20,9,0,0.996531658,0.996287225,0.996320985,0.021925289,0.999754717,0.999788594,0.022001598,10,gaussian
20,10,1,0.962173548,0.010267728,0.000545614,0.000451414,0.010671389,0.000567064,0.000469161,10,gaussian
20,11,1,0.961301203,0.014765919,0.0007562,0.00063844,0.015360346,0.000786642,0.000664141,10,gaussian
20,12,1,0.961951537,0.012116133,0.000547383,0.000456885,0.012595367,0.000569034,0.000474957,10,gaussian
20,13,1,0.960250133,0.014724079,0.000831597,0.000716016,0.015333587,0.000866021,0.000745656,10,gaussian
20,14,1,0.96114957,0.012548642,0.000759181,0.000645961,0.013055868,0.000789867,0.000672071,10,gaussian
21,0,0,0.997373798,0.997363813,0.997364018,0.027718605,0.999989989,0.999990195,0.027791591,10,gaussian
21,1,0,0.995193177,0.995160916,0.995163996,0.056260802,0.999967583,0.999970678,0.056532544,10,gaussian
21,2,0,0.995754463,0.995713882,0.99571541,0.125649577,0.999959246,0.999960781,0.126185301,10,gaussian
21,3,0,0.997151649,0.997137927,0.99713642,0.056960264,0.999986239,0.999984728,0.057122971,10,gaussian
21,4,0,0.995124923,0.995088476,0.995088738,0.111622229,0.999963374,0.999963638,0.112169061,10,gaussian
21,5,0,0.996551599,0.996501185,0.996498619,0.028184458,0.999949411,0.999946837,0.028281986,10,gaussian
21,6,0,0.994953819,0.99488756,0.994900236,0.060074037,0.999933405,0.999946145,0.060378718,10,gaussian
21,7,0,0.996921764,0.99670794,0.996683234,0.015137642,0.999785515,0.999760733,0.015184383,10,gaussian
21,8,0,0.999389666,0.999266408,0.999276254,0.012273036,0.999876667,0.999886519,0.012280531,10,gaussian
21,9,1,0.961141251,0.010384317,0.000456643,0.000402243,0.010804153,0.000475105,0.000418506,10,gaussian
21,10,1,0.961250116,0.016233443,0.00064362,0.000552736,0.016887845,0.000669566,0.000575017,10,gaussian
21,11,1,0.960906146,0.012505151,0.000719786,0.000593032,0.013013915,0.00074907,0.000617159,10,gaussian
21,12,1,0.960113907,0.012304397,0.000648636,0.000430962,0.01281556,0.000675582,0.000448865,10,gaussian
21,13,1,0.961449993,0.014165942,0.000753344,0.000575246,0.014733935,0.00078355,0.000598311,10,gaussian
21,14,0,0.996965417,0.996023053,0.995836043,0.034565422,0.999054767,0.998867188,0.034670633,10,gaussian
22,0,0,0.996725402,0.996706641,0.996706132,0.016303276,0.999981177,0.999980667,0.016356838,10,gaussian
22,1,0,0.997873428,0.997857878,0.997860389,0.014626333,0.999984416,0.999986933,0.014657503,10,gaussian
22,2,0,0.996111007,0.996054055,0.996057624,0.015025959,0.999942825,0.999946408,0.015084623,10,gaussian
22,3,0,0.993185766,0.993071568,0.993058622,0.069407364,0.999885018,0.999871984,0.069883567,10,gaussian
22,4,0,0.993073211,0.992965276,0.992951096,0.017454261,0.999891312,0.999877033,0.017576007,10,gaussian
22,5,0,0.995476094,0.995400772,0.995409416,0.065208667,0.999924336,0.999933019,0.065505006,10,gaussian
22,6,0,0.989716758,0.989651838,0.989671215,0.241159028,0.999934405,0.999953983,0.243664691,10,gaussian
22,7,0,0.996536434,0.996456212,0.996462646,0.028188984,0.999919499,0.999925955,0.028286958,10,gaussian
22,8,0,0.997129083,0.996934398,0.996964906,0.018974669,0.999804754,0.99983535,0.0190293,10,gaussian
22,9,1,0.960684149,0.012790194,0.000650533,0.000482013,0.01331363,0.000677156,0.000501739,10,gaussian
22,10,1,0.960416791,0.018753726,0.001012242,0.000676396,0.019526653,0.001053961,0.000704274,10,gaussian
22,11,1,0.959893904,0.021460805,0.001315199,0.000749734,0.022357476,0.001370151,0.000781059,10,gaussian
22,12,0,0.992879382,0.985081558,0.984237562,0.055036593,0.992146252,0.991296203,0.055431298,10,gaussian
22,13,1,0.961311496,0.014738469,0.001674882,0.000666722,0.015331627,0.001742288,0.000693555,10,gaussian
22,14,1,0.962469348,0.01450392,0.00270486,0.000520711,0.015069488,0.002810334,0.000541016,10,gaussian
23,0,0,0.996170383,0.996136009,0.996133633,0.035349768,0.999965494,0.999963109,0.035485664,10,gaussian
23,1,0,0.996961704,0.996937562,0.99693673,0.021888882,0.999975785,0.99997495,0.02195559,10,gaussian
23,2,0,0.992511579,0.992486287,0.992485289,0.087913415,0.999974517,0.999973511,0.088576715,10,gaussian
23,3,0,0.989569004,0.989489595,0.989493194,0.11383614,0.999919754,0.999923392,0.115036081,10,gaussian
23,4,0,0.991514351,0.991377465,0.991381128,0.079833759,0.999861943,0.999865637,0.080516998,10,gaussian
23,5,0,0.99384931,0.993834538,0.993838283,0.032482305,0.999985137,0.999988904,0.03268333,10,gaussian
23,6,0,0.996179299,0.996144482,0.996141736,0.067519031,0.999965049,0.999962293,0.067777991,10,gaussian
23,7,0,0.991691059,0.991447063,0.991477997,0.099774152,0.999753959,0.999785153,0.100610116,10,gaussian
23,8,0,0.99097122,0.989242412,0.989410485,0.56390244,0.99825544,0.998425045,0.569040178,10,gaussian
23,9,1,0.961481451,0.011467802,0.000886719,0.000615103,0.011927221,0.000922243,0.000639745,10,gaussian
23,10,1,0.962132964,0.014507595,0.001242537,0.000842139,0.015078576,0.00129144,0.000875284,10,gaussian
23,11,1,0.960446749,0.018251472,0.001302537,0.000910448,0.019003107,0.001356178,0.000947943,10,gaussian
23,12,1,0.961839701,0.010869298,0.000861751,0.00058512,0.01130053,0.00089594,0.000608334,10,gaussian
23,13,1,0.959442119,0.01648837,0.001293765,0.000900406,0.017185372,0.001348456,0.000938469,10,gaussian
23,14,0,0.998692554,0.997955575,0.997951346,0.008176292,0.999262056,0.999257821,0.008186997,10,gaussian
24,0,0,0.996189038,0.996159779,0.996152977,0.017728526,0.999970629,0.999963802,0.017796347,10,gaussian
24,1,0,0.993038477,0.993006246,0.993002772,0.090083362,0.999967543,0.999964045,0.090714875,10,gaussian
24,2,0,0.998774453,0.998761421,0.998759868,0.044442394,0.999986952,0.999985397,0.044496927,10,gaussian
24,3,0,0.995918878,0.99589398,0.995893499,0.053791417,0.999975,0.999974517,0.054011846,10,gaussian
24,4,0,0.991717464,0.991678206,0.99168335,0.042600124,0.999960414,0.999965601,0.042955908,10,gaussian
24,5,0,0.992705009,0.992688398,0.992680514,0.042875331,0.999983267,0.999975325,0.043190405,10,gaussian
24,6,0,0.995835587,0.995747845,0.995756215,0.057441372,0.999911891,0.999920296,0.057681582,10,gaussian
24,7,0,0.998558435,0.998469195,0.998476562,0.025224572,0.999910631,0.999918009,0.025260987,10,gaussian
24,8,0,0.996229619,0.996057815,0.996034414,0.031987497,0.999827546,0.999804056,0.032108559,10,gaussian
24,9,0,0.990256711,0.988802221,0.988770033,0.199598522,0.998531199,0.998498695,0.201562403,10,gaussian
24,10,1,0.960905862,0.009095186,0.000594492,0.00043528,0.00946522,0.000618679,0.000452989,10,gaussian
24,11,1,0.961186486,0.009852732,0.000509229,0.000427501,0.010250594,0.000529792,0.000444764,10,gaussian
24,12,1,0.961897299,0.013988181,0.000738202,0.000577279,0.014542281,0.000767444,0.000600146,10,gaussian
24,13,1,0.960502974,0.01605383,0.000743756,0.00062405,0.016713983,0.000774341,0.000649712,10,gaussian
24,14,1,0.961106645,0.015264509,0.000760471,0.000625017,0.015882221,0.000791245,0.00065031,10,gaussian
25,0,0,0.995509608,0.995478239,0.995477872,0.048314557,0.999968489,0.999968121,0.048532487,10,gaussian
25,1,0,0.995007605,0.99499297,0.994995788,0.018300648,0.999985292,0.999988124,0.01839247,10,gaussian
25,2,0,0.993996368,0.993945342,0.993944984,0.036825697,0.999948666,0.999948306,0.03704812,10,gaussian
25,3,0,0.988963334,0.988915274,0.988921233,0.356533292,0.999951404,0.999957429,0.360512144,10,gaussian
25,4,0,0.996250244,0.996230835,0.996231406,0.020962024,0.999980518,0.999981091,0.021040922,10,gaussian
25,5,0,0.99699304,0.996940236,0.996942803,0.015850526,0.999947036,0.999949611,0.015898332,10,gaussian
25,6,0,0.995757257,0.99558376,0.995571303,0.01833084,0.999825764,0.999813253,0.018408944,10,gaussian
25,7,0,0.997586284,0.997509698,0.997497758,0.041028451,0.999923229,0.999911261,0.041127722,10,gaussian
25,8,0,0.996492065,0.995977875,0.995957548,0.020416661,0.999483999,0.999463601,0.020488533,10,gaussian
25,9,0,0.993972847,0.993736289,0.993687845,0.051781867,0.999762008,0.99971327,0.052095857,10,gaussian
25,10,1,0.961095525,0.010127493,0.000549285,0.000447674,0.010537447,0.00057152,0.000465795,10,gaussian
25,11,1,0.96088215,0.01474908,0.000760269,0.000630084,0.01534952,0.00079122,0.000655735,10,gaussian
25,12,1,0.960424825,0.01853018,0.00082698,0.000682723,0.019293733,0.000861057,0.000710855,10,gaussian
25,13,1,0.96030764,0.011976968,0.00057715,0.000457935,0.012472011,0.000601006,0.000476863,10,gaussian
25,14,1,0.962012755,0.0151688,0.000747159,0.000602603,0.015767775,0.000776662,0.000626398,10,gaussian
26,0,0,0.998664169,0.998655005,0.998656215,0.083327915,0.999990823,0.999992035,0.083439376,10,gaussian
26,1,0,0.995821149,0.995789365,0.995791766,0.027706226,0.999968082,0.999970494,0.027822492,10,gaussian
26,2,0,0.997299799,0.997279791,0.997280264,0.027661914,0.999979938,0.999980412,0.027736809,10,gaussian
26,3,0,0.995676422,0.995665277,0.995668086,0.017607848,0.999988807,0.999991628,0.017684307,10,gaussian
26,4,0,0.996467888,0.996452273,0.99645404,0.019238252,0.99998433,0.999986103,0.019306444,10,gaussian
26,5,0,0.995040801,0.994986008,0.994995361,0.060523554,0.999944933,0.999954333,0.060825199,10,gaussian
26,6,0,0.993974055,0.993859046,0.993863163,0.047240174,0.999884293,0.999888435,0.047526567,10,gaussian
26,7,0,0.992305833,0.992210735,0.992191099,0.035520897,0.999904165,0.999884376,0.03579632,10,gaussian
26,8,0,0.995297024,0.995133958,0.995130886,0.079331892,0.999836163,0.999833077,0.079706751,10,gaussian
26,9,1,0.961094016,0.009874811,0.00047065,0.000444386,0.010274552,0.000489702,0.000462375,10,gaussian
26,10,1,0.961159624,0.013551385,0.000647237,0.000604898,0.014098995,0.000673392,0.000629341,10,gaussian
26,11,1,0.961527688,0.013948472,0.000719671,0.000639264,0.014506573,0.000748466,0.000664842,10,gaussian
26,12,1,0.961077426,0.008566888,0.000510484,0.000440807,0.008913837,0.000531158,0.000458659,10,gaussian
26,13,1,0.959941459,0.014930612,0.000739801,0.000655565,0.01555367,0.000770673,0.000682922,10,gaussian
26,14,0,0.996520651,0.995826139,0.995842886,0.027719834,0.999303063,0.999319869,0.027816618,10,gaussian
27,0,0,1.000293465,1.000277329,1.000277169,0.014003692,0.999983869,0.999983708,0.013999584,10,gaussian
27,1,0,0.992579024,0.99253127,0.992529177,0.055341769,0.999951889,0.99994978,0.055755529,10,gaussian
27,2,0,0.988780153,0.988751732,0.988753975,0.531790309,0.999971256,0.999973525,0.537824619,10,gaussian
27,3,0,0.993113253,0.993069049,0.993071402,0.223761739,0.99995549,0.999957859,0.225313416,10,gaussian
27,4,0,0.994969316,0.994931873,0.994931583,0.248332675,0.999962368,0.999962076,0.249588275,10,gaussian
27,5,0,0.991971944,0.991900076,0.991887118,0.073569594,0.99992755,0.999914487,0.074164995,10,gaussian
27,6,0,0.985767307,0.985671245,0.98569938,0.376271922,0.999902551,0.999931093,0.381704607,10,gaussian
27,7,0,0.991371612,0.991333806,0.991343724,0.107610024,0.999961865,0.99997187,0.108546606,10,gaussian
27,8,0,0.996083544,0.995779991,0.99578001,0.023360061,0.999695254,0.999695273,0.02345191,10,gaussian
27,9,0,0.985298515,0.984789182,0.984734865,0.41209315,0.999483067,0.99942794,0.418241928,10,gaussian
27,10,1,0.960551636,0.009985844,0.000592168,0.000457336,0.010395947,0.000616487,0.000476118,10,gaussian
27,11,1,0.960179032,0.010256834,0.000784824,0.000473825,0.01068221,0.000817373,0.000493476,10,gaussian
27,12,1,0.961885037,0.013755898,0.000792432,0.000578397,0.01430098,0.000823832,0.000601316,10,gaussian
27,13,1,0.960487597,0.014704726,0.000966573,0.000625323,0.015309647,0.001006336,0.000651048,10,gaussian
27,14,1,0.961021745,0.013327899,0.000944855,0.000656134,0.013868467,0.000983178,0.000682746,10,gaussian
28,0,0,0.998488394,0.998467677,0.998468802,0.006987833,0.999979251,0.999980378,0.006998412,10,gaussian
28,1,0,0.994716811,0.994702248,0.994702579,0.029845131,0.99998536,0.999985692,0.030003646,10,gaussian
28,2,0,0.987619454,0.987586335,0.987589611,0.201869955,0.999966466,0.999969784,0.204400546,10,gaussian
28,3,0,0.99658263,0.996562533,0.996561434,0.023254771,0.999979834,0.999978732,0.023334514,10,gaussian
28,4,0,0.988334939,0.988321338,0.98832779,0.80024327,0.999986239,0.999992767,0.809688334,10,gaussian
28,5,0,0.992642162,0.992584152,0.992586299,0.067629517,0.99994156,0.999943723,0.068130813,10,gaussian
28,6,0,0.998025719,0.997924709,0.997925073,0.013427477,0.999898789,0.999899155,0.013454039,10,gaussian
28,7,0,0.994612378,0.994416018,0.994418831,0.091218639,0.999802576,0.999805404,0.091712753,10,gaussian
28,8,0,0.993363336,0.993183089,0.993175399,0.080298391,0.999818549,0.999810807,0.080834865,10,gaussian
28,9,0,0.992413957,0.991638622,0.991566324,0.152617179,0.999218738,0.999145888,0.153783789,10,gaussian
28,10,1,0.960962022,0.010634066,0.000644289,0.000468877,0.011066063,0.000670462,0.000487924,10,gaussian
28,11,1,0.961017765,0.013365257,0.000593574,0.000472774,0.013907398,0.000617652,0.000491951,10,gaussian
28,12,1,0.959535876,0.017683349,0.000855717,0.000690941,0.018429065,0.000891803,0.000720079,10,gaussian
28,13,1,0.959830666,0.018068019,0.000876825,0.000732658,0.018824173,0.000913521,0.00076332,10,gaussian
28,14,1,0.960379644,0.016076295,0.000818173,0.000669861,0.016739521,0.000851927,0.000697496,10,gaussian
29,0,0,0.995658155,0.995648918,0.995646682,0.025469308,0.999990722,0.999988477,0.025580374,10,gaussian
29,1,0,0.998176447,0.998163038,0.998162914,0.006681822,0.999986566,0.999986442,0.006694029,10,gaussian
29,2,0,0.991798888,0.991760557,0.991761897,0.401589882,0.999961352,0.999962703,0.404910599,10,gaussian
29,3,0,0.995470716,0.995437868,0.995440882,0.052790271,0.999967002,0.99997003,0.053030461,10,gaussian
29,4,0,1.002258919,1.00224374,1.002247132,0.060623875,0.999984855,0.999988239,0.060487239,10,gaussian
29,5,0,1.000126887,1.000074581,1.000076968,0.021127432,0.999947701,0.999950087,0.021124751,10,gaussian
29,6,0,0.996100658,0.996060325,0.99606677,0.058116209,0.999959509,0.999965979,0.058343711,10,gaussian
29,7,0,0.997440478,0.997409197,0.997406342,0.069825908,0.999968639,0.999965776,0.070005087,10,gaussian
29,8,1,0.960562384,0.010483003,0.000426587,0.000395397,0.010913402,0.000444101,0.00041163,10,gaussian
29,9,1,0.960464642,0.01397554,0.000578024,0.00054494,0.014550812,0.000601817,0.000567372,10,gaussian
29,10,1,0.961445123,0.010204508,0.000393086,0.000372343,0.010613719,0.000408849,0.000387274,10,gaussian
29,11,1,0.960053812,0.014425225,0.000595975,0.000575495,0.015025434,0.000620773,0.000599441,10,gaussian
29,12,1,0.960602152,0.01490065,0.00057708,0.000556824,0.015511781,0.000600748,0.000579661,10,gaussian
29,13,0,0.997467086,0.997411425,0.99740376,0.036370379,0.999944198,0.999936513,0.036462736,10,gaussian
29,14,0,0.996051304,0.995820338,0.995824921,0.033548736,0.999768118,0.999772719,0.033681734,10,gaussian
30,0,0,0.994653232,0.994606054,0.994600958,0.026475053,0.999952568,0.999947445,0.02661737,10,gaussian
30,1,0,0.993608715,0.993589139,0.993590543,0.05813132,0.999980298,0.999981712,0.058505243,10,gaussian
30,2,0,0.990721608,0.990681775,0.990679172,0.418308664,0.999959794,0.999957167,0.422226245,10,gaussian
30,3,0,0.99043939,0.99041491,0.990419441,0.314631828,0.999975283,0.999979858,0.317668937,10,gaussian
30,4,0,0.999187796,0.99917248,0.999172163,0.009245615,0.999984672,0.999984354,0.00925313,10,gaussian
30,5,0,1.000246516,1.000228869,1.000229115,0.157351569,0.999982357,0.999982603,0.157312789,10,gaussian
30,6,0,0.996953352,0.996942311,0.99694654,0.02514638,0.999988926,0.999993168,0.025223226,10,gaussian
30,7,0,0.990558787,0.990530446,0.990532695,0.548638037,0.99997139,0.99997366,0.553867215,10,gaussian
30,8,0,0.992967096,0.992873021,0.99288364,0.085183465,0.999905259,0.999915953,0.085786795,10,gaussian
30,9,1,0.960623565,0.009576193,0.000480932,0.00042883,0.009968726,0.000500646,0.000446408,10,gaussian
30,10,1,0.960471998,0.017677123,0.000670988,0.000609475,0.018404621,0.000698603,0.000634557,10,gaussian
30,11,1,0.960709229,0.016027008,0.000685128,0.000621775,0.016682475,0.000713148,0.000647204,10,gaussian
30,12,1,0.960037357,0.01575693,0.000676731,0.000609212,0.01641283,0.000704901,0.000634571,10,gaussian
30,13,1,0.961278968,0.012665069,0.000518522,0.000438218,0.013175227,0.000539409,0.00045587,10,gaussian
30,14,0,0.994348997,0.993494721,0.99352315,0.239463618,0.999140869,0.99916946,0.240824518,10,gaussian
31,0,0,0.990257228,0.990248364,0.990250027,0.154866383,0.999991049,0.999992728,0.156390056,10,gaussian
31,1,0,0.992757102,0.99272052,0.992721175,0.060400731,0.999963151,0.999963811,0.060841399,10,gaussian
31,2,0,0.996942165,0.996917604,0.996920789,0.014974383,0.999975364,0.999978558,0.015020313,10,gaussian
31,3,0,0.997085293,0.997072255,0.997071204,0.018420355,0.999986923,0.99998587,0.018474202,10,gaussian
31,4,0,0.993670438,0.993655944,0.993657057,0.140683094,0.999985414,0.999986534,0.141579229,10,gaussian
31,5,0,0.995876724,0.995771952,0.995783609,0.121495745,0.999894794,0.9999065,0.12199878,10,gaussian
31,6,0,0.993969283,0.99394589,0.993946744,0.062906857,0.999976465,0.999977325,0.063288533,10,gaussian
31,7,0,0.990504327,0.990471694,0.990476585,0.189109694,0.999967054,0.999971992,0.190922633,10,gaussian
31,8,0,0.994822271,0.994731662,0.994744658,0.039221299,0.999908919,0.999921983,0.039425433,10,gaussian
31,9,0,0.995951,0.995785913,0.995809864,0.020457529,0.999834243,0.999858291,0.020540699,10,gaussian
31,10,1,0.960489569,0.012061798,0.000565721,0.000525678,0.012557969,0.000588992,0.000547303,10,gaussian
31,11,1,0.961298829,0.01276273,0.000606056,0.000510538,0.013276548,0.000630456,0.000531092,10,gaussian
31,12,1,0.96126368,0.014773384,0.000802129,0.000728071,0.015368712,0.000834453,0.00075741,10,gaussian
31,13,1,0.96179848,0.021359257,0.000845808,0.000750362,0.022207622,0.000879402,0.000780166,10,gaussian
31,14,1,0.961264438,0.01770109,0.000808231,0.000698437,0.018414381,0.000840799,0.000726581,10,gaussian
32,0,0,0.996422825,0.996389518,0.996391377,0.088458336,0.999966574,0.99996844,0.088775903,10,gaussian
32,1,0,0.994891417,0.99487485,0.994875717,0.030744329,0.999983348,0.999984219,0.030902196,10,gaussian
32,2,0,0.998808347,0.998787647,0.998786408,0.009001254,0.999979275,0.999978035,0.009011993,10,gaussian
32,3,0,1.001929943,1.001901922,1.001895639,0.004675329,0.999972033,0.999965762,0.004666324,10,gaussian
32,4,0,0.996027745,0.995907122,0.995906002,0.026918752,0.999878897,0.999877772,0.027026106,10,gaussian
32,5,0,0.997575597,0.997508258,0.997509143,0.016252287,0.999932497,0.999933384,0.016291785,10,gaussian
32,6,0,0.996751149,0.996712544,0.996707646,0.025001471,0.99996127,0.999956355,0.025082962,10,gaussian
32,7,0,0.993729567,0.99367309,0.993664696,0.129736217,0.999943167,0.99993472,0.130554852,10,gaussian
32,8,0,0.992620031,0.99129612,0.991349647,0.045284142,0.998666246,0.998720171,0.045620823,10,gaussian
32,9,1,0.960537313,0.012634218,0.000533424,0.000438727,0.013153281,0.000555339,0.000456752,10,gaussian
32,10,1,0.96020339,0.016764973,0.000812922,0.000592837,0.017459814,0.000846614,0.000617408,10,gaussian
32,11,1,0.961091954,0.013188934,0.000864074,0.000442902,0.013722863,0.000899055,0.000460832,10,gaussian
32,12,1,0.962023813,0.018946577,0.00103633,0.000605982,0.019694499,0.00107724,0.000629903,10,gaussian
32,13,1,0.9605536,0.013053313,0.001279776,0.000627085,0.013589364,0.001332332,0.000652837,10,gaussian
32,14,0,0.992276947,0.987842278,0.988139429,0.216107023,0.995530815,0.995830279,0.217789019,10,gaussian
33,0,0,0.995288733,0.995269295,0.995268252,0.060997629,0.99998047,0.999979422,0.061286365,10,gaussian
33,1,0,0.993802854,0.993780465,0.993781784,0.021283487,0.999977472,0.999978798,0.021416207,10,gaussian
33,2,0,0.99296928,0.992952165,0.992952797,0.065805131,0.999982764,0.999983401,0.066271064,10,gaussian
33,3,0,0.997882416,0.997868086,0.997868671,0.011008165,0.999985639,0.999986226,0.011031526,10,gaussian
33,4,0,0.995479677,0.995393154,0.995399083,0.118893083,0.999913084,0.999919039,0.119432959,10,gaussian
33,5,0,0.994687448,0.994468713,0.99446359,0.128751249,0.999780097,0.999774946,0.1294389,10,gaussian
33,6,0,0.99615956,0.995836015,0.995829862,0.041369818,0.999675208,0.99966903,0.041529309,10,gaussian
33,7,0,0.995226443,0.994810084,0.994957081,0.014147414,0.999581644,0.999729346,0.014215271,10,gaussian
33,8,0,0.994630716,0.99436379,0.994363099,0.088366898,0.999731632,0.999730938,0.088843926,10,gaussian
33,9,1,0.960241554,0.008493954,0.000500278,0.000412821,0.008845643,0.000520992,0.000429914,10,gaussian
33,10,1,0.960057966,0.012768564,0.000660843,0.000559538,0.013299784,0.000688337,0.000582817,10,gaussian
33,11,1,0.960010719,0.014679758,0.000712866,0.000604049,0.015291244,0.00074256,0.000629211,10,gaussian
33,12,1,0.960880846,0.01338534,0.00069224,0.000556338,0.013930281,0.000720422,0.000578987,10,gaussian
33,13,1,0.961043054,0.008694409,0.000559953,0.000395179,0.009046846,0.000582651,0.000411198,10,gaussian
33,14,0,0.996750787,0.991276041,0.991117992,0.033293728,0.994507408,0.994348844,0.033402259,10,gaussian
34,0,0,0.99252016,0.992504194,0.992501602,0.153913862,0.999983913,0.999981302,0.155073789,10,gaussian
34,1,0,0.999234862,0.999223852,0.999224323,0.016821953,0.999988981,0.999989453,0.016834834,10,gaussian
34,2,0,0.988912504,0.988881305,0.988885897,0.57930148,0.999968451,0.999973095,0.585796497,10,gaussian
34,3,0,0.994715235,0.994672527,0.994675154,0.088228638,0.999957065,0.999959707,0.088697383,10,gaussian
34,4,0,0.99682934,0.99680305,0.996800156,0.027195753,0.999973627,0.999970723,0.027282255,10,gaussian
34,5,0,0.992254521,0.992208403,0.992224116,0.187193457,0.999953522,0.999969358,0.188654678,10,gaussian
34,6,0,0.991617607,0.991511551,0.99154103,0.089030875,0.999893048,0.999922777,0.089783476,10,gaussian
34,7,0,0.992917801,0.992754821,0.992767369,0.113643196,0.999835857,0.999848495,0.114453781,10,gaussian
34,8,0,0.993814733,0.992857895,0.992989513,0.038246319,0.999037207,0.999169645,0.038484355,10,gaussian
34,9,0,0.991061689,0.990149627,0.990304472,0.134502311,0.999079712,0.999235953,0.135715378,10,gaussian
34,10,1,0.96134824,0.011519196,0.000710607,0.000480475,0.011982334,0.000739177,0.000499793,10,gaussian
34,11,1,0.960587111,0.013297807,0.000916114,0.000516166,0.013843416,0.000953702,0.000537344,10,gaussian
34,12,1,0.961191156,0.016344369,0.001012812,0.00069162,0.017004286,0.001053705,0.000719545,10,gaussian
34,13,1,0.961356559,0.017966516,0.001110495,0.00069746,0.018688712,0.001155133,0.000725496,10,gaussian
34,14,1,0.961310219,0.018918099,0.001077874,0.000710335,0.019679495,0.001121255,0.000738924,10,gaussian
35,0,0,0.994159561,0.994112013,0.994112132,0.059490138,0.999952173,0.999952292,0.059839628,10,gaussian
35,1,0,0.991401675,0.991396287,0.991394817,0.307892077,0.999994565,0.999993082,0.310562394,10,gaussian
35,2,0,0.994634875,0.994589916,0.994588354,0.020590181,0.999954799,0.999953229,0.020701245,10,gaussian
35,3,0,0.994756266,0.994714655,0.994713918,0.068298585,0.99995817,0.999957429,0.068658613,10,gaussian
35,4,0,0.988988963,0.988976582,0.988973417,0.402830612,0.99998748,0.99998428,0.407315579,10,gaussian
35,5,0,0.996178316,0.996154989,0.996153388,0.04889917,0.999976583,0.999974975,0.049086764,10,gaussian
35,6,0,0.991420305,0.99140482,0.991403624,0.247339704,0.999984381,0.999983174,0.249480167,10,gaussian
35,7,0,0.997497785,0.997438818,0.997451382,0.038814835,0.999940885,0.999953481,0.038912202,10,gaussian
35,8,0,0.996831085,0.996763619,0.996762268,0.01095938,0.99993232,0.999930964,0.010994219,10,gaussian
35,9,0,0.99585882,0.995113456,0.995108153,0.022217599,0.999251536,0.999246212,0.022309989,10,gaussian
35,10,1,0.961056393,0.011347281,0.00046908,0.000427994,0.011807092,0.000488088,0.000445337,10,gaussian
35,11,1,0.961426764,0.01278791,0.000636452,0.000573925,0.013300972,0.000661987,0.000596952,10,gaussian
35,12,1,0.961249929,0.011676049,0.000506695,0.000431041,0.012146736,0.000527121,0.000448417,10,gaussian
35,13,1,0.961504127,0.014669091,0.00066973,0.000582266,0.0152564,0.000696544,0.000605578,10,gaussian
35,14,1,0.960733408,0.014026538,0.000717831,0.00064626,0.014599823,0.00074717,0.000672674,10,gaussian
36,0,0,0.997902211,0.997883514,0.997886316,0.018394111,0.999981264,0.999984071,0.01843278,10,gaussian
36,1,0,0.994429467,0.994330121,0.994344491,0.044207154,0.999900098,0.999914549,0.044454791,10,gaussian
36,2,0,0.996743591,0.99672079,0.99671778,0.018670235,0.999977124,0.999974104,0.018731231,10,gaussian
36,3,0,0.996182568,0.996176908,0.996178536,0.030183594,0.999994318,0.999995952,0.030299259,10,gaussian
36,4,0,0.996516846,0.996509335,0.996508649,0.018704925,0.999992462,0.999991774,0.018770305,10,gaussian
36,5,0,0.998480125,0.998455907,0.998456876,0.018481918,0.999975745,0.999976715,0.018510051,10,gaussian
36,6,0,0.994539915,0.994532595,0.994533981,0.192062864,0.99999264,0.999994034,0.193117301,10,gaussian
36,7,0,0.988828545,0.988818613,0.988818898,0.517587115,0.999989956,0.999990244,0.523434642,10,gaussian
36,8,0,0.99682211,0.996716466,0.996723141,0.036856189,0.99989402,0.999900716,0.036973687,10,gaussian
36,9,0,0.99629896,0.99622396,0.996208896,0.012625859,0.999924722,0.999909602,0.012672761,10,gaussian
36,10,1,0.960612233,0.012833461,0.000483244,0.000457298,0.013359668,0.000503058,0.000476048,10,gaussian
36,11,1,0.960907781,0.012063888,0.000483577,0.000459121,0.012554678,0.000503251,0.000477799,10,gaussian
36,12,1,0.960644493,0.01539653,0.000670731,0.000637372,0.016027292,0.00069821,0.000663484,10,gaussian
36,13,1,0.960450775,0.015917994,0.000685348,0.00065406,0.016573462,0.000713569,0.000680993,10,gaussian
36,14,1,0.962153819,0.015203951,0.000680203,0.000629126,0.015801996,0.000706958,0.000653872,10,gaussian
37,0,0,0.995728306,0.995706803,0.99570921,0.119164577,0.999978405,0.999980822,0.119675795,10,gaussian
37,1,0,0.995879177,0.995872555,0.995872336,0.023242694,0.999993351,0.999993131,0.02333887,10,gaussian
37,2,0,0.993621365,0.993559284,0.993544622,0.045395576,0.99993752,0.999922764,0.045686997,10,gaussian
37,3,0,0.997615063,0.997593689,0.997590993,0.010116349,0.999978575,0.999975872,0.010140534,10,gaussian
37,4,0,0.997583837,0.99755139,0.997550238,0.041189643,0.999967474,0.99996632,0.041289405,10,gaussian
37,5,0,0.993764531,0.993718231,0.993714227,0.047394757,0.999953409,0.99994938,0.04769214,10,gaussian
37,6,0,0.992872626,0.99282321,0.992818391,0.11314367,0.99995023,0.999945376,0.113955877,10,gaussian
37,7,0,0.981544884,0.981537779,0.981542715,0.953685218,0.999992761,0.99999779,0.971616514,10,gaussian
37,8,0,0.994725534,0.994463561,0.994472415,0.055888616,0.999736638,0.999745538,0.056184961,10,gaussian
37,9,0,0.995552976,0.994753922,0.994833246,0.130456176,0.999197377,0.999277055,0.131038909,10,gaussian
37,10,1,0.960767612,0.013780767,0.000487944,0.000444051,0.014343496,0.000507869,0.000462184,10,gaussian
37,11,1,0.96028764,0.011704451,0.000543975,0.000467687,0.012188484,0.000566471,0.000487028,10,gaussian
37,12,1,0.961131081,0.014132644,0.000670687,0.000605723,0.01470418,0.00069781,0.000630218,10,gaussian
37,13,1,0.960013169,0.016498171,0.000714674,0.000643386,0.017185359,0.000744442,0.000670185,10,gaussian
37,14,1,0.961008518,0.018279639,0.000727318,0.000659062,0.019021308,0.000756828,0.000685802,10,gaussian
38,0,0,0.99589694,0.99586127,0.995860679,0.023544418,0.999964184,0.99996359,0.02364142,10,gaussian
38,1,0,0.995207184,0.995198512,0.995195859,0.068682889,0.999991286,0.99998862,0.069013659,10,gaussian
38,2,0,0.995321576,0.995296385,0.995292958,0.022573294,0.999974691,0.999971248,0.022679398,10,gaussian
38,3,0,0.997108496,0.99703288,0.997041085,0.020985575,0.999924164,0.999932394,0.021046431,10,gaussian
38,4,0,0.997713977,0.99758984,0.997585289,0.030325532,0.999875578,0.999871017,0.030395016,10,gaussian
38,5,0,0.991977782,0.991759914,0.991768849,0.118473105,0.99978037,0.999789377,0.119431208,10,gaussian
38,6,0,0.995743415,0.995468512,0.995470713,0.023780181,0.999723922,0.999726132,0.023881836,10,gaussian
38,7,1,0.96023044,0.012424816,0.00051268,0.000463939,0.012939411,0.000533913,0.000483153,10,gaussian
38,8,1,0.960038229,0.015506486,0.000689042,0.000642895,0.016151946,0.000717724,0.000669656,10,gaussian
38,9,1,0.960587769,0.015215867,0.000745134,0.000662631,0.015840164,0.000775706,0.000689818,10,gaussian
38,10,1,0.961219143,0.018046061,0.000751665,0.000627615,0.018774139,0.000781992,0.000652937,10,gaussian
38,11,1,0.962251165,0.012433947,0.000532768,0.000429092,0.012921727,0.000553669,0.000445926,10,gaussian
38,12,0,0.99362329,0.993391941,0.993378137,0.026368631,0.999767167,0.999753274,0.026537856,10,gaussian
38,13,0,0.993314312,0.993208559,0.993229739,0.194760952,0.999893535,0.999914858,0.196071827,10,gaussian
38,14,0,0.997669981,0.997301718,0.997221947,0.016435299,0.999630877,0.99955092,0.016473683,10,gaussian
39,0,0,0.995799057,0.995786746,0.995790114,0.032809896,0.999987637,0.999991019,0.03294831,10,gaussian
39,1,0,0.995843464,0.995808659,0.995807787,0.018829389,0.999965049,0.999964173,0.01890798,10,gaussian
39,2,0,0.992911023,0.992872557,0.992875587,0.155882608,0.99996126,0.999964312,0.156995546,10,gaussian
39,3,0,0.995149486,0.995127928,0.995131602,0.053418068,0.999978337,0.999982029,0.053678436,10,gaussian
39,4,0,0.993158827,0.99303867,0.993051264,0.052593258,0.999879015,0.999891696,0.052955536,10,gaussian
39,5,0,0.993461284,0.993151733,0.993074856,0.068329758,0.999688411,0.999611028,0.068779488,10,gaussian
39,6,1,0.960238785,0.012047463,0.000495192,0.000442856,0.01254632,0.000515697,0.000461194,10,gaussian
39,7,1,0.961268298,0.013347219,0.000630873,0.000568669,0.013885009,0.000656292,0.000591582,10,gaussian
39,8,1,0.959991984,0.010673809,0.000462021,0.000440062,0.011118644,0.000481276,0.000458401,10,gaussian
39,9,1,0.96088572,0.014811736,0.0006695,0.000622896,0.01541467,0.000696753,0.000648252,10,gaussian
39,10,1,0.960954287,0.014584502,0.000628179,0.000595301,0.015177103,0.000653703,0.000619489,10,gaussian
39,11,0,0.993414376,0.993389826,0.99338964,0.205902627,0.999975287,0.9999751,0.207267613,10,gaussian
39,12,0,0.99374711,0.993723259,0.993721042,0.045024814,0.999975999,0.999973768,0.045308121,10,gaussian
39,13,0,1.000347152,1.000293461,1.000293688,0.013064816,0.999946328,0.999946554,0.013060282,10,gaussian
39,14,0,0.996971014,0.996898604,0.996900884,0.053280044,0.99992737,0.999929657,0.053441918,10,gaussian
40,0,0,0.998030821,0.998014242,0.998010603,0.013915196,0.999983388,0.999979742,0.013942651,10,gaussian
40,1,0,0.999923492,0.999899484,0.999901085,0.025900019,0.99997599,0.999977591,0.025902001,10,gaussian
40,2,0,0.997630674,0.997606576,0.997602089,0.021504349,0.999975844,0.999971347,0.021555421,10,gaussian
40,3,0,0.992761339,0.992698296,0.992699305,0.14858727,0.999936497,0.999937513,0.149670685,10,gaussian
40,4,0,0.987014442,0.986982784,0.986988604,0.574253065,0.999967926,0.999973822,0.581808169,10,gaussian
40,5,0,0.994993409,0.994946255,0.994950713,0.020024323,0.999952609,0.999957089,0.020125081,10,gaussian
40,6,0,0.998175402,0.998069499,0.998072734,0.014269176,0.999893904,0.999897144,0.014295259,10,gaussian
40,7,0,0.995353312,0.995264849,0.995276919,0.047779148,0.999911123,0.99992325,0.048002199,10,gaussian
40,8,0,0.994528162,0.994202156,0.994241568,0.022087793,0.999672201,0.999711829,0.022209318,10,gaussian
40,9,0,0.99459707,0.99425124,0.994311561,0.042329609,0.999652291,0.999712941,0.042559556,10,gaussian
40,10,1,0.96056381,0.012897636,0.000511833,0.000450118,0.013427152,0.000532846,0.000468598,10,gaussian
40,11,1,0.96069198,0.012020868,0.000521011,0.000455379,0.012512718,0.000542329,0.000474011,10,gaussian
40,12,1,0.961062859,0.017812751,0.000690942,0.000608857,0.018534428,0.000718935,0.000633524,10,gaussian
40,13,1,0.960140677,0.016328609,0.000715169,0.000640495,0.017006475,0.000744858,0.000667084,10,gaussian
40,14,1,0.961075695,0.017825756,0.00071403,0.000634703,0.018547712,0.000742949,0.000660409,10,gaussian
41,0,0,0.994315088,0.994238763,0.994240708,0.066604574,0.999923239,0.999925195,0.06698538,10,gaussian
41,1,0,0.996899616,0.996861751,0.996863951,0.024609569,0.999962017,0.999964224,0.024686106,10,gaussian
41,2,0,0.994303788,0.99428197,0.994282164,0.050916686,0.999978056,0.999978252,0.05120838,10,gaussian
41,3,0,0.991694404,0.99167085,0.99166946,0.11273307,0.999976249,0.999974847,0.113677227,10,gaussian
41,4,0,0.995137673,0.995104395,0.99510173,0.023466106,0.99996656,0.999963881,0.023580764,10,gaussian
41,5,0,0.991269375,0.991236902,0.991240828,0.344824831,0.99996724,0.999971201,0.347861883,10,gaussian
41,6,0,0.994420124,0.994399846,0.994402003,0.183048508,0.999979609,0.999981777,0.184075627,10,gaussian
41,7,1,0.959781773,0.010017397,0.000473185,0.000440794,0.010437161,0.000493013,0.000459265,10,gaussian
41,8,1,0.96218151,0.014548178,0.000636173,0.000567959,0.015119994,0.000661177,0.000590282,10,gaussian
41,9,1,0.960942697,0.012433064,0.000456779,0.000425338,0.012938403,0.000475344,0.000442626,10,gaussian
41,10,1,0.961175584,0.014259669,0.000662445,0.000608698,0.014835654,0.000689203,0.000633285,10,gaussian
41,11,1,0.959843511,0.014572547,0.000645376,0.000619145,0.015182212,0.000672376,0.000645048,10,gaussian
41,12,0,0.990947471,0.990897298,0.990908439,0.238403727,0.999949369,0.999960611,0.240581599,10,gaussian
41,13,0,0.994496188,0.99433267,0.994336553,0.035841744,0.999835577,0.999839482,0.036040102,10,gaussian
41,14,0,0.995433497,0.995261836,0.995250222,0.041904166,0.999827551,0.999815884,0.0420964,10,gaussian
42,0,0,0.994485487,0.994454732,0.99445493,0.055831519,0.999969075,0.999969274,0.05614111,10,gaussian
42,1,0,0.995213346,0.995171569,0.995166797,0.054632479,0.999958022,0.999953227,0.054895243,10,gaussian
42,2,0,0.995253189,0.995219048,0.995226089,0.154106952,0.999965696,0.999972771,0.154841958,10,gaussian
42,3,0,0.996560797,0.996538363,0.996541284,0.036094987,0.999977489,0.99998042,0.036219553,10,gaussian
42,4,0,0.996059518,0.996035459,0.996038372,0.035085669,0.999975846,0.999978771,0.035224471,10,gaussian
42,5,0,0.994083141,0.994058061,0.994057639,0.171291048,0.999974771,0.999974347,0.172310585,10,gaussian
42,6,0,0.994051472,0.994035936,0.994035236,0.063807848,0.99998437,0.999983667,0.064189682,10,gaussian
42,7,0,0.992178094,0.992160234,0.992157351,0.374925662,0.999982,0.999979093,0.377881415,10,gaussian
42,8,0,0.991498224,0.991422108,0.9914112,0.114457455,0.999923231,0.99991223,0.115438891,10,gaussian
42,9,0,0.993796732,0.992926979,0.992978105,0.06994405,0.999124818,0.999176263,0.070380639,10,gaussian
42,10,1,0.960875337,0.010012025,0.000517559,0.000415901,0.010419692,0.000538633,0.000432836,10,gaussian
42,11,1,0.960903868,0.015624241,0.000788326,0.00058381,0.016259942,0.0008204,0.000607563,10,gaussian
42,12,1,0.961051116,0.017323701,0.000914988,0.000625603,0.018025785,0.00095207,0.000650957,10,gaussian
42,13,1,0.960828304,0.011814633,0.000884409,0.000424191,0.0122963,0.000920465,0.000441485,10,gaussian
42,14,1,0.960468913,0.015509386,0.000955326,0.000588539,0.016147723,0.000994645,0.000612762,10,gaussian
43,0,0,0.997358031,0.997351453,0.997350595,0.074599994,0.999993405,0.999992544,0.074797607,10,gaussian
43,1,0,1.00075753,1.000735109,1.000737555,0.006291224,0.999977596,0.99998004,0.006286462,10,gaussian
43,2,0,0.996328125,0.996296473,0.996294765,0.031142995,0.999968231,0.999966517,0.031257769,10,gaussian
43,3,0,0.996058994,0.996024136,0.996031622,0.013888183,0.999965005,0.99997252,0.013943133,10,gaussian
43,4,0,0.996427119,0.996421014,0.996423958,0.092890838,0.999993873,0.999996827,0.093223916,10,gaussian
43,5,0,0.997125174,0.997052737,0.997060765,0.019277564,0.999927354,0.999935405,0.019333143,10,gaussian
43,6,0,0.997036837,0.996924075,0.99692917,0.07137332,0.999886903,0.999892013,0.07158544,10,gaussian
43,7,0,0.995325802,0.995302437,0.995306088,0.027625973,0.999976525,0.999980193,0.027755708,10,gaussian
43,8,0,1.000505817,1.000441166,1.00044956,0.045203827,0.999935383,0.999943772,0.045180974,10,gaussian
43,9,0,0.995111844,0.994919269,0.994944724,0.037699922,0.999806478,0.999832059,0.03788511,10,gaussian
43,10,1,0.961858395,0.010467529,0.0004069,0.000373759,0.010882609,0.000423035,0.00038858,10,gaussian
43,11,1,0.960387923,0.009437392,0.000422309,0.000397005,0.009826646,0.000439727,0.00041338,10,gaussian
43,12,1,0.959996597,0.015620651,0.000602836,0.000564498,0.016271569,0.000627956,0.000588021,10,gaussian
43,13,1,0.961817959,0.014837382,0.00058597,0.000525913,0.015426393,0.000609232,0.000546791,10,gaussian
43,14,1,0.961066259,0.017809423,0.000620798,0.000567431,0.0185309,0.000645947,0.000590419,10,gaussian
44,0,0,0.997768194,0.997748781,0.997749937,0.036563676,0.999980544,0.999981702,0.036645462,10,gaussian
44,1,0,0.996104723,0.996092466,0.996096399,0.076665251,0.999987695,0.999991644,0.076965051,10,gaussian
44,2,0,0.995769953,0.99575014,0.995749397,0.066622111,0.999980103,0.999979356,0.066905123,10,gaussian
44,3,0,0.997060076,0.997041399,0.997046187,0.028174893,0.999981268,0.99998607,0.028257969,10,gaussian
44,4,0,0.992577262,0.992452935,0.992451522,0.07739113,0.999874743,0.99987332,0.07796988,10,gaussian
44,5,0,0.998140151,0.998103405,0.998099289,0.038797206,0.999963186,0.999959062,0.038869497,10,gaussian
44,6,0,0.998226336,0.997496971,0.997441935,0.019410169,0.999269339,0.999214206,0.019444657,10,gaussian
44,7,1,0.960475618,0.011833626,0.000593191,0.000499618,0.012320589,0.000617601,0.000520178,10,gaussian
44,8,1,0.960519677,0.017297784,0.000783921,0.000679827,0.018008777,0.000816142,0.00070777,10,gaussian
44,9,1,0.961192339,0.021169338,0.000794108,0.000671347,0.022024039,0.00082617,0.000698452,10,gaussian
44,10,1,0.961426583,0.011330854,0.000600915,0.000464004,0.011785459,0.000625025,0.00048262,10,gaussian
44,11,1,0.962342426,0.018471602,0.000778259,0.000623254,0.019194418,0.000808713,0.000647642,10,gaussian
44,12,0,0.994323321,0.994156471,0.994157457,0.092632671,0.999832197,0.999833189,0.093161519,10,gaussian
44,13,0,0.998403868,0.998254225,0.998250282,0.007601085,0.999850118,0.999846168,0.007613237,10,gaussian
44,14,0,0.999358498,0.999174812,0.999141114,0.019401729,0.999816197,0.999782477,0.019414183,10,gaussian
45,0,0,0.997601779,0.997583837,0.997585153,0.021392075,0.999982015,0.999983334,0.021443501,10,gaussian
45,1,0,0.998826746,0.998786825,0.998790849,0.070382178,0.999960032,0.99996406,0.070464852,10,gaussian
45,2,0,0.99644622,0.996437809,0.996437041,0.035558094,0.999991559,0.999990788,0.03568491,10,gaussian
45,3,0,0.99655504,0.996515536,0.996519263,0.043291976,0.999960359,0.999964099,0.043441631,10,gaussian
45,4,0,0.997611928,0.997592344,0.997593318,0.027129061,0.999980369,0.999981346,0.027194002,10,gaussian
45,5,0,0.994897127,0.994878781,0.994881598,0.030350523,0.99998156,0.999984391,0.030506192,10,gaussian
45,6,0,0.990289491,0.990266618,0.990266591,0.113820292,0.999976902,0.999976876,0.114936383,10,gaussian
45,7,0,0.993557762,0.993426356,0.993414329,0.06217558,0.999867742,0.999855637,0.062578727,10,gaussian
45,8,0,0.997239602,0.997017653,0.997017939,0.067927784,0.999777437,0.999777724,0.068115811,10,gaussian
45,9,1,0.960817963,0.010094618,0.000494511,0.000451902,0.010506275,0.000514677,0.000470331,10,gaussian
45,10,1,0.96112704,0.013374936,0.000653964,0.000606964,0.013915887,0.000680414,0.000631513,10,gaussian
45,11,1,0.960791951,0.010596536,0.000474014,0.000445347,0.01102896,0.000493358,0.000463521,10,gaussian
45,12,1,0.961633041,0.012156145,0.00066234,0.00062102,0.012641148,0.000688766,0.000645797,10,gaussian
45,13,1,0.961800457,0.014153593,0.000658832,0.000608399,0.014715727,0.000684998,0.000632563,10,gaussian
45,14,0,0.997369152,0.99688535,0.996903197,0.013823956,0.999514922,0.999532816,0.013860421,10,gaussian
46,0,0,0.996499081,0.996485965,0.996487651,0.026674564,0.999986838,0.99998853,0.026768278,10,gaussian
46,1,0,0.992836943,0.992820336,0.992821309,0.164135801,0.999983274,0.999984253,0.165319997,10,gaussian
46,2,0,0.99675722,0.996737325,0.996736102,0.022901657,0.99998004,0.999978813,0.022976164,10,gaussian
46,3,0,0.995293943,0.995277476,0.995277981,0.026156017,0.999983455,0.999983962,0.026279691,10,gaussian
46,4,0,0.992057007,0.992044432,0.992043267,0.064651602,0.999987324,0.99998615,0.065169241,10,gaussian
46,5,0,0.998968394,0.998909106,0.99891369,0.008128787,0.999940651,0.99994524,0.008137181,10,gaussian
46,6,0,0.997692543,0.997620762,0.997620192,0.024640367,0.999928053,0.999927482,0.024697355,10,gaussian
46,7,1,0.960746973,0.0111782,0.000487469,0.000467533,0.011634906,0.000507385,0.000486635,10,gaussian
46,8,1,0.961108329,0.013706386,0.000643258,0.000614354,0.014261021,0.000669288,0.000639214,10,gaussian
46,9,1,0.96211082,0.014519938,0.000660804,0.000623463,0.015091752,0.000686827,0.000648016,10,gaussian
46,10,1,0.961960337,0.011657517,0.000458415,0.000427322,0.012118501,0.000476542,0.00044422,10,gaussian
46,11,1,0.960759795,0.015055849,0.000636697,0.000609877,0.015670773,0.000662701,0.000634786,10,gaussian
46,12,0,0.994805489,0.994739275,0.994745591,0.03191919,0.99993344,0.999939789,0.03208586,10,gaussian
46,13,0,0.994023786,0.993969488,0.993977834,0.107128627,0.999945375,0.999953772,0.1077727,10,gaussian
46,14,0,0.995859218,0.995525865,0.995506018,0.038488886,0.999665261,0.999645331,0.038648923,10,gaussian
47,0,0,0.994014078,0.993998005,0.9939961,0.053428235,0.99998383,0.999981914,0.053749978,10,gaussian
47,1,0,0.994977654,0.99497112,0.994972455,0.057392977,0.999993432,0.999994774,0.05768268,10,gaussian
47,2,0,0.996977281,0.996951744,0.996955691,0.009687641,0.999974386,0.999978345,0.009717013,10,gaussian
47,3,0,0.99778006,0.997725033,0.99772534,0.025605956,0.999944851,0.999945159,0.025662926,10,gaussian
47,4,0,1.000198488,1.000168043,1.000169048,0.00729914,0.999969561,0.999970565,0.007297691,10,gaussian
47,5,0,0.997501251,0.997486011,0.997484106,0.012335139,0.999984722,0.999982812,0.012366039,10,gaussian
47,6,0,0.994283622,0.99426705,0.99426793,0.06578404,0.999983333,0.999984218,0.066162249,10,gaussian
47,7,0,0.992494642,0.992465413,0.992465054,0.159668845,0.999970549,0.999970188,0.160876279,10,gaussian
47,8,0,0.996632654,0.996576796,0.996582049,0.021333237,0.999943953,0.999949224,0.021405316,10,gaussian
47,9,0,0.995934826,0.995722794,0.99574003,0.04173553,0.999787102,0.999804409,0.041905884,10,gaussian
47,10,1,0.960583749,0.010439045,0.000506893,0.000470058,0.010867397,0.000527692,0.000489346,10,gaussian
47,11,1,0.961510088,0.013512794,0.000639887,0.000594582,0.01405372,0.000665502,0.000618383,10,gaussian
47,12,1,0.960715559,0.011046666,0.000504019,0.00047066,0.011498373,0.000524629,0.000489906,10,gaussian
47,13,1,0.962269003,0.017754585,0.000694292,0.000640535,0.018450751,0.000721516,0.000665651,10,gaussian
47,14,1,0.960136688,0.014766634,0.00067999,0.00064051,0.01537972,0.000708222,0.000667103,10,gaussian
48,0,0,0.999695171,0.999685897,0.999686037,0.019902338,0.999990723,0.999990863,0.019908407,10,gaussian
48,1,0,0.994773681,0.994765267,0.994765305,0.030888626,0.999991541,0.999991579,0.031050908,10,gaussian
48,2,0,0.993785534,0.993773436,0.993773089,0.019764307,0.999987827,0.999987477,0.0198879,10,gaussian
48,3,0,0.997145541,0.99710886,0.997107691,0.013162318,0.999963214,0.999962042,0.013199997,10,gaussian
48,4,0,0.992941617,0.992926979,0.992926082,0.135735791,0.999985257,0.999984354,0.136700677,10,gaussian
48,5,0,0.996084815,0.996054443,0.996053183,0.019287632,0.999969508,0.999968244,0.019363444,10,gaussian
48,6,0,0.999672601,0.999660163,0.999659925,0.169384925,0.999987558,0.99998732,0.1694404,10,gaussian
48,7,0,0.996987526,0.996892736,0.996884615,0.112142225,0.999904923,0.999896777,0.112481071,10,gaussian
48,8,1,0.96117905,0.009625681,0.000548782,0.000467769,0.010014451,0.000570947,0.000486661,10,gaussian
48,9,1,0.962854928,0.015793612,0.000766656,0.000611839,0.016402899,0.000796232,0.000635443,10,gaussian
48,10,1,0.960977368,0.019599763,0.00088981,0.000698566,0.020395655,0.000925943,0.000726933,10,gaussian
48,11,1,0.961048991,0.019304509,0.000904109,0.000659163,0.020086915,0.000940753,0.000685879,10,gaussian
48,12,1,0.961776947,0.01308786,0.000789427,0.000464837,0.013607999,0.000820801,0.000483311,10,gaussian
48,13,0,0.992672494,0.991782776,0.991612013,0.111887815,0.999103715,0.998931691,0.112713726,10,gaussian
48,14,0,0.99598664,0.995776244,0.995789866,0.060038084,0.999788756,0.999802433,0.06028001,10,gaussian
49,0,0,0.995641943,0.995621803,0.995623588,0.0436956,0.999979772,0.999981564,0.043886862,10,gaussian
49,1,0,0.996094129,0.996081991,0.996083318,0.028458545,0.999987814,0.999989146,0.028570136,10,gaussian
49,2,0,0.995389084,0.995365775,0.995367327,0.039044926,0.999976583,0.999978143,0.039225792,10,gaussian
49,3,0,0.992968633,0.992913768,0.992910263,0.10003074,0.999944747,0.999941217,0.100739074,10,gaussian
49,4,0,1.000147728,1.000063046,1.000029135,0.018563505,0.999915331,0.999881425,0.018560763,10,gaussian
49,5,0,0.99244679,0.992317541,0.992320526,0.12609757,0.999869767,0.999872775,0.12705726,10,gaussian
49,6,1,0.961469598,0.011726976,0.000494575,0.000442836,0.012196929,0.000514395,0.000460582,10,gaussian
49,7,1,0.961507288,0.013580639,0.000654049,0.000603714,0.014124322,0.000680233,0.000627883,10,gaussian
49,8,1,0.960861289,0.009739462,0.000483366,0.000452192,0.010136179,0.000503055,0.000470611,10,gaussian
49,9,1,0.960402301,0.015808303,0.000727129,0.000687895,0.016460084,0.000757109,0.000716257,10,gaussian
49,10,1,0.96160231,0.01479817,0.000656132,0.000606536,0.015389075,0.000682332,0.000630756,10,gaussian
49,11,0,0.998990197,0.998955442,0.998957332,0.021359497,0.999965209,0.999967102,0.021381088,10,gaussian
49,12,0,0.996701925,0.996620914,0.996631738,0.015652796,0.999918721,0.999929581,0.015704591,10,gaussian
49,13,0,0.996178347,0.996040133,0.996022063,0.035584705,0.999861256,0.999843116,0.035721219,10,gaussian
49,14,0,0.999393331,0.999306512,0.999310246,0.041713907,0.999913129,0.999916865,0.041739229,10,gaussian
50,0,0,0.996507112,0.996486602,0.996487669,0.029456933,0.999979418,0.999980489,0.029560184,10,gaussian
50,1,0,0.992985447,0.99296081,0.992957767,0.025097081,0.99997519,0.999972125,0.02527437,10,gaussian
50,2,0,0.99557357,0.995551825,0.995553328,0.018743936,0.999978158,0.999979668,0.018827274,10,gaussian
50,3,0,0.995240034,0.995230292,0.995229834,0.048223463,0.999990211,0.99998975,0.048454103,10,gaussian
50,4,0,0.997052796,0.997036912,0.997030857,0.046869034,0.999984069,0.999977996,0.047007575,10,gaussian
50,5,0,0.996312205,0.996280436,0.996284346,0.022956691,0.999968113,0.999972037,0.023041664,10,gaussian
50,6,0,0.996475106,0.996445735,0.996447677,0.017279393,0.999970525,0.999972474,0.017340517,10,gaussian
50,7,0,0.997440484,0.997358835,0.997359866,0.012833745,0.999918142,0.999919175,0.012866677,10,gaussian
50,8,0,0.996068318,0.995349096,0.99544204,0.040366201,0.999277939,0.99937125,0.040525534,10,gaussian
50,9,1,0.961272507,0.009960157,0.000627109,0.000441343,0.01036143,0.000652374,0.000459124,10,gaussian
50,10,1,0.961209917,0.014143567,0.000770609,0.000590294,0.014714337,0.000801708,0.000614116,10,gaussian
50,11,1,0.960335392,0.011959604,0.000504097,0.000449784,0.01245357,0.000524918,0.000468362,10,gaussian
50,12,1,0.96145266,0.012891629,0.000778768,0.000637658,0.013408491,0.000809991,0.000663224,10,gaussian
50,13,1,0.961151556,0.013221987,0.000725938,0.000624649,0.013756401,0.00075528,0.000649897,10,gaussian
50,14,0,1.000230686,0.999878018,0.999869345,0.011343257,0.999647413,0.999638743,0.011340641,10,gaussian
51,0,0,0.994637701,0.994630515,0.994629573,0.037426101,0.999992775,0.999991828,0.037627873,10,gaussian
51,1,0,0.994454573,0.994428493,0.994426807,0.042543506,0.999973775,0.999972079,0.042780743,10,gaussian
51,2,0,0.992737588,0.992710289,0.992706383,0.047897539,0.999972501,0.999968567,0.048247936,10,gaussian
51,3,0,0.996287246,0.996275695,0.996276794,0.021344393,0.999988406,0.999989509,0.021423935,10,gaussian
51,4,0,0.99404602,0.99402606,0.994022923,0.098031106,0.99997992,0.999976764,0.098618277,10,gaussian
51,5,0,0.994155567,0.994114606,0.994114026,0.148889856,0.999958798,0.999958214,0.149765148,10,gaussian
51,6,0,0.994509423,0.994458636,0.994452002,0.324020291,0.999948933,0.999942261,0.325809171,10,gaussian
51,7,0,0.992288799,0.992153469,0.992157583,0.034165202,0.999863618,0.999867764,0.034430704,10,gaussian
51,8,0,0.994111981,0.993955275,0.993906799,0.053155892,0.999842366,0.999793603,0.053470728,10,gaussian
51,9,0,0.992791359,0.992444503,0.992460401,0.128450499,0.999650625,0.999666639,0.129383176,10,gaussian
51,10,1,0.961687139,0.011166879,0.000577403,0.000425149,0.011611759,0.000600406,0.000442086,10,gaussian
51,11,1,0.960156349,0.011235851,0.000537125,0.000444212,0.011702106,0.000559414,0.000462646,10,gaussian
51,12,1,0.960965106,0.016594177,0.000744974,0.000597236,0.017268241,0.000775235,0.000621496,10,gaussian
51,13,1,0.961038208,0.017321694,0.000713185,0.000589941,0.018023939,0.000742098,0.000613858,10,gaussian
51,14,1,0.960214806,0.016185165,0.000802977,0.000664834,0.016855775,0.000836247,0.00069238,10,gaussian
52,0,0,0.996988365,0.996948949,0.996952824,0.020133572,0.999960465,0.999964353,0.02019439,10,gaussian
52,1,0,0.994280279,0.994205108,0.994179914,0.040305095,0.999924397,0.999899058,0.040536955,10,gaussian
52,2,0,0.997087717,0.997072969,0.99707124,0.018060947,0.999985208,0.999983475,0.018113699,10,gaussian
52,3,0,0.993314609,0.993297962,0.993297392,0.137962608,0.999983241,0.999982667,0.13889115,10,gaussian
52,4,0,0.99103501,0.990997216,0.990996376,0.41911746,0.999961864,0.999961017,0.422908833,10,gaussian
52,5,0,0.990982495,0.990964735,0.990964639,0.600102611,0.999982078,0.999981981,0.605563281,10,gaussian
52,6,0,0.993676829,0.993645899,0.993636892,0.111705245,0.999968874,0.999959809,0.112416071,10,gaussian
52,7,0,0.993876097,0.993764081,0.993756878,0.059192784,0.999887294,0.999880046,0.059557508,10,gaussian
52,8,0,0.996501176,0.99646648,0.996467074,0.031105053,0.999965182,0.999965778,0.031214267,10,gaussian
52,9,0,0.998114768,0.997730333,0.997736322,0.021249297,0.999614839,0.999620839,0.021289432,10,gaussian
52,10,1,0.96181853,0.012616561,0.000488185,0.000426685,0.013117403,0.000507565,0.000443623,10,gaussian
52,11,1,0.961000052,0.015379533,0.000673031,0.000603551,0.016003675,0.000700344,0.000628045,10,gaussian
52,12,1,0.960990418,0.009516264,0.00047935,0.000445412,0.009902559,0.000498809,0.000463493,10,gaussian
52,13,1,0.960548835,0.013823886,0.000706165,0.000659786,0.014391653,0.000735169,0.000686885,10,gaussian
52,14,1,0.960615422,0.014387321,0.000676382,0.000632812,0.014977192,0.000704113,0.000658757,10,gaussian
53,0,0,0.99759282,0.99758192,0.997583665,0.025893134,0.999989073,0.999990822,0.025955614,10,gaussian
53,1,0,0.998892255,0.998859955,0.998861839,0.016174681,0.999967665,0.999969551,0.016192619,10,gaussian
53,2,0,0.994806203,0.994773819,0.994766508,0.040358613,0.999967447,0.999960098,0.040569322,10,gaussian
53,3,0,0.997506986,0.997487013,0.997486236,0.018718922,0.999979977,0.999979198,0.018765705,10,gaussian
53,4,0,0.996117265,0.996104123,0.996103913,0.026705228,0.999986808,0.999986597,0.026809322,10,gaussian
53,5,0,0.996066609,0.996051278,0.996051908,0.059051801,0.999984609,0.999985241,0.059284992,10,gaussian
53,6,0,0.994665833,0.994626002,0.994633516,0.037560399,0.999959955,0.999967509,0.037761827,10,gaussian
53,7,0,0.995588789,0.995295999,0.99524472,0.024957859,0.999705913,0.999654406,0.025068442,10,gaussian
53,8,0,0.993351749,0.993197174,0.993203656,0.08038591,0.99984439,0.999850915,0.080923913,10,gaussian
53,9,0,0.995285917,0.995140585,0.99515743,0.140426253,0.999853979,0.999870904,0.141091369,10,gaussian
53,10,1,0.960311971,0.012675348,0.000532534,0.000479868,0.013199198,0.000554543,0.0004997,10,gaussian
53,11,1,0.961315904,0.012631105,0.000514299,0.000456892,0.01313939,0.000534994,0.000475278,10,gaussian
53,12,1,0.96119655,0.0147412,0.000713205,0.000638563,0.015336302,0.000741997,0.000664341,10,gaussian
53,13,1,0.961023688,0.018466532,0.000733664,0.000642709,0.01921548,0.000763419,0.000668775,10,gaussian
53,14,1,0.962040757,0.019129927,0.00079003,0.000682224,0.019884737,0.000821202,0.000709142,10,gaussian
54,0,0,0.996302628,0.996280655,0.996275324,0.01312464,0.999977945,0.999972595,0.013173347,10,gaussian
54,1,0,0.99743715,0.997410381,0.997409676,0.065427026,0.999973162,0.999972455,0.065595137,10,gaussian
54,2,0,0.995906161,0.995887341,0.995886211,0.060136857,0.999981102,0.999979967,0.060384059,10,gaussian
54,3,0,0.999545754,0.99950616,0.999511438,0.010670865,0.999960388,0.999965668,0.010675715,10,gaussian
54,4,0,0.997336627,0.997314353,0.997314922,0.014716882,0.999977666,0.999978237,0.014756183,10,gaussian
54,5,0,0.995178411,0.995137235,0.995143221,0.024066834,0.999958624,0.99996464,0.024183436,10,gaussian
54,6,0,0.995614423,0.995511052,0.995511445,0.045432823,0.999896174,0.999896568,0.04563295,10,gaussian
54,7,0,0.996721403,0.996688737,0.996696066,0.024519214,0.999967227,0.99997458,0.024599867,10,gaussian
54,8,0,0.990005888,0.989877079,0.989861268,0.211582934,0.999869891,0.99985392,0.213718864,10,gaussian
54,9,0,0.996334841,0.996224123,0.996231046,0.05772185,0.999888874,0.999895822,0.057934188,10,gaussian
54,10,1,0.960056417,0.009814214,0.000498798,0.000437408,0.010222538,0.00051955,0.000455606,10,gaussian
54,11,1,0.96159983,0.010002833,0.000476163,0.000407937,0.010402282,0.000495178,0.000424228,10,gaussian
54,12,1,0.960625408,0.013089192,0.00068074,0.00060208,0.013625698,0.000708643,0.000626759,10,gaussian
54,13,1,0.961174214,0.013535456,0.000671469,0.000580789,0.014082209,0.000698592,0.000604249,10,gaussian
54,14,1,0.959980433,0.01378164,0.00071482,0.000638447,0.014356168,0.000744619,0.000665062,10,gaussian
55,0,0,0.995491402,0.995482724,0.995482686,0.031466441,0.999991282,0.999991245,0.031608953,10,gaussian
55,1,0,0.997428145,0.997405282,0.997404769,0.02462901,0.999977079,0.999976564,0.024692516,10,gaussian
55,2,0,0.994814816,0.994739809,0.994732594,0.03855654,0.999924601,0.999917349,0.038757505,10,gaussian
55,3,0,0.995979616,0.995957014,0.995957492,0.030824298,0.999977307,0.999977787,0.030948724,10,gaussian
55,4,0,0.996497771,0.99642817,0.996425901,0.049382916,0.999930154,0.999927877,0.049556475,10,gaussian
55,5,0,0.996305073,0.996282591,0.996283681,0.025655827,0.999977434,0.999978528,0.025750975,10,gaussian
55,6,0,0.997549645,0.997475262,0.997475122,0.015748938,0.999925434,0.999925295,0.015787624,10,gaussian
55,7,0,0.997733831,0.99768256,0.99767849,0.045077742,0.999948613,0.999944534,0.045180127,10,gaussian
55,8,0,0.989671193,0.989549313,0.98953554,0.271014098,0.999876848,0.999862931,0.273842565,10,gaussian
55,9,1,0.961286744,0.010906273,0.000528554,0.000481106,0.011345494,0.00054984,0.000500481,10,gaussian
55,10,1,0.960048985,0.012733987,0.00074641,0.000700821,0.013263893,0.000777471,0.000729985,10,gaussian
55,11,1,0.961997946,0.015450982,0.000745396,0.000674032,0.016061346,0.000774841,0.000700658,10,gaussian
55,12,1,0.960714883,0.011646335,0.000523865,0.000498813,0.012122571,0.000545286,0.00051921,10,gaussian
55,13,1,0.960122756,0.016927262,0.000738189,0.000694005,0.01763031,0.000768849,0.00072283,10,gaussian
55,14,0,0.996567113,0.996047476,0.996035959,0.049340181,0.999478573,0.999467017,0.049510143,10,gaussian
56,0,0,0.997741099,0.997718986,0.997719884,0.028475133,0.999977837,0.999978737,0.028539601,10,gaussian
56,1,0,0.994622101,0.994606293,0.994607847,0.067398884,0.999984107,0.999985669,0.067763308,10,gaussian
56,2,0,0.995573061,0.995565909,0.995566567,0.046473272,0.999992816,0.999993477,0.046679921,10,gaussian
56,3,0,0.992926421,0.992912303,0.992913536,0.494499189,0.999985781,0.999987023,0.498021987,10,gaussian
56,4,0,0.998346238,0.998318184,0.998323969,0.011471308,0.999971899,0.999977694,0.01149031,10,gaussian
56,5,0,0.994625266,0.994585108,0.994589901,0.053982126,0.999959625,0.999964444,0.054273834,10,gaussian
56,6,0,0.996822717,0.996791829,0.996793953,0.033321084,0.999969013,0.999971144,0.033427292,10,gaussian
56,7,0,0.992494131,0.992385219,0.992396903,0.324810744,0.999890264,0.999902037,0.327267168,10,gaussian
56,8,0,0.997221951,0.996931619,0.996934078,0.010546199,0.99970886,0.999711326,0.010575578,10,gaussian
56,9,0,0.996863154,0.996564713,0.996604132,0.063766979,0.99970062,0.999740164,0.063967635,10,gaussian
56,10,1,0.961492911,0.010943474,0.000487198,0.000444867,0.011381753,0.00050671,0.000462684,10,gaussian
56,11,1,0.960714293,0.010907311,0.00052076,0.000481325,0.011353335,0.000542054,0.000501007,10,gaussian
56,12,1,0.961725557,0.017028024,0.000700985,0.0006234,0.0177057,0.000728883,0.00064821,10,gaussian
56,13,1,0.961306906,0.020919208,0.000756306,0.00068678,0.021761217,0.000786747,0.000714424,10,gaussian
56,14,1,0.960415121,0.017453434,0.000711877,0.000663372,0.018172802,0.000741218,0.000690713,10,gaussian
57,0,0,0.996065811,0.996032825,0.99603149,0.134214439,0.999966884,0.999965544,0.134744549,10,gaussian
57,1,0,0.992713969,0.992638392,0.992642577,0.0558982,0.999923868,0.999928085,0.056308466,10,gaussian
57,2,0,0.99937428,0.999348155,0.999349764,0.039565615,0.999973859,0.999975469,0.039590387,10,gaussian
57,3,0,0.993803438,0.993784926,0.993786002,0.076459942,0.999981373,0.999982456,0.076936685,10,gaussian
57,4,0,0.988482632,0.988468733,0.988467698,0.320296317,0.999985939,0.999984891,0.32402827,10,gaussian
57,5,0,0.990359855,0.990341204,0.990342496,0.415008369,0.999981167,0.999982472,0.419048053,10,gaussian
57,6,0,0.990762278,0.990710963,0.99071099,0.131505457,0.999948206,0.999948233,0.132731594,10,gaussian
57,7,0,0.993056905,0.993009828,0.993007911,0.098590335,0.999952594,0.999950663,0.099279643,10,gaussian
57,8,0,0.994224189,0.994148792,0.994159063,0.115524333,0.999924165,0.999934495,0.116195456,10,gaussian
57,9,1,0.96078275,0.01195748,0.000510944,0.000465313,0.01244556,0.000531799,0.000484307,10,gaussian
57,10,1,0.960925336,0.015286065,0.000702961,0.000632283,0.015907651,0.000731546,0.000657994,10,gaussian
57,11,1,0.962222786,0.017060572,0.000766877,0.000654142,0.017730376,0.000796985,0.000679824,10,gaussian
57,12,1,0.961393214,0.016208011,0.000748707,0.000628201,0.016858878,0.000778773,0.000653428,10,gaussian
57,13,1,0.96126095,0.013189558,0.000580337,0.000465743,0.0137211,0.000603725,0.000484513,10,gaussian
57,14,0,0.995788992,0.994836407,0.994783936,0.037731942,0.999043386,0.998990694,0.037891503,10,gaussian
58,0,0,0.997429632,0.99740119,0.997402556,0.010450771,0.999971484,0.999972854,0.010477702,10,gaussian
58,1,0,0.997461896,0.99744866,0.997448073,0.013080241,0.999986731,0.999986142,0.013113525,10,gaussian
58,2,0,0.996874636,0.9968374,0.996839059,0.014471075,0.999962648,0.999964312,0.014516444,10,gaussian
58,3,0,0.993671298,0.99364242,0.993643496,0.081496319,0.999970939,0.999972021,0.08201537,10,gaussian
58,4,0,0.997391116,0.997371159,0.997370801,0.018461698,0.999979991,0.999979632,0.018509989,10,gaussian
58,5,0,0.99539146,0.995358794,0.995359563,0.050210721,0.999967182,0.999967955,0.050443191,10,gaussian
58,6,0,0.993726737,0.993682077,0.993664366,0.050060776,0.999955058,0.999937235,0.050376803,10,gaussian
58,7,0,0.993708525,0.993681246,0.993680732,0.290316368,0.999972548,0.999972031,0.292154451,10,gaussian
58,8,0,0.997735165,0.997665503,0.997662809,0.011687455,0.99993018,0.99992748,0.011713985,10,gaussian
58,9,0,0.991499658,0.991201202,0.991230695,0.101033438,0.999698985,0.999728731,0.10189962,10,gaussian
58,10,1,0.960254433,0.010226728,0.000442278,0.000394184,0.010650019,0.000460584,0.0004105,10,gaussian
58,11,1,0.962094983,0.012628603,0.000617185,0.000520604,0.013126149,0.000641501,0.000541115,10,gaussian
58,12,1,0.960780432,0.009779875,0.000504678,0.00040546,0.010179094,0.000525279,0.000422011,10,gaussian
58,13,1,0.961390082,0.015160637,0.000708908,0.000589076,0.015769496,0.000737378,0.000612733,10,gaussian
58,14,1,0.960953003,0.01185203,0.000671598,0.000553187,0.01233362,0.000698888,0.000575665,10,gaussian
59,0,0,0.993807354,0.993788457,0.993790429,0.064382563,0.999980985,0.99998297,0.064783745,10,gaussian
59,1,0,0.992849848,0.992826692,0.992828189,0.04513978,0.999976678,0.999978185,0.045464861,10,gaussian
59,2,0,0.999871258,0.999843961,0.99984204,0.007899811,0.999972699,0.999970778,0.007900828,10,gaussian
59,3,0,0.996676921,0.996638109,0.996642652,0.026365881,0.999961058,0.999965616,0.026453789,10,gaussian
59,4,0,0.995758549,0.995728835,0.995730009,0.019442389,0.99997016,0.999971339,0.019525205,10,gaussian
59,5,0,0.993999215,0.993919271,0.993926421,0.184251714,0.999919573,0.999926766,0.185364043,10,gaussian
59,6,0,0.995513565,0.995492025,0.995488987,0.046641966,0.999978363,0.999975311,0.046852165,10,gaussian
59,7,0,0.99451345,0.994432334,0.994436039,0.118382256,0.999918437,0.999922162,0.119035349,10,gaussian
59,8,0,0.994412084,0.994222311,0.994190318,0.117184855,0.999809161,0.999776988,0.117843354,10,gaussian
59,9,0,0.992041864,0.991256814,0.991229801,0.150932536,0.999208652,0.999181423,0.152143313,10,gaussian
59,10,1,0.959939109,0.009502729,0.0005095,0.000450562,0.009899304,0.000530763,0.000469366,10,gaussian
59,11,1,0.96091308,0.010675438,0.000488686,0.000427133,0.011109682,0.000508564,0.000444507,10,gaussian
59,12,1,0.961557556,0.015601145,0.000678822,0.000579283,0.016224868,0.000705961,0.000602442,10,gaussian
59,13,1,0.961656204,0.018378889,0.000747716,0.000639849,0.019111704,0.00077753,0.000665362,10,gaussian
59,14,1,0.961039684,0.017217594,0.000717335,0.000625023,0.017915591,0.000746416,0.000650361,10,gaussian
60,0,0,0.991221868,0.991193768,0.991195634,0.149891406,0.999971651,0.999973533,0.151218824,10,gaussian
60,1,0,1.000111457,1.000084784,1.00008221,0.011606318,0.99997333,0.999970756,0.011605024,10,gaussian
60,2,0,0.994740087,0.994601105,0.99461206,0.052836692,0.999860283,0.999871296,0.053116078,10,gaussian
60,3,0,0.99996655,0.999958008,0.999957014,0.03014846,0.999991458,0.999990464,0.030149468,10,gaussian
60,4,0,0.99699324,0.996980801,0.996981834,0.019166619,0.999987524,0.99998856,0.019224422,10,gaussian
60,5,0,0.992259467,0.992243308,0.99224396,0.085908677,0.999983714,0.999984372,0.086578843,10,gaussian
60,6,0,0.993463231,0.993394793,0.993392509,0.02964034,0.999931112,0.999928813,0.029835367,10,gaussian
60,7,0,0.995579117,0.995513748,0.995510927,0.050313023,0.999934341,0.999931507,0.050536439,10,gaussian
60,8,0,0.990571014,0.990178025,0.990082608,0.22007323,0.99960327,0.999506945,0.22216805,10,gaussian
60,9,0,0.992907357,0.992266994,0.992371515,0.028038129,0.999355063,0.99946033,0.028238414,10,gaussian
60,10,1,0.961283033,0.012112399,0.000672184,0.00039567,0.012600243,0.000699257,0.000411606,10,gaussian
60,11,1,0.959423306,0.010349907,0.000854073,0.000450551,0.010787634,0.000890195,0.000469606,10,gaussian
60,12,1,0.961877431,0.013069837,0.000869832,0.000535678,0.013587841,0.000904307,0.000556908,10,gaussian
60,13,1,0.960533723,0.016061414,0.000936345,0.000570913,0.016721343,0.000974817,0.000594371,10,gaussian
60,14,1,0.960847427,0.014524414,0.000944432,0.000606002,0.015116254,0.000982916,0.000630695,10,gaussian
61,0,0,0.99538443,0.995377431,0.995379293,0.021788683,0.999992969,0.999994839,0.021889717,10,gaussian
61,1,0,0.994910082,0.994902971,0.994903575,0.088356617,0.999992853,0.99999346,0.088808646,10,gaussian
61,2,0,0.991614103,0.991596054,0.991600783,0.06345203,0.999981799,0.999986568,0.063988632,10,gaussian
61,3,0,0.996022268,0.996013781,0.996014554,0.016038752,0.999991479,0.999992255,0.016102805,10,gaussian
61,4,0,0.991745048,0.991729622,0.991731507,0.122029338,0.999984445,0.999986347,0.123045069,10,gaussian
61,5,0,0.987738585,0.987665429,0.987670443,0.624387494,0.999925936,0.999931012,0.632138406,10,gaussian
61,6,0,0.994632648,0.994591613,0.994591607,0.116350318,0.999958744,0.999958738,0.116978181,10,gaussian
61,7,0,0.992819202,0.992797355,0.992796705,0.115110734,0.999977995,0.99997734,0.115943299,10,gaussian
61,8,0,0.992577889,0.992504126,0.992504182,0.214220428,0.999925685,0.999925742,0.215822285,10,gaussian
61,9,1,0.961161434,0.012095546,0.000515062,0.000466794,0.012584302,0.000535875,0.000485656,10,gaussian
61,10,1,0.961097085,0.017790191,0.000715044,0.000648186,0.018510295,0.000743987,0.000674423,10,gaussian
61,11,1,0.960531432,0.017475472,0.000800753,0.000729053,0.018193545,0.000833657,0.00075901,10,gaussian
61,12,1,0.962415474,0.0140838,0.00071002,0.000621176,0.014633805,0.000737748,0.000645434,10,gaussian
61,13,1,0.960024362,0.011133927,0.000562502,0.000495605,0.011597547,0.000585925,0.000516242,10,gaussian
61,14,0,0.997957844,0.996736067,0.996820479,0.024793592,0.998775723,0.998860308,0.024844328,10,gaussian
62,0,0,0.996257662,0.996232741,0.996232793,0.042260273,0.999974985,0.999975037,0.042419019,10,gaussian
62,1,0,0.996964428,0.996944608,0.99694869,0.030160238,0.99998012,0.999984214,0.03025207,10,gaussian
62,2,0,0.9989391,0.998927368,0.998923964,0.008915623,0.999988255,0.999984848,0.008925092,10,gaussian
62,3,0,0.996377604,0.996345951,0.996343058,0.013833571,0.999968232,0.999965329,0.013883864,10,gaussian
62,4,0,0.998288532,0.998277855,0.998276599,0.02774746,0.999989304,0.999988046,0.02779503,10,gaussian
62,5,0,0.98947755,0.989452131,0.989454824,0.423901947,0.999974311,0.999977032,0.428409868,10,gaussian
62,6,0,0.994421192,0.994354123,0.99436092,0.247477194,0.999932555,0.999939391,0.248865567,10,gaussian
62,7,0,0.995838045,0.99562844,0.995634733,0.050763417,0.999789519,0.999795838,0.050975575,10,gaussian
62,8,1,0.960912211,0.011705049,0.000550114,0.00045737,0.012181184,0.000572492,0.000475974,10,gaussian
62,9,1,0.960154517,0.015507855,0.00080839,0.000641404,0.016151416,0.000841938,0.000668022,10,gaussian
62,10,1,0.960587808,0.017079604,0.000921021,0.00066588,0.017780367,0.00095881,0.000693201,10,gaussian
62,11,1,0.961452014,0.016355497,0.001023448,0.000637155,0.017011246,0.001064482,0.000662701,10,gaussian
62,12,1,0.960735047,0.012251492,0.000971017,0.000467016,0.012752207,0.001010703,0.000486102,10,gaussian
62,13,0,0.992406924,0.992050356,0.992009553,0.056980858,0.999640704,0.999599589,0.057416829,10,gaussian
62,14,0,0.996143587,0.994891501,0.994994738,0.028022424,0.998743067,0.998846703,0.028130909,10,gaussian
63,0,0,0.998208712,0.998188878,0.998187359,0.017221341,0.999980131,0.999978609,0.017252245,10,gaussian
63,1,0,0.992762397,0.99269538,0.9926954,0.181841922,0.999932495,0.999932515,0.183167616,10,gaussian
63,2,0,0.996450572,0.996432353,0.996431326,0.038914639,0.999981716,0.999980685,0.039053256,10,gaussian
63,3,0,0.996570511,0.996552076,0.996551763,0.053785525,0.999981502,0.999981187,0.053970617,10,gaussian
63,4,0,0.997712061,0.997695907,0.997696819,0.01020826,0.999983809,0.999984723,0.010231669,10,gaussian
63,5,0,0.999956138,0.999944924,0.99994802,0.075431234,0.999988785,0.999991881,0.075434543,10,gaussian
63,6,0,0.995494713,0.995472356,0.995476732,0.076686299,0.999977542,0.999981938,0.077033357,10,gaussian
63,7,0,0.997043508,0.997008113,0.997014123,0.03987778,0.9999645,0.999970528,0.039996027,10,gaussian
63,8,0,0.995628086,0.995184312,0.995176225,0.021575353,0.999554277,0.999546155,0.021670093,10,gaussian
63,9,1,0.961133416,0.011047158,0.000500801,0.000453344,0.011493886,0.000521052,0.000471676,10,gaussian
63,10,1,0.962179859,0.016085456,0.000689179,0.000597456,0.016717723,0.000716268,0.00062094,10,gaussian
63,11,1,0.961290815,0.013883521,0.000763148,0.000674119,0.014442582,0.000793879,0.000701264,10,gaussian
63,12,1,0.959173212,0.010560686,0.000572494,0.000516968,0.011010197,0.000596862,0.000538972,10,gaussian
63,13,1,0.961318216,0.014918643,0.000726694,0.000645801,0.015518944,0.000755935,0.000671787,10,gaussian
63,14,0,0.998582024,0.997963724,0.997963025,0.021910264,0.999380822,0.999380123,0.021941377,10,gaussian
64,0,0,0.99938585,0.999376486,0.999376422,0.028926944,0.99999063,0.999990566,0.02894472,10,gaussian
64,1,0,0.994511387,0.994494335,0.994495165,0.046097127,0.999982854,0.999983689,0.046351532,10,gaussian
64,2,0,0.997604579,0.997583832,0.997580995,0.008245902,0.999979203,0.999976359,0.008265702,10,gaussian
64,3,0,0.994956472,0.994935119,0.994933359,0.027198529,0.999978539,0.999976769,0.027336401,10,gaussian
64,4,0,0.993809129,0.993784539,0.993778129,0.053422529,0.999975257,0.999968807,0.053755321,10,gaussian
64,5,0,0.996221574,0.996171878,0.996175729,0.027751782,0.999950116,0.999953981,0.027857038,10,gaussian
64,6,0,0.99583457,0.995781521,0.995781466,0.022543354,0.999946729,0.999946674,0.022637649,10,gaussian
64,7,0,0.99734696,0.997279451,0.997262067,0.01342177,0.999932312,0.999914881,0.013457473,10,gaussian
64,8,0,0.992993467,0.992903349,0.992898224,0.221396718,0.999909246,0.999904086,0.222958887,10,gaussian
64,9,1,0.961294215,0.010317574,0.000480548,0.000446529,0.010733003,0.000499897,0.000464508,10,gaussian
64,10,1,0.961461716,0.015836847,0.000676267,0.00061985,0.016471635,0.000703374,0.000644696,10,gaussian
64,11,1,0.959646569,0.016327847,0.000770577,0.00071225,0.017014438,0.000802979,0.0007422,10,gaussian
64,12,1,0.961231318,0.01666938,0.0007158,0.000636515,0.017341695,0.00074467,0.000662187,10,gaussian
64,13,1,0.959895394,0.011144736,0.000544419,0.00047014,0.011610365,0.000567165,0.000489782,10,gaussian
64,14,0,0.994637638,0.992628563,0.992538769,0.04399169,0.997980094,0.997889815,0.044228862,10,gaussian
65,0,0,0.989873285,0.989847629,0.989847786,0.124012105,0.999974081,0.99997424,0.125280788,10,gaussian
65,1,0,0.994472908,0.99441348,0.994413957,0.085340167,0.999940241,0.999940721,0.085814472,10,gaussian
65,2,0,0.99305155,0.993038438,0.993033591,0.104426429,0.999986797,0.999981916,0.105157108,10,gaussian
65,3,0,0.99383706,0.993810017,0.993813389,0.083435199,0.999972789,0.999976182,0.083952594,10,gaussian
65,4,0,0.995599346,0.995538131,0.99554859,0.030780055,0.999938515,0.99994902,0.030916106,10,gaussian
65,5,0,0.994257333,0.994209261,0.99421123,0.05424267,0.999951651,0.999953631,0.054555967,10,gaussian
65,6,0,0.994265472,0.993967321,0.993968086,0.097105561,0.99970013,0.9997009,0.097665627,10,gaussian
65,7,0,0.994926375,0.99367165,0.993554748,0.075713556,0.998738876,0.998621379,0.076099658,10,gaussian
65,8,1,0.960781844,0.010946422,0.000651761,0.000430659,0.011393244,0.000678365,0.000448238,10,gaussian
65,9,1,0.961401881,0.014903021,0.000771066,0.000574711,0.015501344,0.000802023,0.000597784,10,gaussian
65,10,1,0.962382311,0.013877081,0.000750491,0.000580564,0.01441951,0.000779827,0.000603257,10,gaussian
65,11,1,0.960294127,0.012937592,0.000525829,0.000455433,0.01347253,0.000547571,0.000474264,10,gaussian
65,12,1,0.961073521,0.01582222,0.000712443,0.000589356,0.016463069,0.000741299,0.000613227,10,gaussian
65,13,0,0.998454089,0.998264894,0.998271789,0.06002924,0.999810512,0.999817418,0.060122184,10,gaussian
65,14,0,0.994457294,0.994010697,0.993979867,0.090475889,0.999550914,0.999519913,0.090980166,10,gaussian
66,0,0,0.992306781,0.992277319,0.992278427,0.06716376,0.99997031,0.999971426,0.067684472,10,gaussian
66,1,0,0.995440064,0.99541255,0.995418608,0.081817893,0.99997236,0.999978446,0.082192686,10,gaussian
66,2,0,0.992999095,0.992947499,0.992953574,0.39390312,0.99994804,0.999954158,0.396680241,10,gaussian
66,3,0,0.994390496,0.994362642,0.99435517,0.023460631,0.999971988,0.999964474,0.023592976,10,gaussian
66,4,0,0.996044063,0.996013932,0.99601333,0.020516708,0.99996975,0.999969145,0.020598193,10,gaussian
66,5,0,0.992546255,0.992516093,0.992516472,0.110722627,0.999969611,0.999969993,0.111554123,10,gaussian
66,6,0,0.992294038,0.992213442,0.992211306,0.140945199,0.999918779,0.999916626,0.142039752,10,gaussian
66,7,0,0.99098485,0.990868207,0.990860673,0.212295894,0.999882295,0.999874693,0.214227184,10,gaussian
66,8,0,0.992267421,0.992163746,0.992178033,0.116517978,0.999895516,0.999909915,0.117425983,10,gaussian
66,9,0,0.997614563,0.99724999,0.997342093,0.014298556,0.999634556,0.999726879,0.014332746,10,gaussian
66,10,1,0.958922547,0.012320789,0.000573277,0.000495804,0.012848575,0.000597835,0.000517043,10,gaussian
66,11,1,0.961639261,0.015368021,0.000749143,0.000611726,0.015981067,0.000779027,0.000636128,10,gaussian
66,12,1,0.96135015,0.015823302,0.000739213,0.000624332,0.016459458,0.000768932,0.000649433,10,gaussian
66,13,1,0.960849369,0.013289968,0.000558135,0.000447046,0.013831479,0.000580877,0.000465261,10,gaussian
66,14,1,0.960743999,0.018367693,0.000742866,0.000614267,0.019118197,0.000773219,0.000639366,10,gaussian
67,0,0,0.996481451,0.996449029,0.996447135,0.026960472,0.999967463,0.999965563,0.027055669,10,gaussian
67,1,0,0.993490342,0.993461548,0.993462272,0.037663018,0.999971017,0.999971746,0.037909798,10,gaussian
67,2,0,0.994120642,0.994100675,0.994104115,0.055271058,0.999979915,0.999983376,0.055597938,10,gaussian
67,3,0,0.998750478,0.998721653,0.998725311,0.142343743,0.999971139,0.999974801,0.142521827,10,gaussian
67,4,0,0.999581236,0.999565701,0.999563873,0.038217885,0.999984459,0.99998263,0.038233896,10,gaussian
67,5,0,0.99804143,0.998023409,0.998022434,0.046259341,0.999981943,0.999980967,0.046350121,10,gaussian
67,6,0,0.996223981,0.996204244,0.996204739,0.021086986,0.999980188,0.999980686,0.021166913,10,gaussian
67,7,0,0.992774097,0.99272653,0.992727651,0.182182393,0.999952087,0.999953216,0.183508407,10,gaussian
67,8,0,1.001230845,1.001160749,1.001152562,0.013110995,0.999929991,0.999921814,0.013094877,10,gaussian
67,9,0,0.996567701,0.996141291,0.996046768,0.032556336,0.999572122,0.999477273,0.032668464,10,gaussian
67,10,1,0.960810726,0.009594392,0.000438426,0.000415904,0.009985725,0.000456308,0.000432868,10,gaussian
67,11,1,0.960927757,0.01393091,0.000614961,0.000559333,0.014497354,0.000639966,0.000582076,10,gaussian
67,12,1,0.962998347,0.016944128,0.000612937,0.000540679,0.017595179,0.000636489,0.000561454,10,gaussian
67,13,1,0.960114514,0.010622036,0.000448281,0.000417093,0.011063301,0.000466904,0.00043442,10,gaussian
67,14,1,0.960775719,0.015317191,0.000587738,0.000559074,0.015942525,0.000611733,0.000581898,10,gaussian
68,0,0,0.996730367,0.996685829,0.996687671,0.022694964,0.999955315,0.999957164,0.022769412,10,gaussian
68,1,0,1.001659653,1.001649336,1.001647819,0.009572974,0.9999897,0.999988186,0.009557113,10,gaussian
68,2,0,0.997001944,0.996966614,0.996970649,0.018005379,0.999964564,0.999968611,0.018059523,10,gaussian
68,3,0,0.994862672,0.994835767,0.994838729,0.048818475,0.999972956,0.999975933,0.049070566,10,gaussian
68,4,0,0.992876735,0.992866148,0.992866256,0.296152726,0.999989338,0.999989446,0.298277436,10,gaussian
68,5,0,0.994658323,0.994636053,0.994635709,0.12672123,0.99997761,0.999977265,0.12740177,10,gaussian
68,6,0,0.996362653,0.996327114,0.996327051,0.043605384,0.999964331,0.999964269,0.043764571,10,gaussian
68,7,0,0.994333326,0.994137222,0.994130118,0.025188957,0.999802779,0.999795634,0.025332508,10,gaussian
68,8,0,0.996933273,0.996684241,0.996702486,0.014871998,0.999750202,0.999768503,0.014917747,10,gaussian
68,9,1,0.959788559,0.011321746,0.000487944,0.000465419,0.011796084,0.000508387,0.000484918,10,gaussian
68,10,1,0.96052795,0.011225659,0.00051036,0.000459762,0.011686968,0.000531333,0.000478655,10,gaussian
68,11,1,0.960271667,0.014196342,0.000653614,0.000627636,0.014783672,0.000680656,0.000653603,10,gaussian
68,12,1,0.960960857,0.015871616,0.000679301,0.000618217,0.016516403,0.000706898,0.000643332,10,gaussian
68,13,1,0.96110251,0.015918232,0.000695096,0.000658609,0.01656247,0.000723228,0.000685264,10,gaussian
68,14,0,0.997712279,0.997251428,0.997357636,0.067422719,0.999538093,0.999644544,0.067577317,10,gaussian
69,0,0,0.99546302,0.99545005,0.995449864,0.029672103,0.999986971,0.999986785,0.029807338,10,gaussian
69,1,0,0.99434011,0.994312772,0.994316171,0.030084228,0.999972506,0.999975924,0.030255471,10,gaussian
69,2,0,0.993188231,0.993174844,0.993175687,0.037487953,0.999986521,0.99998737,0.037745063,10,gaussian
69,3,0,0.997530226,0.997510486,0.997507963,0.011923947,0.999980211,0.999977682,0.01195347,10,gaussian
69,4,0,0.987613371,0.987594334,0.987599754,0.602604285,0.999980724,0.999986212,0.610162137,10,gaussian
69,5,0,0.991703899,0.991675272,0.991668129,0.126173521,0.999971133,0.99996393,0.127229026,10,gaussian
69,6,0,0.99694591,0.996877339,0.996880657,0.018316563,0.999931219,0.999934547,0.018372674,10,gaussian
69,7,0,0.991580187,0.991548195,0.991555134,0.345356099,0.999967736,0.999974733,0.348288623,10,gaussian
69,8,0,0.993035832,0.992900713,0.992921467,0.068528553,0.999863933,0.999884833,0.069009144,10,gaussian
69,9,1,0.959871455,0.010218828,0.000546333,0.000491193,0.010646038,0.000569173,0.000511728,10,gaussian
69,10,1,0.961314962,0.01661581,0.000693214,0.000615578,0.01728446,0.000721111,0.00064035,10,gaussian
69,11,1,0.959896196,0.01565667,0.000801604,0.000682462,0.016310794,0.000835095,0.000710975,10,gaussian
69,12,1,0.961809736,0.017669058,0.000815834,0.000624647,0.018370637,0.000848229,0.00064945,10,gaussian
69,13,1,0.960742417,0.011124409,0.000684161,0.000474018,0.011578972,0.000712117,0.000493388,10,gaussian
69,14,0,0.994952065,0.994156125,0.994231595,0.033204327,0.999200022,0.999275875,0.033372791,10,gaussian
70,0,0,0.993024314,0.993006655,0.993003364,0.068216999,0.999982217,0.999978903,0.068696202,10,gaussian
70,1,0,0.997832086,0.997798196,0.997798802,0.010215562,0.999966036,0.999966643,0.010237756,10,gaussian
70,2,0,0.993756626,0.993740563,0.993736929,0.048854053,0.999983836,0.999980179,0.049160983,10,gaussian
70,3,0,0.998975218,0.99892748,0.99891702,0.008225464,0.999952213,0.999941742,0.008233902,10,gaussian
70,4,0,0.999040128,0.999021736,0.999025097,0.015856261,0.999981591,0.999984954,0.015871496,10,gaussian
70,5,0,0.99587898,0.995814625,0.995830649,0.096658725,0.999935378,0.999951468,0.097058706,10,gaussian
70,6,0,0.992455267,0.992403021,0.992395866,0.036732941,0.999947357,0.999940147,0.037012189,10,gaussian
70,7,0,0.992743068,0.992695235,0.992693962,0.077472628,0.999951818,0.999950535,0.078038952,10,gaussian
70,8,0,0.994603408,0.994393049,0.994397554,0.029084963,0.999788499,0.999793028,0.029242775,10,gaussian
70,9,0,0.99295029,0.992566715,0.992657364,0.254481168,0.999613702,0.999704995,0.256287924,10,gaussian
70,10,1,0.961430592,0.0117984,0.000529431,0.000448254,0.012271713,0.00055067,0.000466237,10,gaussian
70,11,1,0.962165145,0.010353803,0.000565903,0.000436406,0.010760942,0.000588156,0.000453567,10,gaussian
70,12,1,0.961574259,0.016710933,0.000732069,0.000615929,0.017378724,0.000761323,0.000640543,10,gaussian
70,13,1,0.960287978,0.017530039,0.000788376,0.000647283,0.018254981,0.000820979,0.000674051,10,gaussian
70,14,1,0.961649928,0.019557654,0.000780618,0.000648667,0.020337602,0.000811749,0.000674535,10,gaussian
71,0,0,0.995439344,0.99542404,0.995424076,0.083455118,0.999984625,0.999984662,0.083837471,10,gaussian
71,1,0,0.993517286,0.993457308,0.993459537,0.062615189,0.99993963,0.999941874,0.063023754,10,gaussian
71,2,0,0.996514662,0.996482056,0.996479759,0.031118849,0.99996728,0.999964974,0.031227688,10,gaussian
71,3,0,0.997568491,0.997555963,0.997553047,0.029592553,0.999987442,0.999984519,0.029664683,10,gaussian
71,4,0,0.99824509,0.99817797,0.998182155,0.014104493,0.999932762,0.999936954,0.014129289,10,gaussian
71,5,0,0.992797179,0.992703052,0.992725982,0.10687039,0.99990519,0.999928287,0.107645743,10,gaussian
71,6,0,0.99586927,0.995734677,0.995738365,0.062167004,0.999864848,0.999868552,0.062424864,10,gaussian
71,7,0,0.998737559,0.998392297,0.998388475,0.007623453,0.999654301,0.999650475,0.007633089,10,gaussian
71,8,0,0.992916264,0.991980861,0.992287911,0.074360667,0.999057924,0.999367165,0.074891176,10,gaussian
71,9,1,0.961492113,0.013740063,0.001446743,0.000464142,0.014290355,0.001504685,0.000482731,10,gaussian
71,10,1,0.961659872,0.017403771,0.001408337,0.000637247,0.018097637,0.001464485,0.000662654,10,gaussian
71,11,1,0.962544979,0.018536703,0.00121271,0.000620135,0.019258013,0.001259899,0.000644266,10,gaussian
71,12,1,0.960397918,0.018378644,0.001283883,0.00066439,0.019136489,0.001336824,0.000691786,10,gaussian
71,13,1,0.960054095,0.014466152,0.001180747,0.000488433,0.015068059,0.001229875,0.000508756,10,gaussian
71,14,0,0.99464227,0.992198276,0.992118848,0.078018721,0.997542842,0.997462985,0.078438976,10,gaussian
72,0,0,1.001591647,1.001577176,1.001575537,0.010234293,0.999985552,0.999983915,0.01021803,10,gaussian
72,1,0,0.995305416,0.995283679,0.995280496,0.021756443,0.99997816,0.999974962,0.021859063,10,gaussian
72,2,0,0.99738404,0.997352019,0.997354429,0.008259441,0.999967895,0.999970311,0.008281104,10,gaussian
72,3,0,0.994285465,0.994255406,0.99426139,0.113899163,0.999969768,0.999975787,0.114553785,10,gaussian
72,4,0,0.995936861,0.995877532,0.995869528,0.049217579,0.999940429,0.999932393,0.049418373,10,gaussian
72,5,0,0.993041021,0.992993273,0.993000236,0.113486947,0.999951918,0.999958929,0.114282235,10,gaussian
72,6,0,0.99225332,0.992175408,0.992173923,0.065741791,0.99992148,0.999919983,0.066255047,10,gaussian
72,7,0,1.00018318,0.999675325,0.999714878,0.008046209,0.999492238,0.999531784,0.008044736,10,gaussian
72,8,1,0.960503116,0.011268851,0.000448634,0.000383728,0.011732237,0.000467082,0.000399507,10,gaussian
72,9,1,0.960230349,0.014587509,0.000644398,0.000540612,0.015191677,0.000671087,0.000563002,10,gaussian
72,10,1,0.961114392,0.016641902,0.000690584,0.000556583,0.017315214,0.000718524,0.000579102,10,gaussian
72,11,1,0.96081815,0.015298093,0.000672232,0.000524205,0.015921944,0.000699645,0.000545582,10,gaussian
72,12,1,0.961198089,0.009759305,0.000510163,0.000378656,0.010153271,0.000530758,0.000393942,10,gaussian
72,13,0,0.996484987,0.995918451,0.995926207,0.020789836,0.999431466,0.999439249,0.02086317,10,gaussian
72,14,0,0.993215018,0.99278852,0.992766421,0.160816821,0.999570589,0.999548339,0.161915414,10,gaussian
73,0,0,0.995039624,0.995021802,0.995021483,0.062077153,0.999982089,0.999981769,0.062386614,10,gaussian
73,1,0,0.99620897,0.996201282,0.996199961,0.086624683,0.999992283,0.999990957,0.08695433,10,gaussian
73,2,0,0.994716046,0.994704406,0.994700152,0.021701493,0.999988298,0.999984022,0.021816772,10,gaussian
73,3,0,0.994238248,0.994217015,0.994215311,0.074561651,0.999978644,0.99997693,0.074993747,10,gaussian
73,4,0,0.996262938,0.996237281,0.996235843,0.03865298,0.999974246,0.999972803,0.038797971,10,gaussian
73,5,0,0.994730597,0.994715355,0.994715521,0.045391165,0.999984678,0.999984845,0.045631616,10,gaussian
73,6,0,0.997410766,0.997367913,0.997368738,0.007557125,0.999957036,0.999957863,0.007576743,10,gaussian
73,7,0,0.995672258,0.995578804,0.995580291,0.034300608,0.99990614,0.999907633,0.034449698,10,gaussian
73,8,0,0.9969419,0.996799743,0.996815245,0.021634267,0.999857407,0.999872957,0.021700629,10,gaussian
73,9,0,0.998147299,0.997937104,0.997969123,0.013710695,0.999789415,0.999821494,0.013736144,10,gaussian
73,10,1,0.961762343,0.010378308,0.000465093,0.000414329,0.010790928,0.000483585,0.000430802,10,gaussian
73,11,1,0.96175154,0.011664186,0.000469011,0.000424979,0.012128065,0.000487663,0.00044188,10,gaussian
73,12,1,0.961819887,0.013969176,0.000623751,0.000568411,0.014523692,0.000648511,0.000590974,10,gaussian
73,13,1,0.959923789,0.012782407,0.000626299,0.000595511,0.013316064,0.000652446,0.000620373,10,gaussian
73,14,1,0.96097529,0.01090298,0.00064642,0.00061338,0.011345744,0.000672671,0.000638289,10,gaussian
74,0,0,1.000781235,1.000741889,1.000743798,0.008884914,0.999960685,0.999962592,0.008877979,10,gaussian
74,1,0,0.999446333,0.999440092,0.999438915,0.012578901,0.999993755,0.999992578,0.012585869,10,gaussian
74,2,0,0.996368525,0.996343006,0.996344795,0.021172949,0.999974387,0.999976184,0.021250119,10,gaussian
74,3,0,0.99903402,0.998991266,0.998993914,0.028884938,0.999957204,0.999959856,0.028912867,10,gaussian
74,4,0,0.988482115,0.988442461,0.988468454,0.493111602,0.999959884,0.999986179,0.498857384,10,gaussian
74,5,0,0.99563795,0.995622266,0.995620533,0.104220001,0.999984248,0.999982507,0.104676605,10,gaussian
74,6,0,0.997047627,0.997013507,0.997011505,0.03662174,0.999965779,0.999963772,0.036730181,10,gaussian
74,7,0,0.99704869,0.996987958,0.996978317,0.015726459,0.999939089,0.99992942,0.01577301,10,gaussian
74,8,0,0.99400091,0.993833941,0.993821044,0.195115832,0.999832023,0.999819048,0.196293414,10,gaussian
74,9,0,0.995105065,0.993762395,0.993923258,0.028506848,0.998650725,0.998812379,0.028647073,10,gaussian
74,10,1,0.960711024,0.010778333,0.000562563,0.000493121,0.01121912,0.000585569,0.000513288,10,gaussian
74,11,1,0.960341375,0.014015122,0.000815222,0.000708119,0.014593896,0.000848888,0.000737362,10,gaussian
74,12,1,0.960567167,0.011537213,0.000863314,0.000520759,0.012010834,0.000898754,0.000542137,10,gaussian
74,13,1,0.96222298,0.013720816,0.000899357,0.000648489,0.014259497,0.000934666,0.000673949,10,gaussian
74,14,1,0.960850394,0.015647357,0.00086648,0.000713695,0.016284905,0.000901785,0.000742774,10,gaussian
75,0,0,0.997628118,0.997595101,0.997593383,0.013309625,0.999966904,0.999965182,0.013341269,10,gaussian
75,1,0,0.996982947,0.996969021,0.996970588,0.096231757,0.999986032,0.999987604,0.096522971,10,gaussian
75,2,0,0.992681558,0.992664713,0.992665937,0.096766578,0.999983031,0.999984264,0.09747998,10,gaussian
75,3,0,0.997724439,0.997688088,0.997692435,0.061831932,0.999963566,0.999967923,0.061972955,10,gaussian
75,4,0,0.996515048,0.996507561,0.996509897,0.010121398,0.999992487,0.999994831,0.010156794,10,gaussian
75,5,0,0.993162788,0.993127366,0.99312552,0.268038829,0.999964334,0.999962476,0.269884084,10,gaussian
75,6,0,0.991668588,0.991655959,0.991657322,0.135609657,0.999987265,0.99998864,0.136748969,10,gaussian
75,7,0,0.996103391,0.996075527,0.996070524,0.052556135,0.999972026,0.999967004,0.052761726,10,gaussian
75,8,0,0.993802446,0.993428162,0.99341992,0.06113499,0.999623382,0.999615089,0.06151624,10,gaussian
75,9,0,0.992868246,0.992556521,0.992529331,0.083548113,0.999686036,0.99965865,0.084148237,10,gaussian
75,10,1,0.961102302,0.010274081,0.000473653,0.000429555,0.010689893,0.000492823,0.00044694,10,gaussian
75,11,1,0.961226837,0.013612193,0.000518371,0.000435346,0.014161271,0.00053928,0.000452906,10,gaussian
75,12,1,0.962426888,0.012761005,0.000635709,0.000565667,0.013259194,0.000660527,0.00058775,10,gaussian
75,13,1,0.961351166,0.019131399,0.000720808,0.000617425,0.019900531,0.000749786,0.000642247,10,gaussian
75,14,1,0.959952804,0.016886082,0.000727699,0.000657756,0.017590534,0.000758057,0.000685196,10,gaussian
76,0,0,0.991195437,0.991174498,0.991174208,0.154343031,0.999978875,0.999978583,0.155714025,10,gaussian
76,1,0,0.996362682,0.996344668,0.996346526,0.156111249,0.999981921,0.999983785,0.156681148,10,gaussian
76,2,0,0.993220976,0.993160048,0.993164044,0.090615972,0.999938657,0.99994268,0.091234452,10,gaussian
76,3,0,1.000506758,1.000481418,1.000483098,0.010781845,0.999974673,0.999976351,0.010776384,10,gaussian
76,4,0,0.995337355,0.995293196,0.995291601,0.019916711,0.999955634,0.999954031,0.02001001,10,gaussian
76,5,0,0.995191735,0.995175914,0.995174398,0.051696224,0.999984102,0.999982579,0.051945994,10,gaussian
76,6,0,0.995311815,0.995304441,0.995302909,0.036540717,0.999992592,0.999991052,0.036712834,10,gaussian
76,7,0,0.993796701,0.99361591,0.993611845,0.129157496,0.999818081,0.99981399,0.1299637,10,gaussian
76,8,0,0.99486683,0.994770907,0.994770129,0.050633853,0.999903582,0.9999028,0.050895107,10,gaussian
76,9,1,0.961406518,0.01096684,0.000698622,0.000461045,0.011407079,0.000726667,0.000479553,10,gaussian
76,10,1,0.961133942,0.017848021,0.001069835,0.000691445,0.018569754,0.001113097,0.000719405,10,gaussian
76,11,1,0.960076498,0.01171135,0.000753053,0.000509726,0.012198351,0.000784368,0.000530922,10,gaussian
76,12,1,0.960399841,0.020482843,0.001183881,0.00075964,0.021327412,0.001232696,0.000790962,10,gaussian
76,13,1,0.960638251,0.015183344,0.001069961,0.000687175,0.015805475,0.001113802,0.000715332,10,gaussian
76,14,0,0.990341143,0.989284321,0.989261209,0.415577449,0.99893287,0.998909534,0.419630601,10,gaussian
77,0,0,0.99516863,0.995157386,0.995158912,0.043030221,0.999988702,0.999990235,0.043239125,10,gaussian
77,1,0,0.996572673,0.996531177,0.996528113,0.013881305,0.999958361,0.999955287,0.013929044,10,gaussian
77,2,0,0.991082464,0.991053043,0.991054047,0.041105016,0.999970314,0.999971328,0.041474869,10,gaussian
77,3,0,0.998400035,0.998355169,0.998361842,0.020194558,0.999955063,0.999961746,0.02022692,10,gaussian
77,4,0,0.995511518,0.99549592,0.995495984,0.055033493,0.999984332,0.999984396,0.055281624,10,gaussian
77,5,0,0.991757,0.991692059,0.991696556,0.207552016,0.999934519,0.999939054,0.209277087,10,gaussian
77,6,0,0.998344736,0.998320741,0.998315539,0.016583116,0.999975965,0.999970754,0.016610611,10,gaussian
77,7,0,0.993862241,0.993662288,0.993629445,0.030393721,0.999798813,0.999765767,0.030581423,10,gaussian
77,8,0,0.994873857,0.994576516,0.994586999,0.046661576,0.999701127,0.999711664,0.046902002,10,gaussian
77,9,1,0.960746109,0.00947979,0.000455293,0.000402773,0.009867113,0.000473895,0.000419229,10,gaussian
77,10,1,0.960814807,0.013993414,0.000631662,0.000543338,0.014564111,0.000657423,0.000565497,10,gaussian
77,11,1,0.960691861,0.012056424,0.000456497,0.000397491,0.01254973,0.000475175,0.000413755,10,gaussian
77,12,1,0.962454545,0.01388478,0.000655002,0.000540405,0.014426427,0.000680554,0.000561486,10,gaussian
77,13,1,0.961281385,0.014291396,0.000623802,0.000536979,0.014867027,0.000648927,0.000558608,10,gaussian
77,14,0,0.995784178,0.995347464,0.995400077,0.06879348,0.999561437,0.999614273,0.069084729,10,gaussian
78,0,0,0.998718406,0.998700216,0.998699846,0.024218139,0.999981787,0.999981416,0.024249217,10,gaussian
78,1,0,0.99489954,0.994875116,0.99487751,0.03228469,0.99997545,0.999977857,0.032450201,10,gaussian
78,2,0,0.999228243,0.999206108,0.999205084,0.018461246,0.999977848,0.999976823,0.018475505,10,gaussian
78,3,0,0.991852335,0.991829408,0.991823974,0.042421219,0.999976884,0.999971406,0.042769692,10,gaussian
78,4,0,0.994074127,0.994038004,0.994043087,0.075444992,0.999963662,0.999968775,0.075894734,10,gaussian
78,5,0,0.993698629,0.993663854,0.993664771,0.031164748,0.999965004,0.999965927,0.031362374,10,gaussian
78,6,0,0.989409293,0.989374526,0.989385903,0.30146711,0.999964861,0.999976359,0.304694035,10,gaussian
78,7,0,0.997657329,0.997484833,0.997506719,0.023247854,0.999827098,0.999849036,0.023302444,10,gaussian
78,8,0,0.995333504,0.995123805,0.995090226,0.036351508,0.999789318,0.999755581,0.036521938,10,gaussian
78,9,0,0.986116225,0.98605299,0.986052433,0.594279005,0.999935875,0.999935309,0.602646006,10,gaussian
78,10,1,0.960376528,0.011097746,0.00058204,0.000503348,0.01155562,0.000606054,0.000524115,10,gaussian
78,11,1,0.961231524,0.01117708,0.000565306,0.00048144,0.011627875,0.000588106,0.000500857,10,gaussian
78,12,1,0.961546219,0.016706429,0.000785056,0.000658107,0.017374546,0.000816451,0.000684426,10,gaussian
78,13,1,0.961068001,0.017017853,0.000796036,0.000677477,0.017707231,0.000828283,0.000704921,10,gaussian
78,14,1,0.961617885,0.018234249,0.000835772,0.000705932,0.018962053,0.000869131,0.000734109,10,gaussian
79,0,0,0.996061347,0.996051782,0.996054479,0.033081282,0.999990398,0.999993105,0.033212093,10,gaussian
79,1,0,0.998152663,0.998130864,0.998132549,0.010540779,0.99997816,0.999979849,0.010560288,10,gaussian
79,2,0,0.994829273,0.994791473,0.994788539,0.037433968,0.999962004,0.999959054,0.037628535,10,gaussian
79,3,0,0.992495277,0.992469894,0.992474037,0.091961999,0.999974425,0.999978599,0.092657367,10,gaussian
79,4,0,0.995312469,0.995290827,0.995294314,0.078140687,0.999978256,0.99998176,0.078508699,10,gaussian
79,5,0,0.996560849,0.996509215,0.99651419,0.084845357,0.999948188,0.99995318,0.08513816,10,gaussian
79,6,0,1.000109394,1.000042402,1.000041443,0.015036216,0.999933016,0.999932056,0.015034572,10,gaussian
79,7,0,0.995289603,0.99516229,0.995168408,0.016310347,0.999872084,0.999878232,0.016387539,10,gaussian
79,8,0,0.995410697,0.994844414,0.994895622,0.106838927,0.999431106,0.99948255,0.107331503,10,gaussian
79,9,0,0.995019874,0.994198847,0.994013467,0.037806526,0.999174864,0.998988556,0.037995749,10,gaussian
79,10,1,0.960338647,0.012426635,0.000590788,0.000447752,0.012939846,0.000615187,0.000466244,10,gaussian
79,11,1,0.96033922,0.010259143,0.00050217,0.000447322,0.010682832,0.000522909,0.000465796,10,gaussian
79,12,1,0.961549751,0.01571114,0.000704716,0.000582681,0.016339394,0.000732896,0.000605981,10,gaussian
79,13,1,0.960156122,0.016512459,0.000683397,0.000615021,0.017197682,0.000711756,0.000640543,10,gaussian
79,14,1,0.961011339,0.019454527,0.000737482,0.000646028,0.020243805,0.000767402,0.000672237,10,gaussian
80,0,0,0.996190821,0.996169991,0.996169298,0.037733496,0.99997909,0.999978394,0.03787778,10,gaussian
80,1,0,0.995647502,0.995632061,0.995630434,0.032949637,0.999984492,0.999982858,0.033093677,10,gaussian
80,2,0,0.994175548,0.994156301,0.994158011,0.074207706,0.99998064,0.999982361,0.074642458,10,gaussian
80,3,0,0.993350918,0.993290233,0.993296317,0.057010641,0.999938909,0.999945034,0.057392247,10,gaussian
80,4,0,0.993520214,0.99349147,0.993493791,0.043610832,0.999971068,0.999973404,0.043895264,10,gaussian
80,5,0,0.991453031,0.991417639,0.991426303,0.127329436,0.999964303,0.999973041,0.128427098,10,gaussian
80,6,0,0.993548259,0.993482307,0.993481822,0.050259479,0.999933619,0.999933131,0.050585846,10,gaussian
80,7,0,0.996714757,0.996644869,0.996656112,0.0123465,0.999929881,0.999941162,0.012387194,10,gaussian
80,8,0,0.995627525,0.995570668,0.995566611,0.015217138,0.999942894,0.999938819,0.015283966,10,gaussian
80,9,0,0.991955064,0.99190859,0.991898361,0.160101791,0.999953149,0.999942837,0.161400245,10,gaussian
80,10,1,0.960522404,0.010149884,0.000487047,0.000444671,0.010567046,0.000507065,0.000462947,10,gaussian
80,11,1,0.96117933,0.009906958,0.000496516,0.000439385,0.010307086,0.00051657,0.000457131,10,gaussian
80,12,1,0.961705524,0.01325927,0.000644967,0.000577346,0.013787246,0.00067065,0.000600335,10,gaussian
80,13,1,0.96096166,0.014383975,0.000683313,0.000598068,0.014968313,0.000711072,0.000622364,10,gaussian
80,14,1,0.961927758,0.013595893,0.000688222,0.000603957,0.014134007,0.000715461,0.000627861,10,gaussian
81,0,0,0.997565156,0.997556544,0.997558694,0.016600316,0.999991367,0.999993523,0.016640834,10,gaussian
81,1,0,0.991665978,0.991642892,0.991637244,0.482076356,0.99997672,0.999971025,0.486127756,10,gaussian
81,2,0,1.001165983,1.001140254,1.001140066,0.02332495,0.999974301,0.999974113,0.023297786,10,gaussian
81,3,0,0.994997294,0.994954367,0.994957285,0.03312259,0.999956857,0.999959789,0.033289125,10,gaussian
81,4,0,0.996304685,0.996270759,0.996273335,0.017571582,0.999965948,0.999968534,0.017636755,10,gaussian
81,5,0,0.995691364,0.995669665,0.99567356,0.030737213,0.999978207,0.999982119,0.030870222,10,gaussian
81,6,0,0.994950775,0.994914673,0.994915722,0.019755669,0.999963714,0.999964768,0.019855926,10,gaussian
81,7,0,0.992672208,0.991880945,0.992173426,0.106448808,0.999202896,0.999497536,0.107234601,10,gaussian
81,8,0,0.996379642,0.996226273,0.996249241,0.043327679,0.999846073,0.999869125,0.043485111,10,gaussian
81,9,1,0.961902237,0.010053728,0.000617086,0.000415763,0.010451922,0.000641527,0.00043223,10,gaussian
81,10,1,0.961903293,0.012558589,0.000825151,0.000560328,0.013055979,0.000857831,0.00058252,10,gaussian
81,11,1,0.960961963,0.012771974,0.0009672,0.000634473,0.013290822,0.001006491,0.000660247,10,gaussian
81,12,1,0.960732619,0.013447236,0.001079316,0.000604318,0.013996855,0.00112343,0.000629018,10,gaussian
81,13,1,0.96105744,0.009971724,0.001075412,0.0004349,0.010375784,0.001118988,0.000452522,10,gaussian
81,14,0,0.994864573,0.993060574,0.992947796,0.074268899,0.998186689,0.998073329,0.07465227,10,gaussian
82,0,0,0.998751004,0.998739397,0.998739207,0.009749539,0.999988378,0.999988188,0.009761732,10,gaussian
82,1,0,0.99629069,0.996221336,0.996221171,0.019998286,0.999930389,0.999930223,0.020072742,10,gaussian
82,2,0,0.996122153,0.99609541,0.996094982,0.014688943,0.999973152,0.999972723,0.014746126,10,gaussian
82,3,0,0.995005864,0.994979377,0.994979028,0.050569988,0.99997338,0.999973029,0.050823809,10,gaussian
82,4,0,0.99455737,0.994524208,0.994519494,0.033758701,0.999966656,0.999961916,0.033943443,10,gaussian
82,5,0,0.997697663,0.997687183,0.997689432,0.018982158,0.999989496,0.999991751,0.019025962,10,gaussian
82,6,0,0.996017272,0.99600516,0.996005738,0.162629672,0.999987839,0.999988419,0.163279971,10,gaussian
82,7,0,0.993221478,0.993153339,0.993145538,0.209021556,0.999931396,0.999923542,0.210448083,10,gaussian
82,8,0,0.9999809,0.999881949,0.999894957,0.073471424,0.999901047,0.999914055,0.073472828,10,gaussian
82,9,1,0.960061051,0.008463517,0.000448933,0.000423315,0.008815602,0.000467609,0.000440925,10,gaussian
82,10,1,0.960788735,0.012286668,0.000596735,0.000560354,0.012788105,0.000621089,0.000583223,10,gaussian
82,11,1,0.960267951,0.010029424,0.000450533,0.000430091,0.010444402,0.000469175,0.000447886,10,gaussian
82,12,1,0.961286937,0.013489981,0.000622925,0.000580631,0.014033251,0.000648012,0.000604014,10,gaussian
82,13,1,0.960062033,0.011173271,0.000606096,0.000576119,0.011638072,0.000631309,0.000600085,10,gaussian
82,14,0,0.997220566,0.996643679,0.996701496,0.064141456,0.999421505,0.999479483,0.06432023,10,gaussian
83,0,0,0.991884777,0.991870025,0.991871434,0.129299487,0.999985128,0.999986547,0.130357366,10,gaussian
83,1,0,0.992997869,0.992977326,0.992974009,0.091241047,0.999979313,0.999975971,0.091884434,10,gaussian
83,2,0,0.997420078,0.997384525,0.997387157,0.068367232,0.999964355,0.999966994,0.06854407,10,gaussian
83,3,0,0.995061971,0.995037023,0.995042992,0.021340926,0.999974928,0.999980926,0.021446831,10,gaussian
83,4,0,0.995472324,0.995455261,0.995454501,0.021197995,0.999982859,0.999982095,0.021294409,10,gaussian
83,5,0,0.999646649,0.999627599,0.999628146,0.053488405,0.999980943,0.999981491,0.053507312,10,gaussian
83,6,0,0.995533799,0.995504621,0.995502989,0.037382788,0.999970691,0.999969052,0.037550496,10,gaussian
83,7,0,0.998203649,0.99815092,0.998147289,0.017447311,0.999947176,0.999943539,0.017478709,10,gaussian
83,8,0,0.995599713,0.99554197,0.995544529,0.036994375,0.999942002,0.999944572,0.03715788,10,gaussian
83,9,0,0.996239655,0.996042629,0.996041701,0.01476799,0.99980223,0.999801299,0.014823733,10,gaussian
83,10,1,0.961610211,0.010018909,0.000475199,0.00044961,0.010418888,0.00049417,0.000467559,10,gaussian
83,11,1,0.960334979,0.012128835,0.000502311,0.000480435,0.012629796,0.000523058,0.000500279,10,gaussian
83,12,1,0.960949901,0.014560617,0.000657914,0.000627666,0.015152316,0.000684649,0.000653173,10,gaussian
83,13,1,0.960261452,0.011759505,0.000696593,0.00065603,0.01224615,0.000725421,0.000683178,10,gaussian
83,14,1,0.961591819,0.014258507,0.000704826,0.000662136,0.014828024,0.000732978,0.000688583,10,gaussian
84,0,0,0.996071493,0.996053929,0.996057144,0.027913038,0.999982367,0.999985595,0.028023127,10,gaussian
84,1,0,0.994247082,0.994187377,0.994186938,0.057825911,0.999939949,0.999939507,0.058160504,10,gaussian
84,2,0,0.994178794,0.994154235,0.994155471,0.043008127,0.999975298,0.99997654,0.043259952,10,gaussian
84,3,0,0.993572075,0.993551255,0.993555024,0.10751903,0.999979045,0.999982839,0.108214626,10,gaussian
84,4,0,0.994777632,0.994773947,0.994773019,0.023930151,0.999996296,0.999995363,0.024055779,10,gaussian
84,5,0,0.994948911,0.994922844,0.994925288,0.066174667,0.999973801,0.999976258,0.066510618,10,gaussian
84,6,0,0.997466078,0.997431709,0.997440606,0.099385232,0.999965544,0.999974463,0.099637706,10,gaussian
84,7,0,0.99323056,0.993155089,0.993167256,0.118824124,0.999924015,0.999936264,0.119633979,10,gaussian
84,8,0,0.99770091,0.997541151,0.997553656,0.020675184,0.999839873,0.999852407,0.020722828,10,gaussian
84,9,0,0.994765822,0.993822088,0.994018825,0.077741617,0.9990513,0.999249073,0.078150671,10,gaussian
84,10,1,0.960369211,0.011299122,0.00050082,0.000469495,0.011765394,0.000521487,0.00048887,10,gaussian
84,11,1,0.961410058,0.011914331,0.000578397,0.000454264,0.012392559,0.000601613,0.000472498,10,gaussian
84,12,1,0.960993274,0.017731092,0.000715538,0.000664186,0.018450798,0.000744581,0.000691146,10,gaussian
84,13,1,0.961866923,0.017054738,0.000748057,0.000622068,0.017730871,0.000777713,0.00064673,10,gaussian
84,14,1,0.960336778,0.016838416,0.000769154,0.000690736,0.017533866,0.000800921,0.000719264,10,gaussian
85,0,0,0.992881197,0.992859934,0.992865644,0.168568777,0.999978584,0.999984336,0.169777389,10,gaussian
85,1,0,0.996459996,0.996414422,0.996410397,0.052009672,0.999954264,0.999950224,0.05219444,10,gaussian
85,2,0,0.994715364,0.994703279,0.994701842,0.15974449,0.999987851,0.999986406,0.160593166,10,gaussian
85,3,0,0.995021585,0.994992242,0.994982284,0.013416816,0.99997051,0.999960503,0.013483944,10,gaussian
85,4,0,0.996724731,0.99667033,0.996667609,0.008499811,0.999945421,0.999942691,0.008527741,10,gaussian
85,5,0,0.993211945,0.993186718,0.993186877,0.357802603,0.9999746,0.99997476,0.360247986,10,gaussian
85,6,0,0.995274161,0.99524362,0.995245091,0.061997631,0.999969314,0.999970791,0.062292013,10,gaussian
85,7,0,0.994901086,0.99479914,0.994798045,0.021331187,0.999897532,0.999896431,0.021440511,10,gaussian
85,8,0,0.996607531,0.996468816,0.996470069,0.072549859,0.999860812,0.99986207,0.07279682,10,gaussian
85,9,0,0.998141136,0.997909928,0.997913491,0.025283388,0.999768361,0.999771931,0.025330473,10,gaussian
85,10,1,0.960184605,0.009828983,0.000468969,0.00043278,0.010236556,0.000488416,0.000450726,10,gaussian
85,11,1,0.960810145,0.013022377,0.000520577,0.000447163,0.013553538,0.00054181,0.000465402,10,gaussian
85,12,1,0.96095895,0.015165725,0.000659283,0.000600645,0.015781866,0.000686067,0.000625047,10,gaussian
85,13,1,0.960904068,0.015138412,0.000678293,0.000615491,0.015754342,0.00070589,0.000640533,10,gaussian
85,14,1,0.960496057,0.019496931,0.000669072,0.000593969,0.020298814,0.00069659,0.000618399,10,gaussian
86,0,1,0.960506062,0.013239819,0.000502277,0.000489547,0.013784212,0.00052293,0.000509676,10,gaussian
86,1,1,0.960172967,0.012634634,0.000520313,0.000505175,0.013158706,0.000541895,0.000526129,10,gaussian
86,2,1,0.961544879,0.014581106,0.000672661,0.000642733,0.015164249,0.000699563,0.000668438,10,gaussian
86,3,1,0.961326545,0.016209847,0.000731727,0.000700666,0.016861957,0.000761164,0.000728854,10,gaussian
86,4,1,0.960909442,0.015369054,0.000700365,0.000672183,0.015994279,0.000728856,0.000699528,10,gaussian
86,5,0,0.994371069,0.994349683,0.994348406,0.058781597,0.999978493,0.999977208,0.059114347,10,gaussian
86,6,0,0.99817848,0.998134543,0.998127691,0.017308637,0.999955983,0.999949118,0.017340222,10,gaussian
86,7,0,0.997059939,0.997002827,0.997015902,0.02079295,0.999942719,0.999955833,0.020854262,10,gaussian
86,8,0,0.998378066,0.998346881,0.998348085,0.005002035,0.999968765,0.99996997,0.005010161,10,gaussian
86,9,0,0.995289938,0.995260293,0.995260782,0.050479436,0.999970215,0.999970706,0.050718322,10,gaussian
86,10,0,0.99597389,0.995923577,0.995923221,0.068282927,0.999949484,0.999949127,0.068558952,10,gaussian
86,11,0,0.991569988,0.991548201,0.991546724,0.08487115,0.999978028,0.999976538,0.085592698,10,gaussian
86,12,0,0.998211121,0.998204693,0.998204174,0.015513505,0.99999356,0.99999304,0.015541307,10,gaussian
86,13,0,0.994932759,0.994906047,0.994902748,0.034825689,0.999973152,0.999969835,0.035003058,10,gaussian
86,14,0,0.992508442,0.992493145,0.992491091,0.149980519,0.999984588,0.999982518,0.151112588,10,gaussian
87,0,0,0.991770038,0.991748116,0.991753154,0.117863898,0.999977896,0.999982976,0.118841963,10,gaussian
87,1,0,0.99606667,0.996025236,0.996026622,0.036888343,0.999958402,0.999959794,0.03703401,10,gaussian
87,2,0,1.000477762,1.000465522,1.000464076,0.009376397,0.999987766,0.99998632,0.009371919,10,gaussian
87,3,0,0.993055982,0.993036429,0.99303652,0.237650862,0.999980311,0.999980402,0.239312653,10,gaussian
87,4,0,0.996732972,0.996706514,0.996709836,0.064155878,0.999973455,0.999976788,0.064366164,10,gaussian
87,5,0,0.994971695,0.994934814,0.99493194,0.057493891,0.999962932,0.999960044,0.057784449,10,gaussian
87,6,0,0.9956645,0.995559014,0.995560987,0.040448525,0.999894054,0.999896036,0.040624653,10,gaussian
87,7,0,0.994855096,0.994834899,0.994832431,0.059883395,0.999979699,0.999977218,0.060193082,10,gaussian
87,8,0,0.990949895,0.990877315,0.990848704,0.205628813,0.999926757,0.999897886,0.207506772,10,gaussian
87,9,0,0.991479427,0.991323928,0.991301809,0.15414503,0.999843165,0.999820856,0.155469721,10,gaussian
87,10,1,0.961309146,0.012255302,0.000504993,0.000455771,0.012748555,0.000525318,0.000474115,10,gaussian
87,11,1,0.961029193,0.009517132,0.000530489,0.000459134,0.009903062,0.000552001,0.000477752,10,gaussian
87,12,1,0.961214031,0.013544119,0.000703646,0.00063086,0.014090638,0.000732039,0.000656315,10,gaussian
87,13,1,0.959839502,0.014210613,0.000694015,0.000646892,0.014805197,0.000723053,0.000673959,10,gaussian
87,14,1,0.962074318,0.01583193,0.000734591,0.00065956,0.016456036,0.000763549,0.00068556,10,gaussian
88,0,0,0.990678305,0.990664195,0.990665046,0.272313982,0.999985757,0.999986616,0.274876295,10,gaussian
88,1,0,0.99461629,0.99459917,0.994599835,0.117242468,0.999982788,0.999983456,0.117877084,10,gaussian
88,2,0,0.994241113,0.994223066,0.994225623,0.033516622,0.999981849,0.99998442,0.033710759,10,gaussian
88,3,0,0.99830701,0.998266616,0.998270304,0.014585806,0.999959537,0.999963232,0.014610542,10,gaussian
88,4,0,0.99654552,0.996533149,0.996531607,0.0514535,0.999987586,0.999986039,0.051631861,10,gaussian
88,5,0,0.995465367,0.995420534,0.995422226,0.033510933,0.999954963,0.999956662,0.033663585,10,gaussian
88,6,0,0.997359153,0.997278434,0.997279394,0.058382259,0.999919068,0.99992003,0.058536846,10,gaussian
88,7,0,0.991511478,0.991382809,0.991341392,0.112374924,0.999870229,0.999828458,0.113336988,10,gaussian
88,8,0,0.995206975,0.993568924,0.993297506,0.049638765,0.99835406,0.998081335,0.04987783,10,gaussian
88,9,0,0.995173539,0.994138758,0.994048175,0.022095293,0.9989602,0.998869178,0.022202453,10,gaussian
88,10,1,0.96073522,0.010171548,0.000622517,0.000403507,0.010587254,0.000647959,0.000419999,10,gaussian
88,11,1,0.959763033,0.013939774,0.000775329,0.000579223,0.014524184,0.000807834,0.000603506,10,gaussian
88,12,1,0.960467191,0.014929644,0.000741643,0.000584837,0.015544148,0.000772169,0.000608909,10,gaussian
88,13,1,0.96092796,0.008403731,0.000553206,0.000409381,0.008745433,0.0005757,0.000426027,10,gaussian
88,14,1,0.960948382,0.012649746,0.00071776,0.000557796,0.013163815,0.000746929,0.000580464,10,gaussian
89,0,0,0.995404831,0.995383097,0.995382806,0.022608313,0.999978166,0.999977873,0.022712681,10,gaussian
89,1,0,0.995904478,0.99586577,0.995873961,0.028379798,0.999961134,0.999969358,0.028496506,10,gaussian
89,2,0,0.996176027,0.996128291,0.996123301,0.015573948,0.999952081,0.999947072,0.01563373,10,gaussian
89,3,0,0.994138111,0.994095953,0.994091213,0.048548061,0.999957593,0.999952826,0.048834322,10,gaussian
89,4,0,0.996895521,0.996851459,0.996864274,0.027777307,0.999955801,0.999968656,0.02786381,10,gaussian
89,5,0,0.995225565,0.995071425,0.995074938,0.081636835,0.99984512,0.99984865,0.082028475,10,gaussian
89,6,0,0.999540295,0.999501863,0.999495553,0.148197871,0.999961551,0.999955238,0.14826603,10,gaussian
89,7,0,0.995812118,0.995204425,0.995133684,0.035926426,0.999389751,0.999318713,0.036077514,10,gaussian
89,8,0,0.997613877,0.997054949,0.997088797,0.006970279,0.999439735,0.999473664,0.00698695,10,gaussian
89,9,1,0.961255158,0.010313647,0.000533059,0.000445017,0.010729354,0.000554545,0.000462954,10,gaussian
89,10,1,0.961019751,0.013875824,0.000687249,0.000585077,0.014438646,0.000715125,0.000608809,10,gaussian
89,11,1,0.960488757,0.012443379,0.000535153,0.000438213,0.012955257,0.000557167,0.000456239,10,gaussian
89,12,1,0.961699474,0.013849593,0.000740692,0.000627007,0.014401165,0.000770191,0.000651978,10,gaussian
89,13,1,0.960420067,0.017068618,0.000724191,0.000618727,0.017772034,0.000754035,0.000644225,10,gaussian
89,14,0,0.99504525,0.992761856,0.992666537,0.388316386,0.997705236,0.997609443,0.390249977,10,gaussian
90,0,0,0.997190991,0.997168188,0.997168252,0.02979784,0.999977133,0.999977197,0.029881778,10,gaussian
90,1,0,0.994275712,0.994266027,0.994266477,0.095635668,0.99999026,0.999990712,0.096186266,10,gaussian
90,2,0,0.989644477,0.989633425,0.989633126,0.293185805,0.999988833,0.99998853,0.296253666,10,gaussian
90,3,0,0.989117382,0.989109317,0.989112266,0.283236953,0.999991846,0.999994828,0.286353226,10,gaussian
90,4,0,0.996019788,0.995984687,0.995981526,0.036867542,0.999964758,0.999961585,0.037014869,10,gaussian
90,5,0,0.997245119,0.997211026,0.9972241,0.032923583,0.999965812,0.999978922,0.033014534,10,gaussian
90,6,0,0.99757875,0.997501829,0.99752599,0.018877994,0.999922892,0.999947112,0.018923814,10,gaussian
90,7,0,1.000193297,1.000054643,1.000051083,0.022722042,0.999861373,0.999857813,0.02271765,10,gaussian
90,8,0,0.994781463,0.994633325,0.994664787,0.419604834,0.999851086,0.999882713,0.421806045,10,gaussian
90,9,1,0.961195448,0.012165324,0.000536077,0.000491295,0.012656451,0.000557719,0.000511129,10,gaussian
90,10,1,0.961165379,0.01476882,0.000727823,0.000680056,0.015365535,0.00075723,0.000707532,10,gaussian
90,11,1,0.96029032,0.017349097,0.0007853,0.000750051,0.018066513,0.000817774,0.000781067,10,gaussian
90,12,1,0.960459498,0.015007818,0.000737522,0.000698539,0.015625665,0.000767884,0.000727297,10,gaussian
90,13,1,0.961315099,0.013169073,0.00054534,0.000483479,0.013699018,0.000567285,0.000502935,10,gaussian
90,14,0,0.997575777,0.997097996,0.997165951,0.016380322,0.999521058,0.999589178,0.016420128,10,gaussian
91,0,0,1.001375302,1.001359972,1.001358543,0.006571215,0.999984691,0.999983263,0.00656219,10,gaussian
91,1,0,0.993401588,0.993375692,0.993376405,0.146856658,0.999973932,0.99997465,0.147832115,10,gaussian
91,2,0,0.994786422,0.994762811,0.994761563,0.110339106,0.999976265,0.999975011,0.110917382,10,gaussian
91,3,0,0.997202452,0.997164475,0.997179452,0.043847162,0.999961916,0.999976935,0.043970171,10,gaussian
91,4,0,0.99227927,0.992224454,0.992234548,0.03567498,0.999944757,0.99995493,0.03595256,10,gaussian
91,5,0,0.993081404,0.993026756,0.99302416,0.046834365,0.999944972,0.999942358,0.047160651,10,gaussian
91,6,0,0.997850367,0.997771591,0.997772584,0.005991412,0.999921054,0.999922049,0.006004319,10,gaussian
91,7,0,0.998608477,0.998465721,0.998475158,0.040287534,0.999857044,0.999866495,0.040343673,10,gaussian
91,8,0,0.99832127,0.99827034,0.998272636,0.019517369,0.999948984,0.999951284,0.019550188,10,gaussian
91,9,1,0.961137813,0.014528833,0.000532895,0.000479064,0.015116285,0.000554442,0.000498434,10,gaussian
91,10,1,0.962210112,0.017488689,0.000738377,0.000644152,0.018175541,0.000767376,0.00066945,10,gaussian
91,11,1,0.960180157,0.01552742,0.000810033,0.000732685,0.016171361,0.000843626,0.00076307,10,gaussian
91,12,1,0.960897925,0.016774378,0.000770463,0.000686397,0.017456982,0.000801816,0.000714329,10,gaussian
91,13,1,0.960329549,0.012755178,0.000587225,0.000492505,0.013282084,0.000611483,0.00051285,10,gaussian
91,14,0,0.99621168,0.995390947,0.99534797,0.023769606,0.999176145,0.999133006,0.023859995,10,gaussian
92,0,0,0.996513079,0.996498278,0.996498827,0.026905508,0.999985148,0.999985698,0.026999654,10,gaussian
92,1,0,0.9941859,0.994172103,0.994174985,0.052858489,0.999986122,0.99998902,0.053167611,10,gaussian
92,2,0,0.990926995,0.99090823,0.990908596,0.099155567,0.999981064,0.999981433,0.100063444,10,gaussian
92,3,0,0.99696371,0.996953048,0.996953899,0.018013735,0.999989305,0.999990159,0.018068597,10,gaussian
92,4,0,0.99628672,0.996237634,0.996233241,0.044325075,0.999950731,0.999946322,0.04449028,10,gaussian
92,5,0,0.993568536,0.993554217,0.993555964,0.034294241,0.999985588,0.999987346,0.034516231,10,gaussian
92,6,0,0.994878788,0.994851442,0.994843896,0.099418091,0.999972513,0.999964928,0.099929853,10,gaussian
92,7,0,0.999217453,0.999145176,0.999140261,0.008462749,0.999927666,0.999922747,0.008469377,10,gaussian
92,8,0,0.998335303,0.99828701,0.998292202,0.074351973,0.999951626,0.999956827,0.074475953,10,gaussian
92,9,0,0.997970036,0.99780863,0.9978185,0.020293859,0.999838266,0.999848155,0.020335138,10,gaussian
92,10,1,0.961116259,0.011144836,0.00050374,0.000471081,0.011595721,0.00052412,0.00049014,10,gaussian
92,11,1,0.960609855,0.011335075,0.000489559,0.000479908,0.011799874,0.000509633,0.000499587,10,gaussian
92,12,1,0.961090034,0.011927987,0.000697663,0.000646057,0.012410895,0.000725908,0.000672213,10,gaussian
92,13,1,0.959302569,0.017257849,0.000688172,0.000675825,0.017989996,0.000717367,0.000704496,10,gaussian
92,14,1,0.963116969,0.016472866,0.000705698,0.000634181,0.017103702,0.000732723,0.000658467,10,gaussian
93,0,0,0.98983701,0.989809793,0.989811409,0.215616687,0.999972503,0.999974136,0.217830496,10,gaussian
93,1,0,0.99662682,0.996605795,0.996602598,0.013562101,0.999978904,0.999975696,0.013608003,10,gaussian
93,2,0,0.995923466,0.99588748,0.995888538,0.019114365,0.999963867,0.999964929,0.019192604,10,gaussian
93,3,0,0.996597422,0.996522556,0.996530417,0.034042237,0.999924878,0.999932766,0.034158464,10,gaussian
93,4,0,0.997817612,0.997777482,0.997782679,0.021418626,0.999959783,0.99996499,0.021465472,10,gaussian
93,5,0,0.987248542,0.987222195,0.987227826,0.177188512,0.999973313,0.999979016,0.179477107,10,gaussian
93,6,0,0.99691399,0.99688696,0.996884696,0.007471821,0.999972887,0.999970616,0.00749495,10,gaussian
93,7,0,0.995325605,0.995241644,0.995236161,0.041348652,0.999915644,0.999910136,0.041542839,10,gaussian
93,8,0,0.994210671,0.994074434,0.994097633,0.083390331,0.99986297,0.999886303,0.083875916,10,gaussian
93,9,0,0.990247894,0.990183448,0.990211732,0.213928045,0.999934919,0.999963482,0.21603484,10,gaussian
93,10,1,0.961577255,0.011177492,0.000548644,0.000418247,0.011624123,0.000570567,0.000434959,10,gaussian
93,11,1,0.961187857,0.013081707,0.000626406,0.000423646,0.013609938,0.000651699,0.000440753,10,gaussian
93,12,1,0.96094822,0.014429688,0.000796359,0.000604004,0.015016093,0.000828722,0.000628549,10,gaussian
93,13,1,0.960969704,0.015111867,0.000850202,0.000605507,0.015725644,0.000884733,0.0006301,10,gaussian
93,14,1,0.961477898,0.015240725,0.000847711,0.000622422,0.015851353,0.000881675,0.00064736,10,gaussian
94,0,0,0.99592739,0.995903215,0.995895195,0.014542841,0.999975726,0.999967673,0.014602311,10,gaussian
94,1,0,0.998537881,0.998503482,0.998506832,0.016845145,0.999965551,0.999968906,0.016869811,10,gaussian
94,2,0,0.994552688,0.994500932,0.994496465,0.040286807,0.999947961,0.999943469,0.040507463,10,gaussian
94,3,0,0.995538731,0.995513638,0.995515544,0.029736648,0.999974795,0.999976709,0.029869906,10,gaussian
94,4,0,0.995469992,0.99544736,0.995447504,0.033876569,0.999977265,0.99997741,0.034030729,10,gaussian
94,5,0,0.999228439,0.999209352,0.999203848,0.024610111,0.999980898,0.99997539,0.024629114,10,gaussian
94,6,0,0.993712089,0.993657302,0.993660418,0.075894218,0.999944867,0.999948003,0.076374453,10,gaussian
94,7,0,0.994727784,0.994684741,0.994676122,0.058495434,0.999956729,0.999948065,0.05880547,10,gaussian
94,8,0,0.99470013,0.994536622,0.994505099,0.072783567,0.99983562,0.999803929,0.073171366,10,gaussian
94,9,1,0.961157837,0.009670722,0.000444356,0.000395306,0.010061533,0.000462313,0.000411281,10,gaussian
94,10,1,0.959682111,0.013803313,0.000643672,0.000584139,0.014383214,0.000670714,0.00060868,10,gaussian
94,11,1,0.96013654,0.016430709,0.000673796,0.000604857,0.017112888,0.000701771,0.00062997,10,gaussian
94,12,1,0.960717818,0.013540546,0.000650598,0.000561375,0.014094197,0.0006772,0.000584329,10,gaussian
94,13,1,0.960858616,0.010756455,0.000489473,0.000394217,0.011194628,0.000509412,0.000410275,10,gaussian
94,14,0,0.99773956,0.995900537,0.996170873,0.029401746,0.99815681,0.998427759,0.029468358,10,gaussian
95,0,0,0.999890531,0.999861968,0.999860571,0.006736328,0.999971433,0.999970036,0.006737065,10,gaussian
95,1,0,0.999711545,0.999686517,0.999688382,0.022538759,0.999974965,0.99997683,0.022545263,10,gaussian
95,2,0,0.994298441,0.994264653,0.994269828,0.338562877,0.999966018,0.999971222,0.340504282,10,gaussian
95,3,0,0.9961008,0.996066817,0.996065605,0.095284526,0.999965884,0.999964667,0.095657514,10,gaussian
95,4,0,0.998039584,0.998026217,0.998022786,0.018780048,0.999986606,0.999983169,0.018816937,10,gaussian
95,5,0,0.996540438,0.996513161,0.996509499,0.026088409,0.999972628,0.999968954,0.026178976,10,gaussian
95,6,0,0.994705646,0.994608625,0.994604835,0.032068278,0.999902462,0.999898652,0.032238963,10,gaussian
95,7,0,1.00053432,1.000457231,1.000458848,0.077310958,0.999922952,0.999924568,0.077269671,10,gaussian
95,8,1,0.961237783,0.012873487,0.000527979,0.000440964,0.013392614,0.00054927,0.000458746,10,gaussian
95,9,1,0.961005182,0.01488169,0.000757325,0.000619537,0.015485546,0.000788055,0.000644677,10,gaussian
95,10,1,0.961463617,0.019669509,0.000867097,0.000675698,0.020457882,0.000901851,0.00070278,10,gaussian
95,11,1,0.959479089,0.016237907,0.000916383,0.000669178,0.016923669,0.000955084,0.000697439,10,gaussian
95,12,1,0.961411549,0.01442117,0.000724764,0.000446876,0.014999997,0.000753854,0.000464812,10,gaussian
95,13,0,0.998585269,0.996950087,0.99698866,0.011087978,0.998362501,0.998401129,0.011103687,10,gaussian
95,14,0,0.996146764,0.995384643,0.995249095,0.01858843,0.999234931,0.999098859,0.018660333,10,gaussian
96,0,0,0.996144897,0.996133059,0.996131612,0.050952201,0.999988115,0.999986663,0.051149388,10,gaussian
96,1,0,0.996321194,0.996315916,0.996314701,0.145264537,0.999994702,0.999993483,0.14580091,10,gaussian
96,2,0,0.99975172,0.999700724,0.999698457,0.010209511,0.999948991,0.999946723,0.010212046,10,gaussian
96,3,0,0.994559251,0.994536657,0.994535288,0.079767952,0.999977283,0.999975906,0.080204324,10,gaussian
96,4,0,0.997019707,0.99695956,0.996960725,0.012579005,0.999939673,0.999940842,0.012616606,10,gaussian
96,5,0,0.998403638,0.998354509,0.998353313,0.054826574,0.999950792,0.999949594,0.054914237,10,gaussian
96,6,0,0.99689582,0.996867139,0.996866272,0.011252522,0.99997123,0.99997036,0.011287561,10,gaussian
96,7,0,0.996146023,0.99605385,0.996049668,0.048965579,0.99990747,0.999903273,0.049155021,10,gaussian
96,8,0,0.995761668,0.995698012,0.995699677,0.094772747,0.999936073,0.999937745,0.095176136,10,gaussian
96,9,1,0.960904494,0.009013826,0.000560707,0.000444139,0.009380564,0.00058352,0.000462209,10,gaussian
96,10,1,0.962536486,0.013814302,0.000787603,0.000552522,0.014351977,0.000818257,0.000574027,10,gaussian
96,11,1,0.960778573,0.017045302,0.001067014,0.000638187,0.017741134,0.001110573,0.000664239,10,gaussian
96,12,1,0.962084873,0.014223561,0.001675639,0.000594641,0.014784103,0.001741675,0.000618075,10,gaussian
96,13,1,0.961839961,0.018306203,0.007627073,0.000643412,0.019032483,0.007929669,0.000668938,10,gaussian
96,14,0,0.990352735,0.924249341,0.925046884,0.051570453,0.933252677,0.934057989,0.052072813,10,gaussian
97,0,0,0.992436166,0.992408056,0.992412625,0.217202105,0.999971675,0.99997628,0.218857507,10,gaussian
97,1,0,0.996265013,0.996239185,0.996237726,0.022584003,0.999974076,0.999972612,0.02266867,10,gaussian
97,2,0,0.993476852,0.993468013,0.993466305,0.035015815,0.999991103,0.999989384,0.035245728,10,gaussian
97,3,0,0.99241369,0.992380891,0.992376741,0.051684802,0.99996695,0.999962768,0.052079896,10,gaussian
97,4,0,0.996353896,0.996342011,0.996342616,0.090840395,0.999988071,0.999988678,0.09117282,10,gaussian
97,5,0,0.995289483,0.995278158,0.995279017,0.178494679,0.999988622,0.999989485,0.17933946,10,gaussian
97,6,0,0.995414399,0.995312473,0.995276749,0.018091477,0.999897604,0.999861715,0.018174819,10,gaussian
97,7,0,0.994894357,0.994839311,0.994835411,0.041011765,0.999944672,0.999940752,0.041222231,10,gaussian
97,8,0,0.998906722,0.998832623,0.998832158,0.009648028,0.999925821,0.999925355,0.009658588,10,gaussian
97,9,0,0.998950889,0.998577391,0.998558788,0.014346361,0.99962611,0.999607487,0.014361427,10,gaussian
97,10,1,0.960805896,0.013401686,0.000498896,0.000461326,0.013948381,0.000519247,0.000480145,10,gaussian
97,11,1,0.959465246,0.013573825,0.000694781,0.000655172,0.014147282,0.000724134,0.000682851,10,gaussian
97,12,1,0.960451932,0.008750082,0.000521434,0.000457296,0.00911038,0.000542905,0.000476126,10,gaussian
97,13,1,0.960277006,0.015392461,0.000770609,0.000706106,0.016029188,0.000802486,0.000735315,10,gaussian
97,14,1,0.960661742,0.012497485,0.000712277,0.000629284,0.013009246,0.000741444,0.000655053,10,gaussian
98,0,0,0.995890009,0.995871477,0.995869757,0.017680517,0.999981392,0.999979664,0.017753484,10,gaussian
98,1,0,0.997305371,0.997280258,0.997278641,0.035662198,0.99997482,0.999973198,0.035758554,10,gaussian
98,2,0,0.998589202,0.998485102,0.998492279,0.026118286,0.999895753,0.99990294,0.026155185,10,gaussian
98,3,0,0.997055399,0.996731327,0.996708944,0.023913739,0.99967497,0.999652521,0.023984364,10,gaussian
98,4,1,0.960462694,0.012555948,0.000455983,0.000432919,0.013072811,0.000474753,0.00045074,10,gaussian
98,5,1,0.960568004,0.01053055,0.00044093,0.000431553,0.010962837,0.00045903,0.000449268,10,gaussian
98,6,1,0.960890523,0.016316528,0.000635727,0.000601058,0.016980632,0.000661602,0.000625522,10,gaussian
98,7,1,0.960509398,0.013562723,0.000627023,0.000612981,0.014120344,0.000652803,0.000638183,10,gaussian
98,8,1,0.961233807,0.016160344,0.000649035,0.000622446,0.016812084,0.00067521,0.000647549,10,gaussian
98,9,0,0.992351096,0.992297559,0.992289028,0.202447346,0.999946051,0.999937454,0.204007782,10,gaussian
98,10,0,0.998621065,0.998611008,0.998611519,0.026502225,0.999989929,0.999990441,0.02653882,10,gaussian
98,11,0,0.994134731,0.994107062,0.994104327,0.028581608,0.999972168,0.999969416,0.028750236,10,gaussian
98,12,0,0.995184354,0.995171932,0.995173395,0.060598438,0.999987518,0.999988988,0.060891671,10,gaussian
98,13,0,0.995041393,0.995032486,0.995033012,0.024803184,0.999991048,0.999991577,0.024926787,10,gaussian
98,14,0,0.99666355,0.99664785,0.996649362,0.049313098,0.999984247,0.999985764,0.049478179,10,gaussian
99,0,0,0.996881448,0.996697554,0.996717216,0.037147114,0.999815531,0.999835255,0.037263321,10,gaussian
99,1,1,0.959273154,0.011555388,0.000493439,0.000449745,0.012045983,0.000514389,0.00046884,10,gaussian
99,2,1,0.960651008,0.009854067,0.000466586,0.000438423,0.010257697,0.000485698,0.000456381,10,gaussian
99,3,1,0.960678582,0.017476196,0.000672618,0.000609951,0.018191512,0.000700149,0.000634917,10,gaussian
99,4,1,0.960923999,0.015582814,0.000632402,0.000588746,0.01621649,0.000658118,0.000612687,10,gaussian
99,5,1,0.960259883,0.013270312,0.000660721,0.000622679,0.0138195,0.000688065,0.000648448,10,gaussian
99,6,0,0.996271476,0.99624814,0.996246963,0.079065383,0.999976577,0.999975395,0.079361284,10,gaussian
99,7,0,0.994427642,0.994402629,0.994403946,0.050319687,0.999974847,0.999976172,0.050601658,10,gaussian
99,8,0,0.995096585,0.99505135,0.995047383,0.070031878,0.999954543,0.999950556,0.070376965,10,gaussian
99,9,0,0.996360556,0.996334324,0.996334087,0.018243773,0.999973673,0.999973434,0.018310413,10,gaussian
99,10,0,0.999765862,0.999755596,0.999754822,0.023208787,0.999989732,0.999988958,0.023214222,10,gaussian
99,11,0,0.988993367,0.988980464,0.988980576,0.574773511,0.999986954,0.999987067,0.581170239,10,gaussian
99,12,0,0.990876795,0.99085759,0.990859246,0.180100339,0.999980618,0.999982289,0.181758559,10,gaussian
99,13,0,0.993158888,0.993130651,0.993131231,0.115612037,0.999971569,0.999972152,0.1164084,10,gaussian
99,14,0,0.995258191,0.995236621,0.995236682,0.037979973,0.999978327,0.999978388,0.038160924,10,gaussian
100,0,0,1.000011969,0.999997586,0.999997985,0.03269103,0.999985617,0.999986016,0.032690639,10,gaussian
100,1,0,0.998538301,0.998510344,0.998509935,0.02768552,0.999972002,0.999971592,0.027726047,10,gaussian
100,2,0,0.994332705,0.994296571,0.994296943,0.09026404,0.99996366,0.999964033,0.090778509,10,gaussian
100,3,0,0.996691435,0.996655505,0.9966561,0.023981952,0.999963951,0.999964548,0.024061561,10,gaussian
100,4,0,0.994952038,0.994891264,0.994892956,0.031502995,0.999938917,0.999940618,0.031662828,10,gaussian
100,5,0,0.99613952,0.996030285,0.996047573,0.111058653,0.999890342,0.999907696,0.111489055,10,gaussian
100,6,0,0.994403985,0.994301242,0.994305746,0.087995175,0.999896679,0.999901209,0.088490368,10,gaussian
100,7,0,0.991648455,0.991485896,0.991534204,0.540433721,0.999836072,0.999884787,0.544985189,10,gaussian
100,8,0,0.995897637,0.994664909,0.994582382,0.089984027,0.998762194,0.998679328,0.090354694,10,gaussian
100,9,1,0.961091265,0.009862868,0.000493679,0.000410322,0.010262155,0.000513665,0.000426933,10,gaussian
100,10,1,0.96082646,0.012840335,0.000688684,0.000563445,0.013363844,0.000716762,0.000586417,10,gaussian
100,11,1,0.961388798,0.013525526,0.000781062,0.000613585,0.014068737,0.000812431,0.000638227,10,gaussian
100,12,1,0.961338566,0.011426748,0.000733851,0.000547848,0.011886289,0.000763363,0.00056988,10,gaussian
100,13,1,0.960803956,0.00926476,0.00065869,0.00040237,0.009642717,0.000685561,0.000418784,10,gaussian
100,14,0,0.998310152,0.996605846,0.996555882,0.010281892,0.99829281,0.998242761,0.010299296,10,gaussian
101,0,0,0.994960394,0.994948895,0.994949916,0.051421079,0.999988443,0.999989469,0.051681534,10,gaussian
101,1,0,0.997350841,0.99733141,0.997333473,0.014887564,0.999980518,0.999982586,0.014927109,10,gaussian
101,2,0,0.995333677,0.99530661,0.995306351,0.092131031,0.999972806,0.999972546,0.09256296,10,gaussian
101,3,0,0.99205652,0.992013456,0.992013066,0.180731518,0.999956591,0.999956198,0.182178651,10,gaussian
101,4,0,0.992465777,0.992401648,0.992408642,0.20405362,0.999935384,0.999942431,0.205602676,10,gaussian
101,5,0,0.9951752,0.995111226,0.995111667,0.052898054,0.999935716,0.999936159,0.053154514,10,gaussian
101,6,0,0.996726116,0.996694279,0.996693992,0.014091017,0.999968059,0.999967771,0.014137301,10,gaussian
101,7,0,0.995027369,0.994952413,0.994966369,0.037547067,0.999924669,0.999938695,0.037734708,10,gaussian
101,8,0,0.999987667,0.999817325,0.999829056,0.006194863,0.999829656,0.999841387,0.006194939,10,gaussian
101,9,0,0.9985933,0.998444175,0.998452274,0.103772849,0.999850666,0.999858776,0.103919032,10,gaussian
101,10,1,0.960478441,0.012217934,0.000515131,0.000468374,0.012720675,0.000536328,0.000487647,10,gaussian
101,11,1,0.961636684,0.010309286,0.000504025,0.000451417,0.010720562,0.000524132,0.000469425,10,gaussian
101,12,1,0.960749385,0.01431313,0.000691499,0.000630305,0.014897881,0.000719749,0.000656056,10,gaussian
101,13,1,0.959682974,0.013712998,0.000689031,0.000641423,0.014289091,0.000717977,0.00066837,10,gaussian
101,14,1,0.960629538,0.015701192,0.000726064,0.000672086,0.01634469,0.000755821,0.000699631,10,gaussian
102,0,0,0.99376252,0.993747167,0.99374896,0.034090107,0.999984551,0.999986355,0.034304078,10,gaussian
102,1,0,0.99644451,0.9964216,0.996436245,0.236313642,0.999977008,0.999991705,0.23715685,10,gaussian
102,2,0,0.996989666,0.996966409,0.996970558,0.132409092,0.999976672,0.999980834,0.132808891,10,gaussian
102,3,0,0.998638411,0.998615129,0.998616888,0.011644692,0.999976686,0.999978447,0.011660569,10,gaussian
102,4,0,0.995075808,0.995040493,0.995040545,0.134106337,0.999964511,0.999964563,0.13476997,10,gaussian
102,5,0,0.99585809,0.995726237,0.995744441,0.059764233,0.999867599,0.999885879,0.060012801,10,gaussian
102,6,0,0.995842901,0.995609416,0.995620778,0.093690605,0.99976554,0.999776949,0.094081712,10,gaussian
102,7,1,0.9610581,0.011005322,0.000469605,0.000426246,0.011451255,0.000488633,0.000443518,10,gaussian
102,8,1,0.96120889,0.014593049,0.000673536,0.000601929,0.015181975,0.000700718,0.000626221,10,gaussian
102,9,1,0.960569607,0.014256586,0.000714544,0.000641108,0.014841804,0.000743875,0.000667425,10,gaussian
102,10,1,0.960643369,0.013447427,0.000681508,0.000601771,0.013998355,0.000709429,0.000626425,10,gaussian
102,11,1,0.961446845,0.008883732,0.000518242,0.000437669,0.009239961,0.000539023,0.000455219,10,gaussian
102,12,0,0.994634028,0.994455222,0.994492899,0.022042615,0.99982023,0.99985811,0.022161533,10,gaussian
102,13,0,0.998011938,0.997949023,0.997946867,0.01653359,0.99993696,0.9999348,0.016566525,10,gaussian
102,14,0,1.00030263,1.000057725,1.000054107,0.023871521,0.999755169,0.999751551,0.023864299,10,gaussian
103,0,0,0.998062141,0.998045823,0.998043437,0.029676513,0.99998365,0.999981259,0.029734134,10,gaussian
103,1,0,1.000065019,1.000058953,1.000059645,0.020402162,0.999993934,0.999994626,0.020400836,10,gaussian
103,2,0,0.994248757,0.994237071,0.994237292,0.057482575,0.999988246,0.999988469,0.057815084,10,gaussian
103,3,0,0.994278161,0.994244883,0.994242723,0.178415178,0.99996653,0.999964357,0.179441916,10,gaussian
103,4,0,0.993911241,0.99386364,0.993861862,0.105475389,0.999952107,0.999950318,0.106121538,10,gaussian
103,5,0,0.997937628,0.997833956,0.997841469,0.037271939,0.999896114,0.999903643,0.037348966,10,gaussian
103,6,0,0.994704448,0.994663894,0.994665627,0.035726063,0.99995923,0.999960973,0.03591626,10,gaussian
103,7,0,0.997999571,0.99791751,0.997906373,0.01622836,0.999917774,0.999906615,0.016260888,10,gaussian
103,8,0,0.998856177,0.99857485,0.998567354,0.014527292,0.99971835,0.999710847,0.014543928,10,gaussian
103,9,1,0.960641922,0.010108154,0.000507214,0.000481638,0.010522291,0.000527995,0.000501371,10,gaussian
103,10,1,0.961405862,0.016667588,0.000691224,0.000646501,0.017336682,0.000718972,0.000672454,10,gaussian
103,11,1,0.960573595,0.017033277,0.000773237,0.00072051,0.017732402,0.000804974,0.000750083,10,gaussian
103,12,1,0.961139584,0.018324179,0.000732262,0.000636593,0.019065054,0.000761869,0.000662331,10,gaussian
103,13,1,0.961505676,0.013331621,0.000606272,0.000471842,0.013865358,0.000630545,0.000490732,10,gaussian
103,14,0,0.998223919,0.996501709,0.996325628,0.016026352,0.998274726,0.998098332,0.016054867,10,gaussian
104,0,0,0.997533006,0.99751975,0.997519456,0.018899524,0.99998671,0.999986416,0.018946264,10,gaussian
104,1,0,0.994636261,0.994610491,0.994607064,0.044358639,0.999974091,0.999970646,0.04459785,10,gaussian
104,2,0,0.995599576,0.995555269,0.995561157,0.059618075,0.999955497,0.999961411,0.059881579,10,gaussian
104,3,0,0.993088666,0.993081899,0.993083087,0.39982852,0.999993186,0.999994383,0.4026111,10,gaussian
104,4,0,0.997956314,0.997924793,0.997925068,0.027512697,0.999968414,0.99996869,0.02756904,10,gaussian
104,5,0,0.994993781,0.994946506,0.994950975,0.182627304,0.999952488,0.999956979,0.183546177,10,gaussian
104,6,0,0.997436184,0.997274245,0.997283594,0.011932547,0.999837645,0.999847018,0.011963218,10,gaussian
104,7,1,0.961184496,0.012237008,0.000496743,0.000452531,0.012731175,0.000516803,0.000470806,10,gaussian
104,8,1,0.961207217,0.017489195,0.000679649,0.000629189,0.01819503,0.000707078,0.000654582,10,gaussian
104,9,1,0.962133758,0.010931302,0.000480204,0.000417209,0.01136152,0.000499103,0.000433629,10,gaussian
104,10,1,0.961634969,0.019837375,0.000706709,0.000645803,0.0206288,0.000734904,0.000671568,10,gaussian
104,11,1,0.96054747,0.016157531,0.000674074,0.000619458,0.016821169,0.00070176,0.000644901,10,gaussian
104,12,0,0.996927645,0.996705588,0.996713248,0.013373919,0.999777259,0.999784943,0.013415135,10,gaussian
104,13,0,0.997196657,0.997117252,0.997111616,0.010760983,0.999920371,0.99991472,0.010791235,10,gaussian
104,14,0,0.996718745,0.996545889,0.996545407,0.01679289,0.999826575,0.999826091,0.016848174,10,gaussian
105,0,0,0.995508425,0.995496544,0.99549549,0.037261787,0.999988066,0.999987007,0.037429906,10,gaussian
105,1,0,1.000894406,1.000868143,1.000863112,0.034793494,0.99997376,0.999968733,0.034762403,10,gaussian
105,2,0,0.995711858,0.995691481,0.995694399,0.034593195,0.999979535,0.999982465,0.034742174,10,gaussian
105,3,0,0.995243104,0.995188175,0.995191621,0.02164672,0.999944809,0.999948271,0.021750184,10,gaussian
105,4,0,0.996795855,0.996766161,0.996765665,0.010532345,0.999970211,0.999969713,0.010566201,10,gaussian
105,5,0,0.997622296,0.99759532,0.997595819,0.022480798,0.999972959,0.99997346,0.022534378,10,gaussian
105,6,0,0.995650813,0.995608115,0.995627305,0.025535043,0.999957116,0.99997639,0.025646585,10,gaussian
105,7,0,0.997675968,0.99763281,0.99763273,0.03435631,0.999956741,0.999956661,0.034436341,10,gaussian
105,8,0,0.992675266,0.992354345,0.992403632,0.03693511,0.999676711,0.999726362,0.037207646,10,gaussian
105,9,0,0.998034103,0.997769547,0.997771695,0.033361848,0.999734923,0.999737075,0.033427564,10,gaussian
105,10,1,0.960425936,0.011663098,0.000551644,0.000484351,0.012143673,0.000574375,0.000504308,10,gaussian
105,11,1,0.960616423,0.011970253,0.000544157,0.000467241,0.012461012,0.000566467,0.000486397,10,gaussian
105,12,1,0.96156253,0.014759789,0.000745934,0.000639362,0.015349796,0.000775752,0.00066492,10,gaussian
105,13,1,0.960912933,0.017797916,0.000739655,0.000648223,0.018521882,0.000769741,0.00067459,10,gaussian
105,14,1,0.95974075,0.014999909,0.000808648,0.000719875,0.015629126,0.000842569,0.000750072,10,gaussian
106,0,0,0.994674829,0.994652271,0.994654268,0.063518083,0.999977321,0.999979328,0.063858138,10,gaussian
106,1,0,0.996799956,0.996778808,0.99677868,0.012326969,0.999978785,0.999978656,0.012366542,10,gaussian
106,2,0,0.997360386,0.997349992,0.997351402,0.01680712,0.999989578,0.999990992,0.016851602,10,gaussian
106,3,0,0.990078282,0.99005664,0.990058889,0.352411221,0.999978142,0.999980413,0.355942785,10,gaussian
106,4,0,0.993971779,0.993917007,0.993913589,0.057912763,0.999944896,0.999941458,0.058263992,10,gaussian
106,5,0,0.99689356,0.99682335,0.996831118,0.052418993,0.999929571,0.999937363,0.052582337,10,gaussian
106,6,0,0.996896955,0.996744257,0.99675628,0.011995071,0.999846827,0.999858887,0.012032409,10,gaussian
106,7,0,0.992709504,0.992462674,0.992493409,0.436868111,0.999751358,0.999782318,0.440076487,10,gaussian
106,8,0,0.993753048,0.992916665,0.992584862,0.037971619,0.999158359,0.998824471,0.038210317,10,gaussian
106,9,1,0.960280253,0.011740948,0.000653656,0.000456115,0.012226584,0.000680693,0.000474981,10,gaussian
106,10,1,0.962232391,0.019178248,0.00081597,0.000599453,0.019930994,0.000847997,0.000622981,10,gaussian
106,11,1,0.961173425,0.019460094,0.000825582,0.000650167,0.020246184,0.000858932,0.00067643,10,gaussian
106,12,1,0.961028925,0.009585763,0.000536227,0.000433312,0.009974479,0.000557972,0.000450884,10,gaussian
106,13,1,0.961101934,0.016744763,0.000768277,0.000629411,0.017422463,0.00079937,0.000654885,10,gaussian
106,14,0,0.997067911,0.991917436,0.991906417,0.009400108,0.994834379,0.994823327,0.009427751,10,gaussian
107,0,0,0.99682285,0.996799874,0.996801136,0.034682702,0.999976951,0.999978217,0.034793245,10,gaussian
107,1,0,0.99507446,0.995053159,0.995051466,0.061638449,0.999978594,0.999976892,0.061943555,10,gaussian
107,2,0,0.996475462,0.996445446,0.996446161,0.025692611,0.999969878,0.999970596,0.025783486,10,gaussian
107,3,0,0.998841456,0.998726319,0.998730841,0.020387288,0.999884729,0.999889257,0.020410935,10,gaussian
107,4,0,0.990885144,0.990857386,0.990856096,0.246263818,0.999971987,0.999970684,0.248529125,10,gaussian
107,5,0,0.998336533,0.998266671,0.998269412,0.023461117,0.999930021,0.999932767,0.023500209,10,gaussian
107,6,0,0.993682033,0.993592269,0.993584869,0.045925132,0.999909665,0.999902218,0.04621713,10,gaussian
107,7,0,0.997288211,0.997213143,0.997209294,0.010563146,0.999924727,0.999920868,0.010591869,10,gaussian
107,8,0,0.99399097,0.993746098,0.993723878,0.083983145,0.999753648,0.999731293,0.084490853,10,gaussian
107,9,1,0.961212452,0.011558944,0.000507167,0.000418557,0.012025379,0.000527633,0.000435447,10,gaussian
107,10,1,0.960866306,0.018197555,0.000755853,0.000599756,0.018938696,0.000786637,0.000624183,10,gaussian
107,11,1,0.961021337,0.019289004,0.00087101,0.000659347,0.020071358,0.000906337,0.00068609,10,gaussian
107,12,1,0.960543115,0.017753601,0.000914475,0.000617824,0.018482877,0.000952039,0.000643203,10,gaussian
107,13,1,0.960122249,0.01084992,0.000914732,0.000464778,0.011300561,0.000952724,0.000484082,10,gaussian
107,14,0,0.997857741,0.996611467,0.996410993,0.026783776,0.99875105,0.998550146,0.026841277,10,gaussian
108,0,0,0.996315277,0.996304073,0.99630458,0.018373562,0.999988754,0.999989263,0.018441514,10,gaussian
108,1,0,0.993242849,0.993214796,0.993215659,0.066965719,0.999971755,0.999972624,0.067421295,10,gaussian
108,2,0,0.995966466,0.995949723,0.995950072,0.050683216,0.999983188,0.999983539,0.050888476,10,gaussian
108,3,0,0.995429625,0.99541776,0.995419273,0.186831515,0.99998808,0.999989601,0.187689326,10,gaussian
108,4,0,0.999542574,0.999488702,0.999486689,0.012646212,0.999946103,0.99994409,0.012651999,10,gaussian
108,5,0,0.991246467,0.991227903,0.991226843,0.550569177,0.999981272,0.999980203,0.555431162,10,gaussian
108,6,0,0.990768245,0.99073166,0.99072555,0.229335423,0.999963074,0.999956907,0.231472319,10,gaussian
108,7,0,0.991075422,0.991026776,0.991026923,0.183389672,0.999950916,0.999951064,0.185041085,10,gaussian
108,8,0,0.99840258,0.998342901,0.998345357,0.02664752,0.999940226,0.999942686,0.026690155,10,gaussian
108,9,0,0.99786651,0.997669379,0.997678972,0.022214588,0.999802448,0.999812061,0.022262084,10,gaussian
108,10,1,0.96043784,0.010036772,0.000484339,0.000454603,0.010450204,0.00050429,0.000473329,10,gaussian
108,11,1,0.960851666,0.010757792,0.000474494,0.000445324,0.0111961,0.000493826,0.000463468,10,gaussian
108,12,1,0.961474793,0.015556924,0.000653717,0.000602473,0.016180272,0.000679911,0.000626613,10,gaussian
108,13,1,0.961439056,0.013162067,0.000632818,0.000595235,0.013689965,0.000658199,0.000619108,10,gaussian
108,14,1,0.95974174,0.01471356,0.000692665,0.000663273,0.01533075,0.000721721,0.000691095,10,gaussian
109,0,0,0.995077396,0.995058469,0.995059157,0.04039918,0.999980979,0.999981671,0.040599033,10,gaussian
109,1,0,0.997579079,0.997567709,0.997565503,0.022781758,0.999988602,0.999986391,0.022837044,10,gaussian
109,2,0,0.996756045,0.996715178,0.996715511,0.021021129,0.999959,0.999959335,0.021089542,10,gaussian
109,3,0,0.9940945,0.994081941,0.994083221,0.073822481,0.999987366,0.999988653,0.07426103,10,gaussian
109,4,0,0.994814156,0.994788722,0.994788984,0.110601722,0.999974433,0.999974697,0.111178275,10,gaussian
109,5,0,0.99554729,0.995495937,0.995502014,0.045691447,0.999948418,0.999954522,0.045895808,10,gaussian
109,6,0,0.997506071,0.997442341,0.997455126,0.01091873,0.999936111,0.999948927,0.010946029,10,gaussian
109,7,0,0.9966601,0.996623253,0.996616908,0.019859316,0.999963029,0.999956663,0.019925867,10,gaussian
109,8,0,0.997486128,0.997373177,0.99737822,0.013970197,0.999886764,0.99989182,0.014005405,10,gaussian
109,9,1,0.961445134,0.010957938,0.000450099,0.00043011,0.011397362,0.000468148,0.000447358,10,gaussian
109,10,1,0.960601255,0.011503454,0.000472362,0.000465407,0.011975264,0.000491735,0.000484496,10,gaussian
109,11,1,0.96136751,0.014564245,0.000607351,0.000585604,0.015149508,0.000631757,0.000609137,10,gaussian
109,12,1,0.96008281,0.015589347,0.00062488,0.00062631,0.016237503,0.000650861,0.00065235,10,gaussian
109,13,1,0.961301624,0.016419481,0.000679958,0.000662488,0.017080467,0.000707331,0.000689157,10,gaussian
109,14,0,0.997575697,0.997348335,0.997350886,0.019972192,0.999772085,0.999774643,0.020020728,10,gaussian
110,0,0,0.994859044,0.994836314,0.994835391,0.046681256,0.999977152,0.999976224,0.046922483,10,gaussian
110,1,0,0.996570092,0.996501813,0.996508754,0.052860091,0.999931485,0.999938451,0.05304202,10,gaussian
110,2,0,0.993298074,0.993266175,0.993268887,0.089931416,0.999967886,0.999970616,0.090538196,10,gaussian
110,3,0,0.99672992,0.996705247,0.996708593,0.031666378,0.999975246,0.999978602,0.031770269,10,gaussian
110,4,0,0.995950954,0.995934418,0.995933861,0.03518508,0.999983397,0.999982837,0.035328125,10,gaussian
110,5,0,0.996557094,0.99540434,0.995032198,0.008536347,0.998843263,0.998469836,0.008565839,10,gaussian
110,6,1,0.961760184,0.011325996,0.000574174,0.000456518,0.01177632,0.000597004,0.00047467,10,gaussian
110,7,1,0.960294581,0.012849517,0.000534451,0.000487296,0.013380808,0.000556549,0.000507444,10,gaussian
110,8,1,0.96061687,0.017921881,0.000762624,0.000665015,0.018656638,0.00079389,0.000692279,10,gaussian
110,9,1,0.962019006,0.0181886,0.000712615,0.000620981,0.018906696,0.00074075,0.000645498,10,gaussian
110,10,1,0.960695685,0.016444799,0.000778195,0.00068974,0.017117594,0.000810033,0.000717959,10,gaussian
110,11,0,0.997422081,0.997399347,0.99740174,0.015759512,0.999977207,0.999979606,0.015800244,10,gaussian
110,12,0,0.99299852,0.992951889,0.992947755,0.089833899,0.99995304,0.999948878,0.090467304,10,gaussian
110,13,0,0.993810336,0.993778246,0.993770267,0.060237935,0.999967711,0.999959682,0.06061311,10,gaussian
110,14,0,1.000072909,0.999997139,1.000009101,0.033418313,0.999924236,0.999936197,0.033415876,10,gaussian
111,0,0,0.991564381,0.991533667,0.99153036,0.046594589,0.999969025,0.999965689,0.046990988,10,gaussian
111,1,0,0.996948327,0.996920437,0.996925079,0.071753176,0.999972024,0.999976681,0.071972813,10,gaussian
111,2,0,0.997375192,0.997361685,0.997362829,0.007440622,0.999986458,0.999987604,0.007460204,10,gaussian
111,3,0,0.996073338,0.996046679,0.996045108,0.034633999,0.999973236,0.999971659,0.034770532,10,gaussian
111,4,0,0.996023159,0.996015253,0.996016075,0.077968295,0.999992062,0.999992887,0.0782796,10,gaussian
111,5,0,0.998197042,0.998148189,0.998153389,0.024233067,0.999951059,0.999956269,0.024276837,10,gaussian
111,6,0,0.995122233,0.994971394,0.994929379,0.106217996,0.999848422,0.9998062,0.106738642,10,gaussian
111,7,0,0.991302548,0.991261822,0.991263564,0.117090928,0.999958916,0.999960674,0.118118256,10,gaussian
111,8,0,0.993918413,0.993811473,0.99381235,0.05492437,0.999892405,0.999893287,0.055260441,10,gaussian
111,9,0,0.994866857,0.994590541,0.994641655,0.054653668,0.999722258,0.999773636,0.05493566,10,gaussian
111,10,1,0.960985272,0.012626092,0.000537036,0.000460969,0.013138694,0.000558839,0.000479683,10,gaussian
111,11,1,0.960640862,0.01341703,0.00054996,0.00045714,0.013966749,0.000572493,0.000475869,10,gaussian
111,12,1,0.96075811,0.015312854,0.000749154,0.000638493,0.015938303,0.000779753,0.000664572,10,gaussian
111,13,1,0.960840359,0.017667656,0.000781151,0.000654438,0.018387712,0.000812987,0.00068111,10,gaussian
111,14,1,0.96147626,0.017492448,0.000783576,0.000656889,0.018193323,0.000814972,0.000683209,10,gaussian
112,0,0,0.995528432,0.995511425,0.995511434,0.267197563,0.999982916,0.999982926,0.268397721,10,gaussian
112,1,0,0.994832257,0.994821265,0.99481975,0.031793492,0.999988951,0.999987428,0.031958646,10,gaussian
112,2,0,0.994769528,0.994754583,0.994754985,0.073614238,0.999984977,0.999985381,0.074001299,10,gaussian
112,3,0,0.995988065,0.995958413,0.99595597,0.034913607,0.999970229,0.999967776,0.035054242,10,gaussian
112,4,0,0.992929231,0.992878427,0.992883581,0.178016046,0.999948834,0.999954025,0.17928372,10,gaussian
112,5,0,0.991814503,0.991765219,0.991766823,0.172206494,0.999950309,0.999951927,0.173627723,10,gaussian
112,6,0,0.998274165,0.998212822,0.998207149,0.016731567,0.999938551,0.999932869,0.016760493,10,gaussian
112,7,0,0.998207704,0.998089699,0.998071687,0.031789011,0.999881783,0.999863738,0.031846088,10,gaussian
112,8,0,0.995492498,0.995307303,0.995322757,0.135061933,0.999813966,0.99982949,0.135673482,10,gaussian
112,9,0,0.999210049,0.997877772,0.997935917,0.021710206,0.99866667,0.998724861,0.02172737,10,gaussian
112,10,1,0.960103337,0.011999741,0.00052402,0.000479768,0.012498385,0.000545796,0.000499705,10,gaussian
112,11,1,0.960895627,0.011358724,0.000533432,0.000457656,0.011820976,0.000555141,0.000476281,10,gaussian
112,12,1,0.961225036,0.018001286,0.00071238,0.000637813,0.018727442,0.000741116,0.000663541,10,gaussian
112,13,1,0.961295889,0.012462903,0.000686449,0.000613759,0.01296469,0.000714088,0.00063847,10,gaussian
112,14,1,0.961072936,0.017105733,0.000753131,0.000675502,0.017798579,0.000783635,0.000702862,10,gaussian
113,0,0,0.995724985,0.995706875,0.995709417,0.085617031,0.999981813,0.999984366,0.085984617,10,gaussian
113,1,0,0.991894475,0.991878561,0.991879423,0.249994444,0.999983956,0.999984825,0.252037339,10,gaussian
113,2,0,0.995282668,0.995242273,0.995244036,0.040803358,0.999959414,0.999961186,0.040996753,10,gaussian
113,3,0,0.995198227,0.995159441,0.995159699,0.128083068,0.999961027,0.999961286,0.128701061,10,gaussian
113,4,0,0.995880885,0.995850814,0.995851217,0.026444756,0.999969804,0.999970209,0.026554136,10,gaussian
113,5,0,0.989225047,0.989181191,0.989187562,0.350666067,0.999955666,0.999962106,0.354485633,10,gaussian
113,6,0,0.99272899,0.992679826,0.99268065,0.129335794,0.999950476,0.999951307,0.130283084,10,gaussian
113,7,0,0.997456624,0.997352789,0.997355434,0.055787208,0.999895901,0.999898553,0.055929458,10,gaussian
113,8,0,0.997551783,0.997096613,0.997101005,0.011372629,0.999543713,0.999548116,0.01140054,10,gaussian
113,9,0,1.000320715,0.999415786,0.999299491,0.035697801,0.99909536,0.998979103,0.035686356,10,gaussian
113,10,1,0.961728125,0.009133282,0.000510741,0.0004302,0.00949674,0.000531066,0.00044732,10,gaussian
113,11,1,0.960467851,0.010463375,0.000496098,0.000452385,0.01089404,0.000516517,0.000471005,10,gaussian
113,12,1,0.961105136,0.013035176,0.000709245,0.000622061,0.013562695,0.000737948,0.000647235,10,gaussian
113,13,1,0.961480743,0.01362961,0.00075661,0.000664257,0.014175646,0.000786922,0.000690869,10,gaussian
113,14,1,0.960996961,0.014311421,0.000705882,0.000627649,0.014892265,0.000734531,0.000653123,10,gaussian
114,0,0,0.995828923,0.995805213,0.995804919,0.031169431,0.99997619,0.999975895,0.031299985,10,gaussian
114,1,0,0.993176972,0.993138149,0.993133987,0.058381095,0.999960911,0.99995672,0.058782167,10,gaussian
114,2,0,1.000292093,1.000268106,1.000265736,0.009796071,0.99997602,0.999973651,0.00979321,10,gaussian
114,3,0,1.002299145,1.002258521,1.002257342,0.018391557,0.99995947,0.999958293,0.018349369,10,gaussian
114,4,0,0.993938412,0.993895341,0.99389358,0.072247131,0.999956666,0.999954895,0.072687734,10,gaussian
114,5,0,0.995398661,0.995352622,0.995353303,0.044785042,0.999953749,0.999954432,0.044992066,10,gaussian
114,6,0,0.995526828,0.99542462,0.995397752,0.045286424,0.999897333,0.999870345,0.045489908,10,gaussian
114,7,0,0.99647978,0.996399944,0.996410469,0.009939171,0.999919882,0.999930444,0.009974282,10,gaussian
114,8,0,0.997162179,0.997060054,0.997073043,0.011962819,0.999897584,0.99991061,0.011996864,10,gaussian
114,9,0,0.996508847,0.995926512,0.995990576,0.02687366,0.999415625,0.999479914,0.026967808,10,gaussian
114,10,1,0.962156634,0.012787296,0.000548859,0.000467711,0.013290244,0.000570447,0.000486107,10,gaussian
114,11,1,0.962100761,0.011522273,0.000563076,0.000462015,0.01197616,0.000585256,0.000480214,10,gaussian
114,12,1,0.960898812,0.016211503,0.000792167,0.000692033,0.016871186,0.000824402,0.000720193,10,gaussian
114,13,1,0.960893981,0.018364622,0.000816327,0.000688695,0.019112017,0.000849549,0.000716724,10,gaussian
114,14,1,0.961287448,0.018610599,0.000841572,0.000722001,0.019360077,0.000875464,0.000751077,10,gaussian
115,0,0,0.995765709,0.995740296,0.995738186,0.015215966,0.999974479,0.99997236,0.015280669,10,gaussian
115,1,0,0.988463891,0.988438331,0.988434762,0.58956497,0.999974141,0.999970531,0.596445631,10,gaussian
115,2,0,0.993432866,0.993405937,0.99340554,0.188883506,0.999972893,0.999972493,0.190132129,10,gaussian
115,3,0,0.996131491,0.996125807,0.996124655,0.017725359,0.999994294,0.999993137,0.017794196,10,gaussian
115,4,0,0.993217895,0.993159359,0.993161877,0.036550932,0.999941064,0.999943599,0.036800517,10,gaussian
115,5,0,0.995096652,0.995051917,0.995055723,0.046389598,0.999955045,0.999958869,0.046618184,10,gaussian
115,6,1,0.960802522,0.010565506,0.00046173,0.000415505,0.010996543,0.000480567,0.000432456,10,gaussian
115,7,1,0.961537406,0.015066265,0.000691358,0.000600269,0.015668933,0.000719014,0.000624281,10,gaussian
115,8,1,0.961382648,0.017341929,0.000706438,0.000619054,0.018038529,0.000734815,0.000643921,10,gaussian
115,9,1,0.960495775,0.009103709,0.000452228,0.000418555,0.009478135,0.000470827,0.00043577,10,gaussian
115,10,1,0.961109784,0.012267097,0.000617152,0.000557921,0.012763471,0.000642124,0.000580497,10,gaussian
115,11,0,1.000183004,0.999921025,0.999903235,0.012858548,0.999738069,0.999720282,0.012856195,10,gaussian
115,12,0,0.998649857,0.998595671,0.998597547,0.052745793,0.99994574,0.999947619,0.052817103,10,gaussian
115,13,0,0.988438784,0.988412849,0.988413088,0.361033906,0.999973761,0.999974003,0.365256718,10,gaussian
115,14,0,0.994385983,0.994350094,0.994352414,0.048410506,0.999963909,0.999966242,0.048683818,10,gaussian
116,0,0,0.996450611,0.996312081,0.996298996,0.019540061,0.999860977,0.999847845,0.019609663,10,gaussian
116,1,1,0.960830155,0.010066293,0.000427199,0.000407412,0.010476663,0.000444615,0.000424021,10,gaussian
116,2,1,0.960308875,0.010061156,0.000418976,0.000412022,0.010476999,0.000436293,0.000429051,10,gaussian
116,3,1,0.960656402,0.016820734,0.000587074,0.000567083,0.017509625,0.000611117,0.000590307,10,gaussian
116,4,1,0.961170321,0.013609402,0.000574326,0.000560978,0.014159199,0.000597528,0.00058364,10,gaussian
116,5,1,0.959482936,0.018326118,0.000646232,0.000646807,0.019099994,0.000673521,0.00067412,10,gaussian
116,6,0,0.99623482,0.996129575,0.996117685,0.034984428,0.999894357,0.999882422,0.035116649,10,gaussian
116,7,0,0.994844283,0.994834673,0.994835729,0.043437724,0.99999034,0.999991401,0.043662837,10,gaussian
116,8,0,0.999434324,0.999427086,0.999429159,0.032196175,0.999992757,0.999994831,0.032214397,10,gaussian
116,9,0,0.994608933,0.994602021,0.994602518,0.035628205,0.999993051,0.99999355,0.03582132,10,gaussian
116,10,0,0.990435079,0.990416245,0.99041204,0.561895147,0.999980984,0.999976739,0.567321532,10,gaussian
116,11,0,0.994161691,0.994146393,0.994142587,0.170819657,0.999984612,0.999980783,0.171822811,10,gaussian
116,12,0,0.994454403,0.994434597,0.994434196,0.074040689,0.999980084,0.999979681,0.074453578,10,gaussian
116,13,0,0.994342019,0.994322038,0.994319572,0.125853638,0.999979905,0.999977425,0.126569767,10,gaussian
116,14,0,0.995412812,0.995402589,0.995401446,0.028581002,0.99998973,0.999988582,0.028712713,10,gaussian
117,0,0,0.997191571,0.997164104,0.99716414,0.040498014,0.999972455,0.999972491,0.040612071,10,gaussian
117,1,0,0.997823156,0.997802496,0.997805324,0.031273212,0.999979294,0.999982129,0.031341438,10,gaussian
117,2,0,0.996788245,0.996763771,0.996763339,0.012783257,0.999975447,0.999975013,0.012824446,10,gaussian
117,3,0,0.995209312,0.995174161,0.995167845,0.071986115,0.99996468,0.999958333,0.072332638,10,gaussian
117,4,0,0.996540278,0.996526711,0.99652709,0.040437127,0.999986385,0.999986766,0.040577514,10,gaussian
117,5,0,0.997379373,0.997349888,0.997347257,0.028922958,0.999970438,0.9999678,0.028998954,10,gaussian
117,6,0,0.99548691,0.995461248,0.995456046,0.058014781,0.999974222,0.999968996,0.058277794,10,gaussian
117,7,0,0.993084375,0.99305907,0.993062431,0.513351748,0.999974519,0.999977904,0.516926618,10,gaussian
117,8,0,0.997352316,0.996614058,0.99659854,0.009456307,0.999259782,0.999244223,0.009481411,10,gaussian
117,9,1,0.961264835,0.011965302,0.000599231,0.000432235,0.012447456,0.000623378,0.000449652,10,gaussian
117,10,1,0.961327005,0.016220131,0.000719015,0.000596012,0.016872646,0.00074794,0.000619989,10,gaussian
117,11,1,0.961132511,0.01631947,0.000747982,0.0006517,0.016979418,0.00077823,0.000678054,10,gaussian
117,12,1,0.960426834,0.010969138,0.000480529,0.000442242,0.011421108,0.000500329,0.000460464,10,gaussian
117,13,1,0.960886736,0.015103882,0.000670384,0.000602129,0.015718691,0.000697672,0.000626639,10,gaussian
117,14,0,0.995708914,0.994628351,0.994493793,0.045083888,0.99891478,0.998779642,0.04527818,10,gaussian
118,0,0,0.99226355,0.992237115,0.99224128,0.076415938,0.999973359,0.999977556,0.077011735,10,gaussian
118,1,0,0.995805057,0.995795987,0.995797946,0.120259056,0.999990892,0.999992859,0.120765661,10,gaussian
118,2,0,0.9925103,0.992497753,0.992498642,0.067955966,0.999987359,0.999988254,0.068468777,10,gaussian
118,3,0,0.998773711,0.99873649,0.998739086,0.011357285,0.999962734,0.999965332,0.01137123,10,gaussian
118,4,0,0.996884491,0.996831455,0.996833637,0.019249758,0.999946798,0.999948987,0.019309918,10,gaussian
118,5,0,0.997239439,0.997181891,0.997181385,0.016600692,0.999942292,0.999941786,0.016646646,10,gaussian
118,6,0,0.994054512,0.994007133,0.994002598,0.053576741,0.999952338,0.999947776,0.053897186,10,gaussian
118,7,0,0.995849218,0.995807295,0.995807896,0.019871663,0.999957902,0.999958506,0.01995449,10,gaussian
118,8,0,0.99497109,0.99461087,0.994622512,0.040296816,0.999637959,0.99964966,0.040500489,10,gaussian
118,9,1,0.961033449,0.012356395,0.00056992,0.000474152,0.012857403,0.000593028,0.000493378,10,gaussian
118,10,1,0.961107474,0.018704445,0.000858319,0.000663282,0.019461346,0.000893053,0.000690123,10,gaussian
118,11,1,0.959962622,0.021574348,0.000965634,0.000694915,0.022474154,0.001005908,0.000723898,10,gaussian
118,12,1,0.961042901,0.02275708,0.001151506,0.000672361,0.023679567,0.001198184,0.000699616,10,gaussian
118,13,1,0.960642471,0.014282533,0.001345627,0.000502601,0.014867688,0.001400758,0.000523193,10,gaussian
118,14,0,0.993447738,0.990482732,0.990029984,0.044549921,0.997015438,0.996559704,0.044843749,10,gaussian
119,0,0,0.993953149,0.993925493,0.993924867,0.075023954,0.999972176,0.999971546,0.075480372,10,gaussian
119,1,0,0.992280777,0.992259955,0.99225695,0.106872381,0.999979016,0.999975987,0.107703771,10,gaussian
119,2,0,0.992324074,0.992295741,0.992297815,0.128534838,0.999971448,0.999973538,0.129529094,10,gaussian
119,3,0,0.993885733,0.993865418,0.993863634,0.053467145,0.99997956,0.999977765,0.053796068,10,gaussian
119,4,0,0.997631085,0.997602661,0.997602873,0.015793194,0.999971508,0.999971722,0.015830695,10,gaussian
119,5,0,1.001893797,1.001839835,1.001831418,0.020289443,0.99994614,0.999937738,0.020251092,10,gaussian
119,6,0,0.995849515,0.995779394,0.995786931,0.043630834,0.999929587,0.999937156,0.043812678,10,gaussian
119,7,0,0.995428104,0.99536404,0.995359035,0.060807083,0.999935642,0.999930614,0.061086363,10,gaussian
119,8,0,0.993263071,0.993204787,0.993216829,0.086282189,0.999941321,0.999953445,0.086867409,10,gaussian
119,9,0,1.000090923,0.999867957,0.99991398,0.00582408,0.999777055,0.999823074,0.00582355,10,gaussian
119,10,1,0.960412536,0.01134143,0.000575465,0.000528935,0.011808915,0.000599185,0.000550738,10,gaussian
119,11,1,0.960418087,0.013025728,0.000576396,0.000538922,0.01356256,0.000600151,0.000561132,10,gaussian
119,12,1,0.962816649,0.016486424,0.000760333,0.000667331,0.017123119,0.000789697,0.000693103,10,gaussian
119,13,1,0.961545089,0.018048206,0.000760985,0.00071531,0.018770005,0.000791419,0.000743918,10,gaussian
119,14,1,0.960950959,0.018887762,0.000838676,0.000782008,0.019655282,0.000872756,0.000813785,10,gaussian
120,0,0,0.991790264,0.991760645,0.99175571,0.179253225,0.999970136,0.999965159,0.180737028,10,gaussian
120,1,0,0.993398548,0.993381756,0.993378663,0.053700171,0.999983097,0.999979983,0.054057026,10,gaussian
120,2,0,0.992499548,0.992477636,0.992474067,0.076665136,0.999977923,0.999974327,0.077244505,10,gaussian
120,3,0,0.99624832,0.99622182,0.996220985,0.030687801,0.9999734,0.999972562,0.030803365,10,gaussian
120,4,0,0.992877187,0.992843323,0.992845567,0.08501426,0.999965893,0.999968154,0.085624145,10,gaussian
120,5,0,0.995492225,0.995459366,0.995462784,0.045346445,0.999966992,0.999970426,0.045551782,10,gaussian
120,6,0,0.99366652,0.993621932,0.993625033,0.100465418,0.999955128,0.999958249,0.101105769,10,gaussian
120,7,0,0.995950167,0.995873209,0.995879376,0.087541374,0.999922729,0.999928921,0.087897344,10,gaussian
120,8,0,0.99312985,0.992989061,0.993007424,0.099839805,0.999858237,0.999876727,0.100530464,10,gaussian
120,9,1,0.961458717,0.0112999,0.000518067,0.000452241,0.01175287,0.000538835,0.00047037,10,gaussian
120,10,1,0.961695378,0.017135536,0.00073325,0.000625568,0.01781805,0.000762455,0.000650485,10,gaussian
120,11,1,0.961192639,0.018931284,0.000802483,0.000670505,0.019695619,0.000834882,0.000697576,10,gaussian
120,12,1,0.960936543,0.012752388,0.000597795,0.000454407,0.013270791,0.000622097,0.00047288,10,gaussian
120,13,1,0.961157378,0.013942771,0.000770405,0.000626009,0.014506231,0.000801539,0.000651308,10,gaussian
120,14,0,0.995134146,0.993760891,0.993574597,0.030401055,0.99862003,0.998432826,0.030549706,10,gaussian
121,0,0,0.995717858,0.995699557,0.995699159,0.06937727,0.99998162,0.999981221,0.069675631,10,gaussian
121,1,0,0.996717089,0.996707299,0.996707373,0.025562848,0.999990177,0.999990251,0.025647045,10,gaussian
121,2,0,0.992824121,0.992801107,0.992801964,0.096216835,0.999976819,0.999977683,0.096912266,10,gaussian
121,3,0,0.994534639,0.994423182,0.994418994,0.05532047,0.99988793,0.99988372,0.055624478,10,gaussian
121,4,0,0.995865919,0.995855825,0.995855394,0.06954043,0.999989864,0.999989431,0.069829109,10,gaussian
121,5,0,0.9938851,0.993854028,0.993851887,0.057859747,0.999968736,0.999966582,0.05821573,10,gaussian
121,6,0,0.992949466,0.992931234,0.992933397,0.266931546,0.999981638,0.999983817,0.26882692,10,gaussian
121,7,0,0.995347098,0.995314699,0.995315484,0.030153994,0.99996745,0.999968239,0.030294954,10,gaussian
121,8,0,0.995600788,0.995467972,0.995489825,0.037738796,0.999866597,0.999888546,0.037905551,10,gaussian
121,9,0,0.99528026,0.994925824,0.994973912,0.081030205,0.999643882,0.999692199,0.08141446,10,gaussian
121,10,1,0.961602166,0.010890798,0.000510925,0.00046684,0.01132568,0.000531327,0.000485482,10,gaussian
121,11,1,0.962105485,0.016576193,0.000703469,0.000622299,0.017229081,0.000731176,0.00064681,10,gaussian
121,12,1,0.961065704,0.015332595,0.000543455,0.000477685,0.015953743,0.000565471,0.000497037,10,gaussian
121,13,1,0.961280638,0.017533305,0.000759724,0.000670566,0.018239528,0.000790325,0.000697575,10,gaussian
121,14,1,0.960845617,0.018241115,0.000768555,0.000677661,0.018984439,0.000799874,0.000705276,10,gaussian
122,0,0,0.993236813,0.993157122,0.993166519,0.063125258,0.999919767,0.999929227,0.063555093,10,gaussian
122,1,0,0.992023778,0.991820731,0.991832074,0.129544899,0.999795321,0.999806755,0.130586486,10,gaussian
122,2,0,0.991569704,0.991548738,0.991545288,0.205030123,0.999978856,0.999975376,0.206773283,10,gaussian
122,3,0,0.996285984,0.996267282,0.996266943,0.015905824,0.999981229,0.999980889,0.015965118,10,gaussian
122,4,0,0.995133235,0.995112861,0.995115923,0.062165647,0.999979527,0.999982604,0.062469673,10,gaussian
122,5,0,0.993803895,0.993784573,0.993785821,0.090925201,0.999980557,0.999981813,0.091492096,10,gaussian
122,6,0,0.990274751,0.990265081,0.990264677,0.274319238,0.999990235,0.999989827,0.277013261,10,gaussian
122,7,1,0.960398647,0.010262693,0.000504104,0.000446042,0.010685868,0.00052489,0.000464434,10,gaussian
122,8,1,0.96154501,0.014101017,0.000660254,0.000580377,0.014664958,0.000686659,0.000603588,10,gaussian
122,9,1,0.960635865,0.014581559,0.000723462,0.000643353,0.01517907,0.000753107,0.000669716,10,gaussian
122,10,1,0.960853052,0.009480524,0.000538385,0.000450398,0.009866778,0.00056032,0.000468748,10,gaussian
122,11,1,0.959760219,0.013863303,0.000753144,0.000664008,0.014444549,0.000784721,0.000691848,10,gaussian
122,12,0,0.990248004,0.990204301,0.990209808,0.256902661,0.999955867,0.999961428,0.259432647,10,gaussian
122,13,0,0.991033171,0.990955812,0.990940884,0.178947874,0.999921942,0.999906878,0.180566987,10,gaussian
122,14,0,0.993835072,0.993626628,0.993644829,0.085684071,0.999790263,0.999808577,0.086215584,10,gaussian
123,0,0,0.994782379,0.994760535,0.994759517,0.072615676,0.999978041,0.999977018,0.072996544,10,gaussian
123,1,0,0.995242594,0.99522067,0.99521801,0.072171846,0.999977971,0.999975298,0.072516838,10,gaussian
123,2,0,0.994753884,0.99473972,0.994741127,0.052442056,0.999985762,0.999987175,0.052718624,10,gaussian
123,3,0,0.992256059,0.992241699,0.992240767,0.126174968,0.999985528,0.999984589,0.127159685,10,gaussian
123,4,0,0.991779908,0.991756496,0.99175615,0.107476483,0.999976394,0.999976046,0.108367272,10,gaussian
123,5,0,0.994672535,0.994648903,0.994644723,0.037953224,0.999976242,0.999972039,0.038156501,10,gaussian
123,6,0,0.995227082,0.995178786,0.995167801,0.134261625,0.999951472,0.999940434,0.134905518,10,gaussian
123,7,0,0.996228302,0.9961206,0.996125494,0.024634103,0.99989189,0.999896803,0.024727368,10,gaussian
123,8,0,0.996446604,0.996385089,0.996386146,0.027089021,0.999938266,0.999939327,0.027185622,10,gaussian
123,9,0,0.994755487,0.994451434,0.994371138,0.0441544,0.999694344,0.999613624,0.044387189,10,gaussian
123,10,1,0.960218751,0.013692426,0.000513791,0.000474566,0.014259694,0.000535077,0.000494227,10,gaussian
123,11,1,0.961519632,0.016041072,0.000688586,0.000613306,0.016683041,0.000716144,0.000637851,10,gaussian
123,12,1,0.96145073,0.010869026,0.00053087,0.00045035,0.011304819,0.000552155,0.000468407,10,gaussian
123,13,1,0.961143979,0.014741383,0.000762514,0.000676918,0.01533733,0.00079334,0.000704284,10,gaussian
123,14,1,0.960341237,0.014291826,0.00071247,0.000632612,0.014882028,0.000741893,0.000658736,10,gaussian
124,0,0,0.992931459,0.992916975,0.992916605,0.086565709,0.999985413,0.99998504,0.087181958,10,gaussian
124,1,0,0.999927758,0.999916208,0.999913852,0.032145077,0.99998845,0.999986093,0.032147399,10,gaussian
124,2,0,0.992231424,0.992211237,0.992209672,0.093974437,0.999979655,0.999978078,0.0947102,10,gaussian
124,3,0,0.993289122,0.993223552,0.993228809,0.07393915,0.999933987,0.99993928,0.074438699,10,gaussian
124,4,0,0.991278924,0.991232028,0.991233318,0.08282548,0.999952692,0.999953993,0.083554162,10,gaussian
124,5,0,0.999723181,0.999700646,0.999699384,0.034855306,0.999977458,0.999976197,0.034864958,10,gaussian
124,6,0,0.999165709,0.999108116,0.999108587,0.009171651,0.999942359,0.999942831,0.009179309,10,gaussian
124,7,0,0.995857894,0.995805783,0.995811142,0.049350942,0.999947673,0.999953054,0.049556209,10,gaussian
124,8,0,0.993955618,0.993699013,0.99367287,0.046736432,0.999741835,0.999715533,0.047020643,10,gaussian
124,9,0,0.998952808,0.998825758,0.998851954,0.031630515,0.999872817,0.99989904,0.031663673,10,gaussian
124,10,1,0.961052392,0.010805091,0.000553077,0.000489458,0.011242978,0.000575491,0.000509294,10,gaussian
124,11,1,0.960544319,0.014040013,0.000557355,0.000510013,0.014616725,0.000580249,0.000530962,10,gaussian
124,12,1,0.961328933,0.017704682,0.000801712,0.000707686,0.018416883,0.000833962,0.000736154,10,gaussian
124,13,1,0.960283843,0.018457079,0.000783643,0.000722296,0.019220441,0.000816054,0.000752169,10,gaussian
124,14,1,0.96086297,0.018824894,0.000859448,0.000778306,0.019591653,0.000894454,0.000810007,10,gaussian
125,0,0,0.994565252,0.994526308,0.99452681,0.097464073,0.999960844,0.999961349,0.09799666,10,gaussian
125,1,0,0.999513875,0.999493262,0.999494248,0.017871164,0.999979377,0.999980364,0.017879855,10,gaussian
125,2,0,0.995976133,0.995964524,0.995959383,0.037591293,0.999988344,0.999983182,0.037743166,10,gaussian
125,3,0,0.992417313,0.992379331,0.992379291,0.055571962,0.999961728,0.999961688,0.055996566,10,gaussian
125,4,0,0.998855015,0.998831378,0.998834874,0.052915449,0.999976336,0.999979836,0.052976106,10,gaussian
125,5,0,0.993531639,0.993510044,0.99351261,0.36525228,0.999978264,0.999980847,0.367630245,10,gaussian
125,6,0,0.995967474,0.995946815,0.995945688,0.097150459,0.999979258,0.999978127,0.097543807,10,gaussian
125,7,0,0.993033092,0.992958673,0.9929493,0.055123375,0.999925059,0.999915621,0.055510109,10,gaussian
125,8,0,0.993464025,0.993385248,0.993388812,0.269133146,0.999920704,0.999924292,0.270903767,10,gaussian
125,9,1,0.960391614,0.010331278,0.000583502,0.00042602,0.01075736,0.000607567,0.00044359,10,gaussian
125,10,1,0.960336579,0.013200083,0.000928866,0.000612231,0.013745267,0.000967229,0.000637517,10,gaussian
125,11,1,0.96027046,0.013626964,0.00113079,0.000624172,0.014190757,0.001177574,0.000649996,10,gaussian
125,12,1,0.961070704,0.013013392,0.001435922,0.000574038,0.013540515,0.001494086,0.00059729,10,gaussian
125,13,1,0.961220049,0.012805214,0.001798575,0.000438344,0.013321835,0.001871138,0.000456029,10,gaussian
125,14,0,0.991428561,0.986795099,0.986395803,0.094672844,0.99532648,0.994923732,0.095491342,10,gaussian
126,0,0,0.989943145,0.989900492,0.989902701,0.091753199,0.999956914,0.999959146,0.092685321,10,gaussian
126,1,0,0.994448129,0.994418034,0.994422464,0.042548102,0.999969737,0.999974192,0.042785642,10,gaussian
126,2,0,0.993748922,0.993723556,0.993727205,0.044075109,0.999974474,0.999978146,0.044352359,10,gaussian
126,3,0,0.994141464,0.994122331,0.994121107,0.048597313,0.999980754,0.999979522,0.0488837,10,gaussian
126,4,0,0.992464239,0.992443898,0.992445161,0.062499009,0.999979504,0.999980776,0.062973563,10,gaussian
126,5,0,0.996400759,0.996282192,0.996296438,0.029087516,0.999881004,0.999895302,0.029192587,10,gaussian
126,6,0,0.99075797,0.990717595,0.990721234,0.255469755,0.999959249,0.999962921,0.257852839,10,gaussian
126,7,0,0.991683685,0.99161773,0.991613919,0.121468109,0.999933492,0.999929649,0.122486747,10,gaussian
126,8,0,0.999406412,0.999202897,0.999222647,0.029736197,0.999796363,0.999816126,0.029753859,10,gaussian
126,9,0,0.988871367,0.988614878,0.988615472,0.316185145,0.999740624,0.999741225,0.319743453,10,gaussian
126,10,1,0.959874569,0.013097747,0.000460507,0.000446579,0.01364527,0.000479758,0.000465247,10,gaussian
126,11,1,0.960670492,0.010296425,0.00045913,0.000440007,0.010717957,0.000477926,0.000458021,10,gaussian
126,12,1,0.960664471,0.014974569,0.000633806,0.000604253,0.01558772,0.000659758,0.000628995,10,gaussian
126,13,1,0.960469543,0.01329723,0.00063814,0.000607216,0.01384451,0.000664404,0.000632207,10,gaussian
126,14,1,0.960202958,0.015051415,0.000691062,0.000655112,0.015675243,0.000719704,0.000682264,10,gaussian
127,0,0,0.995017655,0.995000721,0.995002056,0.085387712,0.999982981,0.999984323,0.085815273,10,gaussian
127,1,0,0.994405137,0.994362218,0.994361589,0.074402865,0.999956839,0.999956207,0.074821481,10,gaussian
127,2,0,0.995185468,0.995141371,0.99514443,0.021026244,0.99995569,0.999958763,0.021127965,10,gaussian
127,3,0,0.995465001,0.995404036,0.995407146,0.075747609,0.999938757,0.999941881,0.07609269,10,gaussian
127,4,0,0.991702049,0.9916569,0.991656002,0.124424608,0.999954473,0.999953568,0.125465717,10,gaussian
127,5,0,0.993817122,0.993773313,0.993772456,0.077169154,0.999955918,0.999955056,0.07764925,10,gaussian
127,6,0,0.999349159,0.999302931,0.999306536,0.017903721,0.999953743,0.999957349,0.017915381,10,gaussian
127,7,0,0.996873308,0.996857293,0.996854645,0.011048762,0.999983935,0.999981278,0.011083416,10,gaussian
127,8,0,0.987482684,0.987460593,0.987454996,0.223127961,0.999977629,0.999971961,0.225956328,10,gaussian
127,9,0,0.995629696,0.994386497,0.994202213,0.018335073,0.998751344,0.998566251,0.018415554,10,gaussian
127,10,1,0.96129967,0.011827681,0.000621585,0.000501697,0.012303844,0.000646609,0.000521894,10,gaussian
127,11,1,0.960456136,0.018154831,0.000829065,0.000680922,0.018902301,0.000863199,0.000708957,10,gaussian
127,12,1,0.960867478,0.016568518,0.000700213,0.000510469,0.017243292,0.00072873,0.000531259,10,gaussian
127,13,1,0.961528112,0.017255445,0.000863586,0.000696147,0.017945856,0.000898139,0.000724001,10,gaussian
127,14,1,0.95894907,0.018655675,0.00090621,0.00073716,0.019454291,0.000945004,0.000768716,10,gaussian
128,0,0,0.999748496,0.999734356,0.999733243,0.005480718,0.999985857,0.999984744,0.005482096,10,gaussian
128,1,0,0.994187889,0.9941559,0.994156681,0.039336767,0.999967824,0.999968609,0.039566733,10,gaussian
128,2,0,0.999421356,0.999410174,0.999413405,0.021887813,0.999988812,0.999992045,0.021900486,10,gaussian
128,3,0,0.997960648,0.997938832,0.997941482,0.09287929,0.99997814,0.999980795,0.093069091,10,gaussian
128,4,0,0.99028236,0.990255273,0.99025787,0.219868929,0.999972647,0.99997527,0.222026502,10,gaussian
128,5,0,1.000023616,0.999989433,0.999995916,0.023293608,0.999965819,0.999972301,0.023293058,10,gaussian
128,6,0,0.993368021,0.993316089,0.993323125,0.203349708,0.999947721,0.999954805,0.204707323,10,gaussian
128,7,0,0.998294519,0.998219376,0.998226737,0.021034895,0.999924729,0.999932102,0.021070831,10,gaussian
128,8,0,0.992186103,0.99201603,0.99199592,0.191717663,0.999828587,0.999808319,0.193227523,10,gaussian
128,9,1,0.961005214,0.010944014,0.000583506,0.000440848,0.01138809,0.000607183,0.000458736,10,gaussian
128,10,1,0.960545512,0.017056813,0.000859628,0.000612647,0.017757424,0.000894937,0.000637811,10,gaussian
128,11,1,0.960820649,0.018078456,0.001105981,0.000681058,0.01881564,0.001151079,0.000708829,10,gaussian
128,12,1,0.961237279,0.017174296,0.001372929,0.00063899,0.017866864,0.001428294,0.000664758,10,gaussian
128,13,1,0.961013171,0.011952716,0.001920714,0.000491601,0.01243762,0.001998634,0.000511544,10,gaussian
128,14,0,0.992759576,0.986367096,0.986765462,0.02558726,0.993560898,0.99396217,0.025773873,10,gaussian
129,0,0,0.997008283,0.996990848,0.996989139,0.06013576,0.999982512,0.999980798,0.060316209,10,gaussian
129,1,0,0.996171836,0.996142592,0.996140437,0.039157127,0.999970644,0.999968481,0.039307603,10,gaussian
129,2,0,0.994872109,0.994808504,0.994797126,0.086010126,0.999936067,0.99992463,0.08645345,10,gaussian
129,3,0,0.996603291,0.996599931,0.996599762,0.020909051,0.999996628,0.999996459,0.020980315,10,gaussian
129,4,0,0.996286773,0.996260941,0.996261264,0.10254066,0.999974072,0.999974396,0.102922836,10,gaussian
129,5,0,0.995723922,0.995694756,0.995696919,0.051823781,0.999970709,0.999972881,0.052046335,10,gaussian
129,6,0,0.997945203,0.997917641,0.997918467,0.031787316,0.999972382,0.999973209,0.031852767,10,gaussian
129,7,0,0.993631253,0.993565333,0.993567581,0.091350712,0.999933658,0.99993592,0.09193623,10,gaussian
129,8,0,0.990110936,0.990085237,0.990088094,0.508947266,0.999974044,0.99997693,0.514030546,10,gaussian
129,9,0,0.996225143,0.995695707,0.995804714,0.022219509,0.999468558,0.999577978,0.022303702,10,gaussian
129,10,1,0.960124757,0.012760306,0.000546888,0.000485962,0.013290259,0.000569601,0.000506144,10,gaussian
129,11,1,0.961005801,0.009994012,0.000523434,0.000464582,0.010399534,0.000544673,0.000483433,10,gaussian
129,12,1,0.960728692,0.012893426,0.000712813,0.000639383,0.013420466,0.000741951,0.000665518,10,gaussian
129,13,1,0.959839543,0.014668526,0.000736961,0.000664161,0.015282269,0.000767796,0.00069195,10,gaussian
129,14,1,0.960777662,0.017305173,0.000748666,0.00068264,0.018011631,0.00077923,0.000710508,10,gaussian
130,0,0,0.99638894,0.996313928,0.996323988,0.027192881,0.999924716,0.999934813,0.027291432,10,gaussian
130,1,0,0.997691392,0.997662216,0.997663511,0.008817831,0.999970756,0.999972054,0.008838235,10,gaussian
130,2,0,0.998309729,0.99828805,0.99828864,0.012118228,0.999978284,0.999978875,0.012138746,10,gaussian
130,3,0,0.99685528,0.996838604,0.996838839,0.018264849,0.999983271,0.999983508,0.018322468,10,gaussian
130,4,0,0.995121917,0.995102442,0.995102436,0.088544804,0.99998043,0.999980424,0.088978851,10,gaussian
130,5,0,0.9950729,0.995036351,0.995033626,0.048284548,0.99996327,0.999960531,0.048523628,10,gaussian
130,6,0,0.997724508,0.997704586,0.997706949,0.010093495,0.999980032,0.999982401,0.010116515,10,gaussian
130,7,0,0.998501922,0.998469955,0.998472148,0.007171124,0.999967985,0.999970181,0.007181883,10,gaussian
130,8,0,0.996143257,0.996092263,0.996087567,0.043936616,0.999948809,0.999944094,0.044106724,10,gaussian
130,9,0,0.996022284,0.995872747,0.995887066,0.067491473,0.999849866,0.999864242,0.067761007,10,gaussian
130,10,1,0.961201333,0.009595661,0.000468056,0.000430646,0.009982988,0.000486949,0.000448029,10,gaussian
130,11,1,0.962132655,0.0161664,0.000642045,0.000571365,0.016802672,0.000667315,0.000593853,10,gaussian
130,12,1,0.960778109,0.009546127,0.000480087,0.000440715,0.009935829,0.000499686,0.000458706,10,gaussian
130,13,1,0.961429403,0.016778587,0.000690676,0.00063397,0.01745171,0.000718384,0.000659404,10,gaussian
130,14,1,0.961030136,0.018289926,0.000637379,0.000590745,0.019031585,0.000663225,0.0006147,10,gaussian
131,0,0,0.996678882,0.996652098,0.996654286,0.069211612,0.999973127,0.999975323,0.069442238,10,gaussian
131,1,0,0.999931146,0.999909952,0.99990914,0.010456457,0.999978805,0.999977993,0.010457177,10,gaussian
131,2,0,1.000841491,1.000814452,1.000817545,0.020940548,0.999972984,0.999976074,0.020922941,10,gaussian
131,3,0,0.993247609,0.993223761,0.993225794,0.080551171,0.99997599,0.999978037,0.081098782,10,gaussian
131,4,0,0.99422931,0.99418532,0.994185032,0.122076456,0.999955755,0.999955465,0.12278501,10,gaussian
131,5,0,0.994021299,0.993939491,0.993956061,0.057985835,0.9999177,0.999934369,0.058334601,10,gaussian
131,6,0,0.993439,0.993395498,0.993391308,0.371493861,0.99995621,0.999951993,0.373947329,10,gaussian
131,7,0,0.996592882,0.996441737,0.996454361,0.010763096,0.999848338,0.999861005,0.010799892,10,gaussian
131,8,0,0.99351342,0.993232007,0.993095795,0.028756119,0.99971675,0.999579648,0.028943866,10,gaussian
131,9,1,0.960607304,0.01119888,0.000661995,0.000493181,0.011658125,0.000689142,0.000513405,10,gaussian
131,10,1,0.961136205,0.012324796,0.000932812,0.000684449,0.012823153,0.000970531,0.000712125,10,gaussian
131,11,1,0.961558667,0.012202941,0.000978419,0.000684767,0.012690792,0.001017534,0.000712142,10,gaussian
131,12,1,0.96148069,0.014428103,0.001049921,0.000661763,0.015006129,0.001091983,0.000688275,10,gaussian
131,13,1,0.9602592,0.013374316,0.000960963,0.00051857,0.013927819,0.001000733,0.000540031,10,gaussian
131,14,0,0.99199142,0.991057941,0.991034749,0.272690512,0.999058985,0.999035605,0.274892007,10,gaussian
132,0,0,0.995150227,0.995090844,0.99509737,0.049441371,0.999940327,0.999946885,0.049682318,10,gaussian
132,1,0,0.991877081,0.991850725,0.991851331,0.416417007,0.999973428,0.999974039,0.41982723,10,gaussian
132,2,0,0.990271839,0.990250811,0.990250082,0.628526001,0.999978765,0.999978029,0.634700469,10,gaussian
132,3,0,0.994517101,0.994500519,0.994501966,0.221266933,0.999983326,0.999984782,0.222486806,10,gaussian
132,4,0,0.993691145,0.993669067,0.993669358,0.042822682,0.999977782,0.999978075,0.043094559,10,gaussian
132,5,0,0.995633189,0.995609195,0.995603963,0.027434745,0.999975901,0.999970646,0.027555073,10,gaussian
132,6,0,0.996475024,0.996407736,0.99641516,0.016025524,0.999932474,0.999939924,0.016082214,10,gaussian
132,7,0,0.995602603,0.995556342,0.99556379,0.036563468,0.999953535,0.999961015,0.036724963,10,gaussian
132,8,0,0.994817914,0.994003581,0.994036135,0.063537961,0.999181425,0.999214149,0.063868936,10,gaussian
132,9,0,0.997794953,0.99689262,0.996873046,0.008747639,0.999095674,0.999076056,0.00876697,10,gaussian
132,10,1,0.960313965,0.010416979,0.000514131,0.000444184,0.010847472,0.000535378,0.00046254,10,gaussian
132,11,1,0.960165247,0.01460131,0.000720286,0.000620338,0.01520708,0.000750169,0.000646074,10,gaussian
132,12,1,0.961104964,0.011347597,0.000556796,0.000440564,0.011806824,0.000579329,0.000458394,10,gaussian
132,13,1,0.961087976,0.01564048,0.000743566,0.000626065,0.016273724,0.000773671,0.000651413,10,gaussian
132,14,1,0.960360403,0.015557364,0.000723431,0.00061097,0.016199506,0.000753291,0.000636189,10,gaussian
133,0,0,0.995423849,0.995362875,0.995368987,0.074764747,0.999938746,0.999944886,0.075108455,10,gaussian
133,1,1,0.961437412,0.010402648,0.000455361,0.000420329,0.010819891,0.000473626,0.000437188,10,gaussian
133,2,1,0.96147227,0.014768507,0.000626416,0.000581738,0.015360304,0.000651518,0.000605049,10,gaussian
133,3,1,0.961105532,0.009970066,0.000475201,0.000434955,0.010373539,0.000494432,0.000452557,10,gaussian
133,4,1,0.960339894,0.014395991,0.000683405,0.000653616,0.014990517,0.000711628,0.000680609,10,gaussian
133,5,1,0.960483163,0.018873779,0.000658825,0.000623914,0.019650297,0.000685931,0.000649584,10,gaussian
133,6,0,0.996533413,0.9965181,0.996516375,0.075054698,0.999984633,0.999982902,0.075315787,10,gaussian
133,7,0,0.996166611,0.996131223,0.996133746,0.018485879,0.999964475,0.999967008,0.018557015,10,gaussian
133,8,0,0.994031568,0.994022132,0.994019921,0.031681342,0.999990507,0.999988283,0.031871566,10,gaussian
133,9,0,0.996257813,0.996226946,0.996225946,0.021048884,0.999969017,0.999968013,0.021127948,10,gaussian
133,10,0,0.998390632,0.998385149,0.998385053,0.014243086,0.999994507,0.999994411,0.014266045,10,gaussian
133,11,0,0.987183384,0.98715306,0.987158973,0.395985477,0.999969282,0.999975272,0.401126562,10,gaussian
133,12,0,0.997629229,0.997571749,0.997553539,0.010332648,0.999942383,0.999924129,0.010357202,10,gaussian
133,13,0,0.996742502,0.996708807,0.996710229,0.023529939,0.999966195,0.999967621,0.023606839,10,gaussian
133,14,0,0.995489832,0.995458414,0.995455612,0.050084791,0.99996844,0.999965625,0.050311705,10,gaussian
134,0,0,0.99582541,0.995808662,0.995810205,0.052469028,0.999983182,0.999984731,0.052688983,10,gaussian
134,1,0,0.995466076,0.99544551,0.995438238,0.062621494,0.99997934,0.999972035,0.062906708,10,gaussian
134,2,0,0.989307204,0.98929201,0.989290404,0.224460601,0.999984641,0.999983018,0.226886653,10,gaussian
134,3,0,0.996071368,0.996023695,0.996027619,0.101857879,0.999952139,0.999956078,0.102259619,10,gaussian
134,4,0,0.996005626,0.995996742,0.995995042,0.055351979,0.99999108,0.999989373,0.055573963,10,gaussian
134,5,0,0.991259488,0.991234606,0.99123466,0.134839697,0.999974899,0.999974953,0.136028658,10,gaussian
134,6,0,0.99717787,0.99714692,0.997145898,0.01301177,0.999968962,0.999967938,0.013048595,10,gaussian
134,7,0,0.992118219,0.992094643,0.992102227,0.302789796,0.999976236,0.999983881,0.305195279,10,gaussian
134,8,0,0.990230568,0.990163458,0.990152931,0.255350306,0.999932228,0.999921598,0.257869545,10,gaussian
134,9,0,0.994415283,0.994077451,0.994124791,0.071732105,0.999660271,0.999707877,0.072134959,10,gaussian
134,10,1,0.960217572,0.008441701,0.000435819,0.000392476,0.008791446,0.000453875,0.000408737,10,gaussian
134,11,1,0.96154836,0.014610906,0.000587048,0.000524399,0.015195186,0.000610524,0.000545369,10,gaussian
134,12,1,0.960332651,0.010863107,0.000418911,0.000388606,0.011311816,0.000436214,0.000404658,10,gaussian
134,13,1,0.960861941,0.01397441,0.000599315,0.00054676,0.014543619,0.000623726,0.000569031,10,gaussian
134,14,1,0.960557965,0.011524621,0.000568276,0.00052755,0.01199784,0.000591611,0.000549212,10,gaussian
135,0,0,0.992002309,0.991977998,0.991977179,0.286774552,0.999975493,0.999974666,0.289086577,10,gaussian
135,1,0,0.994197799,0.994162079,0.994157873,0.056764684,0.999964071,0.99995984,0.057095966,10,gaussian
135,2,0,0.994361272,0.994341233,0.994342742,0.020707328,0.999979847,0.999981364,0.020824753,10,gaussian
135,3,0,0.996994318,0.996964054,0.996961939,0.038538578,0.999969644,0.999967523,0.038654762,10,gaussian
135,4,0,0.995680142,0.99565426,0.995660534,0.042660195,0.999974005,0.999980306,0.042845281,10,gaussian
135,5,0,0.999192207,0.999126007,0.99913151,0.02097984,0.999933747,0.999939254,0.020996801,10,gaussian
135,6,0,0.987074125,0.987060486,0.987058217,0.589109509,0.999986183,0.999983884,0.596823981,10,gaussian
135,7,0,0.996200825,0.996137398,0.996140234,0.03488593,0.999936332,0.999939178,0.035018973,10,gaussian
135,8,0,0.998774019,0.998593586,0.998609093,0.017851382,0.999819345,0.999834871,0.017873294,10,gaussian
135,9,0,0.990478576,0.99029453,0.990324168,0.105996736,0.999814184,0.999844108,0.107015678,10,gaussian
135,10,1,0.960968331,0.010457476,0.000502294,0.000421894,0.010882227,0.000522695,0.00043903,10,gaussian
135,11,1,0.961938318,0.010268027,0.000481038,0.000415005,0.010674309,0.000500071,0.000431426,10,gaussian
135,12,1,0.961485229,0.014020263,0.000687123,0.000566999,0.014581881,0.000714647,0.000589712,10,gaussian
135,13,1,0.960888238,0.016989377,0.000671763,0.000585466,0.017680908,0.000699106,0.000609297,10,gaussian
135,14,1,0.962215647,0.014126023,0.000730108,0.000601467,0.014680725,0.000758778,0.000625086,10,gaussian
136,0,0,0.994357323,0.994337132,0.994334064,0.042523714,0.999979694,0.999976609,0.042765023,10,gaussian
136,1,0,0.995213415,0.995185195,0.995186486,0.026583824,0.999971644,0.999972942,0.026711682,10,gaussian
136,2,0,0.995738534,0.995711319,0.995709886,0.056462233,0.999972669,0.999971229,0.056703875,10,gaussian
136,3,0,0.996075251,0.996038051,0.996039773,0.019290394,0.999962653,0.999964382,0.019366402,10,gaussian
136,4,0,1.000219378,1.000202129,1.000200445,0.063969826,0.999982754,0.999981071,0.063955795,10,gaussian
136,5,0,0.995671857,0.995612218,0.995602279,0.020977413,0.999940102,0.99993012,0.021068601,10,gaussian
136,6,0,0.992592166,0.992505359,0.992513631,0.046103127,0.999912545,0.999920879,0.0464472,10,gaussian
136,7,0,0.995637328,0.995535099,0.995559967,0.11583985,0.999897323,0.9999223,0.116347436,10,gaussian
136,8,0,0.992827785,0.992754539,0.99280105,0.327451814,0.999926225,0.999973072,0.329817335,10,gaussian
136,9,0,0.993274682,0.993170826,0.993183803,0.081695107,0.999895441,0.999908505,0.082248253,10,gaussian
136,10,1,0.960723656,0.008848673,0.000566152,0.000430857,0.009210425,0.000589297,0.000448471,10,gaussian
136,11,1,0.961444847,0.010986094,0.000518663,0.00042801,0.011426651,0.000539462,0.000445174,10,gaussian
136,12,1,0.960705057,0.01377383,0.000770606,0.000592803,0.01433721,0.000802125,0.00061705,10,gaussian
136,13,1,0.961191427,0.015697849,0.000766294,0.000602955,0.016331658,0.000797233,0.0006273,10,gaussian
136,14,1,0.961692847,0.016820463,0.000804588,0.00061406,0.017490473,0.000836638,0.00063852,10,gaussian
137,0,0,0.994407706,0.994396565,0.994398515,0.078320332,0.999988796,0.999990757,0.078760786,10,gaussian
137,1,0,0.999604793,0.999589132,0.99959048,0.074499045,0.999984333,0.999985681,0.074528499,10,gaussian
137,2,0,0.991263431,0.991238514,0.991235043,0.352499897,0.999974863,0.999971361,0.355606679,10,gaussian
137,3,0,0.99063422,0.990606125,0.990605329,0.316035275,0.999971639,0.999970836,0.319023176,10,gaussian
137,4,0,0.991516732,0.99145446,0.991455512,0.073522198,0.999937195,0.999938256,0.074151243,10,gaussian
137,5,0,0.995825093,0.995748941,0.995743968,0.055275469,0.999923528,0.999918534,0.055507207,10,gaussian
137,6,0,0.998208982,0.998019003,0.99799911,0.012779438,0.99980968,0.999789751,0.012802367,10,gaussian
137,7,1,0.960949895,0.010770292,0.000511452,0.000459815,0.011207964,0.000532236,0.0004785,10,gaussian
137,8,1,0.961607602,0.016977565,0.000691155,0.00059921,0.017655398,0.00071875,0.000623134,10,gaussian
137,9,1,0.96114422,0.019219291,0.000725188,0.000641919,0.019996262,0.000754505,0.000667869,10,gaussian
137,10,1,0.961530773,0.012119662,0.000484005,0.000442141,0.012604549,0.000503369,0.00045983,10,gaussian
137,11,1,0.960035095,0.014096364,0.00068615,0.000642908,0.014683176,0.000714713,0.000669671,10,gaussian
137,12,0,0.995681499,0.995607479,0.995612342,0.014052771,0.999925659,0.999930544,0.014113722,10,gaussian
137,13,0,0.995386483,0.995107871,0.995135109,0.028794499,0.999720096,0.999747461,0.028927959,10,gaussian
137,14,0,0.997056467,0.996993204,0.996986893,0.010988031,0.99993655,0.99993022,0.01102047,10,gaussian
138,0,0,0.996746631,0.99671468,0.996714249,0.030943019,0.999967945,0.999967512,0.031044017,10,gaussian
138,1,0,0.994757874,0.994743526,0.994744599,0.031825707,0.999985577,0.999986655,0.03199342,10,gaussian
138,2,0,0.994508656,0.994492611,0.994494429,0.038904213,0.999983867,0.999985695,0.039119029,10,gaussian
138,3,0,0.993408824,0.99338909,0.993390992,0.11194879,0.999980135,0.99998205,0.11269156,10,gaussian
138,4,0,0.989644839,0.989635731,0.989636299,0.406831525,0.999990796,0.99999137,0.411088412,10,gaussian
138,5,0,0.994871682,0.99474504,0.994682665,0.101264037,0.999872705,0.999810008,0.101786028,10,gaussian
138,6,0,0.997490316,0.997400899,0.997395483,0.013642192,0.999910358,0.999904928,0.013676515,10,gaussian
138,7,0,0.994708566,0.99461209,0.994614923,0.035513123,0.999903011,0.999905859,0.035702038,10,gaussian
138,8,0,0.996026353,0.995869801,0.995888809,0.013712967,0.999842824,0.999861907,0.013767675,10,gaussian
138,9,1,0.960348594,0.014183003,0.000496726,0.000444351,0.014768599,0.000517235,0.000462698,10,gaussian
138,10,1,0.961947658,0.014011844,0.000644126,0.000578671,0.014566118,0.000669606,0.000601562,10,gaussian
138,11,1,0.960951485,0.015802168,0.000667045,0.000624817,0.016444293,0.00069415,0.000650206,10,gaussian
138,12,1,0.961447172,0.008525552,0.000473452,0.000419904,0.008867416,0.000492436,0.000436742,10,gaussian
138,13,1,0.960720984,0.014835601,0.000680069,0.000626259,0.015442154,0.000707873,0.000651864,10,gaussian
138,14,0,0.997601585,0.996754724,0.996784514,0.027763349,0.999151103,0.999180965,0.027830097,10,gaussian
139,0,0,0.994031595,0.99397659,0.993972557,0.08253098,0.999944664,0.999940607,0.083026516,10,gaussian
139,1,0,1.000758384,1.000697271,1.000698748,0.01600751,0.999938933,0.99994041,0.015995379,10,gaussian
139,2,0,0.995233897,0.995225492,0.995224073,0.135108948,0.999991555,0.999990129,0.135755974,10,gaussian
139,3,0,0.996007916,0.995984479,0.995979967,0.052537277,0.999976469,0.999971939,0.052747851,10,gaussian
139,4,0,0.995997718,0.995980446,0.995981112,0.032452934,0.999982659,0.999983327,0.032583342,10,gaussian
139,5,0,0.992644994,0.992616713,0.992616018,0.06829672,0.999971509,0.999970809,0.068802764,10,gaussian
139,6,0,0.997014369,0.996994351,0.996992169,0.020768874,0.999979922,0.999977734,0.020831068,10,gaussian
139,7,0,0.990793115,0.990692475,0.990723008,0.388947885,0.999898426,0.999929242,0.39256216,10,gaussian
139,8,0,0.993113565,0.992886627,0.992901106,0.241542096,0.999771489,0.999786068,0.243216994,10,gaussian
139,9,0,0.999468241,0.998852044,0.998860188,0.014363119,0.999383474,0.999391623,0.014370761,10,gaussian
139,10,1,0.961437807,0.011515496,0.000512753,0.000443128,0.01197737,0.000533318,0.000460901,10,gaussian
139,11,1,0.960660276,0.011008315,0.000640944,0.000471036,0.011459114,0.000667191,0.000490325,10,gaussian
139,12,1,0.960718082,0.016926229,0.000734077,0.000632992,0.01761831,0.000764092,0.000658874,10,gaussian
139,13,1,0.961787651,0.014286555,0.000773365,0.000605396,0.014854168,0.000804092,0.000629449,10,gaussian
139,14,1,0.960676525,0.016360352,0.000793233,0.000664841,0.017030032,0.000825702,0.000692055,10,gaussian
140,0,0,0.994604139,0.994566143,0.994556271,0.038187536,0.999961799,0.999951873,0.038394708,10,gaussian
140,1,0,0.994150142,0.994126395,0.994121011,0.04915289,0.999976114,0.999970698,0.049442119,10,gaussian
140,2,0,0.998478363,0.99845724,0.998455089,0.018150407,0.999978845,0.999976691,0.018178067,10,gaussian
140,3,0,0.994055653,0.9940182,0.994034999,0.043535333,0.999962323,0.999979222,0.043795669,10,gaussian
140,4,0,0.995376674,0.995334502,0.995338794,0.033120102,0.999957633,0.999961944,0.033273938,10,gaussian
140,5,0,0.993717795,0.9936933,0.993682217,0.041489595,0.999975351,0.999964198,0.041751889,10,gaussian
140,6,0,0.998322649,0.998308019,0.998296536,0.058808297,0.999985345,0.999973843,0.058907105,10,gaussian
140,7,0,0.998473211,0.996947271,0.997287855,0.013780069,0.998471727,0.998812832,0.01380114,10,gaussian
140,8,1,0.95996449,0.011305958,0.000617244,0.000458062,0.011777475,0.000642987,0.000477165,10,gaussian
140,9,1,0.960808893,0.021253163,0.000828303,0.000607366,0.022120074,0.00086209,0.000632141,10,gaussian
140,10,1,0.96138091,0.021946147,0.000971955,0.000632451,0.022827733,0.001010999,0.000657857,10,gaussian
140,11,1,0.961505066,0.016385179,0.001094339,0.000608535,0.017041178,0.001138152,0.000632898,10,gaussian
140,12,1,0.960110174,0.011214761,0.001168306,0.000479078,0.011680702,0.001216845,0.000498983,10,gaussian
140,13,0,0.995952052,0.994902185,0.995066291,0.018531052,0.998945866,0.999110639,0.01860637,10,gaussian
140,14,0,0.993785065,0.992556949,0.992067952,0.019572014,0.998764204,0.998272149,0.019694413,10,gaussian
141,0,0,0.995277425,0.995262334,0.995263881,0.035021198,0.999984838,0.999986391,0.035187373,10,gaussian
141,1,0,0.99319963,0.993189268,0.993192593,0.029944687,0.999989567,0.999992916,0.030149716,10,gaussian
141,2,0,0.995884891,0.995861376,0.995859527,0.017654116,0.999976388,0.999974531,0.017727065,10,gaussian
141,3,0,0.997745021,0.997724614,0.997724473,0.018431116,0.999979546,0.999979405,0.018472772,10,gaussian
141,4,0,0.997700958,0.997671908,0.997671399,0.056994065,0.999970883,0.999970372,0.057125399,10,gaussian
141,5,0,0.99019949,0.990172004,0.990173353,0.119892582,0.999972242,0.999973605,0.12107922,10,gaussian
141,6,0,0.994619776,0.994587099,0.994582896,0.07528197,0.999967147,0.999962921,0.075689195,10,gaussian
141,7,0,0.994699576,0.99465847,0.994654861,0.032623126,0.999958675,0.999955047,0.032796963,10,gaussian
141,8,0,0.995001526,0.994902476,0.994920969,0.120362208,0.999900452,0.999919038,0.120966858,10,gaussian
141,9,0,0.994488692,0.993300453,0.993400138,0.05408565,0.998805176,0.998905413,0.054385385,10,gaussian
141,10,1,0.961201009,0.010521939,0.000550305,0.000494226,0.010946658,0.000572518,0.000514176,10,gaussian
141,11,1,0.960844191,0.016003941,0.000795224,0.000696141,0.016656126,0.00082763,0.00072451,10,gaussian
141,12,1,0.961000261,0.010192237,0.000749056,0.000504579,0.010605863,0.000779455,0.000525056,10,gaussian
141,13,1,0.960332428,0.015987462,0.000905255,0.000764086,0.016647842,0.000942648,0.000795648,10,gaussian
141,14,1,0.961360784,0.016506812,0.000903728,0.000694384,0.017170257,0.000940051,0.000722293,10,gaussian
142,0,0,0.997973157,0.997959167,0.997959737,0.043534075,0.999985981,0.999986553,0.043622491,10,gaussian
142,1,0,0.997116789,0.997107682,0.997107304,0.016079977,0.999990867,0.999990487,0.016126473,10,gaussian
142,2,0,0.997885099,0.997842814,0.997840535,0.062310863,0.999957625,0.999955342,0.062442923,10,gaussian
142,3,0,0.996064627,0.99603346,0.99602514,0.076467136,0.99996871,0.999960357,0.076769252,10,gaussian
142,4,0,0.997507747,0.997473037,0.997471834,0.01365651,0.999965204,0.999963998,0.01369063,10,gaussian
142,5,0,1.000139983,1.000058331,1.00005855,0.018490093,0.99991836,0.999918579,0.018487505,10,gaussian
142,6,0,0.998458266,0.998403434,0.998382949,0.020847944,0.999945084,0.999924567,0.020880135,10,gaussian
142,7,0,0.997797191,0.991778513,0.990604514,0.022177139,0.993968035,0.992791444,0.022226099,10,gaussian
142,8,1,0.960550056,0.011397716,0.000939308,0.000503679,0.011865822,0.000977886,0.000524365,10,gaussian
142,9,1,0.961363022,0.014807297,0.001097975,0.000694258,0.015402399,0.001142102,0.00072216,10,gaussian
142,10,1,0.960426253,0.017510748,0.001140522,0.000731408,0.018232267,0.001187516,0.000761545,10,gaussian
142,11,1,0.960223911,0.015909598,0.00117416,0.000714352,0.016568633,0.001222798,0.000743943,10,gaussian
142,12,1,0.960982551,0.013974444,0.000934499,0.000495167,0.014541829,0.000972441,0.000515271,10,gaussian
142,13,0,0.991418209,0.990763934,0.990816064,0.197550406,0.999340062,0.999392643,0.199260418,10,gaussian
142,14,0,0.993734867,0.991748163,0.99164617,0.062222073,0.998000771,0.997898135,0.06261436,10,gaussian
143,0,0,0.997513659,0.997370783,0.99739211,0.016504103,0.999856768,0.999878148,0.01654524,10,gaussian
143,1,1,0.961372229,0.01066374,0.000371744,0.000357853,0.011092208,0.00038668,0.000372232,10,gaussian
143,2,1,0.960635969,0.010346393,0.000384772,0.000372225,0.010770357,0.000400539,0.000387478,10,gaussian
143,3,1,0.960375237,0.011550143,0.000530195,0.000519992,0.012026698,0.000552071,0.000541446,10,gaussian
143,4,1,0.960427434,0.013396537,0.000538736,0.000533188,0.013948515,0.000560934,0.000555157,10,gaussian
143,5,1,0.96019205,0.013089951,0.000560886,0.000565554,0.013632639,0.000584139,0.000589001,10,gaussian
143,6,0,0.99738223,0.997348228,0.997346301,0.018696993,0.999965909,0.999963977,0.018746066,10,gaussian
143,7,0,0.99480628,0.994696813,0.994722026,0.242409192,0.999889961,0.999915306,0.24367477,10,gaussian
143,8,0,0.990897339,0.990844319,0.990881931,0.832344477,0.999946492,0.99998445,0.839990627,10,gaussian
143,9,0,0.993028543,0.993001356,0.99300043,0.065157393,0.999972623,0.99997169,0.065614824,10,gaussian
143,10,0,0.998318082,0.998295919,0.998291485,0.029029307,0.999977799,0.999973357,0.029078214,10,gaussian
143,11,0,0.997128355,0.997119709,0.997120859,0.011093973,0.999991329,0.999992483,0.011125923,10,gaussian
143,12,0,0.991173382,0.991145831,0.991149733,0.244075556,0.999972204,0.99997614,0.246249102,10,gaussian
143,13,0,0.995471271,0.995464751,0.995466287,0.017564763,0.999993451,0.999994993,0.017644671,10,gaussian
143,14,0,0.992870055,0.992839295,0.99283322,0.113285499,0.99996902,0.999962901,0.114099019,10,gaussian
144,0,0,0.995987948,0.995973455,0.995973905,0.050690842,0.999985448,0.9999859,0.050895035,10,gaussian
144,1,0,0.991713031,0.991699979,0.991700958,0.083338204,0.999986839,0.999987826,0.084034596,10,gaussian
144,2,0,0.992861375,0.992840272,0.992841327,0.038394958,0.999978744,0.999979808,0.038671016,10,gaussian
144,3,0,0.995619266,0.995603765,0.99560003,0.043143826,0.999984431,0.99998068,0.04333366,10,gaussian
144,4,0,0.995061925,0.995023202,0.995023122,0.064876687,0.999961085,0.999961004,0.065198642,10,gaussian
144,5,0,0.993405391,0.993365899,0.993354543,0.025601691,0.999960246,0.999948814,0.025771644,10,gaussian
144,6,0,0.994885253,0.994767065,0.994747482,0.044168541,0.999881205,0.99986152,0.044395613,10,gaussian
144,7,0,0.991768379,0.991527156,0.991527086,0.028763379,0.999756775,0.999756705,0.029002114,10,gaussian
144,8,0,0.996492999,0.996139232,0.996091485,0.026462725,0.999644989,0.999597073,0.026555857,10,gaussian
144,9,0,0.997911857,0.997584469,0.997624345,0.047058779,0.999671926,0.999711886,0.04715725,10,gaussian
144,10,1,0.9604907,0.01530253,0.000635393,0.000477175,0.015931992,0.000661529,0.000496804,10,gaussian
144,11,1,0.961169842,0.009629894,0.000544299,0.00045144,0.010018931,0.000566288,0.000469678,10,gaussian
144,12,1,0.961689316,0.020554729,0.000863721,0.000656094,0.021373564,0.000898129,0.000682231,10,gaussian
144,13,1,0.960841566,0.015833418,0.000774778,0.000641464,0.016478698,0.000806353,0.000667606,10,gaussian
144,14,1,0.960157064,0.021232556,0.000918285,0.000733252,0.022113627,0.00095639,0.000763679,10,gaussian
145,0,0,0.994709918,0.994672485,0.994676874,0.058904261,0.999962368,0.99996678,0.059217527,10,gaussian
145,1,0,0.996096381,0.99609024,0.996089198,0.014158255,0.999993834,0.999992789,0.01421374,10,gaussian
145,2,0,0.997313144,0.997292016,0.997293863,0.019503278,0.999978815,0.999980667,0.019555822,10,gaussian
145,3,0,0.999710631,0.999667142,0.999665445,0.061524606,0.999956498,0.999954801,0.061542414,10,gaussian
145,4,0,0.990593118,0.990561029,0.990558816,0.236660117,0.999967606,0.999965372,0.238907491,10,gaussian
145,5,0,0.990372513,0.990343231,0.990349866,0.440366012,0.999970433,0.999977132,0.444646844,10,gaussian
145,6,0,0.993352225,0.993311146,0.993313703,0.072830598,0.999958646,0.99996122,0.073318,10,gaussian
145,7,0,0.995318989,0.99527962,0.995288363,0.017704349,0.999960447,0.99996923,0.017787613,10,gaussian
145,8,0,0.99618675,0.996139346,0.996140746,0.032167569,0.999952414,0.999953819,0.032290701,10,gaussian
145,9,0,0.990182394,0.990163734,0.990173422,0.671256723,0.999981156,0.999990939,0.677912198,10,gaussian
145,10,1,0.961094659,0.008963793,0.000450208,0.000419291,0.009326649,0.000468432,0.000436264,10,gaussian
145,11,1,0.960439916,0.010604669,0.000431268,0.000416211,0.01104147,0.000449031,0.000433354,10,gaussian
145,12,1,0.962049845,0.012708512,0.000608365,0.000552568,0.013209827,0.000632363,0.000574365,10,gaussian
145,13,1,0.960068609,0.012701292,0.000625351,0.000593114,0.013229567,0.000651361,0.000617783,10,gaussian
145,14,1,0.961356405,0.013582848,0.00066226,0.000606298,0.014128837,0.000688881,0.00063067,10,gaussian
146,0,0,0.99619972,0.996182422,0.996183879,0.019387941,0.999982636,0.999984098,0.019461902,10,gaussian
146,1,0,0.997621623,0.997607334,0.997608356,0.008070012,0.999985676,0.999986701,0.008089251,10,gaussian
146,2,0,0.996389705,0.996369388,0.99637376,0.042383681,0.99997961,0.999983997,0.042537253,10,gaussian
146,3,0,0.995294215,0.995270758,0.99526813,0.083739274,0.999976432,0.999973791,0.084135196,10,gaussian
146,4,0,0.997451159,0.997436316,0.997437322,0.038417289,0.999985118,0.999986127,0.038515459,10,gaussian
146,5,0,0.993233911,0.993181957,0.993195981,0.203385118,0.999947692,0.999961812,0.204770614,10,gaussian
146,6,0,0.996072684,0.996053344,0.99605264,0.059259402,0.999980584,0.999979877,0.05949305,10,gaussian
146,7,0,0.99608771,0.996035886,0.996039,0.02083451,0.999947972,0.999951098,0.020916341,10,gaussian
146,8,0,0.996121828,0.995973179,0.995984559,0.065147112,0.999850772,0.999862196,0.065400747,10,gaussian
146,9,0,0.999797923,0.999281967,0.999355897,0.01930288,0.99948394,0.999557885,0.019306782,10,gaussian
146,10,1,0.96072579,0.012507375,0.000473558,0.000424933,0.013018673,0.000492917,0.000442304,10,gaussian
146,11,1,0.960619178,0.011258067,0.000479351,0.000429212,0.011719595,0.000499002,0.000446807,10,gaussian
146,12,1,0.961272191,0.017150284,0.000646229,0.000583893,0.017841235,0.000672265,0.000607417,10,gaussian
146,13,1,0.960813994,0.016567298,0.000643509,0.000585203,0.017242982,0.000669754,0.00060907,10,gaussian
146,14,1,0.961363646,0.014661875,0.000682866,0.000621592,0.015251123,0.00071031,0.000646573,10,gaussian
147,0,0,0.996669739,0.996662609,0.996660694,0.009579812,0.999992846,0.999990925,0.009611822,10,gaussian
147,1,0,0.994473075,0.994462046,0.994460157,0.065147318,0.99998891,0.999987009,0.065509384,10,gaussian
147,2,0,0.999424712,0.999409529,0.999409478,0.025458112,0.999984808,0.999984758,0.025472766,10,gaussian
147,3,0,0.993921617,0.9938882,0.993888254,0.081573715,0.999966379,0.999966433,0.082072584,10,gaussian
147,4,0,0.992167978,0.992149807,0.992152323,0.161414351,0.999981685,0.999984221,0.162688531,10,gaussian
147,5,0,0.994417523,0.994293397,0.994289143,0.036513005,0.999875177,0.999870899,0.036717983,10,gaussian
147,6,0,0.993319731,0.993292854,0.993298362,0.031956136,0.999972943,0.999978487,0.032171047,10,gaussian
147,7,0,0.996963688,0.996932433,0.996933026,0.02860014,0.99996865,0.999969244,0.028687243,10,gaussian
147,8,0,0.996378348,0.996038148,0.995963624,0.028262864,0.999658564,0.999583769,0.028365594,10,gaussian
147,9,1,0.961117453,0.011285021,0.000519741,0.000469966,0.011741563,0.000540768,0.000488979,10,gaussian
147,10,1,0.961325161,0.015224346,0.000709495,0.000646221,0.015836833,0.000738039,0.000672219,10,gaussian
147,11,1,0.961960145,0.014581441,0.000752171,0.000683145,0.015158051,0.000781915,0.000710159,10,gaussian
147,12,1,0.961861841,0.01740953,0.000705351,0.000643749,0.018099824,0.000733319,0.000669274,10,gaussian
147,13,1,0.96073594,0.010152088,0.00053584,0.000481553,0.010566991,0.000557739,0.000501234,10,gaussian
147,14,0,0.99551871,0.993536326,0.99384382,0.06154456,0.998008692,0.998317571,0.061821601,10,gaussian
148,0,0,0.996221321,0.996210732,0.996208818,0.022362398,0.999989371,0.999987449,0.022447218,10,gaussian
148,1,0,0.995215804,0.995199207,0.995199598,0.039725279,0.999983323,0.999983716,0.039916247,10,gaussian
148,2,0,0.996637504,0.996623229,0.99662273,0.030231277,0.999985677,0.999985176,0.030333272,10,gaussian
148,3,0,0.99613023,0.996086058,0.996087118,0.038789236,0.999955656,0.99995672,0.038939925,10,gaussian
148,4,0,0.994966068,0.994927547,0.994926053,0.031912783,0.999961285,0.999959782,0.032074243,10,gaussian
148,5,0,0.993105091,0.993003454,0.993004994,0.056870759,0.999897658,0.999899208,0.0572656,10,gaussian
148,6,0,0.999586944,0.999498559,0.999501831,0.011365549,0.999911578,0.999914852,0.011370246,10,gaussian
148,7,0,0.994043115,0.993633398,0.993655377,0.048914511,0.999587828,0.999609939,0.049207635,10,gaussian
148,8,0,0.997145273,0.996437638,0.996356285,0.033650963,0.999290339,0.999208753,0.033747303,10,gaussian
148,9,1,0.959408766,0.011941886,0.000633159,0.000457486,0.012447131,0.000659947,0.000476842,10,gaussian
148,10,1,0.962279082,0.010932631,0.000790414,0.000571356,0.011361185,0.000821398,0.000593753,10,gaussian
148,11,1,0.961393555,0.015816816,0.000789135,0.000598005,0.016451968,0.000820824,0.000622019,10,gaussian
148,12,1,0.961272209,0.015677849,0.000746602,0.000578121,0.016309479,0.000776681,0.000601413,10,gaussian
148,13,1,0.960841704,0.011859417,0.000592928,0.000436815,0.012342737,0.000617092,0.000454617,10,gaussian
148,14,0,0.998883023,0.997611841,0.997329329,0.009627577,0.998727397,0.998444568,0.009638343,10,gaussian
149,0,0,0.991098008,0.991079693,0.991083033,0.255565003,0.999981521,0.999984891,0.257860475,10,gaussian
149,1,0,0.989406663,0.98939342,0.989401764,0.68500037,0.999986615,0.999995048,0.692334502,10,gaussian
149,2,0,0.990551103,0.990491641,0.990494297,0.423957734,0.999939971,0.999942652,0.428001879,10,gaussian
149,3,0,0.996171966,0.996103607,0.99609289,0.025807035,0.999931378,0.99992062,0.025906205,10,gaussian
149,4,0,0.997832664,0.997726793,0.997700128,0.050234037,0.999893899,0.999867177,0.050343147,10,gaussian
149,5,0,0.998086075,0.997973848,0.997983472,0.013240288,0.999887559,0.999897201,0.013265678,10,gaussian
149,6,0,0.993536788,0.992525741,0.992228353,0.195921972,0.998982376,0.998683053,0.197196495,10,gaussian
149,7,1,0.960075166,0.011270016,0.001091612,0.000520891,0.011738681,0.001137007,0.000542552,10,gaussian
149,8,1,0.95975987,0.016085815,0.001117644,0.000700692,0.01676025,0.001164504,0.00073007,10,gaussian
149,9,1,0.961154298,0.0131599,0.000565853,0.000456909,0.013691767,0.000588723,0.000475375,10,gaussian
149,10,1,0.961964607,0.015937647,0.00097556,0.000680046,0.01656781,0.001014133,0.000706935,10,gaussian
149,11,1,0.961304396,0.014070988,0.000832431,0.000629582,0.014637391,0.000865939,0.000654924,10,gaussian
149,12,0,0.995689424,0.995519101,0.995526215,0.030588672,0.99982894,0.999836085,0.030721097,10,gaussian
149,13,0,0.994736038,0.994535545,0.994579484,0.051549194,0.999798445,0.999842618,0.051821983,10,gaussian
149,14,0,0.996814543,0.996535376,0.996537948,0.015241793,0.99971994,0.99972252,0.0152905,10,gaussian
150,0,0,0.996464476,0.996433912,0.996439792,0.008281782,0.999969328,0.999975229,0.008311166,10,gaussian
150,1,0,0.994962067,0.994944848,0.994942335,0.050365968,0.999982694,0.999980169,0.050620993,10,gaussian
150,2,0,0.991407323,0.991392895,0.991397053,0.344821914,0.999985447,0.999989641,0.347810538,10,gaussian
150,3,0,0.995902796,0.995880944,0.995878528,0.041914179,0.999978058,0.999975633,0.042086616,10,gaussian
150,4,0,0.996668542,0.996624511,0.996630271,0.028125065,0.999955822,0.999961602,0.028219076,10,gaussian
150,5,0,0.990196916,0.990187166,0.990187078,0.573159058,0.999990154,0.999990065,0.578833411,10,gaussian
150,6,0,0.996906146,0.996835291,0.996840574,0.039120645,0.999928926,0.999934225,0.039242054,10,gaussian
150,7,0,0.993840579,0.993406236,0.993359481,0.044339667,0.999562965,0.99951592,0.044614467,10,gaussian
150,8,0,0.998454495,0.998055267,0.998069324,0.048480956,0.999600154,0.999614232,0.048555999,10,gaussian
150,9,1,0.961976484,0.01058844,0.000659891,0.000441457,0.011006964,0.000685974,0.000458906,10,gaussian
150,10,1,0.960853875,0.017330028,0.000859579,0.000625959,0.01803607,0.000894599,0.000651461,10,gaussian
150,11,1,0.961602217,0.015817881,0.000858617,0.000641009,0.016449505,0.000892903,0.000666605,10,gaussian
150,12,1,0.96072351,0.01175756,0.000611879,0.000462543,0.012238235,0.000636894,0.000481453,10,gaussian
150,13,1,0.961796603,0.016480452,0.000806136,0.000601741,0.01713507,0.000838156,0.000625643,10,gaussian
150,14,0,0.994265949,0.993511761,0.993572367,0.188584958,0.999241463,0.999302417,0.18967255,10,gaussian
151,0,0,0.996981522,0.996954639,0.996953047,0.033807276,0.999973035,0.999971438,0.033909632,10,gaussian
151,1,0,0.9966697,0.996657247,0.996656739,0.022301427,0.999987506,0.999986996,0.022375946,10,gaussian
151,2,0,0.995829724,0.995808983,0.995810782,0.04774805,0.999979172,0.999980979,0.047948006,10,gaussian
151,3,0,0.994314325,0.994282751,0.994283295,0.048309852,0.999968245,0.999968793,0.048586097,10,gaussian
151,4,0,0.997033931,0.997013776,0.997010757,0.042295706,0.999979786,0.999976758,0.042421531,10,gaussian
151,5,0,0.995467161,0.995410247,0.995393485,0.020964213,0.999942826,0.999925988,0.021059673,10,gaussian
151,6,0,0.996956415,0.99693163,0.996931802,0.114570685,0.999975139,0.999975311,0.114920455,10,gaussian
151,7,0,0.999452167,0.999431386,0.999428345,0.008547038,0.999979207,0.999976165,0.008551723,10,gaussian
151,8,1,0.960410426,0.00994415,0.00049328,0.000423267,0.010354063,0.000513613,0.000440715,10,gaussian
151,9,1,0.960760411,0.017579447,0.000684371,0.000568834,0.018297431,0.000712323,0.000592067,10,gaussian
151,10,1,0.961249895,0.019303079,0.000785378,0.00061941,0.020081228,0.000817039,0.000644379,10,gaussian
151,11,1,0.960865497,0.013612453,0.000760316,0.000576718,0.014166866,0.000791282,0.000600207,10,gaussian
151,12,1,0.96013429,0.012552287,0.000610394,0.000432259,0.01307347,0.000635738,0.000450207,10,gaussian
151,13,0,0.993564683,0.992978852,0.992954747,0.120801561,0.999410374,0.999386113,0.121583993,10,gaussian
151,14,0,0.994492213,0.994297257,0.994325037,0.05300213,0.999803964,0.999831898,0.053295671,10,gaussian
152,0,0,0.992936153,0.992926163,0.992927149,0.091088365,0.999989939,0.999990932,0.091736377,10,gaussian
152,1,0,0.993328135,0.993303137,0.993298933,0.052119119,0.999974834,0.999970602,0.052469186,10,gaussian
152,2,0,0.993092427,0.993064559,0.993061033,0.080042016,0.999971937,0.999968387,0.080598757,10,gaussian
152,3,0,0.996116896,0.996100661,0.996101893,0.065579721,0.999983701,0.999984938,0.065835367,10,gaussian
152,4,0,0.996140258,0.996106391,0.996113923,0.051777648,0.999966002,0.999973563,0.051978271,10,gaussian
152,5,0,0.998490397,0.998435427,0.998430554,0.010845475,0.999944947,0.999940067,0.010861873,10,gaussian
152,6,0,0.998563922,0.998503614,0.998494487,0.036069416,0.999939606,0.999930466,0.036121289,10,gaussian
152,7,0,0.996224142,0.996130062,0.99613253,0.043066064,0.999905564,0.999908042,0.043229292,10,gaussian
152,8,0,0.995950425,0.995480756,0.995472088,0.038184656,0.999528421,0.999519718,0.038339916,10,gaussian
152,9,1,0.960491285,0.009744579,0.000478176,0.000448712,0.010145411,0.000497846,0.000467169,10,gaussian
152,10,1,0.960403045,0.014325574,0.000645308,0.000604855,0.014916211,0.000671913,0.000629793,10,gaussian
152,11,1,0.960948446,0.014300034,0.000716313,0.000653259,0.014881167,0.000745423,0.000679807,10,gaussian
152,12,1,0.961080918,0.015874237,0.000718333,0.000614855,0.016517066,0.000747422,0.000639754,10,gaussian
152,13,1,0.960380306,0.011132533,0.000620894,0.000461749,0.011591796,0.000646508,0.000480798,10,gaussian
152,14,0,0.998238905,0.997283405,0.997338114,0.015807842,0.999042815,0.99909762,0.015835731,10,gaussian
153,0,0,0.994669744,0.994632655,0.994633439,0.111062401,0.999962712,0.9999635,0.111657564,10,gaussian
153,1,0,0.995649116,0.995575189,0.995578723,0.028785612,0.99992575,0.9999293,0.028911402,10,gaussian
153,2,1,0.961726192,0.009495094,0.000414437,0.000375902,0.00987297,0.00043093,0.000390862,10,gaussian
153,3,1,0.961055144,0.009876987,0.000402511,0.000382928,0.010277232,0.000418822,0.000398445,10,gaussian
153,4,1,0.961207991,0.014390848,0.000584297,0.000538933,0.014971627,0.000607877,0.000560683,10,gaussian
153,5,1,0.961475123,0.013026161,0.000552919,0.000522422,0.0135481,0.000575074,0.000543355,10,gaussian
153,6,1,0.961093983,0.014220011,0.000614147,0.000576756,0.01479565,0.000639008,0.000600104,10,gaussian
153,7,0,0.993430109,0.993413679,0.993411959,0.083920325,0.999983461,0.99998173,0.084475318,10,gaussian
153,8,0,0.996196825,0.996166521,0.996168581,0.027111162,0.99996958,0.999971648,0.027214664,10,gaussian
153,9,0,1.00038553,1.000365604,1.000367731,0.033389481,0.999980081,0.999982208,0.033376613,10,gaussian
153,10,0,0.996008036,0.995985039,0.995986625,0.045095839,0.99997691,0.999978503,0.045276581,10,gaussian
153,11,0,0.989590006,0.98958599,0.989585765,0.383948781,0.999995942,0.999995715,0.387987731,10,gaussian
153,12,0,0.993079397,0.993065044,0.993066174,0.404364748,0.999985547,0.999986685,0.407182697,10,gaussian
153,13,0,0.999416711,0.999392426,0.999393038,0.013189599,0.999975701,0.999976313,0.013197297,10,gaussian
153,14,0,0.999186142,0.999152468,0.999153869,0.014985007,0.999966299,0.999967701,0.014997212,10,gaussian
154,0,0,0.997013962,0.996997747,0.9969971,0.032195774,0.999983737,0.999983087,0.0322922,10,gaussian
154,1,0,0.998142943,0.998131938,0.99813156,0.009162656,0.999988974,0.999988596,0.009179703,10,gaussian
154,2,0,0.999262118,0.999237842,0.999231898,0.087177199,0.999975706,0.999969758,0.087241573,10,gaussian
154,3,0,0.997290626,0.997272222,0.997271341,0.011884523,0.999981546,0.999980663,0.01191681,10,gaussian
154,4,0,0.998037367,0.997974195,0.997977769,0.041651755,0.999936703,0.999940284,0.041733663,10,gaussian
154,5,0,0.996924316,0.996856866,0.996833394,0.013063334,0.999932341,0.999908797,0.013103637,10,gaussian
154,6,0,0.994185187,0.994118711,0.99412823,0.029974175,0.999933136,0.99994271,0.030149489,10,gaussian
154,7,1,0.959791436,0.013095889,0.000456913,0.000428166,0.013644516,0.000476055,0.000446103,10,gaussian
154,8,1,0.959854406,0.016030076,0.000628218,0.000600761,0.016700528,0.000654493,0.000625888,10,gaussian
154,9,1,0.960267109,0.015442356,0.000641286,0.000611565,0.016081313,0.00066782,0.00063687,10,gaussian
154,10,1,0.960072658,0.013579398,0.000625791,0.000584943,0.014144135,0.000651817,0.000609269,10,gaussian
154,11,1,0.961089595,0.010996467,0.000461915,0.000406357,0.011441667,0.000480616,0.000422808,10,gaussian
154,12,0,0.997482741,0.997363207,0.997363207,0.01811802,0.999880164,0.999880164,0.018163743,10,gaussian
154,13,0,0.996667861,0.996451318,0.996487742,0.040501024,0.999782733,0.999819278,0.040636431,10,gaussian
154,14,0,0.996727353,0.996583762,0.996594604,0.034169686,0.999855938,0.999866815,0.034281879,10,gaussian
155,0,0,0.994909724,0.994895672,0.994898333,0.02757285,0.999985875,0.99998855,0.027713922,10,gaussian
155,1,0,0.995891243,0.995879603,0.995876458,0.018468604,0.999988312,0.999985154,0.0185448,10,gaussian
155,2,0,0.996627109,0.996616509,0.996616702,0.015116057,0.999989365,0.999989558,0.015167214,10,gaussian
155,3,0,0.992937981,0.992922421,0.992921907,0.081078788,0.99998433,0.999983812,0.08165544,10,gaussian
155,4,0,0.992213995,0.992178011,0.992178114,0.192207006,0.999963734,0.999963837,0.193715274,10,gaussian
155,5,0,0.991437781,0.991416101,0.991414055,0.048037251,0.999978133,0.999976069,0.048452109,10,gaussian
155,6,0,0.992962296,0.992942799,0.992940647,0.055404822,0.999980365,0.999978197,0.055797508,10,gaussian
155,7,0,0.997083105,0.996994972,0.997000887,0.017445202,0.999911609,0.999917541,0.017496237,10,gaussian
155,8,0,0.991001235,0.990343299,0.990205069,0.269843634,0.999336089,0.999196605,0.272293943,10,gaussian
155,9,0,0.99622502,0.994657226,0.994924549,0.030898325,0.998426266,0.998694601,0.031015407,10,gaussian
155,10,1,0.961244642,0.012001859,0.000506185,0.000411873,0.012485749,0.000526593,0.000428479,10,gaussian
155,11,1,0.960614454,0.010631803,0.000710457,0.000437306,0.01106771,0.000739586,0.000455236,10,gaussian
155,12,1,0.961741441,0.015289455,0.000752333,0.000582393,0.015897677,0.000782261,0.000605561,10,gaussian
155,13,1,0.96066386,0.011586406,0.000864455,0.000594291,0.012060833,0.000899852,0.000618625,10,gaussian
155,14,1,0.961817505,0.013393758,0.000834856,0.000605033,0.013925467,0.000867999,0.000629051,10,gaussian
156,0,0,0.992878327,0.992870094,0.992869121,0.148053532,0.999991708,0.999990728,0.149115484,10,gaussian
156,1,0,0.993913436,0.993886993,0.993882227,0.05109062,0.999973396,0.999968601,0.05140349,10,gaussian
156,2,0,0.995918269,0.995884975,0.995881125,0.039341991,0.999966569,0.999962703,0.039503233,10,gaussian
156,3,0,0.99915735,0.999137528,0.999137484,0.02081663,0.999980161,0.999980118,0.020834186,10,gaussian
156,4,0,0.995464868,0.995430388,0.995429066,0.034030443,0.999965364,0.999964035,0.034185478,10,gaussian
156,5,0,0.993138029,0.993122998,0.993123788,0.175101736,0.999984865,0.999985661,0.176311581,10,gaussian
156,6,0,0.993302455,0.993239677,0.993244088,0.108618287,0.999936798,0.999941239,0.109350668,10,gaussian
156,7,0,0.996493449,0.996334503,0.996314915,0.079159278,0.999840494,0.999820837,0.079437831,10,gaussian
156,8,0,0.996278855,0.995833629,0.995858285,0.13950662,0.999553111,0.999577859,0.140027684,10,gaussian
156,9,1,0.959942876,0.010237124,0.000795736,0.000489768,0.010664305,0.000828941,0.000510205,10,gaussian
156,10,1,0.960888415,0.014200153,0.001085961,0.000655983,0.01477815,0.001130163,0.000682684,10,gaussian
156,11,1,0.960206471,0.016609524,0.001349719,0.000727991,0.017297867,0.001405655,0.000758161,10,gaussian
156,12,1,0.961227072,0.016117536,0.001622728,0.0006507,0.016767668,0.001688183,0.000676947,10,gaussian
156,13,1,0.961768253,0.015906563,0.002513483,0.000505917,0.016538873,0.002613398,0.000526028,10,gaussian
156,14,0,0.992401427,0.987745743,0.988382059,0.082459205,0.995308668,0.995949856,0.083090575,10,gaussian
157,0,0,0.997104646,0.997090109,0.997089534,0.028736311,0.999985421,0.999984844,0.028819754,10,gaussian
157,1,0,0.996100577,0.996072373,0.996069994,0.034276745,0.999971685,0.999969297,0.034410928,10,gaussian
157,2,0,0.999189094,0.999143672,0.99914602,0.008928085,0.99995454,0.99995689,0.00893533,10,gaussian
157,3,0,0.996238752,0.996221584,0.996217426,0.036618995,0.999982768,0.999978594,0.036757249,10,gaussian
157,4,0,0.993068511,0.993010081,0.993022117,0.218552877,0.999941162,0.999953282,0.220078348,10,gaussian
157,5,0,1.000471239,1.000402901,1.000392925,0.012122354,0.999931694,0.999921723,0.012116644,10,gaussian
157,6,0,0.99545122,0.99498375,0.995021676,0.04881648,0.999530394,0.999568494,0.04903955,10,gaussian
157,7,0,0.992743594,0.992486387,0.992448925,0.039209139,0.999740913,0.999703178,0.039495736,10,gaussian
157,8,0,0.99464325,0.994441576,0.994349534,0.04432884,0.999797239,0.999704702,0.044567577,10,gaussian
157,9,0,0.993003062,0.990396959,0.990754901,0.034826255,0.997375534,0.997735998,0.035071649,10,gaussian
157,10,1,0.96113694,0.013822224,0.00061521,0.000487793,0.014381118,0.000640086,0.000507517,10,gaussian
157,11,1,0.96146355,0.016375634,0.000920973,0.000674516,0.017031986,0.000957887,0.000701551,10,gaussian
157,12,1,0.959955082,0.017528463,0.001118099,0.000763021,0.01825967,0.001164741,0.000794851,10,gaussian
157,13,1,0.961177669,0.01097156,0.001174265,0.00048983,0.011414705,0.001221694,0.000509614,10,gaussian
157,14,1,0.959835747,0.015826284,0.001202951,0.000710739,0.016488533,0.001253289,0.00074048,10,gaussian
158,0,0,0.997269673,0.997242147,0.997243145,0.019299053,0.999972399,0.9999734,0.01935189,10,gaussian
158,1,0,0.995612775,0.995592521,0.995591959,0.012691205,0.999979657,0.999979092,0.01274713,10,gaussian
158,2,0,0.991578834,0.991545909,0.991550236,0.056106616,0.999966796,0.999971159,0.056583112,10,gaussian
158,3,0,0.994831424,0.994806769,0.994806183,0.115819078,0.999975217,0.999974627,0.116420808,10,gaussian
158,4,0,0.99607361,0.996036631,0.996036319,0.062571839,0.999962875,0.999962562,0.062818489,10,gaussian
158,5,0,0.994176885,0.994108961,0.9941123,0.01904152,0.999931678,0.999935036,0.019153051,10,gaussian
158,6,0,0.992562359,0.992535586,0.992536527,0.106124662,0.999973027,0.999973974,0.106919894,10,gaussian
158,7,0,0.991592147,0.99153766,0.991527421,0.086929056,0.999945051,0.999934724,0.08766614,10,gaussian
158,8,0,0.997541652,0.997478509,0.997473759,0.049035432,0.999936701,0.99993194,0.049156275,10,gaussian
158,9,1,0.961585204,0.011766323,0.000569971,0.00041255,0.012236382,0.000592741,0.000429031,10,gaussian
158,10,1,0.961626739,0.016032372,0.000833654,0.000557318,0.016672136,0.00086692,0.000579558,10,gaussian
158,11,1,0.96064753,0.018715893,0.001091853,0.000612248,0.01948258,0.001136581,0.000637329,10,gaussian
158,12,1,0.960238576,0.012364536,0.001368732,0.000483125,0.012876525,0.001425408,0.00050313,10,gaussian
158,13,1,0.960845979,0.01662188,0.001611783,0.000623152,0.017299213,0.001677462,0.000648545,10,gaussian
158,14,0,0.99279263,0.984967982,0.985180583,0.199075869,0.992118547,0.992332692,0.200521099,10,gaussian
159,0,0,0.993327669,0.99330234,0.99329662,0.040448418,0.999974501,0.999968742,0.040720116,10,gaussian
159,1,0,0.998177239,0.998158441,0.99815954,0.012011827,0.999981168,0.999982268,0.012033761,10,gaussian
159,2,0,0.995959076,0.99593032,0.995931667,0.027842326,0.999971127,0.99997248,0.027955292,10,gaussian
159,3,0,0.990077195,0.990068422,0.990067879,0.898512878,0.999991139,0.999990591,0.907518002,10,gaussian
159,4,0,0.994469567,0.994424094,0.99441641,0.019878549,0.999954274,0.999946547,0.019989097,10,gaussian
159,5,0,0.996273865,0.996202686,0.996204923,0.059610046,0.999928555,0.9999308,0.059832992,10,gaussian
159,6,0,0.998986172,0.998905667,0.998903326,0.022450617,0.999919413,0.99991707,0.022473401,10,gaussian
159,7,0,0.992956531,0.992804957,0.992783789,0.061655931,0.999847351,0.999826032,0.062093283,10,gaussian
159,8,0,0.99644845,0.99623616,0.996233832,0.01460327,0.999786953,0.999784617,0.014655319,10,gaussian
159,9,0,0.988384154,0.988152254,0.988159945,0.328793141,0.999765375,0.999773156,0.332657236,10,gaussian
159,10,1,0.960536943,0.01017247,0.000537826,0.000444077,0.010590399,0.000559922,0.000462321,10,gaussian
159,11,1,0.961029237,0.010754626,0.000582025,0.000447678,0.011190738,0.000605627,0.000465832,10,gaussian
159,12,1,0.961157284,0.017299311,0.000735785,0.000604769,0.017998418,0.00076552,0.000629209,10,gaussian
159,13,1,0.961591124,0.01569153,0.000768185,0.000592493,0.016318297,0.000798869,0.000616159,10,gaussian
159,14,1,0.960178315,0.017659918,0.000813678,0.000660186,0.018392331,0.000847424,0.000687566,10,gaussian
160,0,0,0.994163502,0.994142186,0.994140927,0.206263069,0.999978559,0.999977293,0.207473991,10,gaussian
160,1,0,0.992450692,0.992405335,0.992408302,0.165584877,0.999954298,0.999957288,0.166844437,10,gaussian
160,2,0,0.997517995,0.997490714,0.997492596,0.081994966,0.999972652,0.999974538,0.082198984,10,gaussian
160,3,0,0.992565165,0.992516549,0.992515875,0.125558078,0.99995102,0.99995034,0.126498574,10,gaussian
160,4,0,0.993442261,0.993427838,0.993425037,0.058336793,0.999985481,0.999982662,0.058721876,10,gaussian
160,5,0,0.997054847,0.99703942,0.997038419,0.027831622,0.999984527,0.999983523,0.027913832,10,gaussian
160,6,0,0.993529858,0.99345341,0.993460851,0.120720022,0.999923054,0.999930543,0.121506185,10,gaussian
160,7,0,0.996500424,0.99641591,0.996415647,0.034644609,0.99991519,0.999914925,0.034766276,10,gaussian
160,8,0,0.995808382,0.995514682,0.99556551,0.030735053,0.999705064,0.999756106,0.030864425,10,gaussian
160,9,1,0.960921807,0.011597564,0.000558749,0.000429839,0.012069207,0.000581471,0.000447319,10,gaussian
160,10,0,0.994828884,0.994011365,0.994055928,0.099813851,0.999178232,0.999223027,0.100332683,10,gaussian
160,11,1,0.961403874,0.016321923,0.000778223,0.000584788,0.016977176,0.000809465,0.000608264,10,gaussian
160,12,1,0.959556996,0.016583677,0.000904338,0.000674595,0.017282639,0.000942454,0.000703028,10,gaussian
160,13,1,0.962174178,0.013426316,0.000789939,0.000405344,0.013954143,0.000820994,0.000421279,10,gaussian
160,14,1,0.960448629,0.017484208,0.000887257,0.000592565,0.018204209,0.000923794,0.000616967,10,gaussian
161,0,0,0.996366531,0.996350806,0.996351407,0.024223444,0.999984218,0.999984822,0.02431178,10,gaussian
161,1,0,0.995797845,0.995775602,0.995769081,0.084892482,0.999977663,0.999971115,0.085250718,10,gaussian
161,2,0,0.998435717,0.998420872,0.99842114,0.014391983,0.999985131,0.9999854,0.014414531,10,gaussian
161,3,0,0.993049354,0.993026003,0.993024576,0.036319379,0.999976485,0.999975048,0.03657359,10,gaussian
161,4,0,0.994084271,0.994070361,0.994065981,0.038407215,0.999986007,0.999981601,0.038635774,10,gaussian
161,5,0,0.996052567,0.996032751,0.996029012,0.059926175,0.999980106,0.999976352,0.060163667,10,gaussian
161,6,0,0.98944913,0.98944092,0.989443006,0.624072714,0.999991702,0.999993811,0.630727437,10,gaussian
161,7,0,0.994834335,0.994795481,0.994806375,0.117057563,0.999960944,0.999971895,0.117665383,10,gaussian
161,8,0,0.994412171,0.994316246,0.994314208,0.0467097,0.999903537,0.999901487,0.046972172,10,gaussian
161,9,0,0.994469713,0.993578505,0.993813234,0.036107424,0.999103836,0.999339871,0.036308219,10,gaussian
161,10,1,0.959874344,0.009544563,0.000472719,0.000429398,0.009943555,0.00049248,0.000447348,10,gaussian
161,11,1,0.960644226,0.010191201,0.000590675,0.000405289,0.010608715,0.000614873,0.000421892,10,gaussian
161,12,1,0.961202801,0.015806313,0.000619553,0.000544443,0.016444306,0.00064456,0.000566419,10,gaussian
161,13,1,0.961618212,0.01448328,0.000712402,0.000541513,0.015061362,0.000740837,0.000563127,10,gaussian
161,14,1,0.959950532,0.017580927,0.000709348,0.000596188,0.018314409,0.000738942,0.000621061,10,gaussian
162,0,0,0.995509191,0.99547299,0.995473659,0.078507618,0.999963636,0.999964308,0.078861771,10,gaussian
162,1,0,0.997282436,0.997253072,0.997254017,0.032987223,0.999970556,0.999971504,0.033077112,10,gaussian
162,2,0,0.995107389,0.99508992,0.995088486,0.016199281,0.999982445,0.999981004,0.016278928,10,gaussian
162,3,0,0.993515386,0.993495496,0.993493315,0.057993459,0.99997998,0.999977785,0.058371979,10,gaussian
162,4,0,0.995414277,0.995385594,0.99539037,0.197563001,0.999971184,0.999975982,0.198473144,10,gaussian
162,5,0,0.994372542,0.994318309,0.99431204,0.112327422,0.999945459,0.999939155,0.112963117,10,gaussian
162,6,0,0.993982065,0.99387814,0.993892722,0.044395959,0.999895446,0.999910116,0.044664748,10,gaussian
162,7,0,0.992325301,0.992283883,0.99229403,0.399061971,0.999958263,0.999968487,0.402148338,10,gaussian
162,8,0,0.997439823,0.997182777,0.997167119,0.010482544,0.999742294,0.999726596,0.01050945,10,gaussian
162,9,0,0.994448942,0.994173351,0.994171897,0.043381461,0.99972287,0.999721408,0.043623619,10,gaussian
162,10,1,0.961067694,0.011696997,0.00056931,0.00047929,0.012170836,0.000592373,0.000498706,10,gaussian
162,11,1,0.960231411,0.01460269,0.000548298,0.000507938,0.01520747,0.000571006,0.000528974,10,gaussian
162,12,1,0.961041921,0.016955735,0.000804507,0.000700841,0.017643075,0.00083712,0.000729251,10,gaussian
162,13,1,0.959817286,0.017646236,0.000760123,0.000703444,0.018384996,0.000791945,0.000732893,10,gaussian
162,14,1,0.961072813,0.017186856,0.000784787,0.000704044,0.017882991,0.000816574,0.00073256,10,gaussian
163,0,0,0.994177666,0.99411987,0.994125656,0.050205017,0.999941865,0.999947685,0.050499039,10,gaussian
163,1,0,0.991108203,0.991085354,0.991071584,0.050762552,0.999976947,0.999963053,0.051217972,10,gaussian
163,2,0,0.998184826,0.998171609,0.998172352,0.013537752,0.999986759,0.999987502,0.01356237,10,gaussian
163,3,0,0.98987231,0.989842432,0.989847931,0.208615968,0.999969817,0.999975372,0.210750382,10,gaussian
163,4,0,0.996804854,0.996781379,0.996784241,0.074290155,0.99997645,0.999979322,0.074528284,10,gaussian
163,5,0,0.99379464,0.993767502,0.993765233,0.059915497,0.999972693,0.99997041,0.060289615,10,gaussian
163,6,0,0.993776053,0.993724105,0.993729845,0.200836582,0.999947727,0.999953503,0.202094407,10,gaussian
163,7,0,0.994348368,0.994314945,0.994315269,0.077110278,0.999966387,0.999966713,0.077548554,10,gaussian
163,8,1,0.95998443,0.009253662,0.000480721,0.000450183,0.009639387,0.000500759,0.000468949,10,gaussian
163,9,1,0.961210315,0.01250407,0.000658723,0.000596232,0.013008673,0.000685306,0.000620292,10,gaussian
163,10,1,0.961196575,0.017033621,0.000692989,0.000633273,0.017721267,0.000720965,0.000658838,10,gaussian
163,11,1,0.960885315,0.009877497,0.000469652,0.000437509,0.01027958,0.00048877,0.000455318,10,gaussian
163,12,1,0.961724874,0.014931021,0.000620761,0.000581915,0.015525252,0.000645466,0.000605074,10,gaussian
163,13,0,0.999089173,0.998921338,0.998871694,0.017961833,0.999832013,0.999782323,0.017978208,10,gaussian
163,14,0,0.995170718,0.995077407,0.995082174,0.024637486,0.999906236,0.999911026,0.024757045,10,gaussian
164,0,0,0.995474925,0.995457482,0.995456553,0.046197782,0.999982478,0.999981545,0.046407781,10,gaussian
164,1,0,0.997332255,0.997273083,0.99727137,0.051760921,0.99994067,0.999938952,0.051899375,10,gaussian
164,2,0,0.992580995,0.992553758,0.992553377,0.109496556,0.999972559,0.999972176,0.110314983,10,gaussian
164,3,0,0.996834591,0.996822513,0.996823305,0.018339848,0.999987883,0.999988678,0.018398085,10,gaussian
164,4,0,0.996874161,0.996818397,0.996817137,0.021213634,0.999944061,0.999942798,0.021280152,10,gaussian
164,5,0,0.995935039,0.995794328,0.995814473,0.108523828,0.999858714,0.999878942,0.108966774,10,gaussian
164,6,0,0.997085387,0.997065454,0.997065218,0.027425663,0.999980009,0.999979772,0.027505832,10,gaussian
164,7,0,0.993483413,0.993308529,0.99332166,0.115028029,0.999823968,0.999837185,0.115782536,10,gaussian
164,8,0,0.995074681,0.994934261,0.994970974,0.103265669,0.999858885,0.99989578,0.103776803,10,gaussian
164,9,0,0.995124861,0.994336472,0.994062624,0.030518232,0.999207749,0.998932559,0.030667741,10,gaussian
164,10,1,0.961635181,0.009369863,0.000720841,0.000439703,0.009743677,0.0007496,0.000457245,10,gaussian
164,11,1,0.960471169,0.013163752,0.000610774,0.000475612,0.013705515,0.00063591,0.000495186,10,gaussian
164,12,1,0.960742402,0.014992178,0.000907136,0.0006445,0.015604784,0.000944203,0.000670836,10,gaussian
164,13,1,0.961231928,0.012984047,0.000885054,0.000656156,0.013507715,0.000920749,0.00068262,10,gaussian
164,14,1,0.961036413,0.016524009,0.00080648,0.000627945,0.017193947,0.000839178,0.000653404,10,gaussian
165,0,0,0.998263395,0.998248219,0.998250226,0.020594148,0.999984797,0.999986809,0.020629974,10,gaussian
165,1,0,0.997601147,0.997597962,0.997597294,0.011733526,0.999996807,0.999996138,0.011761741,10,gaussian
165,2,0,0.993892886,0.993872626,0.993867817,0.037392577,0.999979615,0.999974777,0.037622341,10,gaussian
165,3,0,0.99439828,0.994370291,0.994377569,0.038409843,0.999971853,0.999979172,0.038626216,10,gaussian
165,4,0,0.992716123,0.992692196,0.99268779,0.294580566,0.999975897,0.999971459,0.296741998,10,gaussian
165,5,0,0.996828498,0.996799253,0.996795987,0.012229154,0.999970662,0.999967386,0.012268062,10,gaussian
165,6,0,0.996110279,0.995997224,0.996004596,0.018488814,0.999886503,0.999893904,0.018561011,10,gaussian
165,7,0,0.995407157,0.995016475,0.995198037,0.174205233,0.999607515,0.999789915,0.175009022,10,gaussian
165,8,0,0.997744001,0.996872049,0.996850844,0.010150182,0.999126076,0.999104823,0.010173132,10,gaussian
165,9,0,0.996692927,0.996527224,0.996508543,0.012473195,0.999833747,0.999815003,0.012514582,10,gaussian
165,10,1,0.961171808,0.013115194,0.000601391,0.000452055,0.013645004,0.000625685,0.000470317,10,gaussian
165,11,1,0.961461325,0.016143886,0.000780998,0.000597334,0.016790988,0.000812303,0.000621277,10,gaussian
165,12,1,0.961177563,0.01291857,0.00056226,0.000458898,0.013440358,0.00058497,0.000477433,10,gaussian
165,13,1,0.961001645,0.016399736,0.000836044,0.000662761,0.017065253,0.000869972,0.000689657,10,gaussian
165,14,1,0.96142829,0.019147748,0.000762058,0.000612109,0.01991594,0.000792631,0.000636667,10,gaussian
166,0,0,0.996724445,0.996692402,0.9966925,0.012146,0.999967852,0.999967951,0.012185916,10,gaussian
166,1,0,0.995503605,0.995493623,0.995493175,0.050479772,0.999989973,0.999989523,0.050707774,10,gaussian
166,2,0,0.995547571,0.995527698,0.995525113,0.02771379,0.999980037,0.999977441,0.027837735,10,gaussian
166,3,0,0.997209474,0.99719107,0.997190617,0.013843404,0.999981544,0.99998109,0.013882142,10,gaussian
166,4,0,0.99575198,0.995737322,0.995737926,0.057730947,0.999985279,0.999985886,0.057977235,10,gaussian
166,5,0,0.992276175,0.992231383,0.992236001,0.151915045,0.999954859,0.999959513,0.153097544,10,gaussian
166,6,0,0.993792636,0.993713415,0.993712074,0.128545249,0.999920284,0.999918935,0.12934816,10,gaussian
166,7,0,0.99418516,0.994115228,0.994113507,0.03165535,0.999929658,0.999927927,0.031840497,10,gaussian
166,8,0,0.995716531,0.994936029,0.994812711,0.032738561,0.99921614,0.999092292,0.032879399,10,gaussian
166,9,1,0.960691469,0.009974073,0.000651588,0.00046383,0.010382181,0.000678249,0.000482809,10,gaussian
166,10,1,0.960522425,0.016525963,0.000807072,0.000637559,0.017205182,0.000840243,0.000663763,10,gaussian
166,11,1,0.961649064,0.017077289,0.000789975,0.000633749,0.017758338,0.000821479,0.000659023,10,gaussian
166,12,1,0.961643427,0.014978247,0.00075237,0.000606415,0.015575677,0.000782379,0.000630603,10,gaussian
166,13,1,0.960542106,0.011976662,0.000567543,0.000457627,0.012468648,0.000590857,0.000476425,10,gaussian
166,14,0,0.996559567,0.995457361,0.99525284,0.019189511,0.998893988,0.998688761,0.019255759,10,gaussian
167,0,0,0.993599934,0.993573371,0.993571952,0.162087089,0.999973266,0.999971838,0.163131139,10,gaussian
167,1,0,0.995854286,0.995818293,0.995815725,0.013524031,0.999963857,0.999961278,0.013580331,10,gaussian
167,2,0,0.991611032,0.991599627,0.991597877,0.534916534,0.999988499,0.999986734,0.539441895,10,gaussian
167,3,0,0.992951253,0.992939826,0.992936165,0.036701516,0.999988492,0.999984805,0.036962052,10,gaussian
167,4,0,0.99625643,0.996216799,0.99621902,0.014127324,0.99996022,0.99996245,0.014180409,10,gaussian
167,5,1,0.960746401,0.011609922,0.000482597,0.000444115,0.012084273,0.000502314,0.00046226,10,gaussian
167,6,1,0.961607439,0.015813383,0.00066423,0.000602156,0.016444739,0.00069075,0.000626197,10,gaussian
167,7,1,0.960660623,0.011982673,0.000510115,0.0004672,0.012473368,0.000531005,0.000486332,10,gaussian
167,8,1,0.961159234,0.013429622,0.000711963,0.000643851,0.013972317,0.000740734,0.000669869,10,gaussian
167,9,1,0.961891752,0.014531215,0.000688217,0.000608176,0.015106913,0.000715482,0.000632271,10,gaussian
167,10,0,0.99625601,0.996183166,0.99616609,0.031882115,0.999926883,0.999909743,0.03200193,10,gaussian
167,11,0,0.997667966,0.997640509,0.997639769,0.033064464,0.999972478,0.999971737,0.033141752,10,gaussian
167,12,0,0.99708668,0.997056005,0.997056594,0.026894769,0.999969236,0.999969826,0.026973351,10,gaussian
167,13,0,0.994784864,0.994771725,0.994769285,0.029091366,0.999986793,0.999984339,0.029243877,10,gaussian
167,14,0,0.999095419,0.999061362,0.999062477,0.010780981,0.999965912,0.999967028,0.010790742,10,gaussian
168,0,0,0.994400064,0.994352401,0.994356984,0.051840889,0.999952069,0.999956677,0.052132829,10,gaussian
168,1,0,0.989839575,0.989800777,0.989806041,0.204391405,0.999960804,0.999966121,0.206489425,10,gaussian
168,2,0,0.989651726,0.989629534,0.989631104,0.217335799,0.999977575,0.999979162,0.219608366,10,gaussian
168,3,0,1.00094021,1.000924021,1.000927244,0.027843711,0.999983826,0.999987047,0.027817557,10,gaussian
168,4,0,0.989337789,0.989306633,0.989306408,0.409927094,0.999968508,0.999968281,0.414344927,10,gaussian
168,5,0,0.993145826,0.993133089,0.993130321,0.155746511,0.999987175,0.999984388,0.156821393,10,gaussian
168,6,0,0.992864707,0.992836505,0.992837506,0.062356524,0.999971595,0.999972604,0.062804654,10,gaussian
168,7,0,0.996489993,0.996474183,0.996476316,0.057164443,0.999984134,0.999986275,0.057365798,10,gaussian
168,8,1,0.960506491,0.01118805,0.000474193,0.000453932,0.011648073,0.000493691,0.000472597,10,gaussian
168,9,1,0.960742185,0.015010749,0.000671043,0.000624295,0.015624118,0.000698463,0.000649805,10,gaussian
168,10,1,0.959917569,0.01173815,0.000512064,0.000475985,0.012228289,0.000533446,0.000495861,10,gaussian
168,11,1,0.960384578,0.013814119,0.0007549,0.000697484,0.014383945,0.00078604,0.000726255,10,gaussian
168,12,1,0.960882204,0.016149858,0.000685581,0.00062735,0.016807323,0.000713491,0.000652889,10,gaussian
168,13,0,0.996421017,0.99627275,0.996279518,0.048386767,0.9998512,0.999857993,0.048560564,10,gaussian
168,14,0,0.997262053,0.997001151,0.997001431,0.004605796,0.999738383,0.999738663,0.004618441,10,gaussian
169,0,0,0.995993015,0.995979684,0.995979019,0.024096624,0.999986616,0.999985947,0.024193567,10,gaussian
169,1,0,0.996005056,0.995987674,0.995986787,0.322726714,0.999982548,0.999981657,0.324021161,10,gaussian
169,2,0,0.99454753,0.994495831,0.994492524,0.169580404,0.999948018,0.999944693,0.170510106,10,gaussian
169,3,0,0.995717387,0.995684634,0.995684398,0.027682905,0.999967107,0.99996687,0.027801971,10,gaussian
169,4,0,0.997282727,0.997267766,0.997268047,0.017691755,0.999984998,0.99998528,0.017739959,10,gaussian
169,5,0,0.994559203,0.994440823,0.994445459,0.065102853,0.999880972,0.999885633,0.065459002,10,gaussian
169,6,0,0.997299806,0.997145722,0.997171025,0.02557391,0.999845498,0.99987087,0.025643151,10,gaussian
169,7,0,0.998300081,0.99808103,0.998066416,0.00659664,0.999780575,0.999765937,0.006607873,10,gaussian
169,8,0,0.995801828,0.995508467,0.995457614,0.036375758,0.999705403,0.999654335,0.036529114,10,gaussian
169,9,1,0.96054482,0.011510408,0.000577348,0.000496647,0.011983207,0.000601063,0.000517047,10,gaussian
169,10,1,0.959631412,0.017727889,0.000895212,0.000739698,0.018473643,0.00093287,0.000770814,10,gaussian
169,11,1,0.96079563,0.019808117,0.000977259,0.000738595,0.020616369,0.001017135,0.000768732,10,gaussian
169,12,1,0.96155954,0.017983106,0.000999072,0.000657827,0.01870202,0.001039012,0.000684126,10,gaussian
169,13,1,0.961401267,0.012603433,0.001121081,0.000483705,0.01310944,0.001166091,0.000503125,10,gaussian
169,14,0,0.995713084,0.993125291,0.992464663,0.072061117,0.997401066,0.996737594,0.072371367,10,gaussian
170,0,0,0.996398032,0.996340231,0.996336412,0.015590493,0.99994199,0.999938157,0.015646852,10,gaussian
170,1,0,0.991455869,0.991450434,0.991445856,0.06336593,0.999994519,0.999989901,0.063912003,10,gaussian
170,2,0,0.995707816,0.995678295,0.995679259,0.031542602,0.999970352,0.999971319,0.031678572,10,gaussian
170,3,0,0.992196029,0.992155905,0.992153489,0.11925249,0.99995956,0.999957126,0.120190453,10,gaussian
170,4,0,0.994415865,0.994392581,0.994396332,0.047248859,0.999976585,0.999980358,0.047514185,10,gaussian
170,5,0,0.991558947,0.991541531,0.991544029,0.410026516,0.999982436,0.999984955,0.413517035,10,gaussian
170,6,0,0.996216117,0.996070661,0.996092809,0.027015617,0.999853992,0.999876224,0.027118229,10,gaussian
170,7,0,0.992498003,0.992373147,0.992372261,0.07485725,0.9998742,0.999873308,0.075423074,10,gaussian
170,8,0,0.996105598,0.995660885,0.995699455,0.036039507,0.999553548,0.999592269,0.036180408,10,gaussian
170,9,0,0.995708797,0.994901354,0.994982195,0.081551903,0.999189077,0.999270267,0.081903367,10,gaussian
170,10,1,0.96022257,0.009162449,0.000591809,0.000441768,0.009542006,0.000616325,0.000460068,10,gaussian
170,11,1,0.960868934,0.012338734,0.000523512,0.000428761,0.012841225,0.000544832,0.000446222,10,gaussian
170,12,1,0.960457018,0.012828265,0.000752311,0.00061756,0.013356417,0.000783285,0.000642985,10,gaussian
170,13,1,0.961388785,0.015231601,0.000753428,0.000617532,0.015843331,0.000783687,0.000642333,10,gaussian
170,14,1,0.960650353,0.020459079,0.000796412,0.000667788,0.021297112,0.000829034,0.000695142,10,gaussian
171,0,0,0.995709266,0.995690775,0.99568891,0.012531588,0.999981429,0.999979556,0.012585589,10,gaussian
171,1,0,0.996301294,0.996250378,0.996252075,0.035117282,0.999948895,0.999950598,0.035247653,10,gaussian
171,2,0,0.994949068,0.994919315,0.994920711,0.034137817,0.999970096,0.999971499,0.03431112,10,gaussian
171,3,0,0.997009647,0.996989582,0.996990696,0.058671958,0.999979875,0.999980992,0.058847934,10,gaussian
171,4,0,0.995709957,0.995662277,0.995665786,0.1607083,0.999952115,0.999955638,0.161400716,10,gaussian
171,5,0,0.993767931,0.993725605,0.993736229,0.2033843,0.999957409,0.9999681,0.204659754,10,gaussian
171,6,0,0.9970276,0.997001233,0.997005667,0.023422138,0.999973554,0.999978001,0.023491965,10,gaussian
171,7,0,0.993390107,0.993270944,0.993283093,0.090236402,0.999880044,0.999892274,0.090836824,10,gaussian
171,8,0,0.989328297,0.988855945,0.988865835,0.145877588,0.999522553,0.99953255,0.147451143,10,gaussian
171,9,1,0.960744287,0.014882188,0.000555863,0.000493852,0.01549027,0.000578575,0.000514031,10,gaussian
171,10,1,0.96147785,0.019449861,0.000760001,0.00065317,0.020229131,0.000790451,0.000679339,10,gaussian
171,11,1,0.960700977,0.019321119,0.000837394,0.000709928,0.020111481,0.000871649,0.000738969,10,gaussian
171,12,1,0.961099795,0.017064113,0.000788996,0.000651591,0.017754778,0.000820931,0.000677964,10,gaussian
171,13,1,0.961518729,0.010712309,0.000602927,0.000478399,0.01114103,0.000627057,0.000497545,10,gaussian
171,14,0,0.996462599,0.995308705,0.995389101,0.025762488,0.998842009,0.99892269,0.025853944,10,gaussian
172,0,0,1.000655898,1.00058526,1.000592171,0.023226823,0.999929409,0.999936316,0.023211598,10,gaussian
172,1,0,0.995603251,0.995579936,0.995579216,0.037337078,0.999976583,0.99997586,0.037501965,10,gaussian
172,2,0,0.996970185,0.99695597,0.996955779,0.009696201,0.999985743,0.999985551,0.009725668,10,gaussian
172,3,0,0.993625868,0.993604099,0.993600825,0.078670772,0.999978091,0.999974797,0.079175447,10,gaussian
172,4,0,0.996295688,0.996278271,0.996280487,0.018827099,0.999982518,0.999984742,0.0188971,10,gaussian
172,5,0,0.996418495,0.996410309,0.996408993,0.020878194,0.999991784,0.999990464,0.020953238,10,gaussian
172,6,0,0.995888574,0.995863418,0.99586225,0.053000147,0.99997474,0.999973568,0.053218953,10,gaussian
172,7,0,0.992393216,0.992311247,0.992315957,0.132179191,0.999917403,0.999922148,0.133192356,10,gaussian
172,8,0,0.994930194,0.994256826,0.994295763,0.045357741,0.999323201,0.999362336,0.045588867,10,gaussian
172,9,0,0.998773518,0.998346234,0.998220031,0.025959679,0.999572192,0.999445834,0.025991557,10,gaussian
172,10,1,0.960887154,0.01069621,0.00053408,0.000471379,0.011131599,0.000555819,0.000490567,10,gaussian
172,11,1,0.960314306,0.015360883,0.000775639,0.000680522,0.015995682,0.000807693,0.000708645,10,gaussian
172,12,1,0.960145863,0.010846901,0.000607943,0.000468835,0.011297139,0.000633178,0.000488295,10,gaussian
172,13,1,0.960664576,0.018853866,0.000805527,0.000705903,0.019625858,0.00083851,0.000734807,10,gaussian
172,14,1,0.961204882,0.016871161,0.000798871,0.000658223,0.017552096,0.000831115,0.00068479,10,gaussian
173,0,0,0.993986351,0.99393253,0.993935477,0.033651086,0.999945854,0.999948819,0.033854677,10,gaussian
173,1,0,0.994839329,0.99481525,0.994814729,0.100605284,0.999975796,0.999975273,0.101127169,10,gaussian
173,2,0,0.993984172,0.99395948,0.993960574,0.087609198,0.999975159,0.999976259,0.08813943,10,gaussian
173,3,0,0.995735873,0.995706274,0.99570789,0.025382316,0.999970274,0.999971897,0.025491013,10,gaussian
173,4,0,0.998756031,0.998741019,0.998735915,0.024518386,0.999984969,0.999979859,0.024548924,10,gaussian
173,5,0,0.989552662,0.989542901,0.989544693,0.793507271,0.999990136,0.999991947,0.801884834,10,gaussian
173,6,0,0.996522786,0.996437603,0.996438694,0.024045494,0.999914519,0.999915614,0.024129397,10,gaussian
173,7,1,0.960816308,0.011148556,0.000492212,0.000442035,0.011603213,0.000512285,0.000460061,10,gaussian
173,8,1,0.960636861,0.016710728,0.000686925,0.00061291,0.017395468,0.000715072,0.000638024,10,gaussian
173,9,1,0.960344984,0.017689193,0.000755973,0.000666081,0.018419624,0.000787189,0.000693586,10,gaussian
173,10,1,0.96128567,0.016223087,0.000681702,0.000593832,0.016876448,0.000709156,0.000617748,10,gaussian
173,11,1,0.961188263,0.011590971,0.000513103,0.00043145,0.012059002,0.000533822,0.000448872,10,gaussian
173,12,0,0.991870259,0.991848704,0.991854602,0.080303069,0.999978269,0.999984214,0.080961263,10,gaussian
173,13,0,0.99500229,0.99491641,0.994887468,0.072506686,0.999913689,0.999884601,0.072870873,10,gaussian
173,14,0,0.999061658,0.998763641,0.998710682,0.019255282,0.999701703,0.999648694,0.019273367,10,gaussian
174,0,0,0.99633393,0.996300374,0.996298702,0.223456718,0.999966321,0.999964643,0.22427894,10,gaussian
174,1,0,0.994524972,0.994510118,0.994511263,0.498057686,0.999985064,0.999986215,0.500799578,10,gaussian
174,2,0,0.999442293,0.999416587,0.99942003,0.041308956,0.99997428,0.999977725,0.041332007,10,gaussian
174,3,0,0.990395284,0.990374205,0.990380168,0.314228769,0.999978717,0.999984738,0.317276116,10,gaussian
174,4,0,0.997510099,0.997484957,0.997483304,0.026548965,0.999974795,0.999973138,0.026615234,10,gaussian
174,5,1,0.960737702,0.010750716,0.000507065,0.000464139,0.011190064,0.000527787,0.000483107,10,gaussian
174,6,1,0.961327934,0.016925238,0.000691452,0.00063031,0.017606102,0.000719268,0.000655666,10,gaussian
174,7,1,0.960740747,0.015774764,0.000727091,0.000673694,0.016419376,0.000756802,0.000701224,10,gaussian
174,8,1,0.961131563,0.011206649,0.000515281,0.000456758,0.011659849,0.00053612,0.000475229,10,gaussian
174,9,1,0.960674712,0.015930008,0.000688164,0.000630486,0.016582104,0.000716334,0.000656294,10,gaussian
174,10,0,0.994642571,0.994579835,0.994579888,0.022610294,0.999936926,0.99993698,0.022732079,10,gaussian
174,11,0,0.993465455,0.993445227,0.99344854,0.030220736,0.999979639,0.999982974,0.030419514,10,gaussian
174,12,0,0.991758352,0.991622883,0.991629329,0.03918721,0.999863406,0.999869905,0.039512862,10,gaussian
174,13,0,0.996570747,0.996435024,0.996441365,0.060031323,0.99986381,0.999870173,0.060237894,10,gaussian
174,14,0,0.997493533,0.997362056,0.997352768,0.006834787,0.999868193,0.999858881,0.006851962,10,gaussian
175,0,0,0.99486378,0.99484908,0.994846734,0.030026788,0.999985224,0.999982866,0.030181809,10,gaussian
175,1,0,0.99094081,0.990906795,0.990916356,0.124865298,0.999965674,0.999975323,0.126006818,10,gaussian
175,2,0,0.999188418,0.999162001,0.999162259,0.004738378,0.999973561,0.999973819,0.004742227,10,gaussian
175,3,0,0.997782296,0.997759463,0.997760331,0.026057504,0.999977116,0.999977986,0.026115421,10,gaussian
175,4,0,0.995188067,0.995181492,0.995182955,0.080032835,0.999993393,0.999994863,0.08041981,10,gaussian
175,5,0,0.994722611,0.994694466,0.99469331,0.023701988,0.999971706,0.999970544,0.023827736,10,gaussian
175,6,0,0.998379368,0.998356007,0.998355173,0.016991376,0.999976601,0.999975766,0.017018957,10,gaussian
175,7,0,0.991574072,0.99152552,0.991521124,0.649023212,0.999951036,0.999946602,0.654538305,10,gaussian
175,8,0,0.99069487,0.990556213,0.990554877,0.226800423,0.99986004,0.999858692,0.228930653,10,gaussian
175,9,0,0.996295949,0.996168262,0.996153316,0.013060746,0.999871838,0.999856836,0.013109303,10,gaussian
175,10,1,0.960454501,0.011950865,0.000518952,0.000479737,0.012442926,0.000540319,0.00049949,10,gaussian
175,11,1,0.961152123,0.012150333,0.000550609,0.000482903,0.012641425,0.000572863,0.000502421,10,gaussian
175,12,1,0.961595471,0.016485256,0.000731344,0.000661073,0.01714365,0.000760553,0.000687476,10,gaussian
175,13,1,0.960970862,0.018186828,0.000771231,0.000708257,0.018925473,0.000802554,0.000737022,10,gaussian
175,14,1,0.959362134,0.017215701,0.000762918,0.000705241,0.017944945,0.000795235,0.000735114,10,gaussian
176,0,0,0.99297329,0.992948848,0.992943697,0.037896694,0.999975385,0.999970198,0.038164867,10,gaussian
176,1,0,0.993307538,0.99326178,0.993265048,0.063922964,0.999953933,0.999957224,0.064353649,10,gaussian
176,2,0,0.998156312,0.998144199,0.998143507,0.015866976,0.999987865,0.999987172,0.015896284,10,gaussian
176,3,0,0.997142877,0.997130175,0.997130991,0.062364872,0.999987262,0.99998808,0.062543567,10,gaussian
176,4,0,0.990528769,0.990522797,0.990526426,0.89739728,0.999993971,0.999997635,0.905978007,10,gaussian
176,5,0,0.994928812,0.994896464,0.994893353,0.06420924,0.999967487,0.999964359,0.064536517,10,gaussian
176,6,0,0.995336403,0.995321047,0.995321062,0.033100775,0.999984572,0.999984588,0.033255867,10,gaussian
176,7,0,0.997222758,0.997180381,0.997174532,0.009997404,0.999957505,0.99995164,0.010025247,10,gaussian
176,8,0,0.996126081,0.996048323,0.996038174,0.038519737,0.99992194,0.999911751,0.03866954,10,gaussian
176,9,0,0.996793847,0.996292641,0.996257129,0.033379056,0.999497182,0.999461555,0.033486418,10,gaussian
176,10,1,0.961086477,0.010067669,0.00046235,0.000431297,0.0104753,0.00048107,0.00044876,10,gaussian
176,11,1,0.960041349,0.018014238,0.000673374,0.000643725,0.018764023,0.000701401,0.000670518,10,gaussian
176,12,1,0.961066105,0.011810777,0.000497072,0.000437117,0.012289245,0.000517209,0.000454825,10,gaussian
176,13,1,0.95982996,0.018590949,0.000739453,0.000692828,0.019369003,0.0007704,0.000721824,10,gaussian
176,14,1,0.960805022,0.01772212,0.000718075,0.000635734,0.018445075,0.000747368,0.000661669,10,gaussian
177,0,0,0.99189939,0.991834872,0.991838625,0.073326062,0.999934956,0.999938739,0.073924898,10,gaussian
177,1,0,0.988344791,0.988328971,0.988328451,0.288716077,0.999983993,0.999983467,0.292120806,10,gaussian
177,2,0,0.995949804,0.995939625,0.995937549,0.053556455,0.99998978,0.999987695,0.053774251,10,gaussian
177,3,0,0.997041683,0.99701041,0.99700863,0.029877148,0.999968633,0.999966848,0.029965796,10,gaussian
177,4,0,0.998947961,0.998924525,0.998924162,0.008189518,0.999976539,0.999976175,0.008198143,10,gaussian
177,5,0,0.995158566,0.995065602,0.995071387,0.026248624,0.999906584,0.999912397,0.026376324,10,gaussian
177,6,0,1.001380725,1.001333886,1.001331623,0.013375085,0.999953226,0.999950966,0.013356643,10,gaussian
177,7,0,0.994732132,0.994468786,0.994482694,0.025625735,0.999735259,0.999749241,0.025761443,10,gaussian
177,8,0,0.998250364,0.997993661,0.997993304,0.014833595,0.999742848,0.99974249,0.014859594,10,gaussian
177,9,1,0.960311712,0.009942422,0.000450338,0.000417884,0.010353327,0.00046895,0.000435154,10,gaussian
177,10,1,0.960633502,0.013509361,0.000642949,0.000590081,0.014062971,0.000669297,0.000614263,10,gaussian
177,11,1,0.960426109,0.01344289,0.000689447,0.000614943,0.013996797,0.000717856,0.000640281,10,gaussian
177,12,1,0.961345249,0.008803356,0.000532576,0.000412146,0.00915733,0.000553991,0.000428718,10,gaussian
177,13,1,0.960089735,0.014312531,0.00072478,0.000609794,0.014907492,0.000754909,0.000635143,10,gaussian
177,14,0,0.995265475,0.994656574,0.994568697,0.034408303,0.999388202,0.999299907,0.034571985,10,gaussian
178,0,0,0.993703628,0.993683845,0.993680883,0.029751351,0.999980092,0.999977112,0.029939864,10,gaussian
178,1,0,0.994864239,0.994853363,0.994853969,0.065133901,0.999989068,0.999989677,0.06547014,10,gaussian
178,2,0,0.997567044,0.997553072,0.997553529,0.010552882,0.999985994,0.999986453,0.010578619,10,gaussian
178,3,0,0.994583369,0.994574697,0.994575773,0.056213147,0.999991281,0.999992363,0.056519291,10,gaussian
178,4,0,0.994864334,0.994820518,0.994808229,0.052689836,0.999955958,0.999943606,0.05296183,10,gaussian
178,5,0,0.990682897,0.990638901,0.990638792,0.268277417,0.999955591,0.99995548,0.270800494,10,gaussian
178,6,0,0.990432177,0.99033485,0.990342277,0.239696244,0.999901733,0.999909232,0.24201177,10,gaussian
178,7,0,0.995601046,0.995501891,0.995497393,0.066382299,0.999900407,0.999895889,0.066675602,10,gaussian
178,8,0,0.993938683,0.993620503,0.993654198,0.039003724,0.99967988,0.99971378,0.039241579,10,gaussian
178,9,0,0.995155903,0.995023083,0.995030817,0.091818273,0.999866533,0.999874305,0.092265215,10,gaussian
178,10,1,0.961207388,0.008582915,0.000477677,0.000393578,0.008929306,0.000496955,0.000409462,10,gaussian
178,11,1,0.961087845,0.010825597,0.000446671,0.000384543,0.011263899,0.000464756,0.000400112,10,gaussian
178,12,1,0.961105071,0.013484456,0.00065413,0.000552412,0.014030158,0.000680602,0.000574767,10,gaussian
178,13,1,0.961156033,0.0148305,0.000638914,0.000544767,0.015429857,0.000664735,0.000566783,10,gaussian
178,14,1,0.961221842,0.015752144,0.00066987,0.000570571,0.016387626,0.000696895,0.000593589,10,gaussian
179,0,0,0.996509744,0.996482983,0.996483533,0.036901306,0.999973146,0.999973697,0.037030552,10,gaussian
179,1,0,0.995607634,0.995583672,0.995582043,0.029853966,0.999975932,0.999974296,0.029985674,10,gaussian
179,2,0,0.995334654,0.995309688,0.995307647,0.047407611,0.999974917,0.999972866,0.047629821,10,gaussian
179,3,0,0.99468699,0.994660022,0.994656186,0.067248483,0.999972888,0.999969032,0.067607683,10,gaussian
179,4,0,0.996135745,0.996102959,0.996104331,0.053056495,0.999967087,0.999968464,0.053262314,10,gaussian
179,5,0,0.993036266,0.993002979,0.99300542,0.149499346,0.999966479,0.999968938,0.15054772,10,gaussian
179,6,1,0.961048907,0.009553168,0.000491496,0.000452696,0.009940356,0.000511416,0.000471044,10,gaussian
179,7,1,0.962234014,0.014831066,0.000668565,0.000601708,0.015413159,0.000694805,0.000625324,10,gaussian
179,8,1,0.960829256,0.00955009,0.000487894,0.000461076,0.009939425,0.000507784,0.000479873,10,gaussian
179,9,1,0.960913626,0.016829516,0.000712716,0.00067244,0.017514078,0.000741706,0.000699792,10,gaussian
179,10,1,0.960863456,0.015842302,0.000658951,0.000626225,0.016487568,0.00068579,0.000651731,10,gaussian
179,11,0,0.997718027,0.997664839,0.997656703,0.006162761,0.99994669,0.999938535,0.006176857,10,gaussian
179,12,0,0.993756482,0.993708744,0.993691254,0.035551458,0.999951962,0.999934362,0.035774819,10,gaussian
179,13,0,0.994139682,0.994119006,0.994116971,0.047884777,0.999979202,0.999977155,0.048167051,10,gaussian
179,14,0,0.989893628,0.989874652,0.989872108,0.286858022,0.99998083,0.999978261,0.289786715,10,gaussian
180,0,0,0.998502729,0.998484967,0.998483785,0.023579413,0.999982211,0.999981028,0.02361477,10,gaussian
180,1,0,0.996964305,0.996928874,0.996927416,0.026017052,0.999964461,0.999962999,0.026096272,10,gaussian
180,2,0,0.995898169,0.995887889,0.995883774,0.052480134,0.999989678,0.999985546,0.052696286,10,gaussian
180,3,0,0.993866114,0.993820163,0.993818244,0.038000146,0.999953766,0.999951835,0.038234673,10,gaussian
180,4,0,0.991501272,0.99144361,0.991445266,0.107466662,0.999941844,0.999943514,0.108387821,10,gaussian
180,5,0,0.991225801,0.9911914,0.991195002,0.181281392,0.999965295,0.999968929,0.182886071,10,gaussian
180,6,0,0.997863436,0.997756392,0.997743659,0.113636964,0.999892727,0.999879967,0.113880277,10,gaussian
180,7,0,0.997674269,0.997553925,0.997550547,0.043469572,0.999879376,0.99987599,0.043570906,10,gaussian
180,8,0,0.995633492,0.995511344,0.995497119,0.026210071,0.999877316,0.999863029,0.02632502,10,gaussian
180,9,1,0.960225458,0.011335738,0.000424143,0.0004068,0.011805288,0.000441712,0.000423651,10,gaussian
180,10,1,0.961008516,0.016760447,0.000590339,0.000556402,0.017440477,0.000614291,0.000578977,10,gaussian
180,11,1,0.960895241,0.015965769,0.000663441,0.000612399,0.016615515,0.000690441,0.000637322,10,gaussian
180,12,1,0.960567432,0.009024133,0.000438506,0.000398701,0.009394586,0.000456507,0.000415068,10,gaussian
180,13,1,0.961242591,0.013226382,0.000614641,0.000556729,0.013759672,0.000639423,0.000579177,10,gaussian
180,14,0,0.998938511,0.997934226,0.997850829,0.026000134,0.998994648,0.998911162,0.026027762,10,gaussian
181,0,0,0.998097867,0.998075458,0.998076055,0.018102778,0.999977548,0.999978146,0.018137277,10,gaussian
181,1,0,0.998539798,0.998509262,0.998512029,0.010312277,0.99996942,0.99997219,0.010327357,10,gaussian
181,2,0,0.995335085,0.995289641,0.995290708,0.020338901,0.999954343,0.999955414,0.020434225,10,gaussian
181,3,0,0.992292766,0.992283199,0.992283831,0.102562165,0.999990358,0.999990995,0.103358775,10,gaussian
181,4,0,0.994500321,0.9944621,0.994472593,0.020182087,0.999961568,0.999972119,0.020293696,10,gaussian
181,5,0,0.996317868,0.996282443,0.996283435,0.08449742,0.999964443,0.99996544,0.0848097,10,gaussian
181,6,0,0.995494847,0.995463088,0.995463186,0.03329536,0.999968098,0.999968196,0.03344604,10,gaussian
181,7,0,0.992552893,0.992485485,0.992496544,0.075635855,0.999932086,0.999943229,0.076203349,10,gaussian
181,8,0,0.991659561,0.991576097,0.991575292,0.280120649,0.999915834,0.999915023,0.282476628,10,gaussian
181,9,0,0.998612004,0.998547012,0.998544106,0.012531236,0.999934918,0.999932007,0.012548654,10,gaussian
181,10,1,0.961490681,0.011977336,0.000472271,0.000422718,0.012457048,0.000491186,0.000439649,10,gaussian
181,11,1,0.96117294,0.010265696,0.000473792,0.000424535,0.010680384,0.000492931,0.000441684,10,gaussian
181,12,1,0.961261758,0.014610133,0.000648324,0.000595449,0.015198912,0.000674451,0.000619445,10,gaussian
181,13,1,0.961015349,0.01267087,0.000651886,0.000591321,0.013184878,0.000678331,0.000615309,10,gaussian
181,14,1,0.959619449,0.014250829,0.000724881,0.000674773,0.0148505,0.000755384,0.000703167,10,gaussian
182,0,0,0.997346541,0.99733588,0.997336295,0.009167678,0.999989311,0.999989727,0.009192069,10,gaussian
182,1,0,0.997375855,0.997364956,0.997363789,0.024513944,0.999989073,0.999987902,0.024578441,10,gaussian
182,2,0,0.990458665,0.990418739,0.990419656,0.169446446,0.99995969,0.999960616,0.171078766,10,gaussian
182,3,0,0.990397481,0.990379254,0.990378111,0.348065573,0.999981596,0.999980442,0.351440285,10,gaussian
182,4,0,0.992840205,0.992819428,0.99282335,0.203155135,0.999979072,0.999983023,0.204620173,10,gaussian
182,5,0,0.997311033,0.997259098,0.997259284,0.031780067,0.999947925,0.999948112,0.031865753,10,gaussian
182,6,0,0.99578262,0.995674026,0.99567956,0.020102863,0.999890946,0.999896503,0.020188004,10,gaussian
182,7,0,0.996392623,0.996169828,0.99619358,0.018536013,0.999776398,0.999800237,0.018603122,10,gaussian
182,8,0,0.996638931,0.99445866,0.994502878,0.032475786,0.997812376,0.997856744,0.032585307,10,gaussian
182,9,1,0.961281236,0.011475019,0.000793974,0.000477279,0.011937214,0.000825954,0.000496503,10,gaussian
182,10,1,0.961187074,0.014653446,0.001069377,0.000655461,0.015245155,0.001112558,0.000681929,10,gaussian
182,11,1,0.960898997,0.016722156,0.001384557,0.000745245,0.017402616,0.001440897,0.000775571,10,gaussian
182,12,1,0.960022552,0.01908028,0.001811873,0.000752006,0.019874825,0.001887324,0.000783321,10,gaussian
182,13,1,0.959493021,0.011733388,0.002536361,0.000593052,0.012228737,0.002643438,0.000618089,10,gaussian
182,14,0,0.990466348,0.989329068,0.988793874,0.066912385,0.998851774,0.998311428,0.067556444,10,gaussian
183,0,0,0.996580781,0.996564656,0.9965621,0.038151777,0.99998382,0.999981255,0.038282674,10,gaussian
183,1,0,0.993551153,0.993533087,0.993531548,0.073279988,0.999981817,0.999980268,0.073755627,10,gaussian
183,2,0,0.994035707,0.994024097,0.994026783,0.348512406,0.999988321,0.999991023,0.350603508,10,gaussian
183,3,0,0.99191077,0.991891275,0.991896865,0.363706361,0.999980346,0.999985981,0.366672458,10,gaussian
183,4,0,0.994831956,0.994617638,0.994617268,0.03076832,0.999784568,0.999784197,0.030928159,10,gaussian
183,5,0,0.994615945,0.994488732,0.994475055,0.026314695,0.999872098,0.999858347,0.026457141,10,gaussian
183,6,1,0.960331978,0.010042721,0.000484978,0.000452834,0.010457551,0.00050501,0.000471539,10,gaussian
183,7,1,0.960767435,0.013430334,0.000685706,0.000636173,0.013978757,0.000713707,0.000662151,10,gaussian
183,8,1,0.960423675,0.016179596,0.000713602,0.000667843,0.016846311,0.000743007,0.000695362,10,gaussian
183,9,1,0.961230275,0.014950031,0.000666985,0.000615981,0.015553017,0.000693887,0.000640826,10,gaussian
183,10,1,0.960636754,0.010350429,0.000480611,0.00044321,0.010774551,0.000500304,0.000461371,10,gaussian
183,11,0,0.992730808,0.992680323,0.992674555,0.193594411,0.999949145,0.999943335,0.195011991,10,gaussian
183,12,0,0.996192324,0.996040598,0.996020205,0.011498288,0.999847695,0.999827223,0.011542237,10,gaussian
183,13,0,0.99747141,0.997148774,0.997138751,0.024227734,0.999676546,0.999666498,0.024289151,10,gaussian
183,14,0,0.997338575,0.996886696,0.99686471,0.073351671,0.999546916,0.999524871,0.073547412,10,gaussian
184,0,0,0.992494087,0.992475002,0.992475157,0.115578939,0.999980771,0.999980927,0.116453025,10,gaussian
184,1,0,0.996306524,0.996287066,0.996285781,0.0385832,0.99998047,0.999979181,0.038726234,10,gaussian
184,2,0,0.99501717,0.994959559,0.994947225,0.028680815,0.9999421,0.999929705,0.028824442,10,gaussian
184,3,0,0.991120367,0.991117383,0.991117807,0.602201715,0.99999699,0.999997417,0.607596953,10,gaussian
184,4,0,0.999014659,0.998984517,0.998982844,0.011408435,0.999969828,0.999968153,0.011419687,10,gaussian
184,5,0,0.997123653,0.997027701,0.997041065,0.013560192,0.999903772,0.999917174,0.013599309,10,gaussian
184,6,0,0.998069758,0.997964645,0.997947456,0.034310863,0.999894683,0.999877461,0.034377219,10,gaussian
184,7,0,0.996888011,0.996582714,0.996613486,0.039368287,0.99969375,0.999724619,0.039491183,10,gaussian
184,8,0,0.995470079,0.99520012,0.99523102,0.043103833,0.999728812,0.999759853,0.043299978,10,gaussian
184,9,1,0.960914935,0.010703898,0.00050352,0.000428183,0.011139277,0.000524001,0.000445599,10,gaussian
184,10,1,0.96084821,0.014131834,0.000681106,0.000582279,0.014707666,0.000708859,0.000606005,10,gaussian
184,11,1,0.960323726,0.014459366,0.000716819,0.000615742,0.015056762,0.000746435,0.000641181,10,gaussian
184,12,1,0.961783457,0.011959649,0.000566355,0.000406455,0.012434867,0.000588859,0.000422605,10,gaussian
184,13,1,0.961036348,0.013865541,0.000698048,0.000561694,0.014427697,0.00072635,0.000584466,10,gaussian
184,14,0,0.999485508,0.997331294,0.997695064,0.020601208,0.997844677,0.998208634,0.020611813,10,gaussian
185,0,0,0.994849261,0.994830307,0.994830859,0.051915783,0.999980948,0.999981503,0.052184573,10,gaussian
185,1,0,0.999773192,0.999755225,0.999755948,0.011392867,0.999982028,0.999982752,0.011395452,10,gaussian
185,2,0,0.993011782,0.992907879,0.992921465,0.337414675,0.999895366,0.999909048,0.339789196,10,gaussian
185,3,0,0.996810344,0.996782014,0.996784752,0.032498477,0.999971579,0.999974326,0.032602467,10,gaussian
185,4,0,0.995797987,0.995787962,0.995786346,0.037202867,0.999989932,0.99998831,0.037359854,10,gaussian
185,5,1,0.959959159,0.012390724,0.000553611,0.000525031,0.012907553,0.000576703,0.00054693,10,gaussian
185,6,1,0.959709684,0.019058208,0.000772429,0.000729436,0.019858306,0.000804857,0.000760059,10,gaussian
185,7,1,0.962109644,0.012766067,0.000550192,0.000482787,0.013268827,0.000571859,0.000501801,10,gaussian
185,8,1,0.961810592,0.020883569,0.000791165,0.000719158,0.021712767,0.000822579,0.000747712,10,gaussian
185,9,1,0.959986605,0.016909432,0.00077754,0.000715554,0.017614238,0.000809949,0.000745379,10,gaussian
185,10,0,0.986948108,0.986910062,0.986910393,0.162684916,0.999961451,0.999961787,0.164836342,10,gaussian
185,11,0,0.995057114,0.995017576,0.995017632,0.021248249,0.999960266,0.999960322,0.021353799,10,gaussian
185,12,0,0.992151847,0.992076902,0.992068093,0.116033537,0.999924462,0.999915584,0.11695139,10,gaussian
185,13,0,0.996360419,0.996295338,0.996297218,0.045150405,0.99993468,0.999936568,0.045315334,10,gaussian
185,14,0,0.994399373,0.994359168,0.994361914,0.048832556,0.999959569,0.99996233,0.04910759,10,gaussian
186,0,0,0.994871692,0.994863649,0.9948634,0.01848549,0.999991916,0.999991666,0.018580778,10,gaussian
186,1,0,0.994963998,0.994935023,0.994940515,0.103515237,0.999970879,0.999976399,0.104039178,10,gaussian
186,2,0,0.996327886,0.996308413,0.996304311,0.016470687,0.999980455,0.999976338,0.016531392,10,gaussian
186,3,0,0.996943816,0.996937933,0.996936506,0.020823392,0.999994099,0.999992667,0.020887227,10,gaussian
186,4,0,0.989274137,0.989248082,0.989243713,0.210441269,0.999973663,0.999969247,0.212722906,10,gaussian
186,5,0,0.996979009,0.996967044,0.996966393,0.035136577,0.999987999,0.999987346,0.035243046,10,gaussian
186,6,0,0.987189781,0.987159385,0.987158436,0.184931342,0.99996921,0.999968248,0.187331095,10,gaussian
186,7,0,0.994587741,0.994559596,0.99456048,0.06676876,0.999971702,0.999972591,0.067132096,10,gaussian
186,8,0,0.995173869,0.995127265,0.995127728,0.028309437,0.99995317,0.999953635,0.028446725,10,gaussian
186,9,0,0.996295647,0.99580293,0.995719073,0.056422099,0.999505451,0.999421282,0.056631884,10,gaussian
186,10,1,0.961640813,0.013868811,0.000526241,0.000480699,0.014422028,0.000547232,0.000499873,10,gaussian
186,11,1,0.960716616,0.020645228,0.000743153,0.000687275,0.021489404,0.00077354,0.000715377,10,gaussian
186,12,1,0.960182617,0.01451945,0.000588311,0.000518551,0.015121551,0.000612708,0.000540054,10,gaussian
186,13,1,0.960965024,0.016944672,0.000806033,0.000723425,0.017632975,0.000838774,0.000752811,10,gaussian
186,14,1,0.960647423,0.019849902,0.000828541,0.000728368,0.020663046,0.000862482,0.000758205,10,gaussian
187,0,0,0.995475279,0.99547056,0.995469102,0.025956569,0.99999526,0.999993795,0.026074549,10,gaussian
187,1,0,0.995746568,0.995729323,0.99573224,0.036703078,0.999982681,0.999985611,0.036859859,10,gaussian
187,2,0,0.997565771,0.997553432,0.997548462,0.168896469,0.999987631,0.999982649,0.169308605,10,gaussian
187,3,0,0.991568782,0.991556528,0.99155521,0.289211918,0.999987642,0.999986313,0.29167106,10,gaussian
187,4,0,0.992356539,0.992344664,0.992346176,0.065880152,0.999988033,0.999989557,0.066387583,10,gaussian
187,5,0,0.998201295,0.998176969,0.998178458,0.041889467,0.999975631,0.999977122,0.04196495,10,gaussian
187,6,0,0.996826865,0.996785994,0.996783669,0.009890016,0.999958999,0.999956667,0.009921498,10,gaussian
187,7,0,0.997524548,0.997350068,0.997343136,0.042612753,0.999825087,0.999818138,0.042718501,10,gaussian
187,8,0,0.995898729,0.995697781,0.995728107,0.023002121,0.999798225,0.999828676,0.023096848,10,gaussian
187,9,1,0.96058524,0.012439616,0.000466809,0.000414983,0.012950039,0.000485963,0.000432011,10,gaussian
187,10,1,0.961216297,0.01614203,0.000648734,0.00055508,0.016793338,0.000674909,0.000577477,10,gaussian
187,11,1,0.960941765,0.018619991,0.000723758,0.000608649,0.019376816,0.000753176,0.000633388,10,gaussian
187,12,1,0.96198056,0.010510247,0.000535412,0.000390805,0.010925634,0.000556572,0.000406251,10,gaussian
187,13,1,0.961311005,0.013606893,0.000683014,0.000554847,0.014154517,0.000710503,0.000577177,10,gaussian
187,14,0,0.99327925,0.992586596,0.992618481,0.093552868,0.999302659,0.99933476,0.094185867,10,gaussian
188,0,0,0.994454954,0.994433432,0.994433033,0.025431553,0.999978358,0.999977957,0.025573358,10,gaussian
188,1,0,0.995161519,0.995129651,0.995128293,0.04715143,0.999967977,0.999966613,0.04738068,10,gaussian
188,2,0,0.998644801,0.998608268,0.998612134,0.009162783,0.999963418,0.999967289,0.009175217,10,gaussian
188,3,0,0.997886721,0.997861149,0.997860628,0.084741619,0.999974374,0.999973852,0.084921081,10,gaussian
188,4,0,0.993385616,0.993320304,0.993308963,0.131786034,0.999934253,0.999922837,0.132663522,10,gaussian
188,5,0,0.990730362,0.990698453,0.990707982,0.522227771,0.999967793,0.999977411,0.527113926,10,gaussian
188,6,0,0.991944736,0.991848487,0.991828614,0.069779988,0.999902969,0.999882934,0.070346649,10,gaussian
188,7,0,0.995089107,0.994946369,0.994928328,0.031403682,0.999856557,0.999838427,0.031558663,10,gaussian
188,8,0,0.990307171,0.989110783,0.988740729,0.180639549,0.998791902,0.998418226,0.182407594,10,gaussian
188,9,0,0.993872645,0.991835062,0.991702297,0.167220016,0.997949855,0.997816272,0.168250949,10,gaussian
188,10,1,0.961529723,0.011338802,0.000713734,0.000460851,0.011792461,0.00074229,0.00047929,10,gaussian
188,11,1,0.960030727,0.012903298,0.001006235,0.000516337,0.013440505,0.001048128,0.000537834,10,gaussian
188,12,1,0.959895242,0.017246185,0.001024238,0.00069247,0.017966736,0.001067031,0.000721402,10,gaussian
188,13,1,0.960274944,0.0176868,0.001070715,0.000715645,0.018418475,0.001115008,0.00074525,10,gaussian
188,14,1,0.960929705,0.017028418,0.001067058,0.000666317,0.017720774,0.001110444,0.000693408,10,gaussian
189,0,0,0.997678634,0.997657158,0.997655787,0.075667166,0.999978474,0.9999771,0.075843226,10,gaussian
189,1,0,0.991564504,0.991548971,0.991547265,0.186362336,0.999984335,0.999982614,0.187947769,10,gaussian
189,2,0,0.999214827,0.999186782,0.999187193,0.024657611,0.999971933,0.999972345,0.024676987,10,gaussian
189,3,0,0.98186884,0.981847969,0.981852619,0.693491689,0.999978743,0.999983479,0.706297685,10,gaussian
189,4,0,0.990437008,0.990410325,0.990413331,0.35312793,0.999973059,0.999976094,0.356537496,10,gaussian
189,5,0,0.996841067,0.996802537,0.99680045,0.038700405,0.999961348,0.999959254,0.038823044,10,gaussian
189,6,0,0.987664968,0.987619434,0.987619322,0.336626138,0.999953897,0.999953784,0.340830291,10,gaussian
189,7,0,0.994791663,0.994639544,0.994659811,0.050619841,0.999847085,0.999867458,0.050884867,10,gaussian
189,8,0,0.996229083,0.99576651,0.995745843,0.078629861,0.999535676,0.999514931,0.07892749,10,gaussian
189,9,0,0.995227522,0.994454375,0.994510426,0.059487969,0.999223145,0.999279465,0.059773236,10,gaussian
189,10,1,0.961688142,0.01215289,0.000648211,0.000472336,0.012637038,0.000674034,0.000491153,10,gaussian
189,11,1,0.960642184,0.011324813,0.000645447,0.000498897,0.011788794,0.000671891,0.000519337,10,gaussian
189,12,1,0.962461346,0.014587313,0.000879289,0.000649222,0.015156259,0.000913583,0.000674543,10,gaussian
189,13,1,0.959634254,0.017625176,0.000987324,0.000748127,0.018366556,0.001028855,0.000779596,10,gaussian
189,14,1,0.961203138,0.016037468,0.000891757,0.000685434,0.016684786,0.000927751,0.0007131,10,gaussian
190,0,0,0.989729634,0.989696706,0.989683279,0.216253321,0.99996673,0.999953164,0.218497369,10,gaussian
190,1,0,0.996924963,0.996904832,0.996904866,0.012573445,0.999979806,0.999979841,0.012612228,10,gaussian
190,2,0,0.996041697,0.99601854,0.996017903,0.047928923,0.999976752,0.999976112,0.048119394,10,gaussian
190,3,0,0.99602546,0.996003324,0.996002532,0.016126838,0.999977775,0.999976981,0.016191191,10,gaussian
190,4,0,0.99438078,0.994359844,0.994360423,0.089917443,0.999978946,0.999979528,0.090425564,10,gaussian
190,5,0,0.995777783,0.995768558,0.995767278,0.026793415,0.999990736,0.999989451,0.026907022,10,gaussian
190,6,0,0.995224835,0.995189227,0.995192591,0.050191977,0.999964221,0.999967602,0.050432802,10,gaussian
190,7,0,0.998246105,0.998207973,0.998209684,0.010533541,0.9999618,0.999963515,0.010552049,10,gaussian
190,8,0,0.997484777,0.997437951,0.997445221,0.031887061,0.999953055,0.999960343,0.031967467,10,gaussian
190,9,0,0.995982595,0.995846201,0.995817545,0.016816174,0.999863056,0.999834284,0.016884004,10,gaussian
190,10,1,0.960180246,0.01507558,0.000505594,0.000475711,0.015700781,0.000526561,0.000495439,10,gaussian
190,11,1,0.961856041,0.011885258,0.000507464,0.000444333,0.012356587,0.000527588,0.000461954,10,gaussian
190,12,1,0.961159354,0.017486745,0.000699088,0.000642224,0.018193388,0.000727338,0.000668176,10,gaussian
190,13,1,0.960063661,0.01773565,0.000707529,0.000657746,0.01847341,0.000736961,0.000685107,10,gaussian
190,14,1,0.96115527,0.016660523,0.000741131,0.000687351,0.017333852,0.000771084,0.00071513,10,gaussian
191,0,0,0.997312649,0.997287063,0.997278361,0.021860666,0.999974345,0.999965619,0.021919571,10,gaussian
191,1,0,0.996773115,0.996749654,0.996749143,0.01193359,0.999976463,0.99997595,0.011972223,10,gaussian
191,2,0,0.996228098,0.996191022,0.996193953,0.024419985,0.999962784,0.999965725,0.024512443,10,gaussian
191,3,0,0.994609532,0.994594951,0.994592429,0.123014577,0.99998534,0.999982804,0.123681277,10,gaussian
191,4,0,0.993296065,0.993275954,0.993276563,0.082280129,0.999979754,0.999980367,0.082835452,10,gaussian
191,5,0,0.994012897,0.993969555,0.9939694,0.048132818,0.999956397,0.999956241,0.048422729,10,gaussian
191,6,0,0.998419412,0.998372547,0.998367461,0.080290345,0.999953061,0.999947967,0.080417452,10,gaussian
191,7,1,0.959835212,0.011445496,0.000518243,0.000466088,0.011924439,0.000539929,0.000485592,10,gaussian
191,8,1,0.961480801,0.010556783,0.000511371,0.000454999,0.010979713,0.000531857,0.000473227,10,gaussian
191,9,1,0.96139663,0.0177396,0.000696813,0.000610542,0.018451905,0.000724793,0.000635057,10,gaussian
191,10,1,0.960936484,0.017660493,0.000711445,0.000647873,0.018378418,0.000740367,0.00067421,10,gaussian
191,11,1,0.959595337,0.020217946,0.000725161,0.000667238,0.021069242,0.000755694,0.000695333,10,gaussian
191,12,0,0.997762759,0.997687589,0.997687962,0.011492081,0.999924662,0.999925035,0.011517849,10,gaussian
191,13,0,0.991125498,0.991091659,0.99108842,0.487754742,0.999965858,0.999962589,0.49212208,10,gaussian
191,14,0,0.993538745,0.993521111,0.993520349,0.359407488,0.999982252,0.999981485,0.361744813,10,gaussian
192,0,0,0.994852607,0.994831957,0.994828587,0.089014719,0.999979242,0.999975856,0.089475283,10,gaussian
192,1,0,0.996604411,0.996592297,0.996590168,0.017466941,0.999987845,0.999985708,0.017526454,10,gaussian
192,2,0,0.995520418,0.995508245,0.99550763,0.028632451,0.999987773,0.999987154,0.02876129,10,gaussian
192,3,0,0.994596021,0.994574513,0.994577319,0.093614601,0.999978374,0.999981196,0.09412324,10,gaussian
192,4,0,0.992087247,0.992061782,0.99206762,0.144229359,0.999974332,0.999980216,0.145379713,10,gaussian
192,5,0,0.995155462,0.995129571,0.99512964,0.085208488,0.999973984,0.999974053,0.085623293,10,gaussian
192,6,0,0.986516481,0.986513985,0.986515063,0.777515268,0.999997469,0.999998563,0.788142198,10,gaussian
192,7,0,0.998885762,0.998797947,0.99879353,0.021182243,0.999912087,0.999907666,0.021205872,10,gaussian
192,8,0,0.994160453,0.993916495,0.993887592,0.057461556,0.999754609,0.999725536,0.057799077,10,gaussian
192,9,0,0.993778095,0.993692554,0.993686295,0.200581656,0.999913923,0.999907625,0.201837469,10,gaussian
192,10,1,0.960732758,0.009879349,0.000522286,0.000468613,0.01028314,0.000543633,0.000487766,10,gaussian
192,11,1,0.960185395,0.012046489,0.000588691,0.000484451,0.012546004,0.000613102,0.000504539,10,gaussian
192,12,1,0.960273741,0.01300305,0.000741324,0.000655289,0.013540983,0.000771992,0.000682398,10,gaussian
192,13,1,0.960319354,0.018102343,0.000781323,0.000658492,0.018850337,0.000813608,0.000685701,10,gaussian
192,14,1,0.961572965,0.015153936,0.000815831,0.000689273,0.015759528,0.000848434,0.000716819,10,gaussian
193,0,0,0.995681913,0.995653494,0.995652119,0.030482455,0.999971458,0.999970077,0.030614652,10,gaussian
193,1,0,0.996408765,0.996389668,0.996392596,0.029023148,0.999980834,0.999983773,0.029127753,10,gaussian
193,2,0,0.994120448,0.994101131,0.994098763,0.033617132,0.999980569,0.999978187,0.033815955,10,gaussian
193,3,0,0.997792061,0.997786817,0.997787146,0.026686721,0.999994744,0.999995074,0.026745774,10,gaussian
193,4,0,0.99750207,0.997492546,0.997494364,0.008444645,0.999990452,0.999992274,0.008465792,10,gaussian
193,5,0,0.994241754,0.994192244,0.994190418,0.037377401,0.999950203,0.999948367,0.037593876,10,gaussian
193,6,0,0.994443174,0.994338219,0.99435306,0.031412165,0.999894459,0.999909382,0.031587692,10,gaussian
193,7,0,0.995606033,0.995567993,0.995558877,0.047889621,0.999961792,0.999952636,0.048100975,10,gaussian
193,8,0,0.995524573,0.994911489,0.994862203,0.058198021,0.99938416,0.999334652,0.058459653,10,gaussian
193,9,1,0.961351102,0.011273494,0.000525142,0.000437378,0.011726718,0.000546254,0.000454961,10,gaussian
193,10,1,0.962235945,0.016611862,0.000690901,0.000581018,0.017263814,0.000718017,0.00060382,10,gaussian
193,11,1,0.961922814,0.016739782,0.000739074,0.000628195,0.017402417,0.00076833,0.000653062,10,gaussian
193,12,1,0.962221743,0.014376675,0.000731508,0.000588249,0.014941125,0.000760228,0.000611344,10,gaussian
193,13,1,0.960008383,0.011574456,0.000626396,0.00046688,0.01205662,0.000652491,0.000486329,10,gaussian
193,14,0,0.994794041,0.99325028,0.99330238,0.057251649,0.998448161,0.998500533,0.057551259,10,gaussian
194,0,0,0.993718565,0.99369805,0.993697576,0.193803786,0.999979356,0.999978879,0.195028847,10,gaussian
194,1,0,0.994653466,0.994619802,0.99461813,0.085173891,0.999966156,0.999964474,0.085631724,10,gaussian
194,2,0,0.995984158,0.995961306,0.995964,0.033765762,0.999977056,0.999979761,0.033901907,10,gaussian
194,3,0,0.991948692,0.991918655,0.991913682,0.04174336,0.999969719,0.999964705,0.042082176,10,gaussian
194,4,0,0.998538187,0.998513392,0.998511795,0.042021716,0.999975169,0.99997357,0.042083234,10,gaussian
194,5,0,0.992376822,0.992328368,0.992322987,0.30814991,0.999951174,0.999945752,0.310517037,10,gaussian
194,6,0,0.996383694,0.996269826,0.996269958,0.050835667,0.999885719,0.999885851,0.051020171,10,gaussian
194,7,0,1.000455811,1.000399989,1.000403694,0.029659726,0.999944204,0.999947908,0.029646213,10,gaussian
194,8,0,0.996958967,0.996894625,0.996896863,0.017131185,0.999935462,0.999937706,0.017183441,10,gaussian
194,9,0,0.997076718,0.996868825,0.996879455,0.009460587,0.999791498,0.999802158,0.009488324,10,gaussian
194,10,1,0.9612204,0.012552223,0.00047073,0.000444884,0.013058631,0.000489721,0.000462833,10,gaussian
194,11,1,0.961895227,0.010604303,0.000458341,0.000425536,0.011024384,0.000476498,0.000442393,10,gaussian
194,12,1,0.960694418,0.013729401,0.000659052,0.00063316,0.014291121,0.000686017,0.000659064,10,gaussian
194,13,1,0.960674445,0.015007026,0.000676905,0.000639824,0.015621344,0.000704614,0.000666016,10,gaussian
194,14,1,0.960163444,0.01574082,0.000717449,0.00069736,0.016393896,0.000747215,0.000726293,10,gaussian
195,0,0,0.994672896,0.994638072,0.994636422,0.067296037,0.99996499,0.99996333,0.06765645,10,gaussian
195,1,0,0.993441122,0.993422565,0.993421577,0.085427921,0.999981321,0.999980326,0.085991932,10,gaussian
195,2,0,0.996233816,0.996210223,0.996208778,0.022112561,0.999976318,0.999974867,0.022196155,10,gaussian
195,3,0,0.993182174,0.993153588,0.993152047,0.477133716,0.999971218,0.999969666,0.480409062,10,gaussian
195,4,0,0.992326799,0.992290442,0.992298304,0.200242612,0.999963362,0.999971285,0.201790995,10,gaussian
195,5,0,0.997447845,0.99740464,0.9974114,0.012613138,0.999956684,0.999963461,0.012645411,10,gaussian
195,6,0,0.994249486,0.99414728,0.994133567,0.037420352,0.999897203,0.999883411,0.037636783,10,gaussian
195,7,0,0.997927518,0.997742975,0.997731632,0.011073142,0.999815073,0.999803707,0.011096138,10,gaussian
195,8,0,0.99638261,0.996305662,0.996310675,0.012843245,0.999922773,0.999927804,0.012889873,10,gaussian
195,9,0,0.998025861,0.997789243,0.997790663,0.014365145,0.999762914,0.999764337,0.01439356,10,gaussian
195,10,1,0.960497824,0.011179985,0.000473538,0.000426311,0.011639782,0.000493013,0.000443844,10,gaussian
195,11,1,0.960743141,0.011418126,0.000494988,0.000435147,0.011884681,0.000515213,0.000452927,10,gaussian
195,12,1,0.961108474,0.013171737,0.000677907,0.000603364,0.013704735,0.000705338,0.000627779,10,gaussian
195,13,1,0.961380901,0.013472548,0.000664379,0.000588272,0.014013746,0.000691067,0.000611904,10,gaussian
195,14,1,0.961001134,0.015350024,0.000684225,0.000604535,0.015972951,0.000711992,0.000629068,10,gaussian
196,0,0,0.999118574,0.999112766,0.999111686,0.050229127,0.999994187,0.999993106,0.05027344,10,gaussian
196,1,0,0.997417774,0.997404102,0.997402082,0.057466737,0.999986293,0.999984267,0.057615513,10,gaussian
196,2,0,0.99525297,0.99521066,0.995215896,0.097498412,0.999957489,0.999962749,0.097963447,10,gaussian
196,3,0,0.993334078,0.993270733,0.993272054,0.092973567,0.99993623,0.99993756,0.093597481,10,gaussian
196,4,0,0.98978953,0.989784724,0.98978566,0.569385693,0.999995145,0.999996091,0.575259362,10,gaussian
196,5,0,0.995449302,0.995429129,0.995429622,0.026736693,0.999979734,0.99998023,0.02685892,10,gaussian
196,6,0,1.000176141,1.000157028,1.000155739,0.009791407,0.99998089,0.999979602,0.009789683,10,gaussian
196,7,0,0.993973712,0.993911021,0.993908149,0.085424989,0.999936929,0.99993404,0.085942906,10,gaussian
196,8,0,0.995108397,0.995034032,0.995041008,0.016047722,0.99992527,0.999932279,0.016126607,10,gaussian
196,9,0,0.998448529,0.9980806,0.998038381,0.007417817,0.999631499,0.999589214,0.007429343,10,gaussian
196,10,1,0.96119375,0.01214833,0.000514111,0.000469645,0.012638795,0.000534867,0.000488606,10,gaussian
196,11,1,0.961062451,0.009567324,0.00051745,0.000468548,0.009954945,0.000538414,0.000487531,10,gaussian
196,12,1,0.960426986,0.01574503,0.000707052,0.000648617,0.016393781,0.000736185,0.000675342,10,gaussian
196,13,1,0.960922929,0.014688385,0.000722814,0.000643767,0.015285706,0.000752209,0.000669947,10,gaussian
196,14,1,0.961936546,0.014926657,0.000750238,0.000661044,0.015517299,0.000779925,0.000687201,10,gaussian
197,0,0,0.998212564,0.998186403,0.998182057,0.052694846,0.999973791,0.999969438,0.052789204,10,gaussian
197,1,0,0.995557353,0.995549244,0.995550149,0.036043931,0.999991855,0.999992764,0.036204776,10,gaussian
197,2,0,0.994202345,0.99416375,0.99416441,0.066298401,0.99996118,0.999961844,0.066685017,10,gaussian
197,3,0,0.993437184,0.99341717,0.993417387,0.092960038,0.999979853,0.999980073,0.093574148,10,gaussian
197,4,0,0.995734765,0.995493191,0.995511459,0.086939204,0.999757391,0.999775737,0.087311608,10,gaussian
197,5,1,0.96137181,0.011736618,0.000561299,0.000493529,0.012208198,0.000583852,0.000513359,10,gaussian
197,6,1,0.961724604,0.018589387,0.000757568,0.000660973,0.019329221,0.000787718,0.000687278,10,gaussian
197,7,1,0.96070077,0.010952595,0.000550867,0.000514803,0.011400631,0.000573402,0.000535862,10,gaussian
197,8,1,0.9613292,0.014761129,0.000815268,0.000723166,0.015354916,0.000848064,0.000752257,10,gaussian
197,9,1,0.962630997,0.014777892,0.000698782,0.000626686,0.015351564,0.000725908,0.000651014,10,gaussian
197,10,0,0.992622805,0.99258761,0.992592801,0.21166636,0.999964543,0.999969773,0.213239469,10,gaussian
197,11,0,0.996382015,0.996340463,0.996344207,0.020619456,0.999958297,0.999962055,0.020694328,10,gaussian
197,12,0,0.997654993,0.997590388,0.997593346,0.039378905,0.999935243,0.999938208,0.039471466,10,gaussian
197,13,0,0.997243224,0.997149733,0.997149599,0.006114579,0.999906251,0.999906117,0.006131482,10,gaussian
197,14,0,0.999859428,0.999779415,0.999781217,0.016612418,0.999919976,0.999921779,0.016614754,10,gaussian
198,0,0,0.997634386,0.997608094,0.997609135,0.020105725,0.999973645,0.999974689,0.020153401,10,gaussian
198,1,0,0.995407535,0.995374035,0.99537892,0.292901605,0.999966346,0.999971253,0.294252951,10,gaussian
198,2,0,0.988515479,0.988493896,0.988493833,0.176766109,0.999978166,0.999978102,0.178819768,10,gaussian
198,3,0,0.995775438,0.995769444,0.995767185,0.019865237,0.999993981,0.999991712,0.019949515,10,gaussian
198,4,0,0.99745863,0.997442575,0.997443811,0.02241363,0.999983904,0.999985143,0.022470736,10,gaussian
198,5,0,0.994317956,0.994278146,0.994278613,0.03242215,0.999959963,0.999960433,0.032607427,10,gaussian
198,6,0,0.994519231,0.99426799,0.994284872,0.036719613,0.999747374,0.99976435,0.036921974,10,gaussian
198,7,0,0.986157172,0.986151977,0.986155972,0.851199041,0.999994732,0.999998783,0.863147443,10,gaussian
198,8,0,0.995839713,0.995657475,0.995655951,0.017272364,0.999817001,0.999815471,0.017344522,10,gaussian
198,9,1,0.960238724,0.012511924,0.000601602,0.000471736,0.013030014,0.000626513,0.00049127,10,gaussian
198,10,1,0.961457361,0.01995316,0.000828878,0.00062813,0.020753037,0.000862105,0.00065331,10,gaussian
198,11,1,0.960226995,0.016794197,0.000878413,0.00066595,0.017489819,0.000914798,0.000693534,10,gaussian
198,12,1,0.961020823,0.017100372,0.000853643,0.00062738,0.017793966,0.000888267,0.000652827,10,gaussian
198,13,1,0.960985245,0.011241139,0.000644159,0.000454892,0.011697515,0.000670311,0.00047336,10,gaussian
198,14,0,0.998636689,0.998327881,0.998203582,0.074036559,0.99969077,0.999566302,0.074137631,10,gaussian
199,0,0,0.995828389,0.99579874,0.995794711,0.020057562,0.999970226,0.99996618,0.020141584,10,gaussian
199,1,0,0.996515633,0.99650298,0.99650257,0.053911048,0.999987303,0.999986891,0.05409955,10,gaussian
199,2,0,0.988766452,0.988745845,0.988742802,0.06594843,0.999979159,0.999976081,0.066697682,10,gaussian
199,3,0,0.993593021,0.993553532,0.993551127,0.035305312,0.999960256,0.999957836,0.035532971,10,gaussian
199,4,0,0.993137108,0.99310026,0.993098909,0.150614938,0.999962897,0.999961536,0.151655734,10,gaussian
199,5,0,0.994770989,0.994705291,0.994694629,0.030190485,0.999933957,0.999923239,0.030349182,10,gaussian
199,6,0,0.992945608,0.992787154,0.992793457,0.500357358,0.99984042,0.999846769,0.503912152,10,gaussian
199,7,1,0.961360032,0.013678094,0.000448405,0.000421076,0.014227858,0.000466427,0.000438,10,gaussian
199,8,1,0.959823454,0.009107605,0.000460089,0.000442428,0.009488834,0.000479348,0.000460948,10,gaussian
199,9,1,0.960999565,0.01700095,0.000632258,0.000596023,0.017690903,0.000657917,0.000620212,10,gaussian
199,10,1,0.962372989,0.013702544,0.0006286,0.00056182,0.014238289,0.000653177,0.000583786,10,gaussian
199,11,1,0.960660539,0.013092238,0.000652854,0.000606957,0.013628371,0.000679589,0.000631812,10,gaussian
199,12,0,0.996373461,0.996290447,0.996301192,0.015289408,0.999916684,0.999927468,0.015345057,10,gaussian
199,13,0,0.993807248,0.993754767,0.993743851,0.020349072,0.999947192,0.999936208,0.020475874,10,gaussian
199,14,0,0.995760056,0.995707294,0.995711706,0.036255586,0.999947013,0.999951444,0.036409962,10,gaussian
200,0,0,0.997063084,0.997049339,0.997046258,0.016300798,0.999986215,0.999983124,0.016348813,10,gaussian
200,1,0,0.997175457,0.997157987,0.997156334,0.012059564,0.99998248,0.999980823,0.012093723,10,gaussian
200,2,0,0.996759238,0.996749293,0.996748349,0.041401825,0.999990022,0.999989075,0.041536435,10,gaussian
200,3,0,0.993646414,0.99363677,0.993635995,0.462593845,0.999990295,0.999989515,0.465551768,10,gaussian
200,4,0,0.991679901,0.991646892,0.991659489,0.209987041,0.999966715,0.999979417,0.211748812,10,gaussian
200,5,0,0.995828598,0.995798398,0.995793082,0.349603057,0.999969674,0.999964335,0.351067501,10,gaussian
200,6,0,0.994030635,0.993965586,0.99396827,0.035997557,0.99993456,0.999937261,0.036213729,10,gaussian
200,7,0,0.996231999,0.996160588,0.996153642,0.019198662,0.999928319,0.999921347,0.019271276,10,gaussian
200,8,0,0.995589569,0.995365609,0.995374114,0.086468023,0.999775048,0.99978359,0.086851074,10,gaussian
200,9,0,0.99717431,0.996169665,0.995978101,0.030461825,0.998992507,0.998800401,0.030548144,10,gaussian
200,10,1,0.96089739,0.009086406,0.000583706,0.000437864,0.009456167,0.00060746,0.000455683,10,gaussian
200,11,1,0.961258914,0.017149311,0.000795055,0.000609255,0.01784047,0.000827098,0.00063381,10,gaussian
200,12,1,0.960506953,0.010354823,0.000613483,0.000444182,0.010780581,0.000638707,0.000462445,10,gaussian
200,13,1,0.960240168,0.014642462,0.000836618,0.000651502,0.01524875,0.000871259,0.000678478,10,gaussian
200,14,1,0.960334767,0.013722515,0.000835459,0.000637118,0.014289304,0.000869967,0.000663434,10,gaussian
201,0,0,0.997362263,0.997338127,0.997338152,0.005625236,0.999975801,0.999975825,0.005640113,10,gaussian
201,1,0,0.995819173,0.995798771,0.995800706,0.040206797,0.999979512,0.999981455,0.040375601,10,gaussian
201,2,0,0.995918954,0.995910358,0.995908775,0.04130699,0.999991369,0.99998978,0.041476257,10,gaussian
201,3,0,0.996123871,0.99608083,0.996081831,0.010802596,0.999956791,0.999957796,0.010844631,10,gaussian
201,4,0,0.992499922,0.992457027,0.992447621,0.153108142,0.999956781,0.999947304,0.154265143,10,gaussian
201,5,0,0.992013663,0.991914303,0.991930315,0.542233398,0.999899841,0.999915981,0.54659872,10,gaussian
201,6,0,0.99427587,0.994241033,0.994236405,0.064519336,0.999964962,0.999960307,0.064890779,10,gaussian
201,7,0,0.992467477,0.992292649,0.992324097,0.084539139,0.999823845,0.999855532,0.085180765,10,gaussian
201,8,0,0.997642489,0.997410624,0.997388203,0.025399801,0.999767588,0.999745113,0.025459822,10,gaussian
201,9,0,0.995536337,0.995380758,0.995272505,0.094482975,0.999843724,0.999734986,0.094906606,10,gaussian
201,10,1,0.961047376,0.011321192,0.000715809,0.000472624,0.011780056,0.000744822,0.00049178,10,gaussian
201,11,1,0.960568817,0.010403534,0.00058605,0.000477482,0.010830597,0.000610108,0.000497083,10,gaussian
201,12,1,0.960802566,0.015618692,0.000875354,0.000629997,0.016255881,0.000911065,0.000655699,10,gaussian
201,13,1,0.960680959,0.013111032,0.000846485,0.000649201,0.013647644,0.00088113,0.000675772,10,gaussian
201,14,1,0.962262985,0.016127163,0.000886722,0.00063747,0.016759621,0.000921497,0.000662469,10,gaussian
202,0,0,0.996100713,0.996076242,0.996076416,0.019921744,0.999975433,0.999975607,0.019999729,10,gaussian
202,1,0,0.99374123,0.993721362,0.993722823,0.12801907,0.999980007,0.999981477,0.128825359,10,gaussian
202,2,0,0.994566157,0.994549848,0.994548428,0.223442542,0.999983602,0.999982174,0.224663328,10,gaussian
202,3,0,0.997662577,0.997638966,0.997639185,0.014285476,0.999976334,0.999976553,0.014318946,10,gaussian
202,4,0,0.997896379,0.997868161,0.997869294,0.017819037,0.999971722,0.999972858,0.0178566,10,gaussian
202,5,0,0.989278847,0.989228603,0.989230708,0.464838535,0.999949211,0.999951339,0.469876149,10,gaussian
202,6,0,0.993446304,0.993397263,0.993394113,0.076659523,0.999950636,0.999947465,0.077165241,10,gaussian
202,7,0,0.99843324,0.998316874,0.998309985,0.026745912,0.999883452,0.999876552,0.026787882,10,gaussian
202,8,0,0.992924165,0.992854039,0.992867263,0.04757003,0.999929374,0.999942693,0.047909026,10,gaussian
202,9,1,0.961664977,0.009641226,0.000448494,0.000416334,0.010025556,0.000466373,0.00043293,10,gaussian
202,10,1,0.960293305,0.011658191,0.000482917,0.000441233,0.01214024,0.000502885,0.000459477,10,gaussian
202,11,1,0.962137241,0.013981584,0.000605859,0.00055978,0.014531798,0.000629702,0.000581809,10,gaussian
202,12,1,0.961883666,0.013679371,0.00062634,0.00057506,0.01422144,0.00065116,0.000597847,10,gaussian
202,13,1,0.96084772,0.013782265,0.00066974,0.00063596,0.014343859,0.00069703,0.000661874,10,gaussian
202,14,0,0.992659051,0.991216354,0.991276286,0.142955046,0.998546635,0.99860701,0.144012233,10,gaussian
203,0,0,0.994810642,0.994794121,0.994795641,0.064405249,0.999983393,0.999984921,0.064741214,10,gaussian
203,1,0,0.995170974,0.995146362,0.99514478,0.020222283,0.999975268,0.999973679,0.020320411,10,gaussian
203,2,0,0.99840166,0.998380018,0.998382964,0.122422563,0.999978323,0.999981273,0.122618549,10,gaussian
203,3,0,0.995474689,0.995463276,0.995464319,0.022715337,0.999988535,0.999989583,0.022818598,10,gaussian
203,4,0,0.995892516,0.995871635,0.995871735,0.03981708,0.999979033,0.999979133,0.039981303,10,gaussian
203,5,0,0.996333569,0.996319129,0.996314556,0.024486894,0.999985506,0.999980917,0.024577004,10,gaussian
203,6,0,0.993834794,0.993767503,0.99376547,0.063157258,0.999932291,0.999930245,0.063549051,10,gaussian
203,7,0,0.992291498,0.992237208,0.9922416,0.45884876,0.999945289,0.999949714,0.462413274,10,gaussian
203,8,0,0.995712535,0.995586002,0.995608541,0.077880715,0.999872921,0.999895558,0.078216063,10,gaussian
203,9,0,0.994514361,0.993920983,0.993898663,0.089268975,0.999403349,0.999380906,0.089761374,10,gaussian
203,10,1,0.960632988,0.01149678,0.000521033,0.000447779,0.011967922,0.000542385,0.000466129,10,gaussian
203,11,1,0.960779334,0.010802798,0.000573559,0.000437994,0.011243786,0.000596972,0.000455873,10,gaussian
203,12,1,0.959486504,0.014424836,0.000698005,0.000624381,0.015033913,0.000727478,0.000650745,10,gaussian
203,13,1,0.959691253,0.015387092,0.000723517,0.000614459,0.016033377,0.000753906,0.000640267,10,gaussian
203,14,1,0.961545329,0.014598118,0.00072542,0.000629874,0.015181934,0.000754432,0.000655064,10,gaussian
204,0,0,0.998521549,0.998507226,0.998506272,0.031935215,0.999985656,0.9999847,0.0319825,10,gaussian
204,1,0,0.997910654,0.997901268,0.997902344,0.025932152,0.999990594,0.999991672,0.025986447,10,gaussian
204,2,0,0.995175506,0.995133758,0.99513261,0.039706554,0.99995805,0.999956896,0.039899047,10,gaussian
204,3,0,0.996478606,0.996458502,0.996458113,0.014999315,0.999979825,0.999979434,0.01505232,10,gaussian
204,4,0,0.995275241,0.995221542,0.995222128,0.044976313,0.999946047,0.999946635,0.045189824,10,gaussian
204,5,0,0.99694477,0.996853473,0.996853585,0.024045623,0.999908423,0.999908536,0.024119313,10,gaussian
204,6,0,0.996899284,0.996820192,0.996817358,0.023741497,0.999920662,0.999917819,0.023815342,10,gaussian
204,7,0,0.995523868,0.994764444,0.994686418,0.024608785,0.999237162,0.999158785,0.024719433,10,gaussian
204,8,0,0.995640862,0.995486593,0.995495053,0.039111506,0.999845056,0.999853552,0.039282745,10,gaussian
204,9,1,0.960907466,0.01041761,0.000534468,0.000459811,0.010841429,0.000556212,0.000478517,10,gaussian
204,10,1,0.96178417,0.015742486,0.000733196,0.000625019,0.016368003,0.000762329,0.000649854,10,gaussian
204,11,1,0.961575741,0.017773465,0.000795378,0.000661016,0.018483687,0.000827161,0.00068743,10,gaussian
204,12,1,0.95994982,0.014632231,0.000883245,0.000678826,0.015242704,0.000920095,0.000707148,10,gaussian
204,13,1,0.960750076,0.012493955,0.000847347,0.000473828,0.013004376,0.000881964,0.000493185,10,gaussian
204,14,0,0.997709556,0.994081966,0.9938127,0.009827374,0.996364082,0.996094199,0.009849935,10,gaussian
205,0,0,0.993331059,0.99330586,0.993301929,0.161745159,0.999974632,0.999970675,0.16283107,10,gaussian
205,1,0,0.992539127,0.992501908,0.992502102,0.152027085,0.999962501,0.999962697,0.153169866,10,gaussian
205,2,0,0.996199187,0.996190724,0.996192727,0.024562757,0.999991504,0.999993516,0.024656472,10,gaussian
205,3,0,0.997537605,0.997527931,0.99752799,0.091420799,0.999990303,0.999990362,0.091646469,10,gaussian
205,4,0,0.98713008,0.987028519,0.987060866,0.414044833,0.999897115,0.999929884,0.419443031,10,gaussian
205,5,0,0.994908737,0.994862149,0.994858287,0.049834699,0.999953174,0.999949292,0.050089718,10,gaussian
205,6,0,0.998500171,0.998461004,0.998453001,0.013660427,0.999960774,0.999952759,0.013680946,10,gaussian
205,7,0,0.996299862,0.996275626,0.996274912,0.039309344,0.999975675,0.999974958,0.039455334,10,gaussian
205,8,0,0.994513612,0.994454667,0.994459386,0.036903485,0.99994073,0.999945475,0.037107068,10,gaussian
205,9,0,0.994763623,0.994620305,0.994640934,0.0466278,0.999855927,0.999876664,0.046873246,10,gaussian
205,10,1,0.961425357,0.010991575,0.000549018,0.000458547,0.011432583,0.000571046,0.000476945,10,gaussian
205,11,1,0.961585307,0.016545595,0.000763187,0.000642604,0.017206581,0.000793676,0.000668275,10,gaussian
205,12,1,0.960094324,0.013627461,0.000541975,0.000478869,0.014193877,0.000564502,0.000498773,10,gaussian
205,13,1,0.959487926,0.017178028,0.000848207,0.000744712,0.017903329,0.00088402,0.000776156,10,gaussian
205,14,1,0.96005568,0.018316764,0.000751969,0.000674155,0.019078856,0.000783255,0.000702204,10,gaussian
206,0,0,0.994989661,0.994949931,0.994953772,0.078206975,0.99996007,0.99996393,0.078600792,10,gaussian
206,1,0,0.993226092,0.993209026,0.993211265,0.132041109,0.999982817,0.999985071,0.132941643,10,gaussian
206,2,0,0.99685812,0.996752515,0.996746965,0.007340674,0.999894062,0.999888494,0.00736381,10,gaussian
206,3,0,0.996122614,0.996099571,0.996098609,0.021674285,0.999976867,0.999975901,0.021758651,10,gaussian
206,4,1,0.96151031,0.012134013,0.000511912,0.000468159,0.012619743,0.000532404,0.0004869,10,gaussian
206,5,1,0.962145424,0.017467657,0.000716209,0.000625466,0.018154904,0.000744388,0.000650075,10,gaussian
206,6,1,0.960284182,0.011190455,0.000519434,0.000478527,0.011653274,0.000540917,0.000498318,10,gaussian
206,7,1,0.959562971,0.014373894,0.000781821,0.00071255,0.014979625,0.000814768,0.000742578,10,gaussian
206,8,1,0.961432955,0.015250733,0.000698073,0.000641193,0.015862503,0.000726075,0.000666914,10,gaussian
206,9,0,0.99700103,0.99673351,0.996718686,0.035134894,0.999731675,0.999716806,0.035240579,10,gaussian
206,10,0,0.99725982,0.99722706,0.997221468,0.015007053,0.99996715,0.999961543,0.015048288,10,gaussian
206,11,0,0.996302694,0.996266973,0.996262207,0.020601416,0.999964146,0.999959363,0.020677868,10,gaussian
206,12,0,0.99350341,0.993459846,0.993461652,0.253011407,0.999956151,0.999957969,0.254665867,10,gaussian
206,13,0,0.994366321,0.994333171,0.994335749,0.086120462,0.999966663,0.999969255,0.086608386,10,gaussian
206,14,0,0.996123075,0.996077848,0.996080524,0.041564457,0.999954597,0.999957283,0.041726227,10,gaussian
207,0,0,0.994145213,0.994100818,0.994099485,0.089379463,0.999955344,0.999954003,0.089905842,10,gaussian
207,1,0,0.997507746,0.997475566,0.99747785,0.021330625,0.999967739,0.999970029,0.021383919,10,gaussian
207,2,0,0.994454141,0.994418614,0.994418106,0.043546069,0.999964275,0.999963764,0.043788916,10,gaussian
207,3,0,0.994273704,0.994238352,0.994234756,0.01832849,0.999964444,0.999960827,0.018434049,10,gaussian
207,4,0,0.996855216,0.996831728,0.996832908,0.02033889,0.999976438,0.999977621,0.020403053,10,gaussian
207,5,0,1.000864547,1.000854075,1.00085165,0.014504118,0.999989537,0.999987115,0.014491589,10,gaussian
207,6,0,0.995736112,0.995698621,0.995699806,0.071381134,0.999962348,0.999963538,0.071686799,10,gaussian
207,7,0,0.990340713,0.990304358,0.990303116,0.392346239,0.999963291,0.999962037,0.396172987,10,gaussian
207,8,0,0.991501629,0.991417599,0.991441148,0.093289117,0.999915249,0.999939,0.094088717,10,gaussian
207,9,1,0.960798816,0.009734736,0.00049368,0.000438595,0.010131919,0.000513822,0.00045649,10,gaussian
207,10,1,0.961225929,0.015467633,0.00066891,0.000576786,0.016091568,0.000695893,0.000600052,10,gaussian
207,11,1,0.961203887,0.016004911,0.000711696,0.000605316,0.016650902,0.000740421,0.000629748,10,gaussian
207,12,1,0.962184417,0.015284386,0.00069934,0.000556955,0.01588509,0.000726826,0.000578845,10,gaussian
207,13,1,0.961016073,0.010456451,0.000612005,0.000438931,0.010880621,0.000636832,0.000456736,10,gaussian
207,14,0,0.994072362,0.992867007,0.992894758,0.114847294,0.998787458,0.998815374,0.115532127,10,gaussian
208,0,0,0.995093966,0.995069356,0.995068077,0.025351284,0.999975269,0.999973984,0.025476272,10,gaussian
208,1,0,0.999862745,0.999841646,0.999844038,0.020177507,0.999978898,0.99998129,0.020180277,10,gaussian
208,2,0,0.996453086,0.996437326,0.996437571,0.012913082,0.999984184,0.99998443,0.012959046,10,gaussian
208,3,0,0.995500015,0.995492165,0.995493837,0.068606073,0.999992115,0.999993795,0.068916194,10,gaussian
208,4,0,0.991339596,0.991265883,0.991275472,0.069418213,0.999925644,0.999935316,0.070024655,10,gaussian
208,5,0,0.999424248,0.999388263,0.999384457,0.021419682,0.999963994,0.999960186,0.021432022,10,gaussian
208,6,0,0.993476861,0.993434844,0.993437129,0.057000924,0.999957707,0.999960006,0.057375191,10,gaussian
208,7,0,0.995564419,0.99545598,0.995462361,0.019990944,0.999891078,0.999897488,0.020080011,10,gaussian
208,8,0,0.990280168,0.990223668,0.990244613,0.2329128,0.999942945,0.999964095,0.235198893,10,gaussian
208,9,0,0.990260072,0.990235152,0.990225775,0.207482774,0.999974835,0.999965365,0.209523518,10,gaussian
208,10,1,0.961336413,0.010058172,0.000552047,0.000407941,0.010462697,0.00057425,0.000424348,10,gaussian
208,11,1,0.960900927,0.010179648,0.000564538,0.000445933,0.010593858,0.000587509,0.000464078,10,gaussian
208,12,1,0.96169948,0.015439926,0.000753176,0.000563552,0.016054835,0.000783172,0.000585996,10,gaussian
208,13,1,0.961026228,0.013679194,0.000785453,0.000611418,0.014233945,0.000817307,0.000636213,10,gaussian
208,14,1,0.960561416,0.015778545,0.000818095,0.000628286,0.016426378,0.000851684,0.000654082,10,gaussian
209,0,0,0.994205935,0.994187795,0.994190578,0.106976527,0.999981754,0.999984554,0.107599968,10,gaussian
209,1,0,0.991377219,0.991355145,0.991358632,0.192354401,0.999977734,0.999981251,0.194027458,10,gaussian
209,2,0,0.993933756,0.993915351,0.993911261,0.021214876,0.999981482,0.999977368,0.021344356,10,gaussian
209,3,0,0.992784262,0.992750375,0.992752343,0.059485172,0.999965866,0.999967848,0.059917521,10,gaussian
209,4,0,0.989995055,0.989977658,0.989978438,0.31940828,0.999982428,0.999983216,0.322636238,10,gaussian
209,5,0,0.994792652,0.994758323,0.994757262,0.11277795,0.999965492,0.999964425,0.113368298,10,gaussian
209,6,0,0.993860997,0.993798433,0.99380199,0.047470437,0.999937049,0.999940628,0.047763658,10,gaussian
209,7,0,0.988237988,0.98821067,0.988219031,0.335346531,0.999972357,0.999980817,0.339337827,10,gaussian
209,8,0,0.992615949,0.992359189,0.992391987,0.161815081,0.999741331,0.999774372,0.16301882,10,gaussian
209,9,0,0.989013918,0.988884209,0.988877727,0.207142847,0.99986885,0.999862296,0.209443814,10,gaussian
209,10,1,0.960727813,0.011141897,0.000521303,0.000433213,0.011597351,0.000542612,0.000450921,10,gaussian
209,11,1,0.960401267,0.009443866,0.000492773,0.00043589,0.00983325,0.000513091,0.000453862,10,gaussian
209,12,1,0.960567047,0.014473026,0.000713775,0.000601513,0.015067169,0.000743077,0.000626206,10,gaussian
209,13,1,0.961054507,0.013735273,0.000714987,0.000613299,0.014291877,0.000743961,0.000638152,10,gaussian
209,14,1,0.960492981,0.0162936,0.000779706,0.000659043,0.016963788,0.000811777,0.000686151,10,gaussian
210,0,0,0.99846342,0.998440117,0.99843974,0.014347547,0.999976661,0.999976284,0.014369627,10,gaussian
210,1,0,0.999542423,0.999528002,0.999528259,0.006086153,0.999985573,0.99998583,0.006088939,10,gaussian
210,2,0,0.997038229,0.99696545,0.996966625,0.02769585,0.999927005,0.999928184,0.027778123,10,gaussian
210,3,0,0.994114471,0.994077792,0.994085341,0.101984188,0.999963104,0.999970698,0.102587972,10,gaussian
210,4,0,0.997254458,0.997218364,0.997215989,0.01026001,0.999963807,0.999961425,0.010288256,10,gaussian
210,5,0,0.998881896,0.99885421,0.998853692,0.012689714,0.999972283,0.999971764,0.012703918,10,gaussian
210,6,0,0.994677345,0.994634862,0.994627667,0.048213832,0.99995729,0.999950056,0.048471831,10,gaussian
210,7,0,0.997432746,0.997364206,0.997362564,0.007034936,0.999931284,0.999929637,0.007053042,10,gaussian
210,8,0,0.998515787,0.998377336,0.9983592,0.006379544,0.999861343,0.99984318,0.006389027,10,gaussian
210,9,1,0.960277027,0.011190523,0.000494855,0.000472126,0.011653432,0.000515325,0.000491656,10,gaussian
210,10,1,0.961167752,0.018153934,0.000696677,0.000644941,0.018887374,0.000724824,0.000670998,10,gaussian
210,11,1,0.961227687,0.018208389,0.000772321,0.000695407,0.018942847,0.000803473,0.000723457,10,gaussian
210,12,1,0.961759622,0.01075479,0.000551745,0.000456224,0.01118241,0.000573683,0.000474364,10,gaussian
210,13,1,0.960653792,0.015173161,0.000725243,0.000650154,0.01579462,0.000754947,0.000676782,10,gaussian
210,14,0,0.999394488,0.999120608,0.999133517,0.009996037,0.999725954,0.999738871,0.010002093,10,gaussian
211,0,0,0.996908503,0.996877721,0.996878595,0.011593802,0.999969123,0.99997,0.011629755,10,gaussian
211,1,0,0.992730012,0.992717716,0.992720413,0.109598143,0.999987615,0.999990331,0.110400756,10,gaussian
211,2,0,0.998216884,0.998194563,0.998195352,0.019058589,0.999977639,0.99997843,0.019092633,10,gaussian
211,3,0,0.993576939,0.993525312,0.993523453,0.032489173,0.999948039,0.999946168,0.032699202,10,gaussian
211,4,0,0.99995061,0.999904674,0.999908971,0.039916937,0.999954062,0.999958358,0.039918908,10,gaussian
211,5,0,0.995160633,0.995129892,0.995130982,0.12624427,0.999969109,0.999970204,0.126858183,10,gaussian
211,6,0,0.995792399,0.995719687,0.995726,0.066828405,0.999926981,0.999933321,0.067110781,10,gaussian
211,7,0,0.99873435,0.998683096,0.998683346,0.009042369,0.999948681,0.999948931,0.009053828,10,gaussian
211,8,0,0.998094661,0.997576814,0.997768489,0.056522931,0.999481164,0.999673205,0.056630832,10,gaussian
211,9,0,0.990078666,0.986248353,0.987038808,0.182757308,0.996131304,0.99692968,0.184588674,10,gaussian
211,10,1,0.96112706,0.010003636,0.000762359,0.000448754,0.010408235,0.000793192,0.000466904,10,gaussian
211,11,1,0.960558635,0.016831055,0.002084428,0.00051263,0.017522152,0.002170016,0.000533679,10,gaussian
211,12,1,0.95952718,0.017354391,0.0012071,0.000657948,0.018086399,0.001258015,0.0006857,10,gaussian
211,13,1,0.961376026,0.018498144,0.001682639,0.000617228,0.01924132,0.00175024,0.000642025,10,gaussian
211,14,1,0.961508282,0.020625483,0.001447479,0.000680093,0.021451176,0.001505426,0.000707319,10,gaussian
212,0,0,0.994623979,0.994600012,0.994594959,0.085110909,0.999975903,0.999970823,0.08557094,10,gaussian
212,1,0,0.999790972,0.999784368,0.999786185,0.015556783,0.999993395,0.999995212,0.015560036,10,gaussian
212,2,0,0.997313959,0.997248732,0.997243051,0.022777192,0.999934597,0.9999289,0.022838538,10,gaussian
212,3,0,0.994529191,0.994511286,0.994508348,0.045496097,0.999981997,0.999979043,0.045746367,10,gaussian
212,4,0,0.998931047,0.998918263,0.998919038,0.019200901,0.999987202,0.999987978,0.019221448,10,gaussian
212,5,0,0.99610317,0.99602181,0.996029252,0.034943944,0.999918321,0.999925793,0.035080648,10,gaussian
212,6,0,0.993569734,0.993480419,0.993462115,0.060468913,0.999910108,0.999891685,0.060860261,10,gaussian
212,7,0,1.00003198,0.999913297,0.999923273,0.018190744,0.999881321,0.999891297,0.018190162,10,gaussian
212,8,1,0.960487192,0.012075844,0.000510834,0.000441,0.012572623,0.000531849,0.000459142,10,gaussian
212,9,1,0.960915959,0.012999366,0.000729769,0.000608824,0.013528099,0.000759451,0.000633587,10,gaussian
212,10,1,0.961357091,0.014107307,0.000783861,0.000612689,0.014674367,0.00081537,0.000637317,10,gaussian
212,11,1,0.961456375,0.013657342,0.000854581,0.000612063,0.014204849,0.00088884,0.0006366,10,gaussian
212,12,1,0.960580771,0.009323679,0.00071723,0.000436056,0.009706294,0.000746663,0.000453951,10,gaussian
212,13,0,0.996552509,0.996337618,0.996326628,0.020388464,0.999784365,0.999773338,0.020458997,10,gaussian
212,14,0,0.993982746,0.993041559,0.992883572,0.063495356,0.999053115,0.998894172,0.063879736,10,gaussian
213,0,0,0.998925327,0.9988792,0.998881239,0.056445967,0.999953824,0.999955864,0.056506693,10,gaussian
213,1,0,0.99503335,0.995000515,0.995000455,0.025362931,0.999967001,0.999966941,0.025489529,10,gaussian
213,2,0,0.99570556,0.995687986,0.995691045,0.11634437,0.999982351,0.999985422,0.116846159,10,gaussian
213,3,0,0.996247978,0.996226722,0.996227159,0.022673741,0.999978664,0.999979102,0.022759133,10,gaussian
213,4,0,0.997028789,0.99699814,0.996997389,0.011276426,0.99996926,0.999968507,0.01131003,10,gaussian
213,5,0,0.995357312,0.995321003,0.995319814,0.092615734,0.999963522,0.999962327,0.093047726,10,gaussian
213,6,0,0.994179745,0.994169012,0.994167907,0.120191712,0.999989204,0.999988092,0.120895354,10,gaussian
213,7,0,0.989062113,0.988873354,0.988916277,0.08187901,0.999809154,0.999852552,0.082784497,10,gaussian
213,8,0,0.991734995,0.991633044,0.991659082,0.234008227,0.9998972,0.999923455,0.235958424,10,gaussian
213,9,0,0.99784825,0.99769564,0.997688629,0.038873765,0.999847061,0.999840034,0.038957592,10,gaussian
213,10,1,0.9609967,0.009542722,0.000483709,0.000421439,0.009930026,0.000503341,0.000438543,10,gaussian
213,11,1,0.96033502,0.010734741,0.000471854,0.000437361,0.011178121,0.000491343,0.000455426,10,gaussian
213,12,1,0.961805309,0.015303463,0.000657758,0.00056802,0.015911186,0.000683878,0.000590577,10,gaussian
213,13,1,0.960732879,0.01399705,0.000655358,0.000601943,0.014569138,0.000682144,0.000626545,10,gaussian
213,14,1,0.961486849,0.016082114,0.00067191,0.000592454,0.016726296,0.000698824,0.000616185,10,gaussian
214,0,0,0.994545949,0.994519863,0.994518026,0.074899831,0.999973771,0.999971923,0.075310579,10,gaussian
214,1,0,0.994894065,0.994878101,0.994874559,0.068210926,0.999983955,0.999980394,0.068560994,10,gaussian
214,2,0,0.99710075,0.997045157,0.997052911,0.022411926,0.999944246,0.999952022,0.022477093,10,gaussian
214,3,0,1.001125725,1.001109348,1.001103216,0.012361819,0.999983642,0.999977516,0.012347919,10,gaussian
214,4,0,0.992328657,0.992232935,0.992247732,0.204812718,0.999903539,0.99991845,0.206396053,10,gaussian
214,5,0,0.996171216,0.996032122,0.996024275,0.012722934,0.999860371,0.999852494,0.012771834,10,gaussian
214,6,0,0.989322524,0.989257667,0.989265027,0.841538573,0.999934444,0.999941882,0.85062106,10,gaussian
214,7,1,0.96135022,0.013542853,0.000593833,0.000481573,0.014087326,0.000617707,0.000500934,10,gaussian
214,8,1,0.961491932,0.017246653,0.000828192,0.000661283,0.017937387,0.000861361,0.000687767,10,gaussian
214,9,1,0.959683841,0.022646035,0.000918468,0.000749022,0.023597391,0.000957053,0.000780489,10,gaussian
214,10,1,0.962042181,0.015155591,0.000827416,0.00064218,0.015753562,0.000860062,0.000667518,10,gaussian
214,11,1,0.961375798,0.008729245,0.000664224,0.000481667,0.009079951,0.00069091,0.000501019,10,gaussian
214,12,0,0.996460799,0.996291081,0.996293526,0.014137101,0.999829679,0.999832134,0.014187313,10,gaussian
214,13,0,0.995036288,0.994216668,0.994180382,0.043867372,0.999176291,0.999139824,0.044086203,10,gaussian
214,14,0,0.997056445,0.996470702,0.996454281,0.040354683,0.999412528,0.999396058,0.040473819,10,gaussian
215,0,0,0.998516697,0.998495729,0.998496013,0.025166244,0.999979001,0.999979285,0.025203628,10,gaussian
215,1,0,0.997802974,0.99777416,0.997774607,0.023346259,0.999971123,0.999971571,0.023397664,10,gaussian
215,2,0,0.994946766,0.994931917,0.994933363,0.029609541,0.999985076,0.999986528,0.029759925,10,gaussian
215,3,0,0.999136672,0.999112165,0.999113529,0.013791227,0.999975472,0.999976837,0.013803144,10,gaussian
215,4,0,0.996500542,0.996489699,0.996485646,0.014101324,0.999989119,0.999985051,0.014150845,10,gaussian
215,5,0,0.996041138,0.996006729,0.996004387,0.05327017,0.999965454,0.999963103,0.053481898,10,gaussian
215,6,0,0.996449571,0.996420313,0.996417135,0.048225259,0.999970638,0.999967448,0.048397089,10,gaussian
215,7,0,0.998569547,0.998497442,0.998493797,0.008566056,0.999927792,0.999924142,0.008578327,10,gaussian
215,8,0,0.995119175,0.994978753,0.994981891,0.223419566,0.999858889,0.999862043,0.224515386,10,gaussian
215,9,0,0.996544501,0.996325935,0.996277171,0.031245573,0.999780676,0.999731744,0.031353917,10,gaussian
215,10,1,0.960019664,0.012069458,0.000531182,0.000503916,0.012572095,0.000553303,0.000524902,10,gaussian
215,11,1,0.960645591,0.018407004,0.000746306,0.0007055,0.019161077,0.00077688,0.000734401,10,gaussian
215,12,1,0.960572658,0.013042812,0.00053537,0.000509344,0.013578163,0.000557345,0.00053025,10,gaussian
215,13,1,0.960000666,0.021162554,0.000762692,0.000730905,0.022044312,0.00079447,0.000761359,10,gaussian
215,14,1,0.960997429,0.018229586,0.000718891,0.000688293,0.018969443,0.000748067,0.000716228,10,gaussian
216,0,0,0.99560781,0.995572126,0.995573619,0.026107349,0.999964159,0.999965658,0.026222523,10,gaussian
216,1,0,0.998310485,0.998292153,0.99829299,0.037485662,0.999981636,0.999982475,0.037549102,10,gaussian
216,2,0,0.99735613,0.997331388,0.997331361,0.020109888,0.999975193,0.999975165,0.020163197,10,gaussian
216,3,0,0.989944212,0.989907872,0.989903097,0.255623424,0.999963292,0.999958468,0.25822003,10,gaussian
216,4,0,0.99289197,0.99286634,0.992865328,0.046202028,0.999974187,0.999973167,0.046532784,10,gaussian
216,5,0,0.99567302,0.995610123,0.995604088,0.020062513,0.99993683,0.999930769,0.0201497,10,gaussian
216,6,0,0.996206466,0.996117118,0.996124889,0.030613036,0.999910311,0.999918112,0.03072961,10,gaussian
216,7,0,0.995912005,0.995874654,0.995868963,0.095827881,0.999962495,0.999956781,0.096221233,10,gaussian
216,8,0,0.99846514,0.998377469,0.998372684,0.014898592,0.999912194,0.999907402,0.014921495,10,gaussian
216,9,0,0.993088293,0.992747235,0.99265616,0.103632252,0.999656569,0.999564859,0.104353513,10,gaussian
216,10,1,0.960047547,0.011041903,0.000577389,0.000467815,0.011501413,0.000601417,0.000487283,10,gaussian
216,11,1,0.960455227,0.01251399,0.001015261,0.000479869,0.013029228,0.001057062,0.000499626,10,gaussian
216,12,1,0.961580206,0.015212105,0.000817012,0.000624949,0.015819902,0.000849656,0.000649918,10,gaussian
216,13,1,0.960104574,0.016061847,0.000950306,0.000690968,0.016729268,0.000989794,0.00071968,10,gaussian
216,14,1,0.961378187,0.017731463,0.001034909,0.00062885,0.018443795,0.001076485,0.000654113,10,gaussian
217,0,0,0.997284546,0.997262789,0.997264733,0.056100381,0.999978184,0.999980133,0.056253134,10,gaussian
217,1,0,0.991960177,0.991914975,0.991918429,0.084367687,0.999954432,0.999957914,0.085051486,10,gaussian
217,2,1,0.960852504,0.009256026,0.000513919,0.000450466,0.00963314,0.000534858,0.000468819,10,gaussian
217,3,1,0.960658733,0.015581093,0.000735396,0.000635005,0.016219176,0.000765512,0.00066101,10,gaussian
217,4,1,0.961543812,0.016853915,0.000826836,0.000667578,0.017527974,0.000859905,0.000694277,10,gaussian
217,5,1,0.961320658,0.018073057,0.000796113,0.000616326,0.018800238,0.000828145,0.000641125,10,gaussian
217,6,1,0.961418514,0.012223189,0.000601459,0.000453541,0.012713703,0.000625595,0.000471742,10,gaussian
217,7,0,0.991439973,0.990809882,0.990959493,0.038163338,0.999364468,0.999515371,0.038492838,10,gaussian
217,8,0,0.994520871,0.994480432,0.99446941,0.042368688,0.999959339,0.999948255,0.042602111,10,gaussian
217,9,0,0.996110285,0.996027105,0.996039063,0.019322898,0.999916495,0.9999285,0.019398352,10,gaussian
217,10,0,0.995165147,0.995153128,0.995152187,0.076447052,0.999987922,0.999986977,0.076818458,10,gaussian
217,11,0,0.995933201,0.995927704,0.995927523,0.03367879,0.999994481,0.999994299,0.033816314,10,gaussian
217,12,0,0.996538068,0.996520695,0.996519716,0.030332094,0.999982567,0.999981584,0.030437467,10,gaussian
217,13,0,0.997699141,0.997665322,0.997664754,0.008875084,0.999966102,0.999965534,0.008895551,10,gaussian
217,14,0,0.99591652,0.995893691,0.995893836,0.023689645,0.999977077,0.999977224,0.023786778,10,gaussian
218,0,0,0.993405843,0.993374417,0.993376894,0.353595176,0.999968365,0.999970859,0.355942315,10,gaussian
218,1,0,0.990726005,0.989967412,0.990119692,0.043635706,0.999234306,0.999388012,0.044044172,10,gaussian
218,2,1,0.961567298,0.011555931,0.000664191,0.000451089,0.012017808,0.000690738,0.000469119,10,gaussian
218,3,1,0.962066718,0.014948881,0.000832493,0.000601176,0.0155383,0.000865317,0.000624879,10,gaussian
218,4,1,0.962231741,0.014151883,0.000817818,0.000637088,0.014707354,0.000849918,0.000662094,10,gaussian
218,5,1,0.961018083,0.011671691,0.000535525,0.000463636,0.012145132,0.000557248,0.000482443,10,gaussian
218,6,1,0.961405318,0.014069973,0.000753462,0.000629461,0.014634798,0.000783709,0.000654731,10,gaussian
218,7,0,0.997215568,0.996739682,0.996715822,0.028116772,0.999522785,0.999498859,0.02819528,10,gaussian
218,8,0,0.99612685,0.996095954,0.99609543,0.019688172,0.999968984,0.999968457,0.019764723,10,gaussian
218,9,0,0.992942849,0.992897215,0.992894541,0.030870126,0.999954042,0.999951349,0.03108953,10,gaussian
218,10,0,0.995338235,0.995309183,0.995310951,0.02116132,0.999970811,0.999972588,0.021260431,10,gaussian
218,11,0,0.996631132,0.996627752,0.996628217,0.034264329,0.999996608,0.999997074,0.034380151,10,gaussian
218,12,0,0.998575341,0.998564381,0.998563303,0.040273112,0.999989025,0.999987945,0.040330569,10,gaussian
218,13,0,0.99644752,0.99641475,0.996416762,0.025195835,0.999967113,0.999969132,0.025285662,10,gaussian
218,14,0,0.994836534,0.99482458,0.99482507,0.14165774,0.999987984,0.999988477,0.142392981,10,gaussian
219,0,0,0.997263294,0.997243433,0.997245011,0.016988602,0.999980084,0.999981667,0.017035223,10,gaussian
219,1,0,0.9930765,0.993058115,0.993052957,0.042109461,0.999981486,0.999976293,0.042403038,10,gaussian
219,2,0,0.995151026,0.995144409,0.995145381,0.131300273,0.99999335,0.999994327,0.131940046,10,gaussian
219,3,0,0.995712359,0.995651682,0.995651627,0.025323514,0.999939062,0.999939007,0.025432559,10,gaussian
219,4,0,0.994854255,0.99483186,0.994827811,0.044856518,0.999977489,0.99997342,0.045088532,10,gaussian
219,5,0,0.994505514,0.994489706,0.99448717,0.122874775,0.999984104,0.999981554,0.123553638,10,gaussian
219,6,0,0.99618522,0.996077737,0.996089808,0.03271767,0.999892105,0.999904222,0.032842958,10,gaussian
219,7,0,0.993554498,0.993305363,0.993309443,0.114955885,0.999749249,0.999753355,0.11570164,10,gaussian
219,8,0,0.997659771,0.997484012,0.997461522,0.076143981,0.999823829,0.999801287,0.076322593,10,gaussian
219,9,1,0.96123158,0.010208955,0.000455599,0.000406534,0.010620703,0.000473975,0.00042293,10,gaussian
219,10,1,0.961277917,0.013697286,0.000632845,0.00055928,0.014249038,0.000658338,0.000581809,10,gaussian
219,11,1,0.961376339,0.01956382,0.000675627,0.000596098,0.020349804,0.000702771,0.000620047,10,gaussian
219,12,1,0.959628176,0.015878603,0.000694533,0.00059819,0.016546621,0.000723753,0.000623356,10,gaussian
219,13,1,0.961230158,0.010629669,0.00054597,0.000421994,0.011058402,0.000567991,0.000439014,10,gaussian
219,14,0,0.998070223,0.996106309,0.995937522,0.024096955,0.998032288,0.997863175,0.024143546,10,gaussian
220,0,0,0.997338157,0.997308603,0.997308612,0.022407188,0.999970367,0.999970376,0.022466992,10,gaussian
220,1,0,0.997085993,0.997039564,0.997039073,0.034200246,0.999953435,0.999952942,0.034300197,10,gaussian
220,2,0,0.998774737,0.998752002,0.998753996,0.019318925,0.999977238,0.999979233,0.019342624,10,gaussian
220,3,0,0.995041132,0.995026379,0.995026095,0.057394388,0.999985173,0.999984888,0.057680418,10,gaussian
220,4,0,0.992553827,0.992531917,0.992532451,0.135853161,0.999977926,0.999978464,0.136872336,10,gaussian
220,5,0,0.997942117,0.997884448,0.997876818,0.02309088,0.999942211,0.999934566,0.023138496,10,gaussian
220,6,0,0.996648611,0.996600164,0.996595031,0.027081732,0.99995139,0.99994624,0.027172798,10,gaussian
220,7,0,0.998012545,0.997862869,0.997856092,0.022592077,0.999850026,0.999843235,0.022637067,10,gaussian
220,8,0,0.996607835,0.996263146,0.99632014,0.053269547,0.999654138,0.999711326,0.053450861,10,gaussian
220,9,0,0.990042923,0.989344326,0.989326149,0.461628562,0.999294377,0.999276017,0.466271261,10,gaussian
220,10,1,0.961627363,0.010862534,0.000689797,0.000420111,0.011295991,0.000717323,0.000436875,10,gaussian
220,11,1,0.960499047,0.011134165,0.000752623,0.000447636,0.011592063,0.000783575,0.000466046,10,gaussian
220,12,1,0.960277743,0.013353901,0.001065372,0.000613233,0.01390629,0.001109442,0.0006386,10,gaussian
220,13,1,0.960451658,0.015468877,0.001023761,0.000600571,0.016105836,0.001065916,0.000625301,10,gaussian
220,14,1,0.961378827,0.013633382,0.00105514,0.000598688,0.014181072,0.001097527,0.000622738,10,gaussian
221,0,0,0.999128497,0.999117964,0.999118108,0.029104182,0.999989458,0.999989602,0.029129568,10,gaussian
221,1,0,0.994792873,0.994779609,0.994779057,0.045182646,0.999986667,0.999986111,0.045419149,10,gaussian
221,2,0,0.995409194,0.995405116,0.995405004,0.063541954,0.999995904,0.999995791,0.063835008,10,gaussian
221,3,0,0.997708359,0.997687213,0.997685238,0.058387689,0.999978806,0.999976826,0.0585218,10,gaussian
221,4,0,0.988657983,0.988632067,0.988631472,0.339626776,0.999973786,0.999973185,0.34352302,10,gaussian
221,5,0,0.990569302,0.9905171,0.990506294,0.05101303,0.9999473,0.999936392,0.051498699,10,gaussian
221,6,0,0.995661595,0.995500455,0.995516126,0.018353648,0.999838158,0.999853897,0.018433621,10,gaussian
221,7,0,0.993789731,0.993543965,0.993613521,0.096232333,0.999752698,0.999822689,0.096833696,10,gaussian
221,8,0,0.991494254,0.990509604,0.99064931,0.466398296,0.999006902,0.999147807,0.470399394,10,gaussian
221,9,1,0.961482561,0.013128254,0.000603859,0.000453622,0.013654178,0.00062805,0.000471794,10,gaussian
221,10,1,0.961440115,0.014696579,0.000900186,0.000638797,0.015286005,0.000936289,0.000664417,10,gaussian
221,11,1,0.961081801,0.015014019,0.001037877,0.000710296,0.015621999,0.001079905,0.000739058,10,gaussian
221,12,1,0.961019319,0.014379512,0.001078307,0.000680527,0.014962771,0.001122045,0.000708131,10,gaussian
221,13,1,0.961083051,0.010890983,0.000933581,0.000505965,0.011331989,0.000971384,0.000526453,10,gaussian
221,14,0,0.998048035,0.996483191,0.996495101,0.030422208,0.998432096,0.998444029,0.030481708,10,gaussian
222,0,0,0.997859367,0.997844504,0.997846648,0.040937813,0.999985105,0.999987254,0.041025634,10,gaussian
222,1,0,0.998282135,0.998268398,0.998269471,0.008787735,0.99998624,0.999987314,0.008802857,10,gaussian
222,2,0,0.994403178,0.994380683,0.994378991,0.039369144,0.999977379,0.999975677,0.039590726,10,gaussian
222,3,0,0.997733993,0.997704963,0.997707866,0.007414198,0.999970904,0.999973813,0.007431037,10,gaussian
222,4,0,0.997387725,0.997356474,0.997358449,0.013499642,0.999968667,0.999970647,0.013534999,10,gaussian
222,5,0,0.995053544,0.99497674,0.994965575,0.031539959,0.999922814,0.999911593,0.031696745,10,gaussian
222,6,0,0.99696462,0.996878977,0.996885395,0.028726145,0.999914096,0.999920534,0.028813606,10,gaussian
222,7,0,0.994273993,0.994228595,0.994234319,0.081086671,0.99995434,0.999960098,0.081553648,10,gaussian
222,8,1,0.96075564,0.009903368,0.0004839,0.000447419,0.010307895,0.000503666,0.000465695,10,gaussian
222,9,1,0.961031197,0.014602425,0.000718606,0.000645871,0.015194538,0.000747745,0.000672061,10,gaussian
222,10,1,0.961321143,0.015276759,0.000771108,0.000661934,0.015891421,0.000802133,0.000688567,10,gaussian
222,11,1,0.961951518,0.017899543,0.000728453,0.000601218,0.018607531,0.000757266,0.000624998,10,gaussian
222,12,1,0.961403767,0.012502553,0.000554052,0.000445234,0.013004477,0.000576295,0.000463108,10,gaussian
222,13,0,0.996327292,0.996032236,0.996005706,0.035726856,0.999703857,0.999677229,0.035858554,10,gaussian
222,14,0,0.994213925,0.993915482,0.993894749,0.095887136,0.99969982,0.999678966,0.096445175,10,gaussian
223,0,0,0.99648066,0.996442001,0.996442676,0.016038318,0.999961204,0.999961882,0.016094962,10,gaussian
223,1,0,0.997946301,0.997905367,0.997908932,0.012966076,0.999958982,0.999962555,0.01299276,10,gaussian
223,2,0,0.996621541,0.996596003,0.996594583,0.008959797,0.999974375,0.99997295,0.00899017,10,gaussian
223,3,0,0.994640845,0.994618339,0.994615448,0.080920723,0.999977373,0.999974466,0.081356726,10,gaussian
223,4,0,0.996969769,0.99691848,0.996919522,0.018653423,0.999948555,0.999949601,0.018710119,10,gaussian
223,5,0,0.995509028,0.995480538,0.995483264,0.059984886,0.999971382,0.999974119,0.060255492,10,gaussian
223,6,0,0.995343711,0.995274694,0.995272157,0.0407201,0.99993066,0.999928111,0.040910592,10,gaussian
223,7,0,0.996219422,0.996095324,0.996116906,0.030764805,0.999875431,0.999897095,0.030881555,10,gaussian
223,8,0,0.998963168,0.998796221,0.998823613,0.084322273,0.999832879,0.9998603,0.084409791,10,gaussian
223,9,0,0.994750033,0.994507793,0.994499025,0.038169621,0.999756481,0.999747668,0.038371068,10,gaussian
223,10,1,0.959555256,0.010976879,0.000485773,0.000458325,0.011439549,0.000506248,0.000477643,10,gaussian
223,11,1,0.961247402,0.012193622,0.000508309,0.000437474,0.012685206,0.000528801,0.00045511,10,gaussian
223,12,1,0.961968167,0.015091272,0.000656865,0.000591707,0.015687912,0.000682834,0.0006151,10,gaussian
223,13,1,0.961698223,0.015074316,0.000679917,0.000587104,0.015674684,0.000706996,0.000610487,10,gaussian
223,14,1,0.96113284,0.018301395,0.00070642,0.000627005,0.019041483,0.000734986,0.00065236,10,gaussian
224,0,0,0.996184583,0.996157045,0.996161105,0.05149481,0.999972356,0.999976432,0.051692037,10,gaussian
224,1,0,0.993364373,0.993333298,0.993333955,0.085968707,0.999968718,0.999969379,0.086542974,10,gaussian
224,2,0,0.99469053,0.99463572,0.994622349,0.094585519,0.999944898,0.999931455,0.095090398,10,gaussian
224,3,0,0.996653061,0.996619892,0.996618931,0.013030541,0.99996672,0.999965756,0.0130743,10,gaussian
224,4,0,0.9940931,0.994041093,0.994039131,0.055680119,0.999947684,0.999945711,0.05601097,10,gaussian
224,5,0,0.997129673,0.997062466,0.997057407,0.129996915,0.9999326,0.999927526,0.130371123,10,gaussian
224,6,0,0.997375051,0.997329557,0.997326018,0.018105732,0.999954386,0.999950838,0.018153384,10,gaussian
224,7,0,0.988558617,0.988415851,0.988422657,0.180473904,0.999855582,0.999862466,0.182562673,10,gaussian
224,8,0,1.000206702,1.000009226,1.000005945,0.01559716,0.999802565,0.999799285,0.015593937,10,gaussian
224,9,1,0.960048276,0.01276599,0.000721981,0.000485385,0.013297237,0.000752026,0.000505584,10,gaussian
224,10,1,0.960801479,0.015894503,0.000936822,0.000629312,0.016542963,0.000975042,0.000654987,10,gaussian
224,11,1,0.961323828,0.015810461,0.001023125,0.000639844,0.016446551,0.001064287,0.000665586,10,gaussian
224,12,1,0.961310616,0.016226402,0.001065966,0.000614444,0.016879457,0.001108868,0.000639174,10,gaussian
224,13,1,0.960994742,0.010882324,0.000872992,0.00043766,0.011324021,0.000908425,0.000455424,10,gaussian
224,14,0,0.994302895,0.99339975,0.993478727,0.089733527,0.999091681,0.99917111,0.090247677,10,gaussian
225,0,0,0.997201223,0.997186091,0.997185618,0.042168876,0.999984825,0.999984351,0.042287229,10,gaussian
225,1,0,0.991136413,0.991108553,0.991110809,0.071835112,0.99997189,0.999974167,0.072477523,10,gaussian
225,2,0,0.989178714,0.989144225,0.989152184,0.19099149,0.999965133,0.999973179,0.193080874,10,gaussian
225,3,0,0.997071091,0.997049025,0.997050459,0.022115691,0.999977869,0.999979307,0.022180656,10,gaussian
225,4,0,0.99699353,0.996979396,0.996979864,0.041880131,0.999985824,0.999986293,0.042006423,10,gaussian
225,5,0,0.993544991,0.993507203,0.993516569,0.173444345,0.999961966,0.999971393,0.174571204,10,gaussian
225,6,0,0.995864675,0.995825902,0.9958335,0.12305312,0.999961067,0.999968696,0.123564097,10,gaussian
225,7,0,0.994862394,0.994808651,0.994805084,0.088035072,0.99994598,0.999942395,0.088489697,10,gaussian
225,8,0,0.996256122,0.996107439,0.996118813,0.029516214,0.999850759,0.999862175,0.029627134,10,gaussian
225,9,0,0.99301747,0.992726384,0.992700741,0.074049208,0.999706867,0.999681044,0.074569894,10,gaussian
225,10,1,0.960279672,0.012711399,0.000600569,0.000499036,0.013237185,0.00062541,0.000519678,10,gaussian
225,11,1,0.961026609,0.011044079,0.000842801,0.000480638,0.011491959,0.000876979,0.00050013,10,gaussian
225,12,1,0.960328566,0.015090099,0.000856932,0.000671856,0.015713475,0.000892333,0.000699611,10,gaussian
225,13,1,0.960254498,0.015386368,0.001034454,0.000704008,0.016023219,0.001077271,0.000733148,10,gaussian
225,14,1,0.961407316,0.017096193,0.000989927,0.000709329,0.017782466,0.001029664,0.000737803,10,gaussian
226,0,0,0.995097088,0.995084753,0.995084444,0.048338592,0.999987604,0.999987294,0.04857676,10,gaussian
226,1,0,0.99296498,0.992941616,0.99294276,0.185083593,0.99997647,0.999977622,0.186394885,10,gaussian
226,2,0,0.995548989,0.995474035,0.995458861,0.011481604,0.999924711,0.99990947,0.011532937,10,gaussian
226,3,0,0.995498036,0.995474559,0.995472514,0.049338236,0.999976417,0.999974363,0.04956136,10,gaussian
226,4,0,0.997707581,0.997700391,0.997696842,0.022020257,0.999992793,0.999989236,0.022070853,10,gaussian
226,5,0,1.000986853,1.000958707,1.000958317,0.027766896,0.999971881,0.999971492,0.027739521,10,gaussian
226,6,0,0.994064821,0.994017713,0.994014584,0.071410954,0.999952611,0.999949463,0.071837321,10,gaussian
226,7,0,0.990026099,0.989929405,0.989930097,0.243760993,0.999902332,0.999903031,0.246216735,10,gaussian
226,8,0,0.996893892,0.996322554,0.996329041,0.015585606,0.999426882,0.999433389,0.015634168,10,gaussian
226,9,1,0.961803632,0.010268165,0.000508555,0.000436026,0.010675947,0.000528751,0.000453342,10,gaussian
226,10,1,0.96097677,0.014601176,0.000683405,0.000615853,0.015194098,0.000711156,0.000640862,10,gaussian
226,11,1,0.961315371,0.01490163,0.000693365,0.000626711,0.015501292,0.000721267,0.000651931,10,gaussian
226,12,1,0.961058459,0.017367059,0.00070045,0.000616002,0.018070762,0.000728832,0.000640963,10,gaussian
226,13,1,0.960661513,0.011649663,0.000518224,0.000463084,0.01212671,0.000539445,0.000482047,10,gaussian
226,14,0,0.993127464,0.992291669,0.992294601,0.140397895,0.999158421,0.999161373,0.141369462,10,gaussian
227,0,0,0.99590015,0.995881461,0.99587982,0.025278868,0.999981234,0.999979586,0.025382934,10,gaussian
227,1,0,0.995975259,0.9959663,0.995969281,0.027596908,0.999991004,0.999993997,0.027708427,10,gaussian
227,2,0,0.994696386,0.994679772,0.994680061,0.111993956,0.999983298,0.999983588,0.112591096,10,gaussian
227,3,0,0.995788878,0.995759507,0.995760434,0.043481885,0.999970505,0.999971435,0.043665767,10,gaussian
227,4,0,0.991726834,0.991677721,0.991683981,0.061433893,0.999950477,0.99995679,0.061946386,10,gaussian
227,5,0,0.998209546,0.997998308,0.998004729,0.00652448,0.999788382,0.999794815,0.006536183,10,gaussian
227,6,0,0.995657739,0.995479293,0.995471462,0.028280339,0.999820776,0.999812911,0.028403675,10,gaussian
227,7,0,0.992804453,0.992444133,0.992462003,0.320375039,0.999637069,0.999655068,0.322697021,10,gaussian
227,8,0,0.994278487,0.994129108,0.994135907,0.042674552,0.999849762,0.9998566,0.04292012,10,gaussian
227,9,1,0.96061024,0.011202323,0.000670347,0.000465405,0.011661673,0.000697835,0.000484489,10,gaussian
227,10,1,0.960861449,0.018303481,0.000938197,0.000635616,0.019049032,0.000976412,0.000661506,10,gaussian
227,11,1,0.960651815,0.015121444,0.001111687,0.000677142,0.015740816,0.001157222,0.000704877,10,gaussian
227,12,1,0.962338966,0.01360828,0.001400114,0.000618443,0.014140838,0.001454908,0.000642645,10,gaussian
227,13,1,0.960832225,0.015210767,0.002305859,0.000515233,0.015830825,0.002399856,0.000536236,10,gaussian
227,14,0,0.992622114,0.99014078,0.990409535,0.058739798,0.997500223,0.997770976,0.059176394,10,gaussian
228,0,0,0.993730837,0.993706663,0.993709345,0.074060792,0.999975674,0.999978372,0.07452802,10,gaussian
228,1,0,0.998066954,0.998047933,0.9980475,0.008316244,0.999980942,0.999980509,0.008332351,10,gaussian
228,2,0,0.992036231,0.992006701,0.992011912,0.078044394,0.999970233,0.999975486,0.078670911,10,gaussian
228,3,0,0.995644584,0.99560874,0.995610675,0.029700198,0.999963999,0.999965943,0.029830121,10,gaussian
228,4,0,0.989735549,0.989721007,0.98972362,0.179237153,0.999985307,0.999987948,0.181096004,10,gaussian
228,5,0,0.990623133,0.990589762,0.990594988,0.206724727,0.999966313,0.999971588,0.208681506,10,gaussian
228,6,0,0.988697928,0.988610037,0.988619692,0.227215675,0.999911105,0.99992087,0.229813038,10,gaussian
228,7,0,0.995366315,0.995302198,0.99530109,0.017685987,0.999935585,0.999934471,0.01776832,10,gaussian
228,8,0,0.99377624,0.993173417,0.993233238,0.138321119,0.999393402,0.999453598,0.139187388,10,gaussian
228,9,1,0.960630976,0.011426244,0.000561372,0.000493222,0.01189452,0.000584378,0.000513435,10,gaussian
228,10,1,0.959825179,0.014279682,0.000860784,0.000725236,0.014877378,0.000896813,0.000755592,10,gaussian
228,11,1,0.961190007,0.017493811,0.000900797,0.000703754,0.018200159,0.000937168,0.00073217,10,gaussian
228,12,1,0.961698932,0.015765783,0.000979216,0.000664002,0.016393678,0.001018215,0.000690447,10,gaussian
228,13,1,0.959924473,0.012372835,0.000981375,0.000513434,0.012889384,0.001022346,0.000534869,10,gaussian
228,14,0,0.997785369,0.995566776,0.995522046,0.013015925,0.997776482,0.997731653,0.013044814,10,gaussian
229,0,0,0.998575604,0.998554733,0.998554157,0.01403375,0.999979099,0.999978522,0.014053769,10,gaussian
229,1,0,0.997998649,0.997974864,0.997975831,0.037044876,0.999976168,0.999977136,0.037119164,10,gaussian
229,2,0,0.992787746,0.992764635,0.992764221,0.105926142,0.999976721,0.999976304,0.106695658,10,gaussian
229,3,0,0.993941734,0.993923318,0.993927289,0.036738222,0.999981471,0.999985467,0.036962148,10,gaussian
229,4,0,0.990453218,0.990432664,0.990429186,0.191350205,0.999979248,0.999975736,0.193194591,10,gaussian
229,5,0,0.994685882,0.994677272,0.994677872,0.050296269,0.999991344,0.999991947,0.050564977,10,gaussian
229,6,0,0.992661947,0.992647148,0.992645156,0.197619433,0.999985091,0.999983085,0.199080294,10,gaussian
229,7,0,0.995168446,0.99506348,0.995073374,0.054076732,0.999894523,0.999904466,0.054339275,10,gaussian
229,8,0,0.992629292,0.992244701,0.99230363,0.067345136,0.999612553,0.99967192,0.067845204,10,gaussian
229,9,0,0.99698147,0.995197929,0.995202159,0.026084714,0.998211059,0.998215302,0.02616369,10,gaussian
229,10,1,0.96151488,0.009834963,0.000538144,0.000416351,0.010228612,0.000559684,0.000433016,10,gaussian
229,11,1,0.961690434,0.01497375,0.000751849,0.000596717,0.015570239,0.0007818,0.000620488,10,gaussian
229,12,1,0.961141671,0.017142414,0.000790628,0.000626357,0.017835471,0.000822593,0.00065168,10,gaussian
229,13,1,0.960702081,0.013225161,0.000624687,0.00044064,0.013766141,0.00065024,0.000458665,10,gaussian
229,14,1,0.961665768,0.017047945,0.000780781,0.000587931,0.017727516,0.000811905,0.000611368,10,gaussian
230,0,0,0.994692262,0.994669878,0.994669102,0.037534186,0.999977496,0.999976716,0.037734471,10,gaussian
230,1,0,0.996557294,0.996519967,0.996519197,0.039175049,0.999962544,0.999961771,0.039310383,10,gaussian
230,2,0,0.997587831,0.997559335,0.997560128,0.054716255,0.999971435,0.99997223,0.054848559,10,gaussian
230,3,0,0.996350427,0.996328977,0.99632747,0.03687348,0.999978471,0.999976959,0.037008545,10,gaussian
230,4,0,0.996482625,0.996475953,0.996476601,0.056272048,0.999993304,0.999993955,0.056470676,10,gaussian
230,5,0,0.999133878,0.999097099,0.999096352,0.007001323,0.999963189,0.999962442,0.007007392,10,gaussian
230,6,0,0.989133745,0.9890983,0.989085184,0.077244618,0.999964165,0.999950905,0.078093199,10,gaussian
230,7,0,0.99810626,0.9980696,0.99805809,0.020659653,0.999963271,0.999951739,0.020698851,10,gaussian
230,8,0,0.998567524,0.998424943,0.998421709,0.008631016,0.999857215,0.999853976,0.008643397,10,gaussian
230,9,0,0.994160634,0.994012614,0.994040981,0.030577935,0.999851111,0.999879645,0.030757539,10,gaussian
230,10,1,0.959905871,0.010266043,0.000568804,0.000491442,0.010694844,0.000592562,0.000511969,10,gaussian
230,11,1,0.960922981,0.011897984,0.000498241,0.000458073,0.012381829,0.000518503,0.000476701,10,gaussian
230,12,1,0.960699235,0.016651761,0.000765754,0.000660727,0.01733296,0.00079708,0.000687756,10,gaussian
230,13,1,0.96078969,0.018409173,0.00070639,0.000640911,0.019160461,0.000735218,0.000667067,10,gaussian
230,14,1,0.960837995,0.021412192,0.000783561,0.000686358,0.022284914,0.000815498,0.000714333,10,gaussian
231,0,0,0.992076901,0.992025376,0.992030173,0.069755662,0.999948063,0.999952899,0.070312757,10,gaussian
231,1,0,0.998147068,0.99812283,0.99811997,0.016998628,0.999975716,0.999972852,0.017030183,10,gaussian
231,2,0,0.993548261,0.993482537,0.993471667,0.197784673,0.999933849,0.999922909,0.199069014,10,gaussian
231,3,0,0.999471384,0.999396925,0.999407182,0.015130306,0.999925502,0.999935764,0.015138308,10,gaussian
231,4,0,0.995664579,0.995599643,0.99560478,0.042543511,0.999934782,0.999939941,0.042728758,10,gaussian
231,5,0,0.995847094,0.995719985,0.99572295,0.019034775,0.999872361,0.999875339,0.019114154,10,gaussian
231,6,0,0.993419814,0.993240689,0.993251745,0.097297766,0.999819689,0.999830818,0.097942244,10,gaussian
231,7,0,0.996950885,0.996141596,0.996107521,0.029838392,0.999188236,0.999154057,0.029929651,10,gaussian
231,8,0,0.995927435,0.995761789,0.995685529,0.023864456,0.999833677,0.999757105,0.023962043,10,gaussian
231,9,1,0.961224697,0.012343109,0.000620781,0.00044707,0.012841024,0.000645823,0.000465105,10,gaussian
231,10,1,0.960127889,0.016027743,0.000837134,0.00063927,0.016693342,0.000871898,0.000665817,10,gaussian
231,11,1,0.961698417,0.01504357,0.000833542,0.000627781,0.015642711,0.000866739,0.000652784,10,gaussian
231,12,1,0.961061875,0.012246859,0.000613286,0.00044845,0.01274305,0.000638134,0.000466619,10,gaussian
231,13,1,0.960927154,0.01534362,0.00079173,0.000602376,0.015967516,0.000823923,0.000626869,10,gaussian
231,14,0,0.993329004,0.993004915,0.99294445,0.113740138,0.999673734,0.999612864,0.114503994,10,gaussian
232,0,0,0.997776913,0.997763729,0.997764554,0.023301713,0.999986786,0.999987614,0.02335363,10,gaussian
232,1,0,0.998465347,0.998448094,0.998446223,0.016077479,0.999982721,0.999980847,0.01610219,10,gaussian
232,2,0,0.993274421,0.993254618,0.993249001,0.084079548,0.999980063,0.999974408,0.084648861,10,gaussian
232,3,0,0.992883383,0.992855357,0.992853799,0.072553481,0.999971773,0.999970203,0.073073517,10,gaussian
232,4,0,0.995757015,0.995741244,0.995736334,0.076574057,0.999984161,0.999979231,0.076900343,10,gaussian
232,5,0,0.99566798,0.995650006,0.995656095,0.209313005,0.999981948,0.999988063,0.210223698,10,gaussian
232,6,0,0.995199513,0.995163855,0.995158057,0.090815085,0.99996417,0.999958343,0.091253145,10,gaussian
232,7,0,0.997923533,0.997792436,0.997802222,0.012424552,0.99986863,0.999878437,0.012450404,10,gaussian
232,8,0,0.995984254,0.995798862,0.995787212,0.023367018,0.999813861,0.999802164,0.023461232,10,gaussian
232,9,1,0.960250616,0.011384596,0.000497388,0.000474162,0.01185586,0.000517977,0.00049379,10,gaussian
232,10,1,0.962570644,0.014950843,0.000653438,0.000601145,0.015532204,0.000678847,0.00062452,10,gaussian
232,11,1,0.96089328,0.013521931,0.000516567,0.000470632,0.01407225,0.00053759,0.000489785,10,gaussian
232,12,1,0.960161514,0.013888262,0.000709813,0.000682656,0.014464506,0.000739264,0.00071098,10,gaussian
232,13,1,0.96081089,0.015415813,0.00070952,0.000655631,0.016044586,0.00073846,0.000682373,10,gaussian
232,14,0,0.998119243,0.997686272,0.997757324,0.020521376,0.999566213,0.9996374,0.020560044,10,gaussian
233,0,0,0.994440068,0.994430924,0.994430539,0.091767311,0.999990805,0.999990418,0.092280384,10,gaussian
233,1,0,0.997580889,0.997546749,0.997550298,0.054858202,0.999965778,0.999969335,0.054991232,10,gaussian
233,2,0,0.99573421,0.995728873,0.995727032,0.031296857,0.99999464,0.999992792,0.031430935,10,gaussian
233,3,0,0.998098935,0.998078921,0.998083757,0.017959724,0.999979947,0.999984793,0.017993931,10,gaussian
233,4,0,0.994378566,0.994350582,0.994350428,0.066854191,0.999971857,0.999971702,0.067232132,10,gaussian
233,5,0,0.997956478,0.997912074,0.997923367,0.196429333,0.999955506,0.999966821,0.196831563,10,gaussian
233,6,0,0.995134928,0.995065565,0.9950595,0.037340729,0.999930298,0.999924202,0.037523283,10,gaussian
233,7,0,1.000061273,1.000033978,1.000029221,0.010129333,0.999972707,0.99996795,0.010128712,10,gaussian
233,8,0,0.996592009,0.996357467,0.996343924,0.024965789,0.999764655,0.999751066,0.025051163,10,gaussian
233,9,0,0.996046715,0.993133959,0.993448917,0.022467786,0.997075684,0.997391892,0.02255696,10,gaussian
233,10,1,0.961118086,0.011758357,0.000487882,0.000419466,0.01223404,0.000507619,0.000436436,10,gaussian
233,11,1,0.960604947,0.014647523,0.000722515,0.000614105,0.015248227,0.000752145,0.000639289,10,gaussian
233,12,1,0.96102002,0.016890515,0.000757348,0.000611396,0.017575612,0.000788066,0.000636195,10,gaussian
233,13,1,0.960979414,0.012792137,0.000797228,0.00059762,0.013311562,0.000829599,0.000621886,10,gaussian
233,14,1,0.961470029,0.009270332,0.000659077,0.000417321,0.009641832,0.000685489,0.000434045,10,gaussian
234,0,0,0.995043965,0.995026061,0.995022012,0.038437165,0.999982007,0.999977937,0.03862861,10,gaussian
234,1,0,0.99736693,0.997328396,0.997328784,0.056988181,0.999961364,0.999961753,0.057138631,10,gaussian
234,2,0,0.991838744,0.991826104,0.991826344,0.097243151,0.999987256,0.999987498,0.098043307,10,gaussian
234,3,0,0.994818299,0.994803738,0.994806947,0.144354813,0.999985363,0.999988589,0.145106713,10,gaussian
234,4,0,0.992863791,0.992848802,0.992848994,0.268178512,0.999984903,0.999985096,0.270106045,10,gaussian
234,5,0,0.994255193,0.994220652,0.994226513,0.048331889,0.999965259,0.999971154,0.048611151,10,gaussian
234,6,0,0.994905584,0.994843538,0.994847948,0.060640818,0.999937636,0.999942068,0.060951329,10,gaussian
234,7,0,0.996763553,0.996686256,0.996691718,0.044151742,0.999922452,0.999927931,0.044295101,10,gaussian
234,8,0,0.996895957,0.996783837,0.996779579,0.106389796,0.999887531,0.99988326,0.106721063,10,gaussian
234,9,0,0.993742446,0.990298808,0.99070191,0.064797739,0.996534677,0.996940317,0.065205767,10,gaussian
234,10,1,0.960965507,0.01167791,0.000541188,0.000413819,0.012152268,0.000563172,0.000430629,10,gaussian
234,11,1,0.960387443,0.015523445,0.000795268,0.000586633,0.016163732,0.00082807,0.000610829,10,gaussian
234,12,1,0.960895347,0.009773497,0.001186911,0.000432318,0.010171239,0.001235213,0.000449912,10,gaussian
234,13,1,0.960910037,0.01341374,0.000923832,0.000607702,0.013959413,0.000961414,0.000632423,10,gaussian
234,14,1,0.96075805,0.016249893,0.001062014,0.000576231,0.016913616,0.001105392,0.000599767,10,gaussian
235,0,0,0.993106382,0.993091067,0.993089272,0.089297722,0.999984579,0.999982771,0.08991758,10,gaussian
235,1,0,0.996313509,0.996281246,0.996280974,0.064422674,0.999967617,0.999967345,0.064661046,10,gaussian
235,2,0,0.994005728,0.993977632,0.99397596,0.044413407,0.999971735,0.999970052,0.044681239,10,gaussian
235,3,0,0.993604276,0.993567578,0.993571241,0.042209502,0.999963066,0.999966752,0.0424812,10,gaussian
235,4,0,0.990063566,0.990049707,0.99005221,0.322616085,0.999986002,0.99998853,0.32585391,10,gaussian
235,5,0,0.992357499,0.992332293,0.992334532,0.157307087,0.999974599,0.999976856,0.158518566,10,gaussian
235,6,0,0.997219301,0.997193496,0.997194342,0.030926718,0.999974123,0.999974971,0.031012956,10,gaussian
235,7,0,0.995712588,0.995676395,0.995675392,0.047116417,0.999963652,0.999962644,0.047319295,10,gaussian
235,8,0,0.997284283,0.996948808,0.996962899,0.013093243,0.999663612,0.999677741,0.013128897,10,gaussian
235,9,0,0.990988785,0.99084138,0.990787367,0.311462415,0.999851255,0.999796751,0.314294591,10,gaussian
235,10,1,0.960955154,0.009477235,0.00054317,0.000456251,0.009862307,0.00056524,0.000474789,10,gaussian
235,11,1,0.960851844,0.01181127,0.000597589,0.000447819,0.012292499,0.000621936,0.000466065,10,gaussian
235,12,1,0.959945671,0.017002545,0.000755389,0.000629201,0.017711987,0.000786908,0.000655455,10,gaussian
235,13,1,0.961616507,0.015613095,0.000802688,0.000607448,0.016236301,0.000834728,0.000631695,10,gaussian
235,14,1,0.961961868,0.0141093,0.000806535,0.000634685,0.014667213,0.000838428,0.000659782,10,gaussian
236,0,0,0.995542574,0.995517679,0.99551599,0.021988554,0.999974993,0.999973297,0.022087005,10,gaussian
236,1,0,0.992561866,0.992555299,0.992554605,0.198151193,0.999993384,0.999992684,0.199636113,10,gaussian
236,2,0,0.993279555,0.993262512,0.99326372,0.161172589,0.999982842,0.999984058,0.162263069,10,gaussian
236,3,0,0.998216853,0.998178345,0.998176093,0.024549768,0.999961424,0.999959168,0.024593622,10,gaussian
236,4,0,0.993278136,0.993103132,0.993125219,0.084057935,0.999823812,0.999846048,0.084626785,10,gaussian
236,5,0,0.98935491,0.989261136,0.989273241,0.083413967,0.999905218,0.999917453,0.08431147,10,gaussian
236,6,0,0.993024725,0.992059039,0.991973405,0.030502125,0.99902753,0.998941295,0.03071638,10,gaussian
236,7,0,0.989299605,0.989084912,0.989107334,0.312807,0.999782985,0.99980565,0.316190362,10,gaussian
236,8,0,1.000590343,1.000362193,1.000354051,0.024845452,0.999771985,0.999763847,0.024830793,10,gaussian
236,9,1,0.960379485,0.012402362,0.000718727,0.000459726,0.012914023,0.000748378,0.000478692,10,gaussian
236,10,1,0.96074201,0.019339214,0.000951424,0.000634505,0.020129456,0.000990302,0.000660432,10,gaussian
236,11,1,0.960368792,0.018020318,0.000954736,0.000645055,0.018763956,0.000994135,0.000671674,10,gaussian
236,12,1,0.961351623,0.010575248,0.00078368,0.000437552,0.011000396,0.000815186,0.000455142,10,gaussian
236,13,1,0.960577986,0.019056859,0.000963005,0.000613303,0.01983895,0.001002527,0.000638473,10,gaussian
236,14,0,0.993470744,0.993127859,0.992983483,0.05871194,0.999654862,0.999509537,0.059097805,10,gaussian
237,0,0,0.995502373,0.995427018,0.995417346,0.034430731,0.999924304,0.999914588,0.034586288,10,gaussian
237,1,0,0.994039246,0.994014704,0.994016788,0.117803623,0.999975311,0.999977408,0.118510032,10,gaussian
237,2,0,0.996559584,0.996438778,0.99641876,0.01899764,0.999878777,0.99985869,0.019063225,10,gaussian
237,3,0,0.998459025,0.998171318,0.998133212,0.040836736,0.999711849,0.999673685,0.040899761,10,gaussian
237,4,1,0.960881733,0.008541978,0.000441236,0.000399048,0.008889729,0.000459199,0.000415294,10,gaussian
237,5,1,0.960549931,0.01205897,0.00063147,0.000574042,0.012554236,0.000657404,0.000597618,10,gaussian
237,6,1,0.96017399,0.014816988,0.000672163,0.000621547,0.015431566,0.000700043,0.000647327,10,gaussian
237,7,1,0.960039124,0.013613417,0.00063607,0.000590699,0.014180064,0.000662546,0.000615286,10,gaussian
237,8,1,0.96161797,0.010063052,0.000455048,0.000398249,0.010464708,0.00047321,0.000414145,10,gaussian
237,9,0,0.999561449,0.999550628,0.999552641,0.028293561,0.999989174,0.999991188,0.028305975,10,gaussian
237,10,0,0.999253155,0.999044574,0.999002673,0.023806608,0.999791264,0.999749331,0.023824401,10,gaussian
237,11,0,0.997085788,0.996866037,0.996880464,0.0113242,0.999779607,0.999794076,0.011357298,10,gaussian
237,12,0,0.996374058,0.996357578,0.996355274,0.098320444,0.999983461,0.999981148,0.098678246,10,gaussian
237,13,0,0.994223961,0.994173486,0.994174993,0.143220829,0.999949232,0.999950747,0.144052884,10,gaussian
237,14,0,0.997339146,0.997299949,0.997302584,0.047944793,0.999960699,0.999963341,0.048072707,10,gaussian
238,0,0,0.99661446,0.99658117,0.996585022,0.0145235,0.999966597,0.999970462,0.014572837,10,gaussian
238,1,0,0.994052226,0.994017413,0.994020079,0.029460492,0.999964978,0.999967661,0.029636765,10,gaussian
238,2,0,0.998203629,0.998182732,0.998183943,0.018251749,0.999979066,0.999980279,0.018284595,10,gaussian
238,3,0,0.998488031,0.998473312,0.998473,0.014014347,0.999985258,0.999984946,0.014035568,10,gaussian
238,4,0,0.996691446,0.996676131,0.996673378,0.015856681,0.999984634,0.999981872,0.015909317,10,gaussian
238,5,0,0.993848962,0.993831408,0.99383071,0.071360373,0.999982338,0.999981635,0.07180203,10,gaussian
238,6,0,0.99842194,0.998226246,0.998228469,0.021152721,0.999803996,0.999806223,0.021186154,10,gaussian
238,7,0,0.999791069,0.999731713,0.999736453,0.012024914,0.999940631,0.999945372,0.012027427,10,gaussian
238,8,0,0.994703456,0.994590758,0.994575916,0.034387081,0.999886702,0.99987178,0.034570184,10,gaussian
238,9,1,0.961463947,0.010688569,0.000438682,0.00041458,0.011116974,0.000456265,0.000431197,10,gaussian
238,10,1,0.961241295,0.011949875,0.000586371,0.000559097,0.012431712,0.000610015,0.000581641,10,gaussian
238,11,1,0.960341484,0.008788453,0.000448849,0.000424091,0.009151383,0.000467385,0.000441605,10,gaussian
238,12,1,0.96061932,0.014247144,0.000630992,0.000605674,0.014831207,0.00065686,0.000630504,10,gaussian
238,13,1,0.96176927,0.013408028,0.000600807,0.000563412,0.013941002,0.00062469,0.000585808,10,gaussian
238,14,0,0.997961038,0.997096479,0.99713123,0.021036125,0.999133675,0.999168496,0.021079105,10,gaussian
239,0,0,0.993125125,0.993083315,0.993086799,0.085611512,0.9999579,0.999961408,0.086204155,10,gaussian
239,1,0,0.994732171,0.994693743,0.994695433,0.023379838,0.999961368,0.999963067,0.023503651,10,gaussian
239,2,0,0.997204297,0.997177705,0.997176357,0.037472581,0.999973333,0.999971981,0.037577637,10,gaussian
239,3,0,0.997098102,0.997070821,0.997071925,0.029948055,0.99997264,0.999973747,0.030035215,10,gaussian
239,4,0,0.996275529,0.996240238,0.996241706,0.045704909,0.999964576,0.99996605,0.045875772,10,gaussian
239,5,0,0.993606125,0.993562723,0.993563171,0.0419861,0.999956319,0.999956769,0.042256282,10,gaussian
239,6,0,0.996376822,0.996323149,0.996311395,0.021465381,0.999946133,0.999934336,0.021543437,10,gaussian
239,7,0,0.995242369,0.995156209,0.995165597,0.137468407,0.999913428,0.999922862,0.138125558,10,gaussian
239,8,0,0.995495491,0.99526642,0.995271278,0.026067887,0.999769893,0.999774773,0.026185841,10,gaussian
239,9,0,0.993696381,0.993213757,0.99323462,0.248552984,0.999514315,0.999535309,0.250129706,10,gaussian
239,10,1,0.961204974,0.011300409,0.000487311,0.000439741,0.011756503,0.000506979,0.000457489,10,gaussian
239,11,1,0.961111537,0.011842173,0.00056558,0.000439233,0.01232133,0.000588464,0.000457005,10,gaussian
239,12,1,0.960705727,0.016789737,0.000705774,0.000632517,0.017476462,0.000734641,0.000658388,10,gaussian
239,13,1,0.961749561,0.013413065,0.000738893,0.000601834,0.013946525,0.00076828,0.00062577,10,gaussian
239,14,1,0.960660128,0.020645616,0.000767736,0.000663462,0.021491072,0.000799175,0.000690632,10,gaussian
240,0,0,0.99856634,0.998508583,0.998510281,0.006613965,0.99994216,0.999943861,0.00662346,10,gaussian
240,1,0,0.992873204,0.992854328,0.992856335,0.072299309,0.999980988,0.99998301,0.07281827,10,gaussian
240,2,0,0.995273213,0.995263127,0.995261847,0.039848963,0.999989866,0.99998858,0.040038215,10,gaussian
240,3,0,0.997206092,0.997191149,0.99719285,0.055138326,0.999985015,0.999986721,0.055292809,10,gaussian
240,4,0,0.994932535,0.994915557,0.994914762,0.071267579,0.999982935,0.999982137,0.071630565,10,gaussian
240,5,1,0.960399509,0.009676344,0.0004634,0.000422398,0.010075332,0.000482507,0.000439815,10,gaussian
240,6,1,0.961099829,0.010403836,0.000650595,0.00057302,0.010824927,0.000676927,0.000596213,10,gaussian
240,7,1,0.960884108,0.013175779,0.000710964,0.000599193,0.013712142,0.000739906,0.000623585,10,gaussian
240,8,1,0.96047502,0.010264877,0.000551213,0.00041425,0.010687292,0.000573896,0.000431297,10,gaussian
240,9,1,0.961679297,0.014079279,0.000702489,0.000550234,0.014640306,0.000730482,0.000572159,10,gaussian
240,10,0,0.995162546,0.994926477,0.994860522,0.025595067,0.999762783,0.999696508,0.025719483,10,gaussian
240,11,0,0.996101273,0.996032296,0.996026856,0.04083567,0.999930753,0.999925292,0.0409955,10,gaussian
240,12,0,1.002946675,1.002934039,1.002935482,0.011453998,0.999987401,0.999988839,0.011420346,10,gaussian
240,13,0,0.991795931,0.991773883,0.991775608,0.160161298,0.99997777,0.99997951,0.161486141,10,gaussian
240,14,0,0.996309036,0.996259462,0.996260736,0.016474708,0.999950242,0.99995152,0.016535741,10,gaussian
241,0,0,0.99499144,0.994954332,0.994960983,0.064389755,0.999962705,0.999969389,0.064713878,10,gaussian
241,1,0,0.99291151,0.992906147,0.992905691,0.232521977,0.999994598,0.999994139,0.234181974,10,gaussian
241,2,0,0.996160523,0.996139601,0.996135185,0.029988764,0.999978997,0.999974564,0.030104349,10,gaussian
241,3,0,0.997523788,0.99748911,0.997485853,0.01613909,0.999965235,0.999961971,0.016179153,10,gaussian
241,4,0,0.990505003,0.990474553,0.990473442,0.189689555,0.999969258,0.999968136,0.191507922,10,gaussian
241,5,0,0.993000557,0.992975846,0.992977455,0.183423394,0.999975115,0.999976735,0.184716305,10,gaussian
241,6,0,0.994854711,0.994788106,0.994783858,0.051819406,0.999933051,0.999928781,0.052087411,10,gaussian
241,7,0,0.997328399,0.997293032,0.997288355,0.02615376,0.999964538,0.999959849,0.026223819,10,gaussian
241,8,0,0.997247373,0.997128915,0.997125999,0.012162358,0.999881215,0.99987829,0.012195929,10,gaussian
241,9,1,0.961385633,0.009988762,0.000524469,0.000443709,0.010389964,0.000545534,0.000461531,10,gaussian
241,10,1,0.96047096,0.014996087,0.000746397,0.000627946,0.015613264,0.000777116,0.00065379,10,gaussian
241,11,1,0.961172306,0.017087165,0.00082151,0.000646652,0.017777421,0.000854696,0.000672775,10,gaussian
241,12,1,0.96127042,0.015139757,0.000920835,0.000625885,0.015749738,0.000957936,0.000651101,10,gaussian
241,13,1,0.961127059,0.011743742,0.000983505,0.000467221,0.012218719,0.001023283,0.000486118,10,gaussian
241,14,0,0.993907156,0.991838923,0.991357238,0.054256965,0.997919089,0.997434451,0.054589571,10,gaussian
242,0,0,0.998534081,0.998517975,0.998521857,0.013646041,0.99998387,0.999987757,0.013666074,10,gaussian
242,1,0,0.993957946,0.993947528,0.993945616,0.037424001,0.999989518,0.999987595,0.037651494,10,gaussian
242,2,0,0.996996858,0.996981885,0.996980581,0.01125434,0.999984981,0.999983674,0.011288241,10,gaussian
242,3,0,0.994416019,0.994401131,0.994397896,0.157335018,0.999985028,0.999981776,0.158218508,10,gaussian
242,4,0,0.994824358,0.994805722,0.994808382,0.017058011,0.999981267,0.999983941,0.017146757,10,gaussian
242,5,0,0.988383299,0.988362255,0.988361446,0.117995213,0.999978709,0.99997789,0.119382038,10,gaussian
242,6,0,0.996401397,0.996299772,0.996296395,0.068163836,0.999898008,0.999894618,0.068410017,10,gaussian
242,7,0,0.990247205,0.989891826,0.989892137,0.106797054,0.999641121,0.999641435,0.107848882,10,gaussian
242,8,0,0.995306946,0.995014976,0.995031546,0.051339395,0.999706653,0.999723302,0.051581469,10,gaussian
242,9,0,0.989653156,0.989252941,0.989232874,0.55045878,0.999595601,0.999575324,0.556213838,10,gaussian
242,10,1,0.961538613,0.010254351,0.000620632,0.000475401,0.010664524,0.000645457,0.000494417,10,gaussian
242,11,1,0.96136225,0.010543557,0.000557975,0.00046265,0.010967309,0.0005804,0.000481244,10,gaussian
242,12,1,0.961361966,0.015826626,0.000804318,0.000639371,0.016462713,0.000836645,0.000665068,10,gaussian
242,13,1,0.96035475,0.014244531,0.000818578,0.000670817,0.014832572,0.000852371,0.000698509,10,gaussian
242,14,1,0.961032534,0.01741157,0.000824883,0.000668542,0.018117565,0.00085833,0.00069565,10,gaussian
243,0,0,0.998436411,0.9984108,0.998409433,0.036601523,0.999974349,0.99997298,0.036658843,10,gaussian
243,1,0,0.995485362,0.995452184,0.995453483,0.188951331,0.999966672,0.999967976,0.189808246,10,gaussian
243,2,0,0.997470623,0.997452215,0.99745203,0.048853231,0.999981545,0.99998136,0.048977113,10,gaussian
243,3,0,0.998062413,0.998042594,0.998043627,0.066013714,0.999980142,0.999981178,0.06614187,10,gaussian
243,4,0,0.996049367,0.996011317,0.996006549,0.034300026,0.999961799,0.999957012,0.03443607,10,gaussian
243,5,0,0.991406251,0.991380343,0.991375142,0.107837067,0.999973867,0.999968622,0.108771825,10,gaussian
243,6,0,0.988908816,0.988877217,0.988880674,0.212720005,0.999968046,0.999971542,0.215105783,10,gaussian
243,7,0,0.992001066,0.991932368,0.991928923,0.099941388,0.999930748,0.999927275,0.100747259,10,gaussian
243,8,0,0.995907661,0.995841986,0.995849277,0.04795879,0.999934055,0.999941376,0.04815586,10,gaussian
243,9,0,0.995565798,0.994990763,0.995017018,0.024655228,0.999422404,0.999448776,0.024765041,10,gaussian
243,10,1,0.96099098,0.013762329,0.000539115,0.000463506,0.014320977,0.000561,0.000482321,10,gaussian
243,11,1,0.960329998,0.011551577,0.000514443,0.000470206,0.012028758,0.000535694,0.00048963,10,gaussian
243,12,1,0.961666016,0.01738756,0.000698526,0.000607058,0.018080664,0.000726371,0.000631257,10,gaussian
243,13,1,0.96108174,0.016118658,0.000697393,0.000626993,0.01677137,0.000725633,0.000652382,10,gaussian
243,14,1,0.961639956,0.018950088,0.000739906,0.000647357,0.019706012,0.000769421,0.00067318,10,gaussian
244,0,0,0.994748246,0.994721014,0.994715242,0.018216448,0.999972625,0.999966822,0.018312621,10,gaussian
244,1,0,0.994768466,0.994647428,0.994652985,0.027060123,0.999878325,0.999883912,0.027202434,10,gaussian
244,2,0,0.995253213,0.995241943,0.995242816,0.023570467,0.999988676,0.999989553,0.023682885,10,gaussian
244,3,0,0.991070319,0.991060123,0.991057451,0.313459619,0.999989712,0.999987016,0.316283934,10,gaussian
244,4,0,0.996065586,0.996045526,0.99604647,0.044290079,0.999979861,0.999980808,0.044465023,10,gaussian
244,5,0,0.995894066,0.995880527,0.995877964,0.053279006,0.999986405,0.999983831,0.053498668,10,gaussian
244,6,0,0.994385124,0.994338423,0.994335112,0.052836027,0.999953035,0.999949705,0.053134369,10,gaussian
244,7,0,0.994472355,0.994435311,0.994432353,0.032809783,0.99996275,0.999959776,0.032992152,10,gaussian
244,8,0,0.996829022,0.996690562,0.996687769,0.052280344,0.999861099,0.999858297,0.052446651,10,gaussian
244,9,0,0.99067679,0.990641456,0.990645836,0.543378932,0.999964334,0.999968755,0.548492644,10,gaussian
244,10,1,0.961448323,0.010921,0.000504228,0.000437783,0.011358905,0.000524446,0.000455337,10,gaussian
244,11,1,0.960632883,0.011626345,0.00048445,0.000451854,0.012102797,0.000504303,0.000470371,10,gaussian
244,12,1,0.961149145,0.011847099,0.000670722,0.000609305,0.012325973,0.000697833,0.000633934,10,gaussian
244,13,1,0.961679255,0.014079701,0.000715522,0.000610655,0.014640746,0.000744034,0.000634988,10,gaussian
244,14,1,0.961666976,0.015086458,0.000735438,0.000632752,0.015687819,0.000764753,0.000657974,10,gaussian
245,0,0,0.990767808,0.990740917,0.990744095,0.120126299,0.999972858,0.999976065,0.121245662,10,gaussian
245,1,0,0.993311173,0.99329528,0.993296229,0.070052099,0.999984001,0.999984956,0.07052382,10,gaussian
245,2,0,0.996115348,0.996082206,0.996079982,0.04422899,0.999966729,0.999964496,0.044401475,10,gaussian
245,3,0,0.995181315,0.995167876,0.995169195,0.069615736,0.999986496,0.999987822,0.069952817,10,gaussian
245,4,0,0.996250194,0.996144133,0.996148755,0.023524261,0.99989354,0.999898179,0.023612805,10,gaussian
245,5,0,0.991476028,0.991325488,0.991333815,0.245897867,0.999848166,0.999856565,0.248011914,10,gaussian
245,6,1,0.961214782,0.013661032,0.0004427,0.000412678,0.014212257,0.000460563,0.000429329,10,gaussian
245,7,1,0.960434307,0.01151369,0.000454932,0.000432509,0.011988003,0.000473673,0.000450326,10,gaussian
245,8,1,0.960999685,0.015379927,0.000594928,0.00056126,0.016004092,0.000619072,0.000584037,10,gaussian
245,9,1,0.961575799,0.015257047,0.000594952,0.000554376,0.015866713,0.000618726,0.000576529,10,gaussian
245,10,1,0.961587661,0.015502781,0.000622604,0.000580706,0.016122067,0.000647475,0.000603903,10,gaussian
245,11,0,0.986991328,0.986967157,0.986969553,0.603907744,0.999975511,0.999977938,0.611867325,10,gaussian
245,12,0,0.997066546,0.997009691,0.997012341,0.017527958,0.999942978,0.999945636,0.017579527,10,gaussian
245,13,0,0.996124653,0.99606119,0.996059741,0.039461237,0.999936291,0.999934836,0.039614758,10,gaussian
245,14,0,1.000384847,1.000295982,1.000299914,0.010139379,0.999911169,0.999915099,0.010135479,10,gaussian
246,0,0,0.994702099,0.994683989,0.994684797,0.073536089,0.999981793,0.999982606,0.073927751,10,gaussian
246,1,0,0.994251828,0.994219599,0.994213994,0.041226864,0.999967584,0.999961947,0.041465213,10,gaussian
246,2,0,0.995196008,0.99516907,0.995170225,0.023910109,0.999972932,0.999974092,0.024025528,10,gaussian
246,3,0,0.995843874,0.995832017,0.995829159,0.080093228,0.999988093,0.999985224,0.080427494,10,gaussian
246,4,0,0.993867663,0.993824183,0.993825089,0.018720029,0.999956252,0.999957164,0.018835535,10,gaussian
246,5,0,0.992852888,0.992831453,0.992833161,0.103964434,0.999978411,0.999980131,0.104712828,10,gaussian
246,6,0,0.997960591,0.997922515,0.997922342,0.04503054,0.999961846,0.999961672,0.045122563,10,gaussian
246,7,0,0.994478963,0.994140153,0.994123759,0.05121553,0.999659309,0.999642824,0.051499863,10,gaussian
246,8,1,0.961515612,0.010198697,0.000504815,0.000416496,0.010606897,0.00052502,0.000433167,10,gaussian
246,9,1,0.960222997,0.0123846,0.000728653,0.000614315,0.012897629,0.000758837,0.000639763,10,gaussian
246,10,1,0.960353811,0.015291186,0.000766919,0.000635021,0.01592245,0.00079858,0.000661236,10,gaussian
246,11,1,0.961661863,0.011687094,0.000715525,0.000563172,0.012153018,0.000744051,0.000585624,10,gaussian
246,12,1,0.961659693,0.012082054,0.00056463,0.000409043,0.012563752,0.000587141,0.000425351,10,gaussian
246,13,0,0.993649129,0.993219035,0.993294961,0.024108973,0.999567156,0.999643567,0.024263065,10,gaussian
246,14,0,0.997918032,0.997431815,0.997441467,0.012885867,0.999512768,0.99952244,0.012912751,10,gaussian
247,0,0,0.995989494,0.995969306,0.995966437,0.014668058,0.999979731,0.99997685,0.014727122,10,gaussian
247,1,0,0.997095408,0.997087435,0.997087551,0.027277233,0.999992004,0.999992121,0.027356693,10,gaussian
247,2,0,0.996594621,0.99658244,0.996582062,0.020913789,0.999987777,0.999987398,0.020985252,10,gaussian
247,3,0,0.997821907,0.997802892,0.997804174,0.033427833,0.999980943,0.999982228,0.033500801,10,gaussian
247,4,0,0.993228098,0.993185612,0.993190576,0.072227808,0.999957225,0.999962223,0.072720262,10,gaussian
247,5,0,0.996374918,0.996328816,0.996331658,0.040030541,0.99995373,0.999956583,0.040176183,10,gaussian
247,6,0,1.001147137,1.001116668,1.001115694,0.011915687,0.999969565,0.999968593,0.011902034,10,gaussian
247,7,0,0.997538707,0.99749529,0.997493707,0.05378355,0.999956476,0.999954889,0.053916254,10,gaussian
247,8,0,0.993683683,0.992961806,0.992990827,0.047836903,0.999273534,0.99930274,0.048140977,10,gaussian
247,9,0,0.996312409,0.995324047,0.995491306,0.059533397,0.999007979,0.999175858,0.059753745,10,gaussian
247,10,1,0.96076517,0.009080314,0.000548717,0.000378532,0.009451127,0.000571125,0.00039399,10,gaussian
247,11,1,0.961847662,0.009891968,0.000545451,0.00036131,0.01028434,0.000567087,0.000375641,10,gaussian
247,12,1,0.960861656,0.013968884,0.000689531,0.00051254,0.014537872,0.000717618,0.000533417,10,gaussian
247,13,1,0.960725682,0.014855506,0.000661464,0.000494713,0.015462797,0.000688504,0.000514937,10,gaussian
247,14,1,0.962272847,0.012842727,0.00071333,0.000525495,0.013346243,0.000741297,0.000546097,10,gaussian
248,0,0,0.999598732,0.999585131,0.999583457,0.008490192,0.999986393,0.999984719,0.0084936,10,gaussian
248,1,0,0.995717337,0.995660206,0.995659606,0.054326274,0.999942623,0.999942021,0.054559935,10,gaussian
248,2,0,0.994676305,0.994658238,0.994658784,0.181132816,0.999981836,0.999982385,0.182102273,10,gaussian
248,3,0,0.997485119,0.997442349,0.997443195,0.011380365,0.999957122,0.999957971,0.011409058,10,gaussian
248,4,0,0.99537874,0.995365666,0.995363617,0.046112302,0.999986865,0.999984807,0.046326388,10,gaussian
248,5,0,0.995354616,0.995323551,0.995318713,0.038357487,0.999968789,0.999963929,0.038536503,10,gaussian
248,6,0,0.997518829,0.997496503,0.997498486,0.020026895,0.999977618,0.999979607,0.020076709,10,gaussian
248,7,0,0.995622657,0.995506197,0.995508297,0.068347469,0.999883028,0.999885137,0.068647964,10,gaussian
248,8,0,0.99456928,0.994516479,0.994504621,0.072703981,0.99994691,0.999934987,0.073100972,10,gaussian
248,9,0,0.994637965,0.99429338,0.994308586,0.070524144,0.999653557,0.999668845,0.070904336,10,gaussian
248,10,1,0.960451373,0.009668057,0.000528622,0.00046188,0.01006616,0.000550389,0.000480899,10,gaussian
248,11,1,0.96116095,0.016783466,0.000754031,0.000664111,0.01746166,0.0007845,0.000690947,10,gaussian
248,12,1,0.961067,0.011158105,0.000583252,0.000465029,0.011610122,0.00060688,0.000483868,10,gaussian
248,13,1,0.960964992,0.017311686,0.00079127,0.000685998,0.018014897,0.000823412,0.000713864,10,gaussian
248,14,1,0.961464979,0.01563677,0.000795839,0.000654236,0.016263483,0.000827736,0.000680458,10,gaussian
249,0,0,0.996775458,0.996755408,0.996753189,0.0310771,0.999979886,0.99997766,0.031177633,10,gaussian
249,1,0,0.991100772,0.991063093,0.991060822,0.13154251,0.999961983,0.999959691,0.132723648,10,gaussian
249,2,0,0.994448242,0.994424501,0.994421727,0.101102565,0.999976126,0.999973337,0.101666996,10,gaussian
249,3,0,0.995950098,0.995869166,0.99586181,0.023998906,0.999918739,0.999911353,0.024096494,10,gaussian
249,4,0,0.997284279,0.997250931,0.997252127,0.062727241,0.99996656,0.99996776,0.062898055,10,gaussian
249,5,0,0.992068669,0.992003759,0.99200899,0.202470693,0.99993457,0.999939843,0.204089393,10,gaussian
249,6,0,0.992336875,0.992287833,0.992293441,0.157728016,0.999950579,0.99995623,0.15894604,10,gaussian
249,7,0,0.992744897,0.992376976,0.992365168,0.203743432,0.99962939,0.999617495,0.205232415,10,gaussian
249,8,0,0.99978554,0.999474026,0.999480847,0.020831685,0.999688419,0.999695242,0.020836153,10,gaussian
249,9,0,0.995379711,0.99448466,0.994377435,0.049359211,0.999100794,0.998993071,0.049588323,10,gaussian
249,10,1,0.960054667,0.012328412,0.000485761,0.00042348,0.012841365,0.000505972,0.0004411,10,gaussian
249,11,1,0.960265803,0.015219043,0.000634997,0.000564005,0.015848782,0.000661272,0.000587343,10,gaussian
249,12,1,0.960997929,0.009009341,0.00044412,0.000384648,0.009374985,0.000462144,0.000400259,10,gaussian
249,13,1,0.959857103,0.016017417,0.000667233,0.00060674,0.016687293,0.000695138,0.000632115,10,gaussian
249,14,1,0.960966441,0.011398786,0.000590817,0.000526247,0.011861794,0.000614815,0.000547623,10,gaussian
250,0,0,0.999302325,0.999291674,0.999290287,0.009686518,0.999989342,0.999987954,0.00969328,10,gaussian
250,1,0,0.996382653,0.996361893,0.996362034,0.036229966,0.999979165,0.999979306,0.036361498,10,gaussian
250,2,0,0.995920144,0.995902162,0.995901254,0.028867733,0.999981944,0.999981033,0.028985991,10,gaussian
250,3,0,0.995683794,0.995654481,0.995653685,0.053671437,0.99997056,0.99996976,0.053904098,10,gaussian
250,4,0,0.991770758,0.99168962,0.991698422,0.142023761,0.999918189,0.999927064,0.143202206,10,gaussian
250,5,0,0.994894016,0.994824918,0.994818389,0.061471674,0.999930547,0.999923984,0.061787158,10,gaussian
250,6,0,0.997757587,0.997655544,0.997658801,0.030245881,0.999897728,0.999900992,0.030313857,10,gaussian
250,7,0,0.991333959,0.991203979,0.991207491,0.610056957,0.999868884,0.999872427,0.615389951,10,gaussian
250,8,0,0.997311618,0.996593054,0.996509886,0.032450611,0.999279499,0.999196106,0.032538086,10,gaussian
250,9,1,0.960344261,0.013818269,0.000644468,0.000515302,0.014388871,0.00067108,0.000536581,10,gaussian
250,10,1,0.96070653,0.016850526,0.000817552,0.000680511,0.017539722,0.000850991,0.000708344,10,gaussian
250,11,1,0.961800531,0.017548105,0.000828581,0.000694999,0.018245057,0.000861489,0.000722602,10,gaussian
250,12,1,0.961519731,0.015238023,0.000810895,0.000671904,0.015847853,0.000843347,0.000698794,10,gaussian
250,13,1,0.959791345,0.012199217,0.00065106,0.00050061,0.01271028,0.000678335,0.000521582,10,gaussian
250,14,0,0.996378115,0.993348333,0.993619474,0.021132067,0.996959205,0.997231331,0.021208883,10,gaussian
251,0,0,0.993388852,0.993341943,0.993356019,0.062419199,0.999952778,0.999966948,0.062834608,10,gaussian
251,1,0,0.993496413,0.993459077,0.993460514,0.081054752,0.99996242,0.999963867,0.081585349,10,gaussian
251,2,0,0.990722559,0.990683225,0.990682685,0.156745387,0.999960298,0.999959753,0.158213201,10,gaussian
251,3,0,0.990697352,0.990653981,0.990641156,0.083972694,0.999956222,0.999943276,0.084761197,10,gaussian
251,4,0,0.995684499,0.995674059,0.9956753,0.144872709,0.999989514,0.999990761,0.145500617,10,gaussian
251,5,0,0.992960634,0.992945626,0.992944567,0.037064655,0.999984886,0.99998382,0.037327416,10,gaussian
251,6,0,0.994332043,0.994296531,0.99430156,0.024710631,0.999964285,0.999969343,0.024851488,10,gaussian
251,7,0,0.99560317,0.995588822,0.995589417,0.03093527,0.999985589,0.999986186,0.031071888,10,gaussian
251,8,0,0.993109406,0.992938835,0.992946518,0.163102876,0.999828246,0.999835982,0.16423455,10,gaussian
251,9,0,0.995025046,0.994705431,0.994669899,0.030438205,0.999678788,0.999643078,0.030590391,10,gaussian
251,10,1,0.96067701,0.011514794,0.000507241,0.000457052,0.011986124,0.000528004,0.00047576,10,gaussian
251,11,1,0.961084328,0.012354608,0.000514683,0.000444922,0.012854864,0.000535523,0.000462938,10,gaussian
251,12,1,0.961180244,0.016628694,0.000646157,0.000588194,0.017300287,0.000672254,0.000611949,10,gaussian
251,13,1,0.961106198,0.016822986,0.00067744,0.000601174,0.017503774,0.000704855,0.000625502,10,gaussian
251,14,1,0.961614742,0.016828875,0.000677881,0.000617518,0.017500642,0.000704941,0.000642167,10,gaussian
252,0,0,0.993117993,0.993098214,0.993098321,0.098800883,0.999980084,0.999980192,0.099485543,10,gaussian
252,1,0,0.999053329,0.999038817,0.999038905,0.015503596,0.999985474,0.999985563,0.015518287,10,gaussian
252,2,0,0.991927673,0.991920908,0.991924173,0.228489435,0.999993181,0.999996472,0.230348887,10,gaussian
252,3,0,0.992268985,0.992260563,0.992260751,0.137468193,0.999991512,0.999991702,0.138539242,10,gaussian
252,4,0,0.994280042,0.994229293,0.99423188,0.0707128,0.999948959,0.999951561,0.071119601,10,gaussian
252,5,0,0.995555391,0.995535664,0.995539983,0.10318409,0.999980185,0.999984524,0.10364475,10,gaussian
252,6,0,0.987939408,0.987903528,0.987901089,0.453385131,0.999963681,0.999961212,0.458919977,10,gaussian
252,7,0,1.001814952,1.001782156,1.001774351,0.030592018,0.999967264,0.999959473,0.030536595,10,gaussian
252,8,0,0.985404648,0.985287418,0.985309874,0.676503221,0.999881033,0.999903822,0.686523269,10,gaussian
252,9,0,0.994813377,0.994486834,0.994498308,0.066867087,0.999671755,0.999683289,0.067215709,10,gaussian
252,10,1,0.960472792,0.012722236,0.00053122,0.000467916,0.013245806,0.000553082,0.000487172,10,gaussian
252,11,1,0.960608233,0.012475433,0.000546574,0.000469425,0.012987015,0.000568988,0.000488675,10,gaussian
252,12,1,0.960354376,0.016700073,0.00077112,0.000662001,0.017389491,0.000802954,0.00068933,10,gaussian
252,13,1,0.96154544,0.016816933,0.000729708,0.000633189,0.017489484,0.000758891,0.000658511,10,gaussian
252,14,1,0.960648129,0.017679629,0.000771738,0.0006683,0.018403855,0.000803352,0.000695676,10,gaussian
253,0,0,0.995374089,0.995354739,0.995353629,0.075727407,0.99998056,0.999979446,0.076079344,10,gaussian
253,1,0,0.991286602,0.991264249,0.991259402,0.318275099,0.99997745,0.99997256,0.321072733,10,gaussian
253,2,0,0.99679438,0.996772629,0.996773133,0.01582765,0.999978179,0.999978684,0.015878551,10,gaussian
253,3,0,0.994092601,0.994062079,0.994061481,0.062959508,0.999969297,0.999968695,0.063333645,10,gaussian
253,4,0,0.990484286,0.990474178,0.990472442,0.392483648,0.999989794,0.999988042,0.39625429,10,gaussian
253,5,0,0.996992606,0.996935951,0.996931916,0.013087113,0.999943175,0.999939127,0.01312659,10,gaussian
253,6,0,0.994841245,0.994759317,0.994768806,0.079303989,0.999917647,0.999927185,0.07971522,10,gaussian
253,7,0,0.997268756,0.996435315,0.996389676,0.01321712,0.999164276,0.999118512,0.013253318,10,gaussian
253,8,0,0.994954012,0.994566217,0.994622795,0.035718677,0.999610238,0.999667103,0.035899827,10,gaussian
253,9,1,0.960885492,0.012806818,0.000609933,0.000477187,0.013328141,0.000634762,0.000496611,10,gaussian
253,10,1,0.960782182,0.017460281,0.000835888,0.000633799,0.018172986,0.000870008,0.00065967,10,gaussian
253,11,1,0.962296354,0.018394268,0.000989966,0.000683038,0.019114973,0.001028753,0.0007098,10,gaussian
253,12,1,0.960835697,0.01575107,0.001036885,0.000636196,0.016393094,0.001079149,0.000662127,10,gaussian
253,13,1,0.960765427,0.01360663,0.001144283,0.000489249,0.014162281,0.001191012,0.000509229,10,gaussian
253,14,0,0.996043657,0.99444128,0.994290968,0.014686585,0.998391258,0.998240348,0.014744921,10,gaussian
254,0,0,0.996539537,0.99652108,0.996524761,0.10092078,0.999981479,0.999985173,0.101271226,10,gaussian
254,1,0,0.99605756,0.996026061,0.996024506,0.031704528,0.999968376,0.999966814,0.031830016,10,gaussian
254,2,0,0.996665187,0.996648278,0.99664739,0.033563951,0.999983035,0.999982143,0.033676255,10,gaussian
254,3,0,0.997882476,0.997877115,0.997876277,0.050122997,0.999994628,0.999993789,0.050229359,10,gaussian
254,4,0,0.995972026,0.995923304,0.995924537,0.017312732,0.99995108,0.999952318,0.017382749,10,gaussian
254,5,0,0.994513178,0.994443933,0.994441993,0.090412284,0.999930372,0.999928422,0.090911097,10,gaussian
254,6,0,0.99462512,0.994396539,0.994391364,0.04137204,0.999770184,0.999764981,0.041595612,10,gaussian
254,7,0,0.998345933,0.998283299,0.998283547,0.043418211,0.999937262,0.999937511,0.043490147,10,gaussian
254,8,0,0.993649042,0.993515161,0.993546244,0.104211251,0.999865263,0.999896545,0.104877323,10,gaussian
254,9,0,0.990854022,0.990708069,0.990721255,0.269551829,0.9998527,0.999866008,0.2720399,10,gaussian
254,10,1,0.959622682,0.0113081,0.000547721,0.000474048,0.011783902,0.000570767,0.000493994,10,gaussian
254,11,1,0.960275527,0.011085088,0.000564883,0.000468116,0.011543653,0.000588251,0.000487481,10,gaussian
254,12,1,0.960327196,0.016039117,0.000715185,0.00062596,0.016701721,0.00074473,0.00065182,10,gaussian
254,13,1,0.960884025,0.016751784,0.000765431,0.000648184,0.017433721,0.00079659,0.000674571,10,gaussian
254,14,1,0.960706949,0.016539286,0.000764246,0.000657739,0.017215745,0.000795504,0.000684641,10,gaussian
255,0,0,0.997958041,0.997940618,0.997940784,0.007967122,0.999982541,0.999982707,0.007983423,10,gaussian
255,1,0,0.992012104,0.991992745,0.991995609,0.302505341,0.999980485,0.999983371,0.304941179,10,gaussian
255,2,0,0.997186601,0.997153099,0.997147615,0.013852446,0.999966403,0.999960903,0.013891528,10,gaussian
255,3,0,0.993329463,0.993311126,0.993312253,0.310837997,0.99998154,0.999982675,0.312925378,10,gaussian
255,4,0,0.992967526,0.992936378,0.992935371,0.066947002,0.999968632,0.999967617,0.067421139,10,gaussian
255,5,0,0.996943569,0.99689159,0.996903546,0.030858667,0.999947862,0.999959854,0.030953274,10,gaussian
255,6,0,0.992789807,0.99274343,0.992742559,0.219751505,0.999953286,0.999952409,0.221347463,10,gaussian
255,7,0,0.990604186,0.990447836,0.990448827,0.066890638,0.999842167,0.999843167,0.067525091,10,gaussian
255,8,1,0.960299725,0.009467692,0.000493501,0.000432914,0.009859101,0.000513903,0.000450812,10,gaussian
255,9,1,0.961223341,0.017388136,0.000707962,0.000581398,0.01808959,0.000736522,0.000604852,10,gaussian
255,10,1,0.960343527,0.015439979,0.000768672,0.000623893,0.016077558,0.000800413,0.000649656,10,gaussian
255,11,1,0.961281535,0.014329483,0.000766441,0.000570121,0.014906646,0.000797311,0.000593084,10,gaussian
255,12,1,0.961383277,0.011727879,0.000634658,0.000408423,0.012198963,0.000660151,0.000424828,10,gaussian
255,13,0,0.996258249,0.995359086,0.995436808,0.036732626,0.999097459,0.999175474,0.036870587,10,gaussian
255,14,0,0.999416312,0.994538925,0.994645282,0.034082909,0.995119765,0.995226184,0.034102814,10,gaussian
256,0,0,0.99357986,0.993564177,0.993562469,0.080166799,0.999984216,0.999982497,0.080684807,10,gaussian
256,1,0,0.995080975,0.995064493,0.995060764,0.06795102,0.999983437,0.99997969,0.068286925,10,gaussian
256,2,0,0.995242304,0.995226289,0.995220915,0.036677101,0.999983908,0.999978509,0.036852434,10,gaussian
256,3,0,0.999975231,0.999955347,0.999956178,0.011685271,0.999980116,0.999980947,0.011685561,10,gaussian
256,4,0,0.99590164,0.995659474,0.995687763,0.025253371,0.999756838,0.999785243,0.025357294,10,gaussian
256,5,0,0.995539951,0.995509643,0.995512358,0.044691232,0.999969556,0.999972283,0.04489145,10,gaussian
256,6,0,0.993202556,0.993151845,0.993145996,0.062650257,0.999948942,0.999943054,0.063079034,10,gaussian
256,7,0,0.993632447,0.993531731,0.993538515,0.068857248,0.999898638,0.999905466,0.06929851,10,gaussian
256,8,0,0.997381868,0.997085569,0.99707472,0.012842741,0.999702922,0.999692046,0.012876453,10,gaussian
256,9,1,0.960953935,0.011071173,0.00049172,0.000426782,0.011521024,0.0005117,0.000444123,10,gaussian
256,10,1,0.960910995,0.016309831,0.000705544,0.000597485,0.0169733,0.000734245,0.000621791,10,gaussian
256,11,1,0.960569528,0.019017179,0.00074784,0.000617354,0.019797817,0.000778538,0.000642696,10,gaussian
256,12,1,0.961420941,0.014878856,0.000787954,0.00057891,0.015475902,0.000819572,0.00060214,10,gaussian
256,13,1,0.961304016,0.010835958,0.000737968,0.000420053,0.011272145,0.000767674,0.000436962,10,gaussian
256,14,0,0.995440442,0.990580416,0.990758842,0.030246469,0.995117713,0.995296956,0.030385011,10,gaussian
257,0,0,0.996188286,0.996169928,0.99616574,0.06089584,0.999981572,0.999977368,0.061128846,10,gaussian
257,1,0,0.994573883,0.994549916,0.99455528,0.172079247,0.999975902,0.999981296,0.173018063,10,gaussian
257,2,0,0.993584673,0.993576594,0.99357697,0.121738443,0.999991869,0.999992247,0.122524478,10,gaussian
257,3,0,0.992597019,0.992529613,0.992534089,0.074704263,0.999932091,0.999936601,0.075261422,10,gaussian
257,4,0,0.996946048,0.996810484,0.996815198,0.08494929,0.999864021,0.999868749,0.085209515,10,gaussian
257,5,0,0.997727287,0.997697944,0.997699354,0.028710067,0.99997059,0.999972003,0.028775466,10,gaussian
257,6,0,0.994471918,0.994402528,0.994398271,0.065678964,0.999930224,0.999925944,0.066044061,10,gaussian
257,7,1,0.960942055,0.01234822,0.000550944,0.000463157,0.012850119,0.000573338,0.000481982,10,gaussian
257,8,1,0.961506973,0.015735369,0.000749013,0.000614968,0.016365319,0.000778999,0.000639588,10,gaussian
257,9,1,0.961180347,0.018534971,0.000793029,0.000640065,0.019283552,0.000825057,0.000665915,10,gaussian
257,10,1,0.961275933,0.017104266,0.000790288,0.000614029,0.017793294,0.000822124,0.000638764,10,gaussian
257,11,1,0.96211306,0.013191442,0.000579192,0.000417326,0.013710906,0.000602,0.00043376,10,gaussian
257,12,0,0.998309773,0.998169308,0.998169395,0.027211046,0.999859297,0.999859384,0.027257117,10,gaussian
257,13,0,0.994418348,0.994258092,0.994260048,0.172940783,0.999838845,0.999840811,0.173911497,10,gaussian
257,14,0,0.996829876,0.996275091,0.9962689,0.01536777,0.999443451,0.999437239,0.015416642,10,gaussian
258,0,0,0.996616887,0.996588341,0.996587483,0.097273507,0.999971357,0.999970495,0.097603711,10,gaussian
258,1,0,0.997049789,0.997017712,0.997017411,0.015817989,0.999967827,0.999967526,0.015864793,10,gaussian
258,2,0,0.995486667,0.995444954,0.995452711,0.025041996,0.999958098,0.99996589,0.025155532,10,gaussian
258,3,0,0.994254105,0.994235109,0.994235978,0.028789402,0.999980894,0.999981768,0.028955779,10,gaussian
258,4,0,0.995471659,0.995427702,0.995433602,0.040599867,0.999955843,0.99996177,0.040784553,10,gaussian
258,5,0,0.992488487,0.992381046,0.992391001,0.067213029,0.999891746,0.999901777,0.067721722,10,gaussian
258,6,0,1.000389163,1.000339691,1.000346574,0.00383855,0.999950547,0.999957428,0.003837057,10,gaussian
258,7,0,0.994625929,0.993913687,0.993937203,0.037434277,0.99928391,0.999307552,0.037636538,10,gaussian
258,8,0,0.996850503,0.994734002,0.994623413,0.031117528,0.997876812,0.997765873,0.031215842,10,gaussian
258,9,1,0.96044726,0.011096438,0.00057355,0.00048049,0.011553407,0.00059717,0.000500277,10,gaussian
258,10,1,0.960676263,0.015123927,0.000752031,0.000656139,0.015743,0.000782814,0.000682997,10,gaussian
258,11,1,0.961025529,0.018234033,0.000789051,0.000682107,0.018973515,0.000821051,0.00070977,10,gaussian
258,12,1,0.96125415,0.010560155,0.000567825,0.000465292,0.010985809,0.000590712,0.000484046,10,gaussian
258,13,1,0.960982601,0.015472568,0.000746422,0.00063262,0.016100778,0.000776728,0.000658305,10,gaussian
258,14,0,0.994430289,0.993191202,0.993274214,0.056997718,0.998753973,0.99883745,0.057316957,10,gaussian
259,0,0,0.996939412,0.996913916,0.996911083,0.044454263,0.999974426,0.999971584,0.044590737,10,gaussian
259,1,0,0.996285987,0.996254135,0.996254325,0.03270888,0.999968029,0.99996822,0.032830814,10,gaussian
259,2,0,0.997486295,0.997463821,0.997464623,0.020351669,0.999977469,0.999978273,0.020402956,10,gaussian
259,3,0,0.999272105,0.999269025,0.99926803,0.014005231,0.999996918,0.999995922,0.014015433,10,gaussian
259,4,0,0.993649112,0.993637194,0.993635839,0.255205469,0.999988006,0.999986642,0.25683661,10,gaussian
259,5,0,0.996407038,0.996338477,0.996340658,0.050041013,0.999931191,0.99993338,0.050221457,10,gaussian
259,6,0,0.991140125,0.990583455,0.990629221,0.07355356,0.999438354,0.999484529,0.07421106,10,gaussian
259,7,0,0.996136546,0.995902989,0.995812228,0.012845486,0.999765537,0.999674424,0.012895306,10,gaussian
259,8,0,0.99163243,0.991027067,0.991025769,0.241186526,0.999389529,0.999388221,0.2432217,10,gaussian
259,9,1,0.961050794,0.01196324,0.00071333,0.000445759,0.012448083,0.00074224,0.000463824,10,gaussian
259,10,1,0.960324751,0.017389424,0.001034205,0.00063004,0.018107858,0.001076932,0.00065607,10,gaussian
259,11,1,0.961219529,0.015535572,0.001194155,0.000645371,0.016162356,0.001242333,0.000671409,10,gaussian
259,12,1,0.96099427,0.019487403,0.00151007,0.000638966,0.020278376,0.001571362,0.000664901,10,gaussian
259,13,1,0.960916772,0.010276536,0.001916541,0.000497635,0.010694512,0.001994493,0.000517875,10,gaussian
259,14,0,0.992695281,0.990228508,0.990658179,0.0742109,0.997515075,0.997947908,0.074756979,10,gaussian
260,0,0,0.996485451,0.996470657,0.996468388,0.131366759,0.999985154,0.999982877,0.131830083,10,gaussian
260,1,0,0.995408524,0.995398161,0.995398641,0.017211789,0.999989589,0.999990072,0.017291181,10,gaussian
260,2,0,0.994728201,0.994713733,0.994712193,0.024296454,0.999985455,0.999983907,0.024425219,10,gaussian
260,3,0,0.992244049,0.992209178,0.992215985,0.053916282,0.999964856,0.999971716,0.054337722,10,gaussian
260,4,0,0.996077041,0.996047081,0.996050144,0.035727729,0.999969922,0.999972997,0.035868439,10,gaussian
260,5,0,0.998480759,0.998453114,0.998455383,0.048040375,0.999972313,0.999974585,0.048113471,10,gaussian
260,6,0,0.996198022,0.996173243,0.996174825,0.033021494,0.999975127,0.999976714,0.03314752,10,gaussian
260,7,0,0.994788155,0.994694957,0.994700096,0.137744223,0.999906314,0.99991148,0.138465886,10,gaussian
260,8,0,0.995143414,0.994772842,0.994754283,0.021618173,0.99962762,0.99960897,0.021723676,10,gaussian
260,9,0,0.99685906,0.996471115,0.996476529,0.041247423,0.999610834,0.999616265,0.041377386,10,gaussian
260,10,1,0.961750521,0.010821356,0.000510913,0.000445946,0.011251728,0.000531232,0.000463681,10,gaussian
260,11,1,0.960909542,0.009844803,0.000509897,0.000452495,0.010245296,0.00053064,0.000470902,10,gaussian
260,12,1,0.960653947,0.016127033,0.000697175,0.000632767,0.016787557,0.000725729,0.000658683,10,gaussian
260,13,1,0.962536003,0.015103652,0.000694445,0.000594716,0.015691519,0.000721474,0.000617864,10,gaussian
260,14,1,0.961739863,0.014667405,0.00071952,0.000637836,0.015250907,0.000748144,0.00066321,10,gaussian
261,0,0,0.994109377,0.994091737,0.994093349,0.042224885,0.999982256,0.999983878,0.04247509,10,gaussian
261,1,0,0.997524324,0.997487386,0.997488879,0.035335025,0.99996297,0.999964468,0.035422721,10,gaussian
261,2,0,0.996597467,0.996567354,0.996564638,0.024776949,0.999969785,0.999967059,0.024861541,10,gaussian
261,3,0,0.994632077,0.994607175,0.994607206,0.047363103,0.999974964,0.999974994,0.047618717,10,gaussian
261,4,0,0.993280284,0.9932452,0.993249672,0.06174895,0.999964679,0.999969181,0.062166692,10,gaussian
261,5,0,0.995312018,0.995230633,0.995223621,0.043780977,0.999918233,0.999911187,0.043987188,10,gaussian
261,6,0,0.996015227,0.995952452,0.995937933,0.032889296,0.999936973,0.999922396,0.033020876,10,gaussian
261,7,0,0.992410782,0.992110545,0.992108745,0.384366003,0.999697468,0.999695653,0.387305347,10,gaussian
261,8,0,0.996983559,0.996735567,0.996826184,0.032107606,0.999751257,0.999842149,0.032204749,10,gaussian
261,9,1,0.961043202,0.010516553,0.000528514,0.000417453,0.010942852,0.000549938,0.000434375,10,gaussian
261,10,1,0.960378994,0.013668954,0.000765825,0.000593253,0.014232875,0.00079742,0.000617728,10,gaussian
261,11,1,0.961109039,0.01545319,0.000833782,0.000596485,0.016078498,0.000867521,0.000620622,10,gaussian
261,12,1,0.960934619,0.012033571,0.000874551,0.000565227,0.012522778,0.000910104,0.000588205,10,gaussian
261,13,1,0.96066149,0.010824474,0.000818772,0.000423215,0.01126773,0.0008523,0.000440545,10,gaussian
261,14,0,0.995873289,0.992935472,0.992768614,0.049250462,0.997050009,0.99688246,0.049454547,10,gaussian
262,0,0,0.997216431,0.997193749,0.997193255,0.023754187,0.999977255,0.99997676,0.023820493,10,gaussian
262,1,0,0.992372436,0.992341096,0.992349507,0.251102445,0.999968419,0.999976894,0.253032466,10,gaussian
262,2,0,0.995405643,0.995384884,0.99538535,0.027959879,0.999979146,0.999979613,0.02808893,10,gaussian
262,3,0,0.996284327,0.996226619,0.996229498,0.063727077,0.999942076,0.999944966,0.063964749,10,gaussian
262,4,0,0.992589242,0.992574552,0.992573356,0.12760459,0.9999852,0.999983995,0.128557297,10,gaussian
262,5,0,0.993831459,0.993809718,0.993802555,0.130868119,0.999978124,0.999970918,0.131680395,10,gaussian
262,6,0,0.985471624,0.985440831,0.985435192,0.551716397,0.999968753,0.99996303,0.55985011,10,gaussian
262,7,0,0.993431927,0.99337647,0.993405663,0.033115791,0.999944176,0.999973563,0.033334736,10,gaussian
262,8,0,0.993932587,0.99304082,0.993074119,0.145211595,0.999102789,0.999136292,0.146098032,10,gaussian
262,9,1,0.961419424,0.010714312,0.000604784,0.000467113,0.011144264,0.000629053,0.000485857,10,gaussian
262,10,1,0.960604416,0.017355104,0.000849006,0.00063918,0.018066859,0.000883824,0.000665394,10,gaussian
262,11,1,0.963051096,0.017884487,0.000915391,0.000619088,0.018570653,0.000950511,0.000642841,10,gaussian
262,12,1,0.961217736,0.017973211,0.000947306,0.000626688,0.018698376,0.000985527,0.000651973,10,gaussian
262,13,1,0.961431891,0.012724856,0.000818992,0.000449327,0.013235317,0.000851846,0.000467351,10,gaussian
262,14,0,0.994963708,0.993685472,0.993654108,0.031692449,0.998715294,0.998683771,0.031852869,10,gaussian
263,0,0,0.99528784,0.99527097,0.995270117,0.050996367,0.99998305,0.999982193,0.051237808,10,gaussian
263,1,0,0.996513654,0.996498925,0.996497157,0.057855825,0.999985219,0.999983445,0.058058236,10,gaussian
263,2,0,0.990730556,0.990707734,0.99071132,0.268484983,0.999976964,0.999980584,0.270996974,10,gaussian
263,3,0,0.994569572,0.994548825,0.994544566,0.018675945,0.99997914,0.999974858,0.018777917,10,gaussian
263,4,0,0.995586194,0.995571533,0.995570989,0.016718433,0.999985274,0.999984728,0.016792553,10,gaussian
263,5,0,0.991662159,0.991602546,0.991604044,0.242313921,0.999939885,0.999941396,0.244351283,10,gaussian
263,6,0,0.99517681,0.99512517,0.99512305,0.067744836,0.99994811,0.99994598,0.068073166,10,gaussian
263,7,0,0.994510102,0.994406161,0.994429018,0.136329397,0.999895485,0.999918469,0.137081963,10,gaussian
263,8,0,0.995788901,0.995180923,0.995171189,0.015890535,0.999389451,0.999379675,0.015957735,10,gaussian
263,9,0,0.99626542,0.995149052,0.995036273,0.028750311,0.998879447,0.998766246,0.028858084,10,gaussian
263,10,1,0.960117067,0.010597037,0.000564848,0.000450623,0.011037234,0.000588312,0.000469341,10,gaussian
263,11,1,0.960811542,0.010464049,0.000551947,0.000428635,0.010890844,0.000574459,0.000446117,10,gaussian
263,12,1,0.960973616,0.015066532,0.000738131,0.000601096,0.015678403,0.000768108,0.000625507,10,gaussian
263,13,1,0.962414021,0.017700815,0.000763767,0.000595019,0.0183921,0.000793595,0.000618256,10,gaussian
263,14,1,0.961593017,0.01782576,0.000737536,0.000574014,0.018537739,0.000766994,0.00059694,10,gaussian
264,0,0,0.993901813,0.993883079,0.993883103,0.076755951,0.999981151,0.999981175,0.077226895,10,gaussian
264,1,0,0.992763073,0.992735197,0.992737433,0.137538056,0.999971921,0.999974173,0.138540664,10,gaussian
264,2,0,0.996631632,0.996601894,0.996604673,0.054890958,0.999970162,0.99997295,0.055076476,10,gaussian
264,3,0,0.99790392,0.997876975,0.997879201,0.008044075,0.999972998,0.999975229,0.008060971,10,gaussian
264,4,0,0.994743473,0.994721544,0.99472281,0.035698518,0.999977955,0.999979227,0.03588716,10,gaussian
264,5,0,0.997457266,0.997419946,0.997422143,0.014592104,0.999962586,0.999964787,0.014629302,10,gaussian
264,6,0,0.992287084,0.992232992,0.992232776,0.116680331,0.999945487,0.99994527,0.117587271,10,gaussian
264,7,0,0.999911952,0.999844099,0.999849412,0.019480193,0.999932142,0.999937455,0.019481908,10,gaussian
264,8,0,0.99493639,0.994740223,0.994741118,0.097067709,0.999802834,0.999803734,0.097561724,10,gaussian
264,9,1,0.96090951,0.009719334,0.000516306,0.000469309,0.010114724,0.00053731,0.000488401,10,gaussian
264,10,1,0.960635553,0.015979263,0.000733553,0.000667946,0.016634053,0.000763612,0.000695317,10,gaussian
264,11,1,0.959588612,0.016532075,0.000815874,0.000717871,0.017228295,0.000850233,0.000748103,10,gaussian
264,12,1,0.960324795,0.01258904,0.000582998,0.00048424,0.013109148,0.000607084,0.000504246,10,gaussian
264,13,1,0.961686898,0.016553214,0.000762781,0.000641382,0.017212686,0.00079317,0.000666934,10,gaussian
264,14,0,0.996704604,0.996213279,0.996302085,0.074262992,0.999507051,0.99959615,0.074508527,10,gaussian
265,0,0,0.99488215,0.994849445,0.994847937,0.034311184,0.999967126,0.999965611,0.034487687,10,gaussian
265,1,0,0.998423558,0.998412543,0.998410796,0.01829531,0.999988967,0.999987218,0.018324197,10,gaussian
265,2,0,0.996076143,0.996034109,0.996031932,0.033413363,0.9999578,0.999955615,0.033544988,10,gaussian
265,3,0,0.994751235,0.994733087,0.994735499,0.070279978,0.999981756,0.999984181,0.070650808,10,gaussian
265,4,0,0.99665369,0.996621302,0.996625864,0.016038498,0.999967503,0.999972081,0.016092348,10,gaussian
265,5,0,0.996196212,0.996134163,0.99613516,0.026868041,0.999937714,0.999938714,0.026970632,10,gaussian
265,6,0,0.994894361,0.994842863,0.99484543,0.020225723,0.999948238,0.999950818,0.020329519,10,gaussian
265,7,0,0.993711613,0.993641383,0.993662379,0.273553696,0.999929325,0.999950455,0.275284793,10,gaussian
265,8,0,0.996812777,0.996380865,0.996394682,0.018000372,0.999566707,0.999580569,0.018057927,10,gaussian
265,9,1,0.961167225,0.009674985,0.000644617,0.00046002,0.010065871,0.000670661,0.000478606,10,gaussian
265,10,1,0.960335135,0.013736475,0.001006179,0.000660885,0.014303835,0.001047737,0.000688181,10,gaussian
265,11,1,0.960481441,0.015496502,0.001362881,0.00072925,0.016134099,0.001418957,0.000759254,10,gaussian
265,12,1,0.962198474,0.016544231,0.001906021,0.000652314,0.017194198,0.001980902,0.000677941,10,gaussian
265,13,1,0.960932771,0.015407938,0.003534084,0.000580968,0.016034356,0.003677764,0.000604588,10,gaussian
265,14,0,0.991459863,0.977836205,0.975728603,0.106688302,0.986258991,0.984133235,0.107607283,10,gaussian
266,0,0,0.993409687,0.993395289,0.993397414,0.038135507,0.999985507,0.999987645,0.0383885,10,gaussian
266,1,0,0.995026121,0.994998284,0.994995472,0.210800377,0.999972023,0.999969198,0.211854114,10,gaussian
266,2,0,0.99816557,0.998154163,0.998152943,0.043104546,0.999988572,0.99998735,0.043183763,10,gaussian
266,3,0,0.995533461,0.995510058,0.995511955,0.058376406,0.999976492,0.999978397,0.058638316,10,gaussian
266,4,0,0.995228095,0.995185187,0.995182041,0.046861048,0.999956887,0.999953725,0.047085736,10,gaussian
266,5,0,0.989455796,0.989449404,0.989453971,0.781765029,0.99999354,0.999998156,0.790095962,10,gaussian
266,6,0,0.998607906,0.998549921,0.998544442,0.018748435,0.999941934,0.999936448,0.018774571,10,gaussian
266,7,0,0.991612454,0.991577507,0.99158144,0.101985724,0.999964758,0.999968724,0.102848369,10,gaussian
266,8,0,0.993291935,0.993072362,0.993106826,0.066170883,0.999778943,0.99981364,0.066617759,10,gaussian
266,9,0,0.990475141,0.990075347,0.990065317,0.22713135,0.999596361,0.999586235,0.229315548,10,gaussian
266,10,1,0.961241641,0.010421359,0.000559222,0.000440227,0.01084156,0.000581771,0.000457977,10,gaussian
266,11,1,0.960859286,0.010556079,0.00077272,0.000468666,0.010986082,0.000804196,0.000487757,10,gaussian
266,12,1,0.961081207,0.013750702,0.000810009,0.000616948,0.014307534,0.00084281,0.000641931,10,gaussian
266,13,1,0.961361114,0.017523467,0.000912488,0.00062541,0.018227767,0.000949162,0.000650546,10,gaussian
266,14,1,0.960707017,0.015544916,0.000905201,0.000661412,0.016180704,0.000942223,0.000688464,10,gaussian
267,0,0,0.996228189,0.996202048,0.996205817,0.010040236,0.999973761,0.999977544,0.010078249,10,gaussian
267,1,0,0.994484443,0.994463301,0.99446247,0.177690153,0.999978741,0.999977906,0.178675649,10,gaussian
267,2,0,0.997283895,0.997264093,0.9972635,0.010726287,0.999980145,0.999979549,0.0107555,10,gaussian
267,3,0,0.99296695,0.992939521,0.992941178,0.13041242,0.999972377,0.999974046,0.131336113,10,gaussian
267,4,0,0.992048258,0.992029725,0.992032155,0.200254591,0.999981318,0.999983768,0.201859728,10,gaussian
267,5,0,0.994776631,0.99474935,0.994751392,0.069670746,0.999972576,0.999974628,0.070036573,10,gaussian
267,6,0,0.997375841,0.997343263,0.99734141,0.008766836,0.999967336,0.999965478,0.008789902,10,gaussian
267,7,0,0.99353998,0.993498617,0.993493723,0.048210314,0.999958368,0.999953443,0.048523779,10,gaussian
267,8,0,0.993329543,0.993274248,0.993276448,0.050526092,0.999944334,0.999946548,0.050865387,10,gaussian
267,9,0,0.995132402,0.994703544,0.994722797,0.071337237,0.999569044,0.999588391,0.071686177,10,gaussian
267,10,1,0.960113979,0.008964364,0.000480341,0.000449669,0.009336771,0.000500295,0.00046835,10,gaussian
267,11,1,0.961972933,0.014732974,0.000622355,0.00056675,0.015315373,0.000646957,0.000589154,10,gaussian
267,12,1,0.961997577,0.010912652,0.000477671,0.000424768,0.011343741,0.000496541,0.000441548,10,gaussian
267,13,1,0.961511952,0.014160146,0.000644572,0.000600002,0.014726958,0.000670373,0.000624019,10,gaussian
267,14,1,0.960297543,0.014405206,0.000642489,0.000598001,0.015000774,0.000669052,0.000622725,10,gaussian
268,0,0,0.996490973,0.996450023,0.99645438,0.01145758,0.999958906,0.999963278,0.011497926,10,gaussian
268,1,0,0.99820522,0.998168412,0.998174892,0.008265524,0.999963125,0.999969617,0.008280385,10,gaussian
268,2,0,0.996957584,0.996946632,0.996945281,0.020415958,0.999989015,0.99998766,0.020478262,10,gaussian
268,3,0,0.993588036,0.993558747,0.993558067,0.03933005,0.999970522,0.999969837,0.03958386,10,gaussian
268,4,0,0.993824079,0.993794247,0.993792189,0.041806694,0.999969982,0.999967912,0.042066493,10,gaussian
268,5,0,0.995132702,0.995118227,0.995118699,0.114033886,0.999985454,0.999985929,0.114591637,10,gaussian
268,6,0,0.996465746,0.996438146,0.996437697,0.014243656,0.999972302,0.999971852,0.014294175,10,gaussian
268,7,0,0.994455858,0.994423656,0.994430529,0.060640635,0.999967619,0.99997453,0.060978709,10,gaussian
268,8,0,0.995411403,0.995333377,0.995327146,0.035548784,0.999921614,0.999915354,0.035712655,10,gaussian
268,9,1,0.960915981,0.009977672,0.000452672,0.000407778,0.010383501,0.000471084,0.000424364,10,gaussian
268,10,1,0.960816133,0.014225567,0.000646242,0.000568884,0.014805712,0.000672596,0.000592084,10,gaussian
268,11,1,0.961037316,0.016364254,0.000704031,0.000593182,0.017027699,0.000732574,0.000617231,10,gaussian
268,12,1,0.96139404,0.015433845,0.000791363,0.00056598,0.01605361,0.000823141,0.000588708,10,gaussian
268,13,1,0.961721655,0.010537365,0.000934373,0.000407827,0.010956772,0.000971563,0.000424059,10,gaussian
268,14,0,0.996258823,0.990352498,0.991271604,0.023377983,0.994071496,0.994994054,0.023465772,10,gaussian
269,0,0,0.991337095,0.991306511,0.991308767,0.108956345,0.999969148,0.999971424,0.109908472,10,gaussian
269,1,0,0.997696251,0.997672855,0.997669418,0.052735152,0.99997655,0.999973106,0.052856921,10,gaussian
269,2,0,0.995928851,0.995917768,0.995919791,0.04020677,0.999988871,0.999990903,0.040371127,10,gaussian
269,3,0,0.996178303,0.996104851,0.996106003,0.038457448,0.999926265,0.999927422,0.038604985,10,gaussian
269,4,1,0.960898542,0.011862556,0.000502816,0.000462622,0.012345275,0.000523277,0.000481448,10,gaussian
269,5,1,0.960530723,0.013430716,0.000499693,0.000469687,0.013982599,0.000520226,0.000488987,10,gaussian
269,6,1,0.961614565,0.016072763,0.000677346,0.000631948,0.01671435,0.000704384,0.000657174,10,gaussian
269,7,1,0.961492363,0.016390823,0.000711695,0.000655207,0.017047273,0.000740199,0.000681448,10,gaussian
269,8,1,0.960467277,0.017402922,0.000745505,0.00070055,0.018119224,0.00077619,0.000729385,10,gaussian
269,9,0,1.000755667,1.000695425,1.000696558,0.017894461,0.999939803,0.999940936,0.017880949,10,gaussian
269,10,0,0.995471683,0.99545875,0.995458524,0.036903389,0.999987008,0.99998678,0.037071259,10,gaussian
269,11,0,0.997292209,0.997256131,0.997256455,0.019917161,0.999963824,0.999964149,0.019971239,10,gaussian
269,12,0,0.99612862,0.99609146,0.996089149,0.075843556,0.999962695,0.999960375,0.076138317,10,gaussian
269,13,0,0.998246361,0.998236632,0.998234882,0.009149245,0.999990254,0.999988501,0.009165317,10,gaussian
269,14,0,0.993337402,0.993317498,0.993318481,0.051742695,0.999979962,0.999980952,0.052089748,10,gaussian
270,0,0,0.994609379,0.994573968,0.994574627,0.040279413,0.999964397,0.999965059,0.040497721,10,gaussian
270,1,0,0.992130248,0.992100509,0.992106089,0.242200064,0.999970026,0.99997565,0.244121238,10,gaussian
270,2,0,0.997460502,0.997432966,0.99743649,0.008078204,0.999972395,0.999975928,0.008098771,10,gaussian
270,3,0,0.999024929,0.999013852,0.999013302,0.008051493,0.999988912,0.999988362,0.008059351,10,gaussian
270,4,0,0.993322024,0.993301612,0.993297872,0.105402517,0.999979452,0.999975686,0.106111124,10,gaussian
270,5,0,0.990512309,0.990475852,0.990472174,0.086246617,0.999963194,0.999959481,0.087072736,10,gaussian
270,6,0,0.998156744,0.998135645,0.998130909,0.02013538,0.999978863,0.999974118,0.020172564,10,gaussian
270,7,0,0.997159352,0.997126694,0.997127368,0.009375564,0.999967249,0.999967924,0.009402272,10,gaussian
270,8,0,0.996215057,0.996179402,0.996184213,0.086021452,0.999964209,0.999969039,0.086348276,10,gaussian
270,9,1,0.960715568,0.011343055,0.000454041,0.000415936,0.011806881,0.000472607,0.000432944,10,gaussian
270,10,1,0.961366062,0.015062419,0.000623031,0.000566904,0.015667725,0.000648068,0.000589686,10,gaussian
270,11,1,0.96171708,0.014376396,0.000668997,0.000594553,0.014948675,0.000695628,0.000618221,10,gaussian
270,12,1,0.960391044,0.014480742,0.000679487,0.000592955,0.015077964,0.000707511,0.00061741,10,gaussian
270,13,1,0.961090458,0.009959555,0.000541008,0.000422624,0.010362765,0.000562911,0.000439734,10,gaussian
270,14,0,0.997036021,0.996280041,0.996261397,0.018987067,0.999241773,0.999223074,0.019043512,10,gaussian
271,0,0,0.998739343,0.998690464,0.998689579,0.006778773,0.999951059,0.999950174,0.006787329,10,gaussian
271,1,0,0.996637961,0.996631033,0.996631523,0.01879191,0.999993049,0.999993541,0.018855302,10,gaussian
271,2,0,0.997147205,0.997124609,0.99712233,0.009264728,0.99997734,0.999975054,0.009291234,10,gaussian
271,3,0,0.993142049,0.993134461,0.99313495,0.379014267,0.999992359,0.999992852,0.381631477,10,gaussian
271,4,0,0.999771734,0.999726962,0.999725708,0.018396883,0.999955217,0.999953963,0.018401084,10,gaussian
271,5,0,0.999613369,0.99959571,0.999592277,0.015392834,0.999982334,0.9999789,0.015398787,10,gaussian
271,6,0,0.999718462,0.999669923,0.999670695,0.007369073,0.999951448,0.99995222,0.007371149,10,gaussian
271,7,0,0.996476346,0.99639741,0.996394712,0.043276602,0.999920786,0.999918078,0.043429633,10,gaussian
271,8,0,0.994260914,0.994054494,0.994079099,0.039381581,0.999792388,0.999817135,0.0396089,10,gaussian
271,9,1,0.960506574,0.010379193,0.000532352,0.000421381,0.010805957,0.000554241,0.000438707,10,gaussian
271,10,1,0.960810485,0.013807474,0.000713679,0.000566829,0.014370653,0.000742789,0.000589948,10,gaussian
271,11,1,0.961924683,0.016281145,0.000748361,0.000555576,0.016925593,0.000777983,0.000577567,10,gaussian
271,12,1,0.961077211,0.01569458,0.000832995,0.000551044,0.016330197,0.000866731,0.000573361,10,gaussian
271,13,1,0.960169507,0.01151663,0.000771868,0.000421482,0.011994372,0.000803887,0.000438966,10,gaussian
271,14,0,0.995182805,0.992472001,0.992377436,0.032644145,0.997276075,0.997181053,0.032802159,10,gaussian
272,0,0,0.994276472,0.994243273,0.994240551,0.022991508,0.99996661,0.999963872,0.023123858,10,gaussian
272,1,0,0.995678523,0.995655409,0.995654204,0.022051053,0.999976786,0.999975576,0.02214676,10,gaussian
272,2,0,0.997431402,0.997426033,0.997427259,0.021744727,0.999994617,0.999995847,0.021800724,10,gaussian
272,3,0,0.992624104,0.99260006,0.992598174,0.068848202,0.999975777,0.999973877,0.069359792,10,gaussian
272,4,0,0.992450599,0.992404985,0.992407349,0.160352589,0.999954039,0.999956421,0.161572364,10,gaussian
272,5,0,0.995370914,0.995354376,0.995353798,0.172126051,0.999983385,0.999982804,0.172926543,10,gaussian
272,6,0,0.99865344,0.998626954,0.998623142,0.013686143,0.999973479,0.999969661,0.013704597,10,gaussian
272,7,0,0.99458221,0.99452097,0.994517303,0.047298245,0.999938426,0.999934739,0.047555893,10,gaussian
272,8,1,0.960184499,0.010341961,0.000474437,0.000447051,0.010770806,0.000494111,0.000465589,10,gaussian
272,9,1,0.961103975,0.014991753,0.000657089,0.000611177,0.015598472,0.000683682,0.000635912,10,gaussian
272,10,1,0.960907731,0.014252771,0.000672668,0.000623057,0.014832612,0.000700034,0.000648405,10,gaussian
272,11,1,0.960977371,0.011763919,0.000463859,0.000427814,0.012241619,0.000482695,0.000445186,10,gaussian
272,12,1,0.961219291,0.016907702,0.000657442,0.000607771,0.017589849,0.000683966,0.000632292,10,gaussian
272,13,0,0.992447342,0.992311575,0.992283399,0.224614732,0.9998632,0.999834809,0.22632408,10,gaussian
272,14,0,0.995728913,0.995389915,0.995439132,0.057918064,0.999659548,0.999708976,0.058166499,10,gaussian
273,0,0,0.994793899,0.99477567,0.994776352,0.052988503,0.999981675,0.999982361,0.053265811,10,gaussian
273,1,0,0.993871852,0.993856752,0.993856646,0.042342805,0.999984807,0.9999847,0.042603888,10,gaussian
273,2,0,0.993618835,0.993598276,0.993594628,0.112340146,0.999979309,0.999975637,0.113061611,10,gaussian
273,3,0,0.995565674,0.995534846,0.995538421,0.04888244,0.999969035,0.999972625,0.049100166,10,gaussian
273,4,0,0.994771996,0.994747723,0.994745329,0.017475398,0.999975599,0.999973192,0.01756724,10,gaussian
273,5,0,0.996527061,0.996502238,0.996499326,0.018771999,0.999975091,0.999972169,0.01883742,10,gaussian
273,6,0,0.998183933,0.998151547,0.998157093,0.013771454,0.999967555,0.999973111,0.01379651,10,gaussian
273,7,0,0.996621468,0.99652869,0.996519513,0.014289466,0.999906908,0.9998977,0.014337907,10,gaussian
273,8,0,0.997062671,0.99696504,0.99695527,0.025110455,0.999902082,0.999892283,0.02518443,10,gaussian
273,9,0,0.995421322,0.995312807,0.99531706,0.071658709,0.999890986,0.999895259,0.07198832,10,gaussian
273,10,1,0.960445863,0.011392025,0.000465471,0.000447625,0.011861183,0.000484641,0.000466059,10,gaussian
273,11,1,0.961211256,0.013569783,0.000494253,0.000469915,0.014117378,0.000514198,0.000488878,10,gaussian
273,12,1,0.960653588,0.014821595,0.00067684,0.000644853,0.015428657,0.000704562,0.000671265,10,gaussian
273,13,1,0.962360547,0.018990498,0.000665217,0.000614817,0.019733247,0.000691235,0.000638864,10,gaussian
273,14,1,0.96180858,0.01747464,0.000718212,0.000662012,0.018168522,0.000746731,0.000688299,10,gaussian
274,0,0,0.992549949,0.992537837,0.992538128,0.140744817,0.999987798,0.999988091,0.141801244,10,gaussian
274,1,0,0.997188225,0.997173509,0.9971736,0.018836449,0.999985243,0.999985334,0.018889562,10,gaussian
274,2,0,0.992980812,0.99295615,0.99295904,0.103087864,0.999975163,0.999978074,0.103816572,10,gaussian
274,3,0,0.990476837,0.99046655,0.99046928,0.046716156,0.999989614,0.99999237,0.047165319,10,gaussian
274,4,0,0.992436962,0.992416977,0.992417637,0.120901872,0.999979863,0.999980528,0.121823226,10,gaussian
274,5,0,0.994208361,0.994188848,0.994187604,0.057354615,0.999980374,0.999979122,0.057688728,10,gaussian
274,6,0,0.99462424,0.994589566,0.994590051,0.06763755,0.999965139,0.999965626,0.068003118,10,gaussian
274,7,0,0.986291431,0.986208,0.986208854,0.38709601,0.99991541,0.999916276,0.392476298,10,gaussian
274,8,0,0.994273007,0.994195784,0.994183057,0.07236205,0.999922332,0.999909532,0.072778854,10,gaussian
274,9,1,0.96115056,0.010544349,0.000498632,0.000454899,0.010970548,0.000518786,0.000473286,10,gaussian
274,10,1,0.961340624,0.013033544,0.000506102,0.000451244,0.013557675,0.000526454,0.00046939,10,gaussian
274,11,1,0.959397664,0.014875104,0.000721105,0.000676344,0.015504628,0.000751622,0.000704967,10,gaussian
274,12,1,0.961378388,0.018793828,0.000702203,0.000635657,0.019548835,0.000730413,0.000661193,10,gaussian
274,13,1,0.961832626,0.017983904,0.000743408,0.000669867,0.01869754,0.000772908,0.000696448,10,gaussian
274,14,0,0.998854751,0.99807232,0.998153345,0.022144732,0.999216672,0.99929779,0.022170122,10,gaussian
275,0,0,0.99594963,0.995934561,0.99593368,0.049210488,0.99998487,0.999983986,0.049410619,10,gaussian
275,1,0,0.994583658,0.994549988,0.994549538,0.066575078,0.999966146,0.999965693,0.066937635,10,gaussian
275,2,0,0.997995347,0.997958738,0.997964257,0.04216223,0.999963318,0.999968848,0.04224692,10,gaussian
275,3,0,0.993600974,0.993574679,0.993574644,0.071107745,0.999973536,0.999973501,0.071565695,10,gaussian
275,4,0,0.992742911,0.992710566,0.992707163,0.037354904,0.999967418,0.99996399,0.037627973,10,gaussian
275,5,0,0.993448276,0.993367505,0.993370358,0.054004104,0.999918697,0.999921569,0.054360258,10,gaussian
275,6,0,0.994087712,0.994063798,0.994067555,0.057038021,0.999975944,0.999979724,0.057377252,10,gaussian
275,7,0,0.994817235,0.994791995,0.994791764,0.039576812,0.999974628,0.999974396,0.039782998,10,gaussian
275,8,0,0.998067264,0.998016756,0.998017602,0.016250957,0.999949394,0.999950242,0.016282426,10,gaussian
275,9,1,0.960887011,0.010097765,0.000521312,0.00041906,0.010508796,0.000542532,0.000436118,10,gaussian
275,10,1,0.960129018,0.013026923,0.00079029,0.000596414,0.013567888,0.000823109,0.000621181,10,gaussian
275,11,1,0.961201222,0.014160153,0.000944748,0.000610948,0.014731726,0.000982882,0.000635609,10,gaussian
275,12,1,0.961090299,0.014084039,0.001150899,0.000594228,0.014654231,0.001197493,0.000618285,10,gaussian
275,13,1,0.961112776,0.012968865,0.001385585,0.00045106,0.013493594,0.001441647,0.00046931,10,gaussian
275,14,0,0.993644826,0.993252478,0.992997821,0.038501886,0.999605142,0.999348857,0.038748137,10,gaussian
276,0,0,0.992783597,0.992731872,0.992738574,0.076701155,0.999947899,0.99995465,0.077258685,10,gaussian
276,1,0,0.992021957,0.992010676,0.99200934,0.099876281,0.999988628,0.999987281,0.100679507,10,gaussian
276,2,0,0.992992912,0.992965735,0.992966913,0.032802782,0.999972631,0.999973817,0.033034256,10,gaussian
276,3,0,0.990118908,0.990070105,0.99006956,0.10993874,0.99995071,0.99995016,0.111035895,10,gaussian
276,4,0,0.994204893,0.994176754,0.994178193,0.040485606,0.999971697,0.999973144,0.040721592,10,gaussian
276,5,0,0.99444836,0.994407042,0.994404817,0.062305615,0.999958452,0.999956214,0.062653444,10,gaussian
276,6,0,0.997280605,0.997223153,0.997227505,0.009238405,0.999942391,0.999946755,0.009263596,10,gaussian
276,7,1,0.960972348,0.010085483,0.000545369,0.000481759,0.010495081,0.000567518,0.000501325,10,gaussian
276,8,1,0.961465273,0.016260783,0.00077101,0.000650776,0.016912502,0.000801912,0.000676859,10,gaussian
276,9,1,0.961669765,0.018027213,0.00085587,0.000686683,0.018745742,0.000889983,0.000714052,10,gaussian
276,10,1,0.960558029,0.015825715,0.000876825,0.000679847,0.016475543,0.000912828,0.000707763,10,gaussian
276,11,1,0.961669539,0.015188805,0.000679461,0.000474524,0.015794204,0.000706543,0.000493438,10,gaussian
276,12,0,0.995392147,0.995210464,0.995217957,0.100692929,0.999817476,0.999825004,0.101159055,10,gaussian
276,13,0,1.000527486,1.000411378,1.000420024,0.019210583,0.999883953,0.999892594,0.019200455,10,gaussian
276,14,0,0.995826444,0.995191293,0.995105287,0.015574161,0.999362187,0.999275821,0.015639433,10,gaussian
277,0,0,0.998848768,0.998796899,0.998794764,0.026656083,0.999948071,0.999945934,0.026686806,10,gaussian
277,1,0,0.995243184,0.995224889,0.995224335,0.043800232,0.999981617,0.999981061,0.044009577,10,gaussian
277,2,1,0.961753021,0.012350985,0.000490772,0.000458286,0.012842159,0.000510289,0.000476511,10,gaussian
277,3,1,0.961203818,0.015711682,0.00068738,0.000653357,0.016345838,0.000715124,0.000679728,10,gaussian
277,4,1,0.960939193,0.01259907,0.000493788,0.000469223,0.013111205,0.00051386,0.000488296,10,gaussian
277,5,1,0.960848878,0.017266988,0.000707853,0.000681101,0.017970556,0.000736695,0.000708853,10,gaussian
277,6,1,0.961217513,0.017392457,0.000665109,0.000634286,0.018094195,0.000691945,0.000659878,10,gaussian
277,7,0,0.996296426,0.996269618,0.996267563,0.024700112,0.999973093,0.99997103,0.024791931,10,gaussian
277,8,0,0.996686605,0.996673141,0.99667352,0.045092994,0.999986491,0.999986872,0.045242902,10,gaussian
277,9,0,0.99367792,0.993667222,0.993669366,0.047191034,0.999989234,0.999991392,0.047491278,10,gaussian
277,10,0,0.995434996,0.995386165,0.99538157,0.191684088,0.999950945,0.999946329,0.192563139,10,gaussian
277,11,0,0.994393217,0.994383195,0.994383918,0.134024288,0.999989922,0.999990649,0.134779971,10,gaussian
277,12,0,0.992998679,0.992989705,0.992989098,0.324834467,0.999990963,0.999990351,0.327124773,10,gaussian
277,13,0,0.994765351,0.994739909,0.994739984,0.051850574,0.999974424,0.999974499,0.052123422,10,gaussian
277,14,0,0.994621106,0.994607938,0.99460501,0.084037375,0.999986761,0.999983817,0.084491847,10,gaussian
278,0,0,0.998572971,0.998557434,0.998558899,0.016416634,0.99998444,0.999985907,0.016440095,10,gaussian
278,1,0,0.999011816,0.998993407,0.998992482,0.011373562,0.999981573,0.999980646,0.011384812,10,gaussian
278,2,0,0.996791811,0.996766503,0.996762198,0.018505422,0.99997461,0.999970292,0.018564982,10,gaussian
278,3,0,0.996830685,0.996821596,0.996822644,0.07561242,0.999990882,0.999991934,0.075852822,10,gaussian
278,4,0,0.996560127,0.99651188,0.996511286,0.017735512,0.999951586,0.99995099,0.01779673,10,gaussian
278,5,0,0.998019209,0.997986046,0.997984012,0.081987274,0.999966771,0.999964734,0.082149996,10,gaussian
278,6,0,1.00015893,1.000121616,1.000120724,0.024626078,0.999962691,0.9999618,0.024622165,10,gaussian
278,7,0,0.997968934,0.997889294,0.997887202,0.019708531,0.999920198,0.999918102,0.019748642,10,gaussian
278,8,0,0.99756153,0.99744445,0.997433036,0.041338555,0.999882634,0.999871192,0.041439604,10,gaussian
278,9,0,0.997557833,0.996691863,0.996779315,0.011785555,0.99913191,0.999219576,0.011814408,10,gaussian
278,10,1,0.960801189,0.008800253,0.000437241,0.000404001,0.009159286,0.000455079,0.000420483,10,gaussian
278,11,1,0.961758297,0.01156273,0.000575496,0.000537667,0.012022491,0.000598379,0.000559046,10,gaussian
278,12,1,0.961836748,0.017965945,0.000621165,0.000564231,0.018678788,0.000645812,0.000586618,10,gaussian
278,13,1,0.960806606,0.015985228,0.000630806,0.000563767,0.0166373,0.000656538,0.000586764,10,gaussian
278,14,1,0.960170219,0.012119474,0.000492451,0.000424802,0.012622214,0.000512878,0.000442423,10,gaussian
279,0,0,0.994299015,0.994280965,0.994279392,0.032135617,0.999981847,0.999980265,0.032319872,10,gaussian
279,1,0,0.992768991,0.992739718,0.992742229,0.067702344,0.999970514,0.999973043,0.068195467,10,gaussian
279,2,0,0.993850394,0.993844493,0.993842734,0.056153198,0.999994063,0.999992293,0.056500655,10,gaussian
279,3,0,0.9945281,0.994515514,0.994519771,0.020571049,0.999987344,0.999991625,0.020684231,10,gaussian
279,4,0,0.993803629,0.993768856,0.99377182,0.052166118,0.99996501,0.999967993,0.052491374,10,gaussian
279,5,0,0.99371892,0.993680698,0.993681402,0.120890283,0.999961536,0.999962244,0.121654404,10,gaussian
279,6,0,0.999778567,0.99966518,0.999659719,0.023776585,0.999886588,0.999881125,0.023781851,10,gaussian
279,7,0,0.995253915,0.995227608,0.995228546,0.069054078,0.999973567,0.99997451,0.069383378,10,gaussian
279,8,0,0.990947673,0.990834315,0.990838886,0.044273849,0.999885606,0.999890219,0.044678291,10,gaussian
279,9,0,0.994632543,0.994083928,0.993918138,0.011961452,0.999448424,0.999281739,0.012026001,10,gaussian
279,10,1,0.96021036,0.012639054,0.000497185,0.000431429,0.013162797,0.000517788,0.000449306,10,gaussian
279,11,1,0.961934428,0.011168651,0.000583508,0.000405692,0.011610616,0.000606598,0.000421746,10,gaussian
279,12,1,0.960932426,0.017612805,0.000692211,0.000578658,0.018328869,0.000720354,0.000602184,10,gaussian
279,13,1,0.960958757,0.013746856,0.0007491,0.000577843,0.014305355,0.000779534,0.000601319,10,gaussian
279,14,1,0.960907833,0.014917434,0.000762683,0.000612432,0.015524313,0.000793711,0.000637348,10,gaussian
280,0,0,0.998926572,0.998905045,0.998906001,0.026580947,0.99997845,0.999979407,0.02660951,10,gaussian
280,1,0,0.992737032,0.992703802,0.992709924,0.194418567,0.999966527,0.999972693,0.195840954,10,gaussian
280,2,0,0.998564003,0.998547098,0.99854527,0.015154277,0.999983071,0.99998124,0.01517607,10,gaussian
280,3,0,0.996619519,0.996601853,0.996594634,0.034899446,0.999982274,0.99997503,0.035017823,10,gaussian
280,4,0,0.994225645,0.994200026,0.994200221,0.114582083,0.999974233,0.999974429,0.115247563,10,gaussian
280,5,0,0.991973209,0.991925012,0.991924625,0.204500779,0.999951412,0.999951023,0.206155546,10,gaussian
280,6,0,0.992821824,0.992782725,0.99277897,0.040224837,0.999960618,0.999956836,0.040515666,10,gaussian
280,7,0,0.997845009,0.997820407,0.997818809,0.007724319,0.999975344,0.999973743,0.007741001,10,gaussian
280,8,0,0.996674998,0.99662578,0.996625508,0.049247093,0.999950618,0.999950345,0.049411386,10,gaussian
280,9,0,0.997001426,0.996932734,0.996935522,0.025284926,0.999931102,0.999933898,0.025360972,10,gaussian
280,10,1,0.960684308,0.012409526,0.000465303,0.000438012,0.012917382,0.000484346,0.000455938,10,gaussian
280,11,1,0.960759513,0.009757222,0.000475802,0.000437394,0.010155739,0.000495236,0.000455259,10,gaussian
280,12,1,0.960916998,0.016827891,0.000629298,0.000590907,0.017512325,0.000654893,0.000614941,10,gaussian
280,13,1,0.961149466,0.014109895,0.000651314,0.000597165,0.01468023,0.000677641,0.000621303,10,gaussian
280,14,1,0.960976633,0.016518002,0.000673077,0.000627439,0.017188765,0.000700409,0.000652918,10,gaussian
281,0,0,0.993040924,0.992969943,0.992963341,0.039000941,0.999928522,0.999921873,0.039274253,10,gaussian
281,1,0,0.995756711,0.995735651,0.99573301,0.021092381,0.999978851,0.999976198,0.021182263,10,gaussian
281,2,0,0.997244224,0.997201095,0.997203163,0.009451265,0.999956752,0.999958826,0.009477383,10,gaussian
281,3,0,0.993553857,0.993519863,0.993522923,0.066310194,0.999965786,0.999968865,0.066740412,10,gaussian
281,4,0,0.994261438,0.994230652,0.994230815,0.190361092,0.999969037,0.999969201,0.191459796,10,gaussian
281,5,0,1.000246838,1.000192667,1.000198134,0.018216732,0.999945842,0.999951308,0.018212236,10,gaussian
281,6,0,0.995153975,0.995129449,0.995130651,0.027342963,0.999975354,0.999976563,0.027476113,10,gaussian
281,7,0,0.996750788,0.996704625,0.996706543,0.016866933,0.999953687,0.999955611,0.016921916,10,gaussian
281,8,1,0.960993871,0.009616926,0.000427102,0.000408962,0.010007271,0.000444438,0.000425561,10,gaussian
281,9,1,0.9602611,0.014309423,0.000598003,0.000571382,0.014901596,0.000622751,0.000595028,10,gaussian
281,10,1,0.961488862,0.011495763,0.000430486,0.000396185,0.01195621,0.000447728,0.000412054,10,gaussian
281,11,1,0.961331783,0.011742726,0.000631818,0.000588297,0.012215061,0.000657232,0.00061196,10,gaussian
281,12,1,0.961444028,0.013213267,0.00060181,0.000553284,0.013743147,0.000625944,0.000575472,10,gaussian
281,13,0,0.996841701,0.996647019,0.996597966,0.03163856,0.999804701,0.999755493,0.031738801,10,gaussian
281,14,0,0.997775273,0.997584786,0.99760368,0.006669691,0.999809088,0.999828024,0.006684563,10,gaussian
282,0,0,0.997255134,0.997242098,0.997242821,0.013643313,0.999986929,0.999987653,0.013680865,10,gaussian
282,1,0,0.993788725,0.993768841,0.993767754,0.121378831,0.999979991,0.999978898,0.122137461,10,gaussian
282,2,0,0.996213106,0.996199911,0.996194767,0.023110799,0.999986755,0.999981591,0.02319865,10,gaussian
282,3,0,0.994704812,0.994686022,0.994686227,0.065787879,0.99998111,0.999981315,0.066138093,10,gaussian
282,4,0,0.995446399,0.99533268,0.995332446,0.027634336,0.999885761,0.999885525,0.027760747,10,gaussian
282,5,0,0.997994124,0.997954249,0.997951335,0.050840622,0.999960044,0.999957124,0.050942807,10,gaussian
282,6,1,0.960627012,0.009543737,0.000497937,0.000461849,0.009934904,0.000518346,0.000480779,10,gaussian
282,7,1,0.960859842,0.01421949,0.0006886,0.000641052,0.014798714,0.00071665,0.000667165,10,gaussian
282,8,1,0.96003779,0.019193289,0.000737343,0.000704053,0.019992222,0.000768035,0.00073336,10,gaussian
282,9,1,0.961670833,0.01292733,0.000484878,0.000442685,0.013442573,0.000504204,0.000460329,10,gaussian
282,10,1,0.961490959,0.015922828,0.000653394,0.00062126,0.01656056,0.000679564,0.000646142,10,gaussian
282,11,0,0.996856472,0.996831766,0.996828658,0.024402336,0.999975216,0.999972099,0.024479288,10,gaussian
282,12,0,0.99732477,0.997114017,0.997139054,0.013771046,0.999788682,0.999813786,0.013807986,10,gaussian
282,13,0,0.994005918,0.993899696,0.993886636,0.041434445,0.999893137,0.999879999,0.041684304,10,gaussian
282,14,0,0.997014703,0.996962372,0.996941492,0.013050245,0.999947512,0.999926571,0.013089321,10,gaussian
283,0,0,0.99612828,0.996117331,0.996114375,0.025770893,0.999989009,0.999986041,0.025871058,10,gaussian
283,1,0,0.997155189,0.997136083,0.997135249,0.020684657,0.99998084,0.999980003,0.020743668,10,gaussian
283,2,0,0.997289678,0.997271269,0.997274394,0.023471251,0.999981542,0.999984675,0.023535039,10,gaussian
283,3,0,0.992368284,0.99233184,0.992329699,0.196212496,0.999963276,0.999961119,0.19772145,10,gaussian
283,4,0,0.995049891,0.995007621,0.995011441,0.075184744,0.999957519,0.999961358,0.075558768,10,gaussian
283,5,0,0.990744899,0.990707,0.990697317,0.460216136,0.999961746,0.999951973,0.464515272,10,gaussian
283,6,0,0.99387841,0.993787922,0.993801473,0.050415368,0.999908954,0.999922588,0.050725891,10,gaussian
283,7,0,0.996308856,0.996214494,0.996213301,0.02768198,0.999905288,0.999904091,0.027784536,10,gaussian
283,8,0,0.994614911,0.993710909,0.993765672,0.036322381,0.999091104,0.999146163,0.036519039,10,gaussian
283,9,1,0.960461265,0.010911031,0.000571894,0.000455898,0.011360199,0.000595437,0.000474666,10,gaussian
283,10,1,0.960901278,0.016544292,0.000832765,0.000611205,0.017217473,0.00086665,0.000636075,10,gaussian
283,11,1,0.961411168,0.016902672,0.000980533,0.000637001,0.017581107,0.001019889,0.000662569,10,gaussian
283,12,1,0.959946871,0.017756426,0.001215622,0.000664692,0.018497301,0.001266343,0.000692426,10,gaussian
283,13,1,0.961738444,0.01115264,0.001170307,0.000450359,0.011596334,0.001216867,0.000468276,10,gaussian
283,14,0,0.99082173,0.989499598,0.989381423,0.111131127,0.99866562,0.998546351,0.112160566,10,gaussian
284,0,0,0.995375591,0.995326106,0.995331678,0.036725828,0.999950285,0.999955883,0.036896452,10,gaussian
284,1,0,0.996785493,0.996755922,0.996754185,0.097774021,0.999970334,0.999968591,0.09808933,10,gaussian
284,2,0,0.994015227,0.993994223,0.993997448,0.072536393,0.99997887,0.999982114,0.072973121,10,gaussian
284,3,0,0.995133466,0.995109361,0.995110668,0.054155955,0.999975778,0.999977091,0.054420796,10,gaussian
284,4,0,0.995470215,0.995449959,0.99545451,0.108479675,0.999979652,0.999984223,0.108973301,10,gaussian
284,5,0,0.999127084,0.999073315,0.999079423,0.016552457,0.999946184,0.999952298,0.016566918,10,gaussian
284,6,0,0.992457655,0.992411488,0.99241294,0.191939669,0.999953482,0.999954945,0.193398346,10,gaussian
284,7,0,0.996214591,0.996192619,0.996194924,0.016078295,0.999977945,0.999980259,0.016139389,10,gaussian
284,8,0,0.995116656,0.994960504,0.994916286,0.056536816,0.999843082,0.999798646,0.056814259,10,gaussian
284,9,0,0.996358047,0.995960893,0.995857919,0.022081691,0.999601394,0.999498043,0.022162406,10,gaussian
284,10,1,0.961717195,0.012007296,0.000532996,0.000454727,0.012485267,0.000554213,0.000472828,10,gaussian
284,11,1,0.961880152,0.01473302,0.000741816,0.000626513,0.015316898,0.000771214,0.000651342,10,gaussian
284,12,1,0.96068106,0.011327966,0.000645935,0.00049984,0.011791599,0.000672372,0.000520298,10,gaussian
284,13,1,0.960502083,0.020327495,0.000784692,0.000684612,0.021163405,0.00081696,0.000712765,10,gaussian
284,14,1,0.961647889,0.015190527,0.000771933,0.00063731,0.01579635,0.000802719,0.000662727,10,gaussian
285,0,0,0.997073184,0.997044322,0.997046605,0.023601009,0.999971053,0.999973343,0.023670288,10,gaussian
285,1,0,0.995621524,0.995604168,0.995602744,0.0519274,0.999982567,0.999981137,0.052155763,10,gaussian
285,2,0,0.993339737,0.993323489,0.993320179,0.285476021,0.999983643,0.99998031,0.287390115,10,gaussian
285,3,0,0.998312782,0.998283637,0.998283385,0.031481866,0.999970806,0.999970554,0.031535073,10,gaussian
285,4,0,0.990546427,0.990506769,0.990513477,0.023905575,0.999959963,0.999966736,0.024133725,10,gaussian
285,5,0,0.998238053,0.998195502,0.998195015,0.027698947,0.999957373,0.999956886,0.027747838,10,gaussian
285,6,0,0.998592972,0.998492192,0.99848578,0.015728821,0.999899078,0.999892657,0.015750983,10,gaussian
285,7,0,0.992972748,0.992868054,0.992861296,0.075201076,0.999894565,0.999887759,0.075733273,10,gaussian
285,8,0,0.995545728,0.995252399,0.995252406,0.012450036,0.999705359,0.999705365,0.01250574,10,gaussian
285,9,0,0.995674899,0.995079268,0.995090724,0.023488451,0.999401782,0.999413288,0.023590482,10,gaussian
285,10,1,0.961774832,0.010529743,0.000485724,0.000440664,0.010948242,0.000505029,0.000458178,10,gaussian
285,11,1,0.960567289,0.015687916,0.000698829,0.000648064,0.016331929,0.000727517,0.000674668,10,gaussian
285,12,1,0.960838653,0.012130688,0.000505894,0.00045573,0.012625104,0.000526513,0.000474305,10,gaussian
285,13,1,0.960844685,0.020098357,0.000764265,0.000700508,0.020917384,0.000795409,0.000729054,10,gaussian
285,14,1,0.961212921,0.016071362,0.000701946,0.000634246,0.016719878,0.000730271,0.00065984,10,gaussian
286,0,0,0.999909747,0.999895182,0.999895402,0.009258927,0.999985434,0.999985653,0.009259763,10,gaussian
286,1,0,0.994926012,0.994911069,0.994910036,0.047565085,0.999984981,0.999983943,0.04780766,10,gaussian
286,2,0,0.993706323,0.993691939,0.993694599,0.240065364,0.999985525,0.999988201,0.241585827,10,gaussian
286,3,0,0.997236762,0.9972103,0.997212799,0.009359136,0.999973465,0.999975971,0.009385069,10,gaussian
286,4,0,0.993368868,0.993357266,0.993360033,0.175540022,0.99998832,0.999991106,0.176711821,10,gaussian
286,5,0,0.992551348,0.992493751,0.992495479,0.306653671,0.99994197,0.999943711,0.308954969,10,gaussian
286,6,0,0.992353564,0.992145737,0.992153396,0.102277236,0.999790572,0.99979829,0.103065319,10,gaussian
286,7,0,0.989227021,0.98919058,0.989194928,0.672763395,0.999963161,0.999967557,0.68008999,10,gaussian
286,8,0,0.992808448,0.992443207,0.992427952,0.058324899,0.999632113,0.999616748,0.058747384,10,gaussian
286,9,0,0.996040035,0.99537362,0.995339969,0.043147377,0.999330936,0.99929715,0.043318919,10,gaussian
286,10,1,0.960832643,0.010672514,0.000652768,0.000502294,0.011107568,0.000679378,0.000522769,10,gaussian
286,11,1,0.961484524,0.012037816,0.000581792,0.000483165,0.012520031,0.000605098,0.00050252,10,gaussian
286,12,1,0.960674419,0.013660074,0.000858912,0.000700322,0.014219254,0.000894071,0.00072899,10,gaussian
286,13,1,0.960567221,0.018328415,0.000850381,0.000707003,0.019080825,0.000885291,0.000736027,10,gaussian
286,14,1,0.961869441,0.016949467,0.000859711,0.000687524,0.01762138,0.000893792,0.000714779,10,gaussian
287,0,0,0.992742758,0.99272497,0.992721425,0.020564603,0.999982083,0.999978512,0.020714936,10,gaussian
287,1,0,0.993132764,0.993111585,0.993109331,0.034208297,0.999978675,0.999976406,0.034444838,10,gaussian
287,2,0,0.997981261,0.997963201,0.997966391,0.029846225,0.999981903,0.999985099,0.029906599,10,gaussian
287,3,0,0.997803275,0.997780443,0.997782152,0.008104674,0.999977117,0.99997883,0.008122517,10,gaussian
287,4,0,0.99467932,0.994637938,0.99463624,0.163825751,0.999958397,0.99995669,0.164702078,10,gaussian
287,5,0,0.991867745,0.991844062,0.991846576,0.155425998,0.999976123,0.999978658,0.156700325,10,gaussian
287,6,0,0.995918867,0.995897312,0.995890065,0.027188145,0.999978356,0.99997108,0.027299558,10,gaussian
287,7,0,0.996755578,0.996732015,0.996737149,0.022861307,0.999976361,0.99998151,0.022935721,10,gaussian
287,8,0,0.997130235,0.996849341,0.996905464,0.06282755,0.999718297,0.999774582,0.06300837,10,gaussian
287,9,0,0.991729079,0.991628383,0.991648285,0.219980408,0.999898464,0.999918532,0.221815022,10,gaussian
287,10,1,0.961004467,0.011866804,0.000506435,0.000471414,0.012348333,0.000526985,0.000490543,10,gaussian
287,11,1,0.961348944,0.010216182,0.000544476,0.00046798,0.010626924,0.000566367,0.000486795,10,gaussian
287,12,1,0.961454049,0.021014821,0.000712169,0.00066446,0.021857333,0.000740721,0.000691099,10,gaussian
287,13,1,0.961672333,0.015657488,0.000732255,0.000649577,0.01628152,0.000761439,0.000675466,10,gaussian
287,14,1,0.960123935,0.018841117,0.000816533,0.000761874,0.01962363,0.000850446,0.000793516,10,gaussian
288,0,0,0.999778784,0.999767751,0.999768144,0.065094038,0.999988965,0.999989358,0.065108441,10,gaussian
288,1,0,0.990570548,0.990562692,0.990563539,0.186342046,0.999992069,0.999992924,0.188115876,10,gaussian
288,2,0,0.991593624,0.991580715,0.991581505,0.1233675,0.999986981,0.999987778,0.124413365,10,gaussian
288,3,0,0.997641356,0.997598644,0.997607885,0.006827332,0.999957187,0.99996645,0.006843473,10,gaussian
288,4,0,0.996136403,0.996086361,0.99608297,0.037855686,0.999949764,0.99994636,0.038002512,10,gaussian
288,5,0,0.995961839,0.99584908,0.995851065,0.063344286,0.999886784,0.999888777,0.063601117,10,gaussian
288,6,0,0.997764205,0.997708724,0.997711744,0.017015436,0.999944394,0.999947421,0.017053565,10,gaussian
288,7,0,0.996494102,0.996404514,0.996402316,0.058612311,0.999910097,0.999907891,0.058818523,10,gaussian
288,8,0,0.998540739,0.998107941,0.998075808,0.010325428,0.99956657,0.99953439,0.010340517,10,gaussian
288,9,0,0.997970327,0.997417336,0.997535717,0.077066302,0.999445885,0.999564507,0.07722304,10,gaussian
288,10,1,0.960075318,0.008899221,0.000476396,0.000447756,0.009269295,0.000496207,0.000466376,10,gaussian
288,11,1,0.961600261,0.009856365,0.000462136,0.000410238,0.010249961,0.000480591,0.00042662,10,gaussian
288,12,1,0.961760547,0.014587504,0.000645289,0.000580347,0.015167501,0.000670945,0.000603421,10,gaussian
288,13,1,0.960381445,0.015000929,0.000647225,0.000604862,0.015619761,0.000673925,0.000629814,10,gaussian
288,14,1,0.960407269,0.015708992,0.000701144,0.000640128,0.016356595,0.000730048,0.000666518,10,gaussian
289,0,0,0.994113549,0.99408884,0.994092006,0.024790101,0.999975145,0.99997833,0.024936891,10,gaussian
289,1,0,0.994598556,0.994574712,0.994576734,0.027321229,0.999976026,0.99997806,0.027469605,10,gaussian
289,2,0,0.994905873,0.994876186,0.994875468,0.146868426,0.999970161,0.999969439,0.147620423,10,gaussian
289,3,0,0.994005809,0.993968117,0.993971815,0.02095799,0.999962081,0.999965801,0.021084373,10,gaussian
289,4,0,0.997229762,0.997195881,0.997197924,0.041180021,0.999966025,0.999968073,0.041294416,10,gaussian
289,5,0,0.995283306,0.995186939,0.995201464,0.037073902,0.999903176,0.99991777,0.037249597,10,gaussian
289,6,0,0.989335134,0.989287939,0.98928355,0.494593147,0.999952297,0.999947861,0.499924778,10,gaussian
289,7,0,0.993274282,0.993231229,0.993230397,0.073605643,0.999956655,0.999955817,0.074104046,10,gaussian
289,8,0,0.991806298,0.991707603,0.991725791,0.110425557,0.999900489,0.999918828,0.111337826,10,gaussian
289,9,0,0.995890659,0.995816669,0.995812159,0.045781629,0.999925704,0.999921176,0.045970538,10,gaussian
289,10,1,0.961624318,0.011758971,0.000478915,0.000429747,0.012228237,0.000498027,0.000446897,10,gaussian
289,11,1,0.959293149,0.011627906,0.000503554,0.000469746,0.012121327,0.000524922,0.00048968,10,gaussian
289,12,1,0.961605508,0.015944226,0.000659616,0.000586381,0.016580839,0.000685953,0.000609794,10,gaussian
289,13,1,0.960852599,0.013195179,0.000683339,0.000618096,0.013732781,0.00071118,0.000643278,10,gaussian
289,14,1,0.960572331,0.016850852,0.00071164,0.000651074,0.017542513,0.00074085,0.000677798,10,gaussian
290,0,0,0.996662448,0.996631954,0.996632734,0.049189161,0.999969404,0.999970186,0.049353882,10,gaussian
290,1,0,0.99818952,0.998163884,0.998162162,0.021954992,0.999974317,0.999972592,0.021994813,10,gaussian
290,2,0,0.993455219,0.993432175,0.993436693,0.07809237,0.999976805,0.999981352,0.078606834,10,gaussian
290,3,0,0.997888452,0.997851528,0.997855602,0.029917255,0.999962998,0.999967081,0.029980561,10,gaussian
290,4,0,0.993563431,0.993557595,0.993558142,0.358201288,0.999994127,0.999994677,0.360521812,10,gaussian
290,5,0,0.996728953,0.996498788,0.996491714,0.016208141,0.99976908,0.999761982,0.016261332,10,gaussian
290,6,0,0.99665937,0.996510393,0.996507733,0.021042575,0.999850524,0.999847855,0.021113106,10,gaussian
290,7,0,1.00135184,1.000931054,1.001027456,0.010112438,0.999579783,0.999676055,0.010098786,10,gaussian
290,8,0,0.997838212,0.997627897,0.997648392,0.007571396,0.999789229,0.999809768,0.007587799,10,gaussian
290,9,0,0.995827406,0.994741783,0.994745346,0.056537564,0.998909829,0.998913406,0.056774461,10,gaussian
290,10,1,0.960601228,0.013664926,0.000631619,0.000462168,0.014225389,0.000657524,0.000481124,10,gaussian
290,11,1,0.961480164,0.010179496,0.000835756,0.000460249,0.010587318,0.000869239,0.000478688,10,gaussian
290,12,1,0.961691632,0.014618976,0.000885778,0.000630795,0.015201313,0.000921062,0.000655923,10,gaussian
290,13,1,0.960770603,0.017121927,0.001024239,0.000655282,0.017821035,0.00106606,0.000682038,10,gaussian
290,14,1,0.96174016,0.018337275,0.000994916,0.000675739,0.019066766,0.001034495,0.000702622,10,gaussian
291,0,0,0.993078289,0.993040775,0.993041442,0.04190243,0.999962224,0.999962896,0.042194488,10,gaussian
291,1,0,0.994167185,0.994160076,0.994160642,0.074902517,0.99999285,0.999993418,0.075341973,10,gaussian
291,2,0,0.997600832,0.99758303,0.99758358,0.009025366,0.999982154,0.999982706,0.009047072,10,gaussian
291,3,0,0.998717888,0.998703997,0.998705267,0.012216831,0.999986091,0.999987363,0.012232515,10,gaussian
291,4,0,0.996636595,0.996613075,0.996612987,0.013615892,0.999976401,0.999976312,0.013661843,10,gaussian
291,5,0,0.989574558,0.98955453,0.989557096,0.153697354,0.999979761,0.999982354,0.155316599,10,gaussian
291,6,0,0.99169362,0.991658122,0.991659333,0.228535179,0.999964205,0.999965426,0.230449379,10,gaussian
291,7,0,0.996050996,0.995935204,0.995946134,0.037429645,0.99988375,0.999894722,0.037578041,10,gaussian
291,8,0,0.99443235,0.993198265,0.993297718,0.069628565,0.998759006,0.998859015,0.070018403,10,gaussian
291,9,1,0.96092028,0.011935795,0.000597103,0.000448519,0.012421212,0.000621387,0.00046676,10,gaussian
291,10,1,0.963003342,0.018069704,0.000778301,0.000586414,0.018763906,0.000808202,0.000608943,10,gaussian
291,11,1,0.96050281,0.019802983,0.000811045,0.000665504,0.020617309,0.000844397,0.00069287,10,gaussian
291,12,1,0.962007683,0.016254232,0.000730199,0.000605502,0.016896156,0.000759036,0.000629415,10,gaussian
291,13,1,0.961183623,0.00943902,0.000527309,0.000449671,0.009820205,0.000548604,0.00046783,10,gaussian
291,14,0,0.996963754,0.996482711,0.996484703,0.018998636,0.999517492,0.99951949,0.019056496,10,gaussian
292,0,0,0.995962557,0.995939626,0.995938426,0.052072263,0.999976977,0.999975771,0.052283354,10,gaussian
292,1,0,0.995820469,0.99579444,0.995793738,0.028883202,0.999973862,0.999973157,0.029004427,10,gaussian
292,2,0,0.994108819,0.994088197,0.994089189,0.058747748,0.999979256,0.999980253,0.059095893,10,gaussian
292,3,0,0.994063763,0.994000957,0.994001195,0.063326203,0.999936819,0.999937059,0.063704367,10,gaussian
292,4,0,0.995923307,0.995824327,0.995831005,0.013660983,0.999900615,0.99990732,0.013716902,10,gaussian
292,5,0,0.997177978,0.997123124,0.997117922,0.013309232,0.999944991,0.999939775,0.013346897,10,gaussian
292,6,0,0.991818159,0.991793238,0.991796661,0.181621658,0.999974873,0.999978325,0.183119916,10,gaussian
292,7,0,0.995014913,0.994848476,0.994848698,0.191044913,0.999832729,0.999832952,0.19200206,10,gaussian
292,8,0,0.994830238,0.994377035,0.99436058,0.048635204,0.999544442,0.999527902,0.048887943,10,gaussian
292,9,1,0.960584374,0.011846839,0.000528327,0.000460609,0.01233295,0.000550006,0.000479509,10,gaussian
292,10,1,0.961220095,0.015964138,0.000730226,0.000615691,0.016608203,0.000759687,0.000640531,10,gaussian
292,11,1,0.961400158,0.015644832,0.00085406,0.000669292,0.016272966,0.00088835,0.000696164,10,gaussian
292,12,1,0.961278386,0.01464828,0.000915111,0.00061697,0.015238333,0.000951973,0.000641822,10,gaussian
292,13,1,0.960944258,0.009265199,0.00092255,0.000450007,0.009641766,0.000960046,0.000468296,10,gaussian
292,14,0,1.001158757,0.999359379,0.999572195,0.027995378,0.998202705,0.998415274,0.027962975,10,gaussian
293,0,0,0.996107675,0.996051365,0.99604897,0.021731369,0.99994347,0.999941065,0.021816285,10,gaussian
293,1,0,0.996994152,0.996977769,0.996980057,0.069532578,0.999983567,0.999985862,0.069742212,10,gaussian
293,2,0,0.996218983,0.996194518,0.99619006,0.051040882,0.999975442,0.999970968,0.051234601,10,gaussian
293,3,0,1.000250418,1.000217662,1.000215706,0.008582078,0.999967253,0.999965297,0.008579929,10,gaussian
293,4,0,0.995713612,0.995381581,0.995351461,0.03734259,0.99966654,0.99963629,0.037503344,10,gaussian
293,5,1,0.961476293,0.012170697,0.000575123,0.000444749,0.012658343,0.000598167,0.000462568,10,gaussian
293,6,1,0.961541472,0.014677476,0.000746446,0.000623582,0.015264527,0.000776301,0.000648523,10,gaussian
293,7,1,0.961909658,0.01094101,0.00050941,0.000444063,0.01137426,0.000529582,0.000461647,10,gaussian
293,8,1,0.960743821,0.016573198,0.000732934,0.000651077,0.017250383,0.000762882,0.00067768,10,gaussian
293,9,1,0.961699933,0.015086302,0.000712646,0.000621455,0.01568712,0.000741028,0.000646204,10,gaussian
293,10,0,0.997572635,0.997535068,0.997535768,0.031099604,0.999962342,0.999963043,0.031175278,10,gaussian
293,11,0,0.997492542,0.99735994,0.997371058,0.013942008,0.999867065,0.99987821,0.013977055,10,gaussian
293,12,0,0.996873805,0.996841991,0.99684706,0.022772468,0.999968087,0.999973171,0.022843882,10,gaussian
293,13,0,0.996762902,0.996652463,0.996643308,0.012500082,0.999889202,0.999880017,0.012540678,10,gaussian
293,14,0,0.995265323,0.995246856,0.995247513,0.075422579,0.999981445,0.999982105,0.075781379,10,gaussian
294,0,0,0.993317271,0.993289335,0.99328517,0.058223842,0.999971876,0.999967683,0.058615554,10,gaussian
294,1,0,0.993873156,0.993863435,0.993859634,0.090285638,0.999990219,0.999986394,0.090842214,10,gaussian
294,2,0,0.996610281,0.996574228,0.996573486,0.028604195,0.999963824,0.99996308,0.028701485,10,gaussian
294,3,0,0.997298193,0.997283111,0.997283443,0.255021647,0.999984877,0.999985211,0.255712533,10,gaussian
294,4,0,0.992821224,0.99276842,0.992765658,0.034663537,0.999946814,0.999944033,0.034914178,10,gaussian
294,5,0,0.99314108,0.993112078,0.993112611,0.036541892,0.999970797,0.999971334,0.036794261,10,gaussian
294,6,0,0.990993263,0.990977491,0.990981907,0.159895618,0.999984085,0.999988541,0.161348845,10,gaussian
294,7,0,0.99778972,0.997735591,0.997736371,0.005729966,0.999945751,0.999946533,0.005742659,10,gaussian
294,8,0,0.992718301,0.992581491,0.992598062,0.111712925,0.999862187,0.99987888,0.112532352,10,gaussian
294,9,0,0.990731244,0.990437126,0.990430097,0.513272933,0.99970313,0.999696035,0.518074842,10,gaussian
294,10,1,0.960999626,0.013435498,0.000465153,0.000410281,0.013980752,0.00048403,0.000426931,10,gaussian
294,11,1,0.961779877,0.010937196,0.000508539,0.000411881,0.011371829,0.000528748,0.000428248,10,gaussian
294,12,1,0.962194424,0.015868426,0.000654643,0.000562842,0.016491912,0.000680365,0.000584956,10,gaussian
294,13,1,0.960526147,0.015140619,0.000712174,0.000599431,0.015762839,0.000741442,0.000624066,10,gaussian
294,14,1,0.960771448,0.018440448,0.000738193,0.000636246,0.019193377,0.000768334,0.000662224,10,gaussian
295,0,0,0.995619809,0.995615345,0.995613654,0.027656429,0.999995517,0.999993818,0.027778103,10,gaussian
295,1,0,0.994502264,0.994490048,0.994486702,0.018545944,0.999987717,0.999984353,0.018648469,10,gaussian
295,2,0,0.994007006,0.99396871,0.993964887,0.030051992,0.999961473,0.999957627,0.030233179,10,gaussian
295,3,0,0.99505009,0.995029286,0.995026355,0.17159432,0.999979093,0.999976147,0.172447922,10,gaussian
295,4,0,0.99958903,0.999556908,0.999560715,0.023461075,0.999967864,0.999971673,0.023470721,10,gaussian
295,5,0,0.992661429,0.992594592,0.992595769,0.058100984,0.999932669,0.999933855,0.058530514,10,gaussian
295,6,0,1.000241006,1.000200997,1.000207247,0.009998424,0.999960001,0.999966249,0.009996015,10,gaussian
295,7,0,0.997296909,0.99728895,0.997288255,0.014121646,0.999992019,0.999991323,0.014159921,10,gaussian
295,8,0,0.996913167,0.996740176,0.996727982,0.018024148,0.999826474,0.999814242,0.018079958,10,gaussian
295,9,0,0.994981225,0.994866312,0.994870823,0.061372007,0.999884507,0.999889041,0.061681573,10,gaussian
295,10,1,0.960988288,0.010592297,0.000459671,0.000421642,0.011022296,0.000478331,0.000438758,10,gaussian
295,11,1,0.960242343,0.010851501,0.000460378,0.000434327,0.011300794,0.000479439,0.000452309,10,gaussian
295,12,1,0.960836939,0.013894276,0.000622525,0.000578938,0.014460597,0.000647899,0.000602535,10,gaussian
295,13,1,0.962251755,0.014444877,0.000599363,0.00054963,0.015011536,0.000622875,0.000571191,10,gaussian
295,14,1,0.960839672,0.014602378,0.000651005,0.000607716,0.015197518,0.000677538,0.000632484,10,gaussian
296,0,0,0.993468305,0.99344398,0.993449796,0.029767841,0.999975514,0.999981369,0.029963554,10,gaussian
296,1,0,0.998525279,0.998503352,0.998504136,0.005382489,0.999978041,0.999978826,0.005390439,10,gaussian
296,2,0,0.995551909,0.995542525,0.995543692,0.090323659,0.999990574,0.999991746,0.090727222,10,gaussian
296,3,0,0.995173315,0.995165915,0.99516648,0.038702398,0.999992564,0.999993132,0.038890108,10,gaussian
296,4,0,0.996970133,0.996959382,0.996959057,0.167711797,0.999989217,0.999988891,0.168221485,10,gaussian
296,5,0,0.99646586,0.996448419,0.996447778,0.044471827,0.999982497,0.999981854,0.044629554,10,gaussian
296,6,0,0.995822792,0.99579393,0.995800026,0.013725069,0.999971018,0.999977139,0.013782642,10,gaussian
296,7,0,0.993802433,0.993738737,0.993747565,0.064733826,0.999935906,0.99994479,0.06513752,10,gaussian
296,8,0,0.995967406,0.99585055,0.995838604,0.011623533,0.999882671,0.999870676,0.011670596,10,gaussian
296,9,0,0.99311623,0.993000287,0.993017439,0.327879183,0.999883253,0.999900524,0.330151873,10,gaussian
296,10,1,0.960563686,0.008894068,0.000477097,0.000437103,0.009259217,0.000496685,0.000455049,10,gaussian
296,11,1,0.960118952,0.011869608,0.000477751,0.000438901,0.012362644,0.000497595,0.000457132,10,gaussian
296,12,1,0.961271892,0.012510464,0.00063561,0.000578794,0.01301449,0.000661217,0.000602113,10,gaussian
296,13,1,0.960592919,0.0168424,0.000659522,0.000599264,0.017533338,0.000686578,0.000623848,10,gaussian
296,14,1,0.961445839,0.014339145,0.000677685,0.000605781,0.014914148,0.00070486,0.000630073,10,gaussian
297,0,0,0.996460771,0.996435318,0.996432953,0.029078894,0.999974457,0.999972084,0.029182176,10,gaussian
297,1,0,0.994132539,0.99411202,0.994113328,0.059175465,0.999979361,0.999980676,0.059524724,10,gaussian
297,2,0,0.991045465,0.99099915,0.990998395,0.133817941,0.999953267,0.999952506,0.135027046,10,gaussian
297,3,0,0.992560044,0.99252599,0.992521412,0.073711115,0.999965691,0.999961079,0.074263634,10,gaussian
297,4,0,0.99434198,0.994323942,0.994322624,0.058975771,0.999981859,0.999980534,0.059311356,10,gaussian
297,5,0,0.997138047,0.997119604,0.997116597,0.046540232,0.999981504,0.999978488,0.04667381,10,gaussian
297,6,0,0.994888529,0.994759292,0.994745123,0.18589835,0.999870098,0.999855857,0.186853446,10,gaussian
297,7,0,1.0005704,1.000526292,1.000509066,0.009026408,0.999955917,0.999938701,0.009021262,10,gaussian
297,8,0,0.996656523,0.996480174,0.996478414,0.012605993,0.999823059,0.999821294,0.012648282,10,gaussian
297,9,0,0.999354355,0.998632402,0.998453902,0.029242597,0.999277581,0.999098965,0.02926149,10,gaussian
297,10,1,0.96109668,0.011045094,0.000495835,0.00044325,0.011492177,0.000515905,0.000461192,10,gaussian
297,11,1,0.960928259,0.014976411,0.000670582,0.000606623,0.015585359,0.000697848,0.000631288,10,gaussian
297,12,1,0.961843478,0.015528272,0.00067997,0.000610318,0.016144281,0.000706944,0.00063453,10,gaussian
297,13,1,0.961340861,0.011377825,0.000514295,0.000438408,0.01183537,0.000534977,0.000456038,10,gaussian
297,14,1,0.960904759,0.015207974,0.000687432,0.000615559,0.015826723,0.000715401,0.000640604,10,gaussian
298,0,0,0.996475375,0.996431921,0.996424202,0.033667022,0.999956393,0.999948646,0.033786105,10,gaussian
298,1,0,0.993887476,0.993871317,0.993870549,0.175175034,0.999983742,0.99998297,0.176252381,10,gaussian
298,2,0,0.995697723,0.995689395,0.995690244,0.024381984,0.999991636,0.999992489,0.024487335,10,gaussian
298,3,0,0.994365811,0.994339032,0.994336928,0.059473704,0.999973069,0.999970953,0.059810688,10,gaussian
298,4,0,0.995176066,0.995118835,0.99511916,0.061062396,0.999942492,0.999942818,0.061358385,10,gaussian
298,5,0,0.988733311,0.988702042,0.988702653,0.312436539,0.999968375,0.999968992,0.315996776,10,gaussian
298,6,0,0.995748858,0.995696214,0.995701055,0.062868149,0.999947132,0.999951993,0.063136552,10,gaussian
298,7,0,0.993334713,0.993261535,0.993244114,0.058190643,0.99992633,0.999908793,0.058581103,10,gaussian
298,8,0,0.99604622,0.995857789,0.995880819,0.178944126,0.999810821,0.999833942,0.17965444,10,gaussian
298,9,1,0.960714748,0.010545781,0.000518186,0.000445009,0.010977016,0.000539376,0.000463206,10,gaussian
298,10,1,0.960708255,0.014426762,0.000691661,0.000590546,0.015016798,0.000719949,0.000614699,10,gaussian
298,11,1,0.961142995,0.016180126,0.000780491,0.000635147,0.016834255,0.000812045,0.000660825,10,gaussian
298,12,1,0.961328255,0.010275497,0.000520954,0.000413022,0.010688854,0.000541911,0.000429636,10,gaussian
298,13,1,0.961140779,0.015001107,0.000737594,0.000588735,0.015607606,0.000767416,0.000612538,10,gaussian
298,14,0,0.995088959,0.994879276,0.994880248,0.056195392,0.999789282,0.999790259,0.056472731,10,gaussian
299,0,0,0.993179582,0.993129773,0.993131984,0.069537767,0.999949849,0.999952075,0.070015301,10,gaussian
299,1,0,0.997481561,0.997461922,0.997461921,0.076522389,0.999980312,0.99998031,0.076715593,10,gaussian
299,2,0,0.996443121,0.996404776,0.996403396,0.018654981,0.999961518,0.999960134,0.018721571,10,gaussian
299,3,0,0.996347667,0.99632059,0.996321601,0.026697279,0.999972824,0.999973839,0.026795143,10,gaussian
299,4,0,0.998337721,0.998282341,0.998282602,0.042640035,0.999944528,0.999944789,0.042711033,10,gaussian
299,5,0,0.995330429,0.995279884,0.995286432,0.025388373,0.999949217,0.999955797,0.025507482,10,gaussian
299,6,0,0.992570392,0.992558616,0.992562337,0.060451123,0.999988136,0.999991884,0.060903613,10,gaussian
299,7,0,0.994765933,0.994716552,0.994715853,0.118402132,0.999950359,0.999949657,0.119025117,10,gaussian
299,8,0,0.995642514,0.995553354,0.995551376,0.035477309,0.99991045,0.999908462,0.035632577,10,gaussian
299,9,0,0.991744729,0.991618098,0.991598397,0.050419004,0.999872314,0.99985245,0.050838691,10,gaussian
299,10,1,0.960264116,0.008243405,0.000472848,0.000435097,0.008584518,0.000492415,0.000453101,10,gaussian
299,11,1,0.961499866,0.00974064,0.000444106,0.000393767,0.010130672,0.000461888,0.000409534,10,gaussian
299,12,1,0.961180298,0.011038513,0.000640397,0.000584142,0.011484332,0.000666261,0.000607734,10,gaussian
299,13,1,0.960889994,0.013475157,0.000655458,0.000590792,0.014023621,0.000682136,0.000614838,10,gaussian
299,14,1,0.962125544,0.013701845,0.00065341,0.000580075,0.014241224,0.000679132,0.00060291,10,gaussian
300,0,0,0.991586156,0.991553348,0.991557862,0.066170499,0.999966913,0.999971466,0.066731971,10,gaussian
300,1,0,0.989970501,0.989944641,0.989946361,0.10152314,0.999973878,0.999975616,0.102551682,10,gaussian
300,2,0,0.996902745,0.996876802,0.996874818,0.039330212,0.999973977,0.999971986,0.039452406,10,gaussian
300,3,0,0.989947578,0.989923343,0.989920606,0.18549498,0.999975519,0.999972754,0.187378589,10,gaussian
300,4,0,0.996990003,0.996970198,0.996972396,0.029429577,0.999980135,0.99998234,0.029518427,10,gaussian
300,5,0,0.995468637,0.995432652,0.995428342,0.080239726,0.999963852,0.999959522,0.080604976,10,gaussian
300,6,0,0.992277063,0.992249435,0.992247817,0.267610711,0.999972158,0.999970527,0.269693537,10,gaussian
300,7,0,0.993362101,0.993231037,0.993230225,0.062863126,0.99986806,0.999867242,0.063283193,10,gaussian
300,8,0,0.996565169,0.996386085,0.996379107,0.019097816,0.999820299,0.999813297,0.01916364,10,gaussian
300,9,1,0.960610625,0.011186281,0.000516105,0.00046219,0.011644969,0.000537268,0.000481142,10,gaussian
300,10,1,0.960084633,0.0152153,0.000713324,0.000635377,0.015847874,0.000742981,0.000661792,10,gaussian
300,11,1,0.961887086,0.013817822,0.000743698,0.000640885,0.014365327,0.000773165,0.000666279,10,gaussian
300,12,1,0.960328157,0.014725763,0.000758466,0.000653884,0.015334095,0.000789799,0.000680896,10,gaussian
300,13,1,0.960658043,0.01052423,0.000543397,0.000463151,0.01095523,0.00056565,0.000482119,10,gaussian
300,14,0,0.994534485,0.993900911,0.993959548,0.047618138,0.999362944,0.999421904,0.047879826,10,gaussian
301,0,0,0.991986208,0.99195901,0.991960129,0.094391391,0.999972582,0.99997371,0.095153935,10,gaussian
301,1,0,1.003529879,1.003517441,1.003519046,0.019287787,0.999987606,0.999989205,0.019219943,10,gaussian
301,2,0,0.998367313,0.998327836,0.998329237,0.01058779,0.999960459,0.999961862,0.010605105,10,gaussian
301,3,0,0.995289154,0.995260866,0.995264118,0.072130979,0.999971578,0.999974846,0.072472385,10,gaussian
301,4,0,0.996126015,0.996044967,0.996042986,0.021048392,0.999918637,0.999916648,0.021130251,10,gaussian
301,5,0,0.996491643,0.99643448,0.996438999,0.013986393,0.999942635,0.999947171,0.014035635,10,gaussian
301,6,0,0.998203218,0.998145382,0.998149283,0.038170855,0.99994206,0.999945968,0.038239563,10,gaussian
301,7,0,0.996017867,0.995595126,0.9955087,0.027394667,0.999575569,0.999488798,0.027504193,10,gaussian
301,8,1,0.960652654,0.008722897,0.000422669,0.000391941,0.009080178,0.000439981,0.000407994,10,gaussian
301,9,1,0.960170839,0.01163353,0.000591839,0.000557185,0.012116104,0.000616389,0.000580298,10,gaussian
301,10,1,0.960867315,0.011632834,0.000625898,0.000583743,0.012106598,0.000651388,0.000607517,10,gaussian
301,11,1,0.960393573,0.010194694,0.000430202,0.000394284,0.010615121,0.000447944,0.000410544,10,gaussian
301,12,1,0.961263964,0.013158029,0.000575659,0.000520887,0.013688258,0.000598857,0.000541877,10,gaussian
301,13,0,0.997323798,0.997166741,0.997132269,0.01120083,0.999842521,0.999807956,0.011230887,10,gaussian
301,14,0,0.99762933,0.997370587,0.997382147,0.007357294,0.999740642,0.99975223,0.007374778,10,gaussian
302,0,0,0.99535165,0.995335453,0.995337395,0.017542443,0.999983727,0.999985679,0.017624367,10,gaussian
302,1,0,0.995603291,0.995587955,0.99558892,0.075547804,0.999984597,0.999985566,0.075881433,10,gaussian
302,2,0,0.997562792,0.997543638,0.997543113,0.007052242,0.9999808,0.999980273,0.007069472,10,gaussian
302,3,0,0.995272995,0.995258972,0.995260442,0.032346644,0.99998591,0.999987387,0.032500272,10,gaussian
302,4,0,0.990982591,0.990960795,0.990960644,0.245023044,0.999978005,0.999977854,0.247252622,10,gaussian
302,5,0,0.989319577,0.989312002,0.989310451,0.276424883,0.999992343,0.999990776,0.27940909,10,gaussian
302,6,0,0.995015713,0.995004676,0.994999073,0.036540661,0.999988908,0.999983277,0.036723703,10,gaussian
302,7,0,0.994231326,0.994043191,0.994057836,0.084084784,0.999810773,0.999825504,0.084572656,10,gaussian
302,8,0,0.996215837,0.995371101,0.995267914,0.079900363,0.999152055,0.999048477,0.080203868,10,gaussian
302,9,0,0.988815175,0.988671447,0.9886699,0.727180356,0.999854647,0.999853082,0.735405741,10,gaussian
302,10,1,0.961103405,0.008615715,0.000558017,0.000435976,0.0089644,0.000580601,0.000453621,10,gaussian
302,11,1,0.961033899,0.011215957,0.00052863,0.000442679,0.011670719,0.000550063,0.000460628,10,gaussian
302,12,1,0.961509697,0.012829482,0.00070159,0.000579454,0.01334306,0.000729675,0.000602651,10,gaussian
302,13,1,0.961363354,0.01746763,0.00074152,0.000614747,0.018169644,0.000771321,0.000639453,10,gaussian
302,14,1,0.960697189,0.017212245,0.000760538,0.000636692,0.01791641,0.000791653,0.00066274,10,gaussian
303,0,0,0.991230785,0.991190471,0.991190254,0.236755114,0.999959329,0.99995911,0.238849637,10,gaussian
303,1,0,1.000006965,0.999991965,0.999992173,0.023492135,0.999985001,0.999985209,0.023491971,10,gaussian
303,2,0,0.988991479,0.988972892,0.988976884,0.761702575,0.999981206,0.999985242,0.77018113,10,gaussian
303,3,0,1.000067909,1.00005445,1.000053838,0.008781154,0.999986542,0.99998593,0.008780557,10,gaussian
303,4,0,0.998370737,0.998354157,0.998355775,0.010840296,0.999983393,0.999985014,0.010857986,10,gaussian
303,5,0,0.994003743,0.993968508,0.99396594,0.051869009,0.999964552,0.999961969,0.052181905,10,gaussian
303,6,0,0.996600557,0.996513252,0.996516615,0.014075432,0.999912397,0.999915772,0.014123444,10,gaussian
303,7,0,0.995970717,0.995849547,0.995860475,0.014813718,0.99987834,0.999889311,0.014873648,10,gaussian
303,8,0,0.995706472,0.995151493,0.995002818,0.022844612,0.999442627,0.999293311,0.022943119,10,gaussian
303,9,1,0.959865561,0.011379638,0.000668145,0.000454429,0.01185545,0.000696081,0.00047343,10,gaussian
303,10,1,0.960948301,0.014915479,0.000749058,0.000599512,0.015521624,0.000779499,0.000623875,10,gaussian
303,11,1,0.96068817,0.009314039,0.000508093,0.000437274,0.009695174,0.000528884,0.000455168,10,gaussian
303,12,1,0.960599906,0.01514989,0.000730443,0.00062559,0.01577128,0.000760403,0.000651249,10,gaussian
303,13,1,0.960325357,0.018939086,0.000765976,0.000648915,0.01972153,0.000797622,0.000675724,10,gaussian
303,14,0,0.997615051,0.996230581,0.996277043,0.00723697,0.998612219,0.998658793,0.007254271,10,gaussian
304,0,0,0.997776992,0.997750281,0.997748772,0.012432155,0.999973229,0.999971717,0.012459854,10,gaussian
304,1,0,0.998388605,0.998359176,0.998359788,0.006489793,0.999970524,0.999971137,0.006500268,10,gaussian
304,2,0,0.994347947,0.994330886,0.994331051,0.064344267,0.999982842,0.999983008,0.064710012,10,gaussian
304,3,0,0.998146557,0.998107542,0.99810097,0.012178276,0.999960913,0.999954328,0.01220089,10,gaussian
304,4,0,0.990503975,0.990466788,0.990468582,0.23010048,0.999962456,0.999964268,0.232306468,10,gaussian
304,5,0,0.987229264,0.987206673,0.987200043,0.689898097,0.999977117,0.999970401,0.698822576,10,gaussian
304,6,0,0.995172355,0.995106519,0.995101965,0.110933158,0.999933845,0.999929268,0.111471302,10,gaussian
304,7,0,0.992959935,0.992852362,0.992849649,0.08427916,0.999891665,0.999888932,0.084876697,10,gaussian
304,8,0,0.994004752,0.993899405,0.993889273,0.046600936,0.999894017,0.999883824,0.046882006,10,gaussian
304,9,0,0.995297095,0.994838046,0.994824631,0.039963079,0.999538782,0.999525304,0.04015191,10,gaussian
304,10,1,0.961033323,0.007670608,0.000479421,0.000409656,0.007981626,0.00049886,0.000426266,10,gaussian
304,11,1,0.961238477,0.014441702,0.000652364,0.000546665,0.015024057,0.00067867,0.000568709,10,gaussian
304,12,1,0.960841072,0.014373328,0.000691727,0.000581546,0.014959111,0.000719918,0.000605246,10,gaussian
304,13,1,0.961112135,0.010226361,0.000516163,0.000403677,0.010640133,0.000537048,0.000420011,10,gaussian
304,14,1,0.961253942,0.013950125,0.000675685,0.000556215,0.014512425,0.00070292,0.000578635,10,gaussian
305,0,0,0.993401849,0.993375144,0.993375021,0.204489291,0.999973117,0.999972993,0.205847504,10,gaussian
305,1,0,0.99408934,0.994076659,0.994077068,0.019142603,0.999987243,0.999987655,0.019256421,10,gaussian
305,2,0,0.997488456,0.997472033,0.99747017,0.101873854,0.999983536,0.999981669,0.102130359,10,gaussian
305,3,0,0.994323406,0.994301263,0.994296094,0.040279334,0.99997773,0.999972532,0.040509288,10,gaussian
305,4,0,1.000205888,1.000187569,1.00018834,0.015113149,0.999981685,0.999982456,0.015110038,10,gaussian
305,5,0,0.992915223,0.9928813,0.992883653,0.144022902,0.999965836,0.999968205,0.145050552,10,gaussian
305,6,0,0.999045578,0.999010858,0.999009074,0.011943249,0.999965248,0.999963461,0.011954659,10,gaussian
305,7,0,0.994352471,0.994304041,0.994313126,0.104436839,0.999951295,0.999960431,0.105029999,10,gaussian
305,8,0,1.001019557,1.000805191,1.000778564,0.059656448,0.999785852,0.999759252,0.059595687,10,gaussian
305,9,1,0.960667404,0.011361409,0.000629968,0.000473762,0.011826579,0.000655761,0.000493159,10,gaussian
305,10,1,0.961508109,0.01918015,0.000958135,0.000653728,0.019947986,0.000996492,0.000679898,10,gaussian
305,11,1,0.960762319,0.019287939,0.001182949,0.000675896,0.020075661,0.001231261,0.0007035,10,gaussian
305,12,1,0.960851287,0.019736742,0.001937811,0.000686314,0.020540891,0.002016764,0.000714277,10,gaussian
305,13,1,0.961393076,0.019347193,0.003544052,0.000496966,0.020124124,0.003686371,0.000516922,10,gaussian
305,14,0,0.994068876,0.991677909,0.989887163,0.082201527,0.997594767,0.995793336,0.082691983,10,gaussian
306,0,0,0.998867765,0.99885907,0.998858726,0.021401009,0.999991294,0.99999095,0.021425267,10,gaussian
306,1,0,0.997171782,0.99715072,0.997151276,0.013394586,0.999978878,0.999979435,0.013432576,10,gaussian
306,2,0,0.996926831,0.99690471,0.996905042,0.089667131,0.99997781,0.999978144,0.089943543,10,gaussian
306,3,0,0.993539725,0.993435152,0.99344117,0.067922387,0.999894747,0.999900804,0.068364037,10,gaussian
306,4,1,0.960982268,0.00906505,0.000504373,0.000452251,0.009433108,0.000524851,0.000470614,10,gaussian
306,5,1,0.960654679,0.013453402,0.000694846,0.000630933,0.01400441,0.000723305,0.000656774,10,gaussian
306,6,1,0.96076358,0.011314288,0.000518467,0.000459487,0.01177635,0.000539641,0.000478252,10,gaussian
306,7,1,0.961693469,0.017309774,0.000727184,0.000641488,0.017999263,0.00075615,0.00066704,10,gaussian
306,8,1,0.960265411,0.012906913,0.000732744,0.000648771,0.013440985,0.000763064,0.000675616,10,gaussian
306,9,0,0.994793429,0.994603706,0.994601826,0.07210929,0.999809284,0.999807395,0.072486697,10,gaussian
306,10,0,0.995559962,0.995539638,0.995535692,0.033849431,0.999979585,0.999975621,0.034000394,10,gaussian
306,11,0,0.99658879,0.996528464,0.99653093,0.020742553,0.999939468,0.999941942,0.020813553,10,gaussian
306,12,0,0.991142108,0.991113655,0.991114495,0.030336223,0.999971292,0.99997214,0.030607339,10,gaussian
306,13,0,0.995096984,0.995067323,0.995067706,0.044596581,0.999970193,0.999970578,0.044816316,10,gaussian
306,14,0,0.99892677,0.998889198,0.998888723,0.023119483,0.999962388,0.999961912,0.023144322,10,gaussian
307,0,0,1.000491523,1.000477457,1.000482385,0.01011283,0.99998594,0.999990866,0.010107862,10,gaussian
307,1,0,0.995666092,0.99563946,0.995643649,0.095091062,0.999973252,0.999977459,0.095504971,10,gaussian
307,2,0,0.996757607,0.996744849,0.996742729,0.022785481,0.9999872,0.999985074,0.022859601,10,gaussian
307,3,0,0.998450455,0.998354463,0.998358407,0.067126966,0.999903859,0.999907809,0.067231144,10,gaussian
307,4,0,0.990862938,0.990847967,0.990847317,0.519855702,0.999984891,0.999984235,0.524649457,10,gaussian
307,5,0,0.997213629,0.99718822,0.99718786,0.012129074,0.99997452,0.999974159,0.012162964,10,gaussian
307,6,0,0.99684705,0.996807054,0.996808187,0.011576449,0.999959877,0.999961014,0.011613064,10,gaussian
307,7,0,0.994377093,0.994291391,0.994280968,0.065042806,0.999913814,0.999903332,0.065410604,10,gaussian
307,8,0,0.998233663,0.997790371,0.997796511,0.012200545,0.999555923,0.999562074,0.012222133,10,gaussian
307,9,0,0.995849826,0.995519715,0.995462933,0.072890558,0.999668514,0.999611496,0.073194327,10,gaussian
307,10,1,0.961356998,0.010925773,0.000504264,0.000424235,0.011364949,0.000524533,0.000441288,10,gaussian
307,11,1,0.960665998,0.011867453,0.000774993,0.000437056,0.01235336,0.000806724,0.000454951,10,gaussian
307,12,1,0.960735678,0.016572113,0.000741719,0.000605712,0.017249399,0.000772032,0.000630467,10,gaussian
307,13,1,0.961597182,0.015022917,0.000849873,0.000569134,0.015622879,0.000883814,0.000591863,10,gaussian
307,14,1,0.962488886,0.016165434,0.00079328,0.000590165,0.01679545,0.000824197,0.000613166,10,gaussian
308,0,0,0.995836211,0.995811342,0.995813926,0.031704575,0.999975027,0.999977622,0.031837138,10,gaussian
308,1,0,0.996509915,0.996498934,0.996499026,0.053311,0.999988981,0.999989073,0.053497711,10,gaussian
308,2,0,0.997092224,0.997074436,0.997069946,0.068135216,0.99998216,0.999977657,0.068333916,10,gaussian
308,3,0,0.994920206,0.994817987,0.994830354,0.025345646,0.999897259,0.999909689,0.025475054,10,gaussian
308,4,0,0.994242061,0.994205109,0.994199284,0.126484245,0.999962834,0.999956975,0.127216751,10,gaussian
308,5,0,0.991464128,0.991422532,0.991423872,0.33538,0.999958045,0.999959397,0.338267407,10,gaussian
308,6,0,0.995867689,0.995813048,0.995816736,0.021726261,0.999945133,0.999948836,0.021816413,10,gaussian
308,7,0,0.997825341,0.997723248,0.997743665,0.022082776,0.999897685,0.999918146,0.022130903,10,gaussian
308,8,0,0.997345794,0.997153964,0.997172615,0.072288535,0.999807659,0.99982636,0.072480914,10,gaussian
308,9,0,0.994298427,0.993093426,0.993113039,0.05436135,0.998788089,0.998807815,0.054673072,10,gaussian
308,10,1,0.960195176,0.010448605,0.000550157,0.000464906,0.010881752,0.000572964,0.000484179,10,gaussian
308,11,1,0.961340833,0.012746526,0.000723112,0.00044119,0.013259112,0.000752191,0.000458932,10,gaussian
308,12,1,0.96139697,0.015950955,0.000741104,0.000601537,0.016591434,0.000770862,0.000625691,10,gaussian
308,13,1,0.960945975,0.012597481,0.000805832,0.000629406,0.013109458,0.000838582,0.000654986,10,gaussian
308,14,1,0.960576926,0.015548288,0.000871368,0.000614849,0.016186406,0.00090713,0.000640083,10,gaussian
309,0,0,0.998593918,0.998572824,0.99857276,0.010842421,0.999978876,0.999978812,0.010857687,10,gaussian
309,1,0,0.993383584,0.993353448,0.993353834,0.144674184,0.999969663,0.999970052,0.145637784,10,gaussian
309,2,0,0.996218567,0.996209041,0.996204559,0.027541141,0.999990437,0.999985938,0.027645681,10,gaussian
309,3,0,1.001022257,1.001008246,1.001005446,0.040637808,0.999986003,0.999983206,0.040596308,10,gaussian
309,4,0,0.994493159,0.994449382,0.994455473,0.053021009,0.999955981,0.999962106,0.053314604,10,gaussian
309,5,0,0.991240424,0.991207075,0.991201722,0.309956872,0.999966355,0.999960956,0.312695956,10,gaussian
309,6,0,0.993865787,0.993839302,0.993844254,0.048708273,0.999973351,0.999978334,0.049008904,10,gaussian
309,7,0,0.998173319,0.998148908,0.998146786,0.006939599,0.999975544,0.999973418,0.006952299,10,gaussian
309,8,0,0.996857045,0.99658364,0.996562344,0.028990137,0.999725733,0.99970437,0.029081539,10,gaussian
309,9,1,0.96112509,0.009039026,0.000494599,0.000418236,0.00940463,0.000514604,0.000435153,10,gaussian
309,10,1,0.961161126,0.015089935,0.000689259,0.000563623,0.015699693,0.000717111,0.000586398,10,gaussian
309,11,1,0.961348084,0.014685356,0.000804374,0.000620635,0.015275795,0.000836714,0.000645588,10,gaussian
309,12,1,0.961408843,0.01462655,0.000849553,0.000569543,0.015213663,0.000883654,0.000592405,10,gaussian
309,13,1,0.961365117,0.009576826,0.000878824,0.000419617,0.009961695,0.000914142,0.00043648,10,gaussian
309,14,0,0.994221963,0.99281253,0.993048484,0.047694887,0.998582376,0.998819701,0.047972071,10,gaussian
310,0,0,0.994972969,0.994957088,0.994956552,0.038330869,0.999984038,0.9999835,0.038524533,10,gaussian
310,1,0,0.99645741,0.99644383,0.996445369,0.030462335,0.999986371,0.999987916,0.030570635,10,gaussian
310,2,0,1.001099738,1.001080563,1.001079343,0.013724546,0.999980846,0.999979628,0.013709469,10,gaussian
310,3,0,0.993768907,0.993733983,0.993728841,0.107955487,0.999964857,0.999959682,0.108632385,10,gaussian
310,4,0,0.997235568,0.99718097,0.997180692,0.025349253,0.99994525,0.999944972,0.025419524,10,gaussian
310,5,0,1.000603108,1.000542858,1.000539343,0.029133886,0.999939786,0.999936274,0.029116326,10,gaussian
310,6,0,0.997773237,0.997756705,0.997757132,0.007096856,0.999983431,0.999983858,0.007112694,10,gaussian
310,7,0,0.995291051,0.995244725,0.995247369,0.054485092,0.999953455,0.999956112,0.054742873,10,gaussian
310,8,0,0.998179696,0.997813619,0.997809482,0.020258238,0.999633255,0.999629111,0.020295181,10,gaussian
310,9,1,0.961169639,0.011113353,0.000469619,0.000425797,0.011562322,0.000488591,0.000442999,10,gaussian
310,10,1,0.960882393,0.016088895,0.000658037,0.000580253,0.016743875,0.000684826,0.000603875,10,gaussian
310,11,1,0.960648089,0.016692893,0.000793239,0.000650453,0.017376699,0.000825733,0.000677099,10,gaussian
310,12,1,0.96162871,0.015613282,0.000810018,0.000586461,0.016236289,0.00084234,0.000609862,10,gaussian
310,13,1,0.960779287,0.009940903,0.000834974,0.00044674,0.010346708,0.000869059,0.000464976,10,gaussian
310,14,0,0.995749493,0.993161608,0.993065492,0.016880308,0.997401068,0.997304542,0.016952365,10,gaussian
311,0,0,0.99473031,0.994695748,0.994685014,0.072063447,0.999965256,0.999954464,0.07244521,10,gaussian
311,1,0,0.996008237,0.995965917,0.995970113,0.091374968,0.99995751,0.999961724,0.091741177,10,gaussian
311,2,0,0.993354628,0.993345383,0.993346035,0.092466975,0.999990693,0.99999135,0.093085563,10,gaussian
311,3,0,0.994716534,0.994699563,0.994696404,0.093108744,0.999982939,0.999979763,0.093603294,10,gaussian
311,4,0,0.99007794,0.990034941,0.990034563,0.268677604,0.99995657,0.999956188,0.271370155,10,gaussian
311,5,0,0.994575502,0.994555679,0.994556857,0.087753757,0.999980068,0.999981253,0.088232373,10,gaussian
311,6,0,0.997494506,0.997456987,0.997454355,0.022722733,0.999962387,0.999959748,0.022779807,10,gaussian
311,7,0,0.995332754,0.995303794,0.995302738,0.052723805,0.999970904,0.999969844,0.052971034,10,gaussian
311,8,1,0.960014608,0.01057109,0.000457413,0.000439091,0.011011384,0.000476465,0.00045738,10,gaussian
311,9,1,0.960656209,0.015405082,0.000627822,0.000587913,0.016035999,0.000653535,0.000611991,10,gaussian
311,10,1,0.959986434,0.015962259,0.000688158,0.000639949,0.016627588,0.000716842,0.000666623,10,gaussian
311,11,1,0.958872673,0.0148514,0.000723277,0.000643064,0.015488396,0.000754299,0.000670646,10,gaussian
311,12,1,0.960912003,0.012287273,0.000547957,0.00043431,0.012787095,0.000570247,0.000451977,10,gaussian
311,13,0,0.99699776,0.996794546,0.996800883,0.013534031,0.999796175,0.99980253,0.013574786,10,gaussian
311,14,0,0.99581861,0.99551899,0.99552394,0.020782203,0.999699123,0.999704093,0.020869467,10,gaussian
312,0,0,0.995645813,0.995623832,0.995624326,0.138669993,0.999977923,0.99997842,0.139276429,10,gaussian
312,1,0,0.996138956,0.996114952,0.996115235,0.037178097,0.999975903,0.999976187,0.0373222,10,gaussian
312,2,0,0.994130824,0.994074205,0.994073912,0.106988771,0.999943046,0.999942752,0.107620414,10,gaussian
312,3,0,0.994547469,0.994504114,0.994510025,0.167247253,0.999956408,0.99996235,0.168164173,10,gaussian
312,4,0,0.995701963,0.995615911,0.995623791,0.009639814,0.999913577,0.999921491,0.009681425,10,gaussian
312,5,0,0.996183213,0.996161436,0.996163936,0.044912359,0.999978139,0.999980648,0.045084437,10,gaussian
312,6,0,0.994380462,0.994336456,0.9943269,0.031442787,0.999955745,0.999946135,0.031620479,10,gaussian
312,7,0,0.993920475,0.993809451,0.993816913,0.096411182,0.999888297,0.999895804,0.097000902,10,gaussian
312,8,0,0.998507033,0.998251941,0.998306259,0.02605384,0.999744527,0.999798927,0.026092795,10,gaussian
312,9,0,0.99746975,0.997095426,0.99704175,0.054437438,0.999624727,0.999570915,0.054575528,10,gaussian
312,10,1,0.961046628,0.012675691,0.000523319,0.00042192,0.013189465,0.000544531,0.000439021,10,gaussian
312,11,1,0.960734929,0.009827224,0.00050445,0.000432233,0.010228861,0.000525067,0.000449898,10,gaussian
312,12,1,0.962164309,0.015319462,0.000690893,0.000554849,0.015921878,0.000718062,0.000576668,10,gaussian
312,13,1,0.961210345,0.013358383,0.000696212,0.000588913,0.01389746,0.000724308,0.000612679,10,gaussian
312,14,1,0.962005841,0.013112976,0.000723177,0.000595397,0.01363087,0.000751738,0.000618912,10,gaussian
313,0,0,0.995141756,0.995117814,0.995124135,0.042685122,0.999975941,0.999982292,0.042893509,10,gaussian
313,1,1,0.960783332,0.011687623,0.000463075,0.000432888,0.012164681,0.000481976,0.000450558,10,gaussian
313,2,1,0.960619641,0.014653588,0.000622103,0.000588629,0.015254308,0.000647606,0.000612759,10,gaussian
313,3,1,0.961713035,0.011779586,0.000470637,0.000412845,0.012248546,0.000489374,0.000429281,10,gaussian
313,4,1,0.961558736,0.015872398,0.000662287,0.000612929,0.016506946,0.000688764,0.000637433,10,gaussian
313,5,1,0.960454657,0.014710732,0.00065002,0.000594481,0.015316426,0.000676783,0.000618958,10,gaussian
313,6,0,0.995855436,0.995829908,0.99582878,0.07451067,0.999974366,0.999973233,0.074820769,10,gaussian
313,7,0,0.995417595,0.995411411,0.99541165,0.01779618,0.999993787,0.999994027,0.017878105,10,gaussian
313,8,0,0.998728899,0.998596006,0.998598274,0.038617285,0.999866938,0.999869209,0.038666434,10,gaussian
313,9,0,0.996859892,0.996847808,0.996847859,0.035002956,0.999987878,0.999987929,0.035113215,10,gaussian
313,10,0,0.995917558,0.995899863,0.995900525,0.028917248,0.999982233,0.999982897,0.029035785,10,gaussian
313,11,0,0.99673485,0.996659223,0.996672673,0.240882637,0.999924125,0.999937619,0.241671731,10,gaussian
313,12,0,0.985899559,0.985880021,0.985883742,0.624418272,0.999980182,0.999983957,0.633348769,10,gaussian
313,13,0,0.994644362,0.994599422,0.994600601,0.027548175,0.999954818,0.999956003,0.027696507,10,gaussian
313,14,0,0.995268911,0.995258696,0.995257407,0.054917527,0.999989737,0.999988441,0.055178581,10,gaussian
314,0,0,0.999697067,0.999679669,0.999680667,0.018986809,0.999982596,0.999983595,0.018992562,10,gaussian
314,1,0,0.998838819,0.998730282,0.998736455,0.011405789,0.999891337,0.999897517,0.011419048,10,gaussian
314,2,1,0.959707268,0.012500713,0.000480082,0.00046856,0.013025548,0.000500238,0.000488233,10,gaussian
314,3,1,0.960916796,0.012783321,0.000449741,0.000434382,0.013303255,0.000468033,0.00045205,10,gaussian
314,4,1,0.961430509,0.015114922,0.00062041,0.000601787,0.015721284,0.000645299,0.000625929,10,gaussian
314,5,1,0.961336356,0.013503139,0.000619005,0.000595278,0.014046217,0.000643901,0.00061922,10,gaussian
314,6,1,0.960125442,0.014709668,0.000669075,0.000660274,0.015320568,0.000696862,0.000687696,10,gaussian
314,7,0,0.991406608,0.991388019,0.991386776,0.455952406,0.99998125,0.999979996,0.459904546,10,gaussian
314,8,0,0.99698432,0.996972151,0.996972634,0.021742964,0.999987794,0.999988279,0.021808732,10,gaussian
314,9,0,0.995491573,0.995477814,0.995477794,0.039791317,0.999986178,0.999986158,0.039971526,10,gaussian
314,10,0,0.994730618,0.994680321,0.994685732,0.02925291,0.999949436,0.999954876,0.029407871,10,gaussian
314,11,0,0.996764558,0.996721786,0.996719536,0.028378343,0.99995709,0.999954832,0.028470457,10,gaussian
314,12,0,0.995565607,0.995544223,0.995541238,0.047893339,0.99997852,0.999975522,0.048106663,10,gaussian
314,13,0,0.994353849,0.994330477,0.994327917,0.038926809,0.999976495,0.99997392,0.039147844,10,gaussian
314,14,0,0.996763973,0.996718496,0.996715561,0.027757401,0.999954376,0.999951431,0.027847516,10,gaussian
315,0,0,0.990900623,0.990880517,0.990881077,0.149377325,0.99997971,0.999980275,0.150749047,10,gaussian
315,1,0,1.000240396,1.000205517,1.000201973,0.013064025,0.999965129,0.999961586,0.013060885,10,gaussian
315,2,0,0.995450957,0.995427729,0.995427897,0.079183431,0.999976665,0.999976835,0.079545286,10,gaussian
315,3,0,1.000889547,1.000863482,1.00086385,0.019407179,0.999973957,0.999974325,0.019389931,10,gaussian
315,4,0,1.001052441,1.0008399,1.000852212,0.023378061,0.999787683,0.999799981,0.023353482,10,gaussian
315,5,0,0.997808023,0.997730587,0.9977311,0.012820116,0.999922394,0.999922908,0.012848279,10,gaussian
315,6,0,0.997163487,0.997139866,0.997140526,0.021539507,0.999976312,0.999976974,0.021600778,10,gaussian
315,7,0,1.001537637,1.001484153,1.001486218,0.023616868,0.999946598,0.999948659,0.023580609,10,gaussian
315,8,0,0.992397088,0.992213222,0.992268466,0.40095323,0.999814726,0.999870392,0.404024996,10,gaussian
315,9,1,0.961569186,0.011668412,0.000598831,0.000441683,0.012134761,0.000622765,0.000459335,10,gaussian
315,10,1,0.960534901,0.017177557,0.000867937,0.000625491,0.017883324,0.000903597,0.00065119,10,gaussian
315,11,1,0.961729545,0.019284735,0.000995447,0.00066342,0.02005214,0.001035059,0.00068982,10,gaussian
315,12,1,0.960285852,0.016213284,0.001007386,0.000662331,0.016883811,0.001049048,0.000689723,10,gaussian
315,13,1,0.959720823,0.015695894,0.00079993,0.000491265,0.016354646,0.000833503,0.000511883,10,gaussian
315,14,0,0.994352662,0.992155135,0.99218586,0.039649709,0.997789993,0.997820892,0.039874896,10,gaussian
316,0,0,0.997546103,0.997531141,0.99752961,0.018172007,0.999985001,0.999983466,0.018216709,10,gaussian
316,1,0,0.991031818,0.991007248,0.991008754,0.089969942,0.999975208,0.999976727,0.09078411,10,gaussian
316,2,0,0.993025208,0.993002033,0.993004217,0.10366179,0.999976662,0.999978862,0.104389888,10,gaussian
316,3,0,0.994018928,0.994001603,0.993995787,0.047631351,0.99998257,0.99997672,0.047917952,10,gaussian
316,4,0,0.995225787,0.995173957,0.995175729,0.123003359,0.999947921,0.999949702,0.12359342,10,gaussian
316,5,0,0.996340944,0.996296309,0.996286781,0.019044233,0.999955201,0.999945639,0.019114173,10,gaussian
316,6,0,0.991906032,0.991594728,0.99161081,0.033840647,0.999686156,0.99970237,0.034116788,10,gaussian
316,7,0,0.988674534,0.988397791,0.988412311,0.100093249,0.999720088,0.999734774,0.101239838,10,gaussian
316,8,0,0.996634601,0.996435876,0.99645842,0.057259753,0.999800604,0.999823225,0.057453106,10,gaussian
316,9,1,0.960700283,0.010125053,0.000507475,0.000426917,0.010539242,0.000528234,0.000444381,10,gaussian
316,10,1,0.961792253,0.012073178,0.000655838,0.000548825,0.012552792,0.000681891,0.000570627,10,gaussian
316,11,1,0.96028778,0.014684252,0.000733612,0.000618073,0.015291512,0.000763951,0.000643633,10,gaussian
316,12,1,0.960967144,0.013133139,0.000544182,0.000425589,0.013666585,0.000566286,0.000442875,10,gaussian
316,13,1,0.960654,0.014123487,0.000706448,0.000580506,0.01470195,0.000735382,0.000604282,10,gaussian
316,14,0,0.994771413,0.994003713,0.9939878,0.052818763,0.999228265,0.999212268,0.053096382,10,gaussian
317,0,0,0.997699247,0.997679934,0.997680277,0.015178378,0.999980643,0.999980987,0.01521338,10,gaussian
317,1,0,0.994078626,0.994059989,0.994059332,0.072890057,0.999981252,0.999980592,0.073324238,10,gaussian
317,2,0,0.995509857,0.995492284,0.995494673,0.047156557,0.999982348,0.999984748,0.047369252,10,gaussian
317,3,0,0.995886095,0.995857247,0.995856579,0.015929566,0.999971033,0.999970362,0.01599537,10,gaussian
317,4,0,0.995296921,0.995194582,0.995195654,0.020402431,0.999897178,0.999898254,0.020498838,10,gaussian
317,5,0,0.993690407,0.993608898,0.993606353,0.169074582,0.999917974,0.999915412,0.170148148,10,gaussian
317,6,0,0.990866221,0.990667031,0.990726009,0.055672451,0.999798974,0.999858496,0.056185638,10,gaussian
317,7,0,0.997501023,0.997425816,0.997427268,0.030657406,0.999924605,0.999926061,0.03073421,10,gaussian
317,8,0,0.992969331,0.992839592,0.992845513,0.272599701,0.999869342,0.999875305,0.274529829,10,gaussian
317,9,1,0.961148174,0.012359665,0.000806157,0.000487529,0.012859271,0.000838743,0.000507236,10,gaussian
317,10,1,0.961566881,0.018490322,0.001304384,0.000670467,0.019229367,0.001356519,0.000697265,10,gaussian
317,11,1,0.961247147,0.018549791,0.001929635,0.00073902,0.019297629,0.002007428,0.000768813,10,gaussian
317,12,1,0.9632072,0.01881332,0.003268989,0.000690734,0.019531955,0.003393858,0.000717119,10,gaussian
317,13,1,0.96088168,0.022836265,0.010430212,0.000835509,0.023765949,0.010854835,0.000869524,10,gaussian
317,14,0,0.988108595,0.956440303,0.953865531,0.07767932,0.967950596,0.965344837,0.078614153,10,gaussian
318,0,0,0.995753066,0.99573406,0.99573461,0.012220841,0.999980913,0.999981466,0.012272963,10,gaussian
318,1,0,0.995518931,0.995504463,0.995501915,0.035102453,0.999985466,0.999982907,0.035260458,10,gaussian
318,2,0,0.996770957,0.996742086,0.996743521,0.01206904,0.999971036,0.999972476,0.012108137,10,gaussian
318,3,0,0.995112387,0.995083985,0.995083005,0.046732643,0.999971459,0.999970473,0.046962176,10,gaussian
318,4,0,0.992717092,0.99263401,0.992647258,0.16002843,0.999916309,0.999929655,0.161202453,10,gaussian
318,5,0,0.995344117,0.995254594,0.995247257,0.018647212,0.999910058,0.999902687,0.018734437,10,gaussian
318,6,0,0.995696154,0.995198157,0.995225441,0.109299206,0.999499851,0.999527253,0.109771647,10,gaussian
318,7,0,0.996721445,0.996504417,0.9965066,0.011514154,0.999782258,0.999784449,0.011552028,10,gaussian
318,8,0,0.994519222,0.994309615,0.99430967,0.124159784,0.999789238,0.999789294,0.124844027,10,gaussian
318,9,1,0.961341122,0.011341415,0.000614137,0.000434614,0.011797493,0.000638834,0.000452091,10,gaussian
318,10,1,0.961673833,0.015250491,0.000888053,0.000584849,0.015858278,0.000923446,0.000608157,10,gaussian
318,11,1,0.960423594,0.016403194,0.001090321,0.000653521,0.017079125,0.001135251,0.00068045,10,gaussian
318,12,1,0.961270293,0.016709879,0.001384724,0.000638993,0.017383122,0.001440514,0.000664738,10,gaussian
318,13,1,0.960004897,0.015575102,0.001787473,0.000501294,0.016223982,0.001861941,0.000522178,10,gaussian
318,14,0,0.993666897,0.992582447,0.992372058,0.026870323,0.998908639,0.998696909,0.02704158,10,gaussian
319,0,0,0.99694865,0.996926542,0.9969256,0.024311083,0.999977825,0.999976879,0.024385492,10,gaussian
319,1,0,0.995621553,0.995564065,0.99555101,0.034868913,0.999942258,0.999929146,0.035022256,10,gaussian
319,2,0,0.990118841,0.990100757,0.990102632,0.221299459,0.999981736,0.99998363,0.223507977,10,gaussian
319,3,0,0.995261104,0.995235593,0.995236627,0.025190489,0.999974367,0.999975406,0.025310433,10,gaussian
319,4,0,0.994470617,0.994457942,0.994456017,0.053022765,0.999987255,0.999985319,0.053317578,10,gaussian
319,5,0,0.997668063,0.997652442,0.997650135,0.00825394,0.999984342,0.99998203,0.008273233,10,gaussian
319,6,0,0.996960106,0.996925448,0.99692638,0.012146361,0.999965237,0.999966171,0.012183398,10,gaussian
319,7,0,0.995009461,0.994901608,0.994909631,0.135517805,0.999891606,0.999899669,0.136197504,10,gaussian
319,8,0,0.99726174,0.996945132,0.996980277,0.019190439,0.999682523,0.999717764,0.019243131,10,gaussian
319,9,0,0.998300807,0.996837189,0.996968368,0.060971115,0.99853389,0.998665293,0.061074893,10,gaussian
319,10,1,0.961727383,0.012863157,0.000510622,0.000469506,0.013375055,0.000530943,0.000488191,10,gaussian
319,11,1,0.960779245,0.015799487,0.000702443,0.000661921,0.016444451,0.000731118,0.000688942,10,gaussian
319,12,1,0.96113715,0.012558346,0.000531555,0.000493403,0.013066133,0.000553049,0.000513354,10,gaussian
319,13,1,0.960641291,0.017440079,0.000752474,0.00071789,0.018154622,0.000783304,0.000747303,10,gaussian
319,14,1,0.959860364,0.01680458,0.000740838,0.000716181,0.017507318,0.000771818,0.000746131,10,gaussian
320,0,0,0.998581271,0.998550361,0.998547341,0.020058061,0.999969046,0.999966021,0.020086558,10,gaussian
320,1,0,0.991578792,0.991562943,0.991560469,0.109449244,0.999984017,0.999981522,0.110378766,10,gaussian
320,2,0,0.990804402,0.990748604,0.990762301,0.362921192,0.999943684,0.999957508,0.366289443,10,gaussian
320,3,0,0.994954577,0.994908718,0.994902598,0.075682094,0.999953908,0.999947757,0.076065879,10,gaussian
320,4,0,0.997315854,0.997274395,0.997279761,0.016174823,0.999958429,0.99996381,0.016218355,10,gaussian
320,5,0,0.996837625,0.996806196,0.996807237,0.030073677,0.999968471,0.999969515,0.030169083,10,gaussian
320,6,0,0.995011407,0.994968277,0.994970375,0.061489572,0.999956654,0.999958762,0.061797857,10,gaussian
320,7,0,0.991682175,0.991588057,0.991598249,0.177405307,0.999905092,0.99991537,0.17889331,10,gaussian
320,8,0,0.996017473,0.995546189,0.995507044,0.020079966,0.999526832,0.99948753,0.020160254,10,gaussian
320,9,1,0.961623053,0.013505849,0.000549979,0.000483646,0.014044847,0.000571928,0.000502948,10,gaussian
320,10,1,0.96113771,0.014961704,0.000781173,0.000693173,0.01556666,0.000812759,0.000721201,10,gaussian
320,11,1,0.960610662,0.019471441,0.000831332,0.00073873,0.020269857,0.000865421,0.000769021,10,gaussian
320,12,1,0.961493582,0.01177777,0.000577943,0.000480882,0.012249453,0.000601089,0.000500141,10,gaussian
320,13,1,0.961963558,0.014662359,0.000745544,0.000641994,0.015242115,0.000775023,0.000667379,10,gaussian
320,14,0,0.996381477,0.993099372,0.993742065,0.029412492,0.996705975,0.997351002,0.029519309,10,gaussian
321,0,0,0.996793697,0.996770749,0.996771149,0.023210438,0.999976978,0.99997738,0.023285097,10,gaussian
321,1,0,0.995134045,0.995123423,0.995120717,0.063959043,0.999989326,0.999986607,0.064271787,10,gaussian
321,2,0,0.998027116,0.99799694,0.998000655,0.020691103,0.999969765,0.999973486,0.020732005,10,gaussian
321,3,0,0.996160315,0.996140993,0.996140652,0.126414215,0.999980604,0.999980262,0.126901476,10,gaussian
321,4,0,0.994854756,0.994828435,0.994830631,0.019755252,0.999973544,0.99997575,0.019857423,10,gaussian
321,5,0,0.996016856,0.995989847,0.995987968,0.02058485,0.999972883,0.999970996,0.020667171,10,gaussian
321,6,0,0.99379931,0.993755613,0.993755359,0.036654568,0.99995603,0.999955775,0.036883269,10,gaussian
321,7,0,0.994907659,0.994666536,0.994682372,0.090652323,0.999757643,0.99977356,0.091116318,10,gaussian
321,8,0,0.996043294,0.995948472,0.995949306,0.03478984,0.999904801,0.999905638,0.03492804,10,gaussian
321,9,0,0.996938138,0.996807617,0.996776221,0.072145056,0.999869078,0.999837585,0.072366632,10,gaussian
321,10,1,0.960111828,0.011210679,0.000511235,0.000480052,0.01167643,0.000532474,0.000499996,10,gaussian
321,11,1,0.961005774,0.008751685,0.000500813,0.000465905,0.009106797,0.000521135,0.00048481,10,gaussian
321,12,1,0.961089416,0.013002094,0.00066245,0.000623146,0.013528496,0.00068927,0.000648374,10,gaussian
321,13,1,0.960290477,0.015218843,0.000701746,0.000661913,0.015848166,0.000730764,0.000689284,10,gaussian
321,14,1,0.962049224,0.016008219,0.000704649,0.000648421,0.016639708,0.000732446,0.000674,10,gaussian
322,0,0,0.996219065,0.996195432,0.996199532,0.049454905,0.999976277,0.999980393,0.049642601,10,gaussian
322,1,0,0.996030183,0.996007491,0.996013181,0.029942945,0.999977218,0.99998293,0.030062287,10,gaussian
322,2,0,0.993848285,0.993825161,0.993826332,0.411653195,0.999976734,0.999977912,0.414201243,10,gaussian
322,3,0,0.997766894,0.997755251,0.997755659,0.01018437,0.999988331,0.99998874,0.010207163,10,gaussian
322,4,0,0.996871378,0.996854144,0.996853397,0.011263074,0.999982712,0.999981963,0.011298422,10,gaussian
322,5,0,0.99203392,0.991892969,0.991901364,0.345921115,0.999857917,0.99986638,0.348698878,10,gaussian
322,6,0,0.997876974,0.997774505,0.997780213,0.021578669,0.999897312,0.999903033,0.021624579,10,gaussian
322,7,0,0.998157073,0.99804051,0.998021476,0.013594725,0.999883222,0.999864152,0.013619825,10,gaussian
322,8,1,0.960363111,0.010663568,0.00049889,0.000415179,0.011103683,0.00051948,0.000432315,10,gaussian
322,9,1,0.96249391,0.014632461,0.000650397,0.000528655,0.015202653,0.000675741,0.000549256,10,gaussian
322,10,1,0.959373807,0.014819885,0.000711345,0.00060982,0.015447456,0.000741468,0.000635644,10,gaussian
322,11,1,0.960500497,0.014461848,0.000696257,0.000566841,0.015056575,0.000724889,0.000590152,10,gaussian
322,12,1,0.96093626,0.009881145,0.000539411,0.000416855,0.010282831,0.000561339,0.0004338,10,gaussian
322,13,0,0.993812621,0.993373119,0.993447393,0.092996882,0.999557763,0.999632498,0.093575872,10,gaussian
322,14,0,0.992223238,0.991272319,0.991475868,0.065912057,0.999041627,0.999246772,0.066428657,10,gaussian
323,0,0,0.995197261,0.995155317,0.99514923,0.04875766,0.999957853,0.999951737,0.048992961,10,gaussian
323,1,0,0.992009936,0.991988843,0.991984373,0.191208647,0.999978738,0.999974231,0.192748722,10,gaussian
323,2,0,0.993127691,0.993095389,0.993097064,0.083197266,0.999967474,0.999969161,0.08377298,10,gaussian
323,3,0,0.997579636,0.997566133,0.997563959,0.009266443,0.999986464,0.999984284,0.009288926,10,gaussian
323,4,0,0.993908155,0.99387564,0.993879197,0.078771604,0.999967285,0.999970864,0.07925441,10,gaussian
323,5,0,0.996365864,0.99634729,0.996348928,0.048930503,0.999981358,0.999983002,0.049108971,10,gaussian
323,6,0,0.996187262,0.996137133,0.996136072,0.019806459,0.999949679,0.999948614,0.019882265,10,gaussian
323,7,0,0.996526914,0.996497043,0.996494489,0.019208951,0.999970025,0.999967462,0.019275898,10,gaussian
323,8,0,0.992226666,0.991977247,0.991970329,0.07658823,0.999748627,0.999741654,0.077188239,10,gaussian
323,9,0,0.992189428,0.992127523,0.992107328,0.187621572,0.999937608,0.999917254,0.18909854,10,gaussian
323,10,1,0.959812294,0.013941829,0.000652276,0.000508072,0.014525579,0.000679587,0.000529346,10,gaussian
323,11,1,0.960971618,0.011764606,0.000666995,0.000485272,0.012242408,0.000694084,0.000504981,10,gaussian
323,12,1,0.960280937,0.018626839,0.000903221,0.000710616,0.019397281,0.00094058,0.000740008,10,gaussian
323,13,1,0.960790192,0.014390736,0.000869276,0.000671755,0.014978022,0.000904751,0.000699169,10,gaussian
323,14,1,0.959818107,0.017202646,0.000926352,0.000739712,0.017922818,0.000965133,0.000770679,10,gaussian
324,0,0,0.997636424,0.997617205,0.997618812,0.021680428,0.999980735,0.999982346,0.021731793,10,gaussian
324,1,0,0.992251218,0.992225436,0.992225803,0.151122463,0.999974016,0.999974386,0.152302622,10,gaussian
324,2,0,0.995373528,0.995340492,0.995343235,0.035113071,0.999966811,0.999969566,0.035276276,10,gaussian
324,3,0,0.991440723,0.991410823,0.991415628,0.192676586,0.999969842,0.999974688,0.194339996,10,gaussian
324,4,0,0.995089175,0.995054802,0.995055242,0.038039849,0.999965458,0.9999659,0.038227578,10,gaussian
324,5,0,0.992920738,0.992906357,0.992906657,0.137113029,0.999985516,0.999985819,0.138090609,10,gaussian
324,6,0,0.998563019,0.99846459,0.998460548,0.031021131,0.999901429,0.999897382,0.031065772,10,gaussian
324,7,0,0.994034149,0.993665329,0.993628913,0.088782786,0.999628967,0.999592333,0.08931563,10,gaussian
324,8,0,0.995531714,0.99512967,0.99514839,0.044771933,0.999596151,0.999614955,0.044972885,10,gaussian
324,9,1,0.95988951,0.010305684,0.000580151,0.000409813,0.010736324,0.000604394,0.000426938,10,gaussian
324,10,1,0.961063917,0.010101564,0.000520722,0.000383806,0.010510814,0.000541818,0.000399355,10,gaussian
324,11,1,0.96103845,0.012898695,0.000754179,0.000536931,0.013421623,0.000784755,0.000558698,10,gaussian
324,12,1,0.961881229,0.012991663,0.000773106,0.000547828,0.013506515,0.000803743,0.000569538,10,gaussian
324,13,1,0.961279219,0.016216012,0.000746642,0.000541601,0.016869201,0.000776717,0.000563417,10,gaussian
324,14,0,0.993564583,0.993326253,0.993293683,0.139179107,0.999760127,0.999727345,0.140080584,10,gaussian
325,0,0,0.991579592,0.991559945,0.991563551,0.2638837,0.999980186,0.999983822,0.266124577,10,gaussian
325,1,0,0.994733022,0.994719301,0.994720231,0.172879213,0.999986206,0.999987141,0.173794585,10,gaussian
325,2,0,0.997088337,0.997065644,0.997068774,0.060617509,0.999977241,0.99998038,0.060794523,10,gaussian
325,3,0,0.999976221,0.999947627,0.999953675,0.092649324,0.999971405,0.999977453,0.092651527,10,gaussian
325,4,0,0.99863627,0.998605349,0.998608646,0.021979389,0.999969036,0.999972338,0.022009404,10,gaussian
325,5,0,0.992894067,0.99282493,0.992830457,0.045546161,0.999930368,0.999935935,0.045872125,10,gaussian
325,6,0,0.994945651,0.994895731,0.994877089,0.025406812,0.999949827,0.99993109,0.025535879,10,gaussian
325,7,0,0.99408181,0.993622219,0.993734501,0.165463658,0.999537672,0.999650623,0.166448733,10,gaussian
325,8,0,0.995246699,0.993646278,0.993705205,0.11185859,0.998391936,0.998451144,0.112392827,10,gaussian
325,9,1,0.960077085,0.0127502,0.000596651,0.000443407,0.013280391,0.000621462,0.000461846,10,gaussian
325,10,1,0.961946847,0.013229036,0.00080706,0.000584481,0.013752357,0.000838986,0.000607603,10,gaussian
325,11,1,0.960806287,0.010962725,0.000667772,0.000421745,0.011409922,0.000695012,0.000438949,10,gaussian
325,12,1,0.960997855,0.015689227,0.000841198,0.000611603,0.016325976,0.000875339,0.000636425,10,gaussian
325,13,1,0.960505968,0.016568313,0.000842048,0.000580822,0.017249568,0.000876671,0.000604704,10,gaussian
325,14,0,0.995767462,0.994753178,0.994854716,0.038225395,0.998981404,0.999083374,0.038387873,10,gaussian
326,0,0,0.994675648,0.99465494,0.99465739,0.028785679,0.999979181,0.999981644,0.028939765,10,gaussian
326,1,0,0.995008611,0.994990015,0.994990823,0.010728672,0.99998131,0.999982123,0.010782491,10,gaussian
326,2,0,0.999146023,0.999138986,0.99913926,0.028434061,0.999992957,0.999993232,0.028458364,10,gaussian
326,3,0,0.994370571,0.994348161,0.994345569,0.045167575,0.999977463,0.999974857,0.045423282,10,gaussian
326,4,0,0.998398059,0.998370858,0.99836498,0.031165328,0.999972756,0.999966868,0.031215334,10,gaussian
326,5,0,0.99662528,0.996604946,0.996604179,0.012008615,0.999979597,0.999978827,0.012049278,10,gaussian
326,6,0,0.996626242,0.996605017,0.996603716,0.019169854,0.999978703,0.999977398,0.019234747,10,gaussian
326,7,0,0.990748742,0.990721957,0.990717499,0.070406708,0.999972965,0.999968466,0.071064141,10,gaussian
326,8,0,0.994429337,0.994375119,0.994372893,0.090967163,0.999945479,0.99994324,0.091476749,10,gaussian
326,9,0,0.998681882,0.998493212,0.998489419,0.056868304,0.999811081,0.999807283,0.056943362,10,gaussian
326,10,1,0.960923726,0.008094168,0.000433687,0.000402741,0.00842332,0.000451323,0.000419119,10,gaussian
326,11,1,0.961416761,0.009404846,0.000438762,0.000390167,0.009782278,0.00045637,0.000405825,10,gaussian
326,12,1,0.961107841,0.01252548,0.000585675,0.000550422,0.013032336,0.000609375,0.000572696,10,gaussian
326,13,1,0.961384378,0.014495971,0.000580751,0.000529306,0.015078226,0.000604078,0.000550566,10,gaussian
326,14,1,0.95999084,0.013089993,0.00060765,0.000581104,0.013635539,0.000632975,0.000605323,10,gaussian
327,0,0,0.998974979,0.998956218,0.998954048,0.020368295,0.999981219,0.999979047,0.020389194,10,gaussian
327,1,0,0.993686803,0.993649196,0.993657746,0.050692691,0.999962154,0.999970759,0.051014757,10,gaussian
327,2,0,0.99274734,0.992727045,0.992728051,0.165247188,0.999979556,0.99998057,0.166454425,10,gaussian
327,3,0,0.995919013,0.9958986,0.995897439,0.027104408,0.999979504,0.999978337,0.027215474,10,gaussian
327,4,0,0.998865446,0.998851966,0.998853701,0.011518339,0.999986505,0.999988242,0.011531422,10,gaussian
327,5,0,0.993900253,0.993889953,0.993888717,0.167363027,0.999989637,0.999988393,0.168390165,10,gaussian
327,6,0,0.99594612,0.99590595,0.995904618,0.028566171,0.999959666,0.999958328,0.028682446,10,gaussian
327,7,0,0.995708407,0.99555985,0.995558341,0.029239323,0.999850803,0.999849287,0.029365347,10,gaussian
327,8,0,0.994685653,0.994324431,0.994342522,0.092604266,0.999636848,0.999655035,0.093099027,10,gaussian
327,9,1,0.96117579,0.009472136,0.000677888,0.000428323,0.009854739,0.00070527,0.000445624,10,gaussian
327,10,1,0.960833927,0.013969914,0.001056914,0.000595599,0.014539363,0.001099997,0.000619877,10,gaussian
327,11,1,0.962231723,0.018454267,0.00134157,0.000602496,0.01917861,0.001394228,0.000626144,10,gaussian
327,12,1,0.960044633,0.016289656,0.001807588,0.000590822,0.016967603,0.001882817,0.000615411,10,gaussian
327,13,1,0.961351103,0.016629938,0.002481151,0.000419114,0.017298506,0.0025809,0.000435963,10,gaussian
327,14,0,0.992143285,0.991362095,0.991214468,0.083961064,0.999212624,0.999063829,0.084625946,10,gaussian
328,0,0,0.996375576,0.996355135,0.996354185,0.027536062,0.999979485,0.999978531,0.027636227,10,gaussian
328,1,0,0.994400441,0.994380776,0.994371825,0.044131038,0.999980224,0.999971223,0.044379544,10,gaussian
328,2,0,0.998337733,0.998318393,0.998317112,0.021775881,0.999980628,0.999979344,0.021812138,10,gaussian
328,3,0,0.994078907,0.993959132,0.993958067,0.216746466,0.999879512,0.999878441,0.218037486,10,gaussian
328,4,0,0.992308629,0.992250546,0.992251411,0.194378383,0.999941467,0.999942339,0.195885008,10,gaussian
328,5,0,0.995642393,0.995616961,0.995611019,0.024792431,0.999974457,0.999968489,0.024900939,10,gaussian
328,6,0,0.998126518,0.997991483,0.997982224,0.007487349,0.999864711,0.999855435,0.007501402,10,gaussian
328,7,0,0.997858535,0.997594027,0.997607001,0.011114403,0.999734925,0.999747926,0.011138255,10,gaussian
328,8,0,0.993182799,0.992319615,0.992517399,0.03506231,0.999130891,0.999330033,0.035302977,10,gaussian
328,9,0,0.989547054,0.988830493,0.988812794,0.529064922,0.99927587,0.999257984,0.534653628,10,gaussian
328,10,1,0.961170856,0.011604976,0.000981374,0.000574817,0.012073791,0.001021019,0.000598038,10,gaussian
328,11,1,0.960760568,0.009899267,0.000852287,0.000474178,0.010303574,0.000887096,0.000493544,10,gaussian
328,12,1,0.960245737,0.016034501,0.001280261,0.000783033,0.016698331,0.001333264,0.000815451,10,gaussian
328,13,1,0.960960386,0.015769519,0.001171949,0.000714455,0.016410165,0.00121956,0.000743481,10,gaussian
328,14,1,0.959546887,0.013044934,0.001262176,0.00080476,0.01359489,0.001315387,0.000838687,10,gaussian
329,0,0,0.997270329,0.997253719,0.997252668,0.018072616,0.999983344,0.999982291,0.018122084,10,gaussian
329,1,0,0.99610804,0.996083244,0.996085429,0.026369717,0.999975108,0.999977301,0.026472748,10,gaussian
329,2,0,0.995046317,0.99503163,0.995034499,0.030472937,0.999985239,0.999988123,0.030624642,10,gaussian
329,3,0,0.995935137,0.995925467,0.995925945,0.052020498,0.999990291,0.999990771,0.052232817,10,gaussian
329,4,0,0.999310533,0.999296386,0.999293416,0.04122205,0.999985843,0.999982872,0.041250491,10,gaussian
329,5,0,0.99520272,0.995171269,0.995175177,0.064391353,0.999968397,0.999972324,0.064701746,10,gaussian
329,6,0,0.999941897,0.999917103,0.999909596,0.006060636,0.999975205,0.999967698,0.006060988,10,gaussian
329,7,0,0.997047394,0.996951178,0.99696019,0.018239461,0.999903499,0.999912537,0.018293474,10,gaussian
329,8,0,0.996250462,0.996084459,0.996057907,0.019055238,0.999833373,0.999806721,0.019126955,10,gaussian
329,9,0,0.998644221,0.998108335,0.99795762,0.027164035,0.999463386,0.999312468,0.027200913,10,gaussian
329,10,1,0.960788487,0.011772248,0.000498912,0.00045577,0.012252695,0.000519274,0.000474371,10,gaussian
329,11,1,0.961631981,0.015247955,0.000658337,0.000607801,0.015856331,0.000684604,0.000632052,10,gaussian
329,12,1,0.960984619,0.016775224,0.000659302,0.000624408,0.017456287,0.000686069,0.000649758,10,gaussian
329,13,1,0.961372251,0.015321923,0.000617354,0.000596981,0.015937555,0.000642159,0.000620968,10,gaussian
329,14,1,0.960835798,0.010382761,0.000448975,0.000434269,0.010805968,0.000467276,0.00045197,10,gaussian
330,0,1,0.960547969,0.013220593,0.000457472,0.000429095,0.013763595,0.000476262,0.000446719,10,gaussian
330,1,1,0.961232446,0.016497132,0.000640671,0.000589097,0.017162479,0.00066651,0.000612856,10,gaussian
330,2,1,0.961144938,0.016599017,0.000672332,0.000631122,0.017270045,0.000699512,0.000656635,10,gaussian
330,3,1,0.960550025,0.017684018,0.000645484,0.000609086,0.018410304,0.000671994,0.000634101,10,gaussian
330,4,1,0.959882592,0.011277169,0.000464814,0.000441944,0.011748488,0.00048424,0.000460415,10,gaussian
330,5,0,0.996420457,0.995711969,0.995833877,0.020685422,0.999288966,0.999411312,0.020759732,10,gaussian
330,6,0,0.997737957,0.997704011,0.997715631,0.10044187,0.999965977,0.999977623,0.100669589,10,gaussian
330,7,0,0.998367456,0.998340309,0.998336026,0.023313068,0.999972809,0.999968519,0.023351189,10,gaussian
330,8,0,0.99486286,0.994834958,0.994837417,0.022922255,0.999971954,0.999974425,0.023040618,10,gaussian
330,9,0,0.990073905,0.990036409,0.990044374,0.262769244,0.999962128,0.999970173,0.265403666,10,gaussian
330,10,0,0.996678518,0.996634508,0.996641677,0.017803948,0.999955844,0.999963037,0.017863281,10,gaussian
330,11,0,0.993298039,0.993276533,0.993280063,0.032686936,0.999978348,0.999981902,0.032907481,10,gaussian
330,12,0,0.999567153,0.999549646,0.9995498,0.037120889,0.999982486,0.99998264,0.037136964,10,gaussian
330,13,0,0.995342142,0.995323396,0.995320718,0.069064692,0.999981166,0.999978475,0.069387891,10,gaussian
330,14,0,0.993239762,0.993214936,0.993211942,0.090386828,0.999975004,0.99997199,0.091002023,10,gaussian
331,0,0,0.996251015,0.996232921,0.996231798,0.01924123,0.999981838,0.999980711,0.019313637,10,gaussian
331,1,0,0.994736483,0.994728598,0.994727129,0.142508473,0.999992073,0.999990596,0.143262538,10,gaussian
331,2,0,0.996090365,0.996074847,0.996074957,0.021784784,0.999984422,0.999984532,0.021870288,10,gaussian
331,3,0,0.995244489,0.995231205,0.995233359,0.028815701,0.999986652,0.999988817,0.028953389,10,gaussian
331,4,0,0.993282384,0.993214054,0.993220803,0.026927664,0.999931208,0.999938003,0.027109777,10,gaussian
331,5,0,0.997986355,0.997962267,0.997961461,0.013013688,0.999975863,0.999975056,0.013039946,10,gaussian
331,6,0,0.994771247,0.994743294,0.994743828,0.123559427,0.9999719,0.999972437,0.124208885,10,gaussian
331,7,0,0.994470118,0.994445741,0.994443153,0.085909211,0.999975488,0.999972885,0.086386921,10,gaussian
331,8,0,0.998208388,0.99812751,0.998119596,0.017177936,0.999918977,0.999911049,0.017208767,10,gaussian
331,9,0,0.997905506,0.996992956,0.99689213,0.029269404,0.999085534,0.998984496,0.029330837,10,gaussian
331,10,1,0.960647401,0.010408321,0.000495287,0.000438443,0.010834694,0.000515577,0.000456404,10,gaussian
331,11,1,0.961209177,0.013551321,0.000669488,0.000580224,0.014098202,0.000696506,0.00060364,10,gaussian
331,12,1,0.960611895,0.015266578,0.000761942,0.000632402,0.015892555,0.000793184,0.000658332,10,gaussian
331,13,1,0.960821734,0.009905153,0.000584715,0.000427857,0.010309043,0.000608557,0.000445303,10,gaussian
331,14,1,0.961405588,0.013869818,0.000749226,0.000582542,0.014426604,0.000779303,0.000605928,10,gaussian
332,0,0,0.996299129,0.99628298,0.996280643,0.020530386,0.99998379,0.999981445,0.020606649,10,gaussian
332,1,0,0.993880365,0.993852785,0.993847295,0.029416352,0.99997225,0.999966727,0.029597478,10,gaussian
332,2,0,0.995875088,0.995865166,0.995865285,0.019491825,0.999990037,0.999990157,0.01957256,10,gaussian
332,3,0,1.000839227,1.00083144,1.000829312,0.008314897,0.99999222,0.999990094,0.008307925,10,gaussian
332,4,0,0.99588201,0.995867305,0.995868083,0.030145314,0.999985233,0.999986015,0.030269966,10,gaussian
332,5,0,0.998088322,0.998079241,0.998077853,0.032288171,0.999990902,0.999989512,0.032350014,10,gaussian
332,6,0,0.98976135,0.98973207,0.989736806,0.498584495,0.999970418,0.999975202,0.503742134,10,gaussian
332,7,0,0.99468131,0.994603196,0.994602363,0.05814636,0.999921468,0.99992063,0.058457276,10,gaussian
332,8,0,0.98570188,0.985636952,0.985656788,0.375802502,0.99993413,0.999954254,0.381253713,10,gaussian
332,9,0,0.993720442,0.993011916,0.993146432,0.062574852,0.999286997,0.999422362,0.062970277,10,gaussian
332,10,1,0.960510459,0.011887697,0.00056224,0.000441237,0.012376437,0.000585356,0.000459378,10,gaussian
332,11,1,0.961271488,0.00986873,0.000564011,0.000424987,0.01026633,0.000586734,0.000442109,10,gaussian
332,12,1,0.960388435,0.018449372,0.000774372,0.000607627,0.019210323,0.000806311,0.000632689,10,gaussian
332,13,1,0.960903487,0.015322894,0.000732378,0.000578821,0.01594634,0.000762176,0.000602371,10,gaussian
332,14,1,0.961249816,0.016375192,0.000787961,0.000618465,0.017035314,0.000819726,0.000643396,10,gaussian
333,0,0,0.996651576,0.996637468,0.996638218,0.017033227,0.999985845,0.999986597,0.017090453,10,gaussian
333,1,0,0.995444931,0.995382715,0.995380038,0.046831361,0.999937499,0.999934811,0.047045657,10,gaussian
333,2,0,0.994601607,0.994574432,0.994572422,0.076314278,0.999972677,0.999970657,0.076728489,10,gaussian
333,3,0,0.991797253,0.9917774,0.991779778,0.045065991,0.999979983,0.99998238,0.045438714,10,gaussian
333,4,0,0.995403731,0.99538486,0.995383453,0.16080535,0.999981042,0.999979628,0.161547868,10,gaussian
333,5,0,0.997179904,0.997069255,0.997074978,0.098425971,0.999889038,0.999894777,0.098704326,10,gaussian
333,6,0,0.996821422,0.996763023,0.996760721,0.029465726,0.999941415,0.999939106,0.029559683,10,gaussian
333,7,0,0.9951755,0.995117989,0.995145895,0.15351808,0.999942211,0.999970252,0.154262319,10,gaussian
333,8,0,0.996171791,0.996055448,0.99605522,0.027332038,0.99988321,0.999882981,0.027437073,10,gaussian
333,9,0,0.995884739,0.99536575,0.995377346,0.012300898,0.999478866,0.999490509,0.012351729,10,gaussian
333,10,1,0.960150236,0.011860425,0.000537815,0.000491741,0.012352676,0.000560136,0.00051215,10,gaussian
333,11,1,0.960715908,0.014757566,0.000720277,0.000653257,0.015361009,0.000749729,0.000679969,10,gaussian
333,12,1,0.96085363,0.014087955,0.000535841,0.000469343,0.014661915,0.000557672,0.000488464,10,gaussian
333,13,1,0.960985397,0.01582319,0.000771562,0.00068783,0.016465588,0.000802886,0.000715754,10,gaussian
333,14,1,0.960736093,0.014834739,0.000704848,0.000626505,0.015441014,0.000733654,0.000652109,10,gaussian
334,0,0,0.997286312,0.997253418,0.997251822,0.035305297,0.999967017,0.999965416,0.035401366,10,gaussian
334,1,0,0.990185052,0.990168455,0.990169852,0.160968919,0.999983239,0.99998465,0.162564481,10,gaussian
334,2,0,0.993237558,0.993201096,0.993204365,0.106466598,0.99996329,0.999966581,0.107191475,10,gaussian
334,3,0,0.997119002,0.997099495,0.997096024,0.014739599,0.999980436,0.999976955,0.014782187,10,gaussian
334,4,0,0.993347415,0.993304288,0.993305845,0.107668033,0.999956584,0.999958152,0.108389101,10,gaussian
334,5,0,0.997777018,0.997714309,0.997714186,0.015171328,0.999937151,0.999937028,0.015205129,10,gaussian
334,6,0,0.996457162,0.99636127,0.996350975,0.010763317,0.999903767,0.999893435,0.010801585,10,gaussian
334,7,0,0.995587966,0.995211308,0.99526454,0.024275105,0.999621672,0.999675141,0.024382682,10,gaussian
334,8,0,0.994419069,0.993558137,0.993524157,0.077077863,0.999134236,0.999100066,0.077510444,10,gaussian
334,9,1,0.96085221,0.010313329,0.000508999,0.00044655,0.010733523,0.000529737,0.000464744,10,gaussian
334,10,1,0.961336005,0.012984805,0.000679352,0.000606049,0.013507041,0.000706674,0.000630423,10,gaussian
334,11,1,0.960316507,0.009256815,0.000538464,0.0004773,0.009639338,0.000560715,0.000497024,10,gaussian
334,12,1,0.961059996,0.016803201,0.000738656,0.000657109,0.01748403,0.000768585,0.000683734,10,gaussian
334,13,1,0.959276523,0.013606988,0.000749792,0.000678948,0.014184636,0.000781622,0.000707771,10,gaussian
334,14,0,0.996034462,0.995333322,0.995293701,0.034889445,0.999296068,0.99925629,0.035028351,10,gaussian
335,0,0,0.994479653,0.994438051,0.99444304,0.025361519,0.999958168,0.999963184,0.0255023,10,gaussian
335,1,0,0.997497121,0.997480978,0.997483692,0.020651443,0.999983816,0.999986538,0.020703261,10,gaussian
335,2,1,0.960849734,0.011365203,0.000519912,0.000465566,0.011828283,0.000541096,0.000484536,10,gaussian
335,3,1,0.960754241,0.012186541,0.000711969,0.000638497,0.012684348,0.000741052,0.000664579,10,gaussian
335,4,1,0.960937818,0.011314902,0.000509516,0.000458135,0.011774853,0.000530228,0.000476758,10,gaussian
335,5,1,0.961841753,0.014810558,0.000723327,0.000633544,0.015398124,0.000752023,0.000658678,10,gaussian
335,6,1,0.959973475,0.013286479,0.000703021,0.000633151,0.013840465,0.000732334,0.000659551,10,gaussian
335,7,0,0.993039125,0.993016542,0.993018119,0.135276455,0.999977259,0.999978847,0.136224698,10,gaussian
335,8,0,0.998367471,0.998358348,0.998357417,0.089144248,0.999990863,0.99998993,0.089290017,10,gaussian
335,9,0,0.995092165,0.994998635,0.99498893,0.03186309,0.999906009,0.999896256,0.03202024,10,gaussian
335,10,0,0.98916722,0.988992229,0.989022417,0.186544567,0.999823093,0.999853612,0.188587494,10,gaussian
335,11,0,0.99348226,0.993462924,0.993458029,0.027955827,0.999980537,0.99997561,0.028139231,10,gaussian
335,12,0,0.991376442,0.991322414,0.991317577,0.086609224,0.999945503,0.999940623,0.0873626,10,gaussian
335,13,0,0.997077847,0.99706563,0.997058095,0.042888152,0.999987747,0.999980191,0.043013845,10,gaussian
335,14,0,0.994902528,0.994866434,0.99487112,0.052071879,0.999963721,0.999968431,0.052338674,10,gaussian
336,0,0,0.994303315,0.994293938,0.994294575,0.030661945,0.999990569,0.99999121,0.030837617,10,gaussian
336,1,0,0.996378929,0.996361767,0.996360515,0.019079057,0.999982775,0.999981519,0.019148395,10,gaussian
336,2,0,0.995119376,0.995088535,0.99508826,0.02456018,0.999969007,0.999968731,0.024680637,10,gaussian
336,3,0,0.994760568,0.994752609,0.994751076,0.073169412,0.999992,0.999990458,0.073554798,10,gaussian
336,4,0,0.99768638,0.997606514,0.997598791,0.01582823,0.999919949,0.999912208,0.015864935,10,gaussian
336,5,0,0.995019568,0.995007305,0.995005156,0.049544364,0.999987676,0.999985516,0.049792351,10,gaussian
336,6,0,0.992759875,0.992722966,0.992714647,0.054253151,0.999962822,0.999954442,0.054648816,10,gaussian
336,7,0,0.996423315,0.996400723,0.996398905,0.018071618,0.999977327,0.999975503,0.018136487,10,gaussian
336,8,0,0.997922399,0.997201721,0.99714555,0.097792177,0.999277822,0.999221533,0.097995773,10,gaussian
336,9,1,0.960234077,0.011235905,0.000645447,0.000453971,0.011701215,0.000672176,0.000472771,10,gaussian
336,10,1,0.960892513,0.014260863,0.000799538,0.000606779,0.014841268,0.000832079,0.000631474,10,gaussian
336,11,1,0.960170812,0.014165472,0.000851242,0.000671899,0.014753075,0.000886553,0.00069977,10,gaussian
336,12,1,0.960437067,0.014289453,0.000822281,0.000638315,0.014878073,0.000856153,0.000664608,10,gaussian
336,13,1,0.961099978,0.01328693,0.0007131,0.000459869,0.013824712,0.000741962,0.000478482,10,gaussian
336,14,0,0.994811952,0.99299518,0.992832062,0.037329608,0.998173752,0.998009784,0.037524286,10,gaussian
337,0,0,0.993521487,0.99348586,0.993483075,0.072589701,0.999964141,0.999961338,0.073063041,10,gaussian
337,1,0,0.993727702,0.993706631,0.993706703,0.066097167,0.999978796,0.999978869,0.066514365,10,gaussian
337,2,0,1.000549051,1.000527966,1.000529274,0.009250769,0.999978926,0.999980234,0.009245692,10,gaussian
337,3,0,0.996626496,0.996604796,0.996604054,0.049704035,0.999978226,0.999977482,0.04987228,10,gaussian
337,4,0,0.998158599,0.99815373,0.998154274,0.01744375,0.999995122,0.999995667,0.017475931,10,gaussian
337,5,0,0.990846269,0.99080328,0.990799199,0.349029255,0.999956613,0.999952495,0.352253691,10,gaussian
337,6,0,0.996448909,0.99635654,0.996338918,0.03294615,0.999907302,0.999889617,0.033063561,10,gaussian
337,7,0,0.99425161,0.994169876,0.994170799,0.049494929,0.999917793,0.999918722,0.04978109,10,gaussian
337,8,0,0.997192609,0.997063551,0.997040563,0.008120735,0.999870579,0.999847527,0.008143598,10,gaussian
337,9,0,0.996984441,0.996658115,0.996626461,0.017146649,0.999672687,0.999640937,0.017198512,10,gaussian
337,10,1,0.960240625,0.012170783,0.000599353,0.000525437,0.012674722,0.00062417,0.000547193,10,gaussian
337,11,1,0.960965502,0.014336176,0.000665365,0.00051628,0.014918513,0.000692392,0.000537251,10,gaussian
337,12,1,0.960964203,0.018271491,0.000802307,0.000697974,0.019013706,0.000834898,0.000726327,10,gaussian
337,13,1,0.959323878,0.019803387,0.000909037,0.000774044,0.020643066,0.000947581,0.000806864,10,gaussian
337,14,1,0.960400754,0.020990378,0.000911522,0.000782581,0.021855853,0.000949106,0.000814848,10,gaussian
338,0,0,0.99027087,0.990239362,0.990241849,0.03615074,0.999968182,0.999970694,0.036505911,10,gaussian
338,1,0,0.997966057,0.997924127,0.997923531,0.021364594,0.999957984,0.999957387,0.021408137,10,gaussian
338,2,0,0.996272275,0.996257243,0.996258481,0.022100388,0.999984912,0.999986154,0.02218308,10,gaussian
338,3,0,0.99327481,0.993260836,0.993258096,0.116715981,0.999985932,0.999983173,0.117506233,10,gaussian
338,4,0,0.995139672,0.995103036,0.995102885,0.028255078,0.999963184,0.999963033,0.028393078,10,gaussian
338,5,0,0.994023342,0.993974526,0.993975477,0.084488058,0.99995089,0.999951847,0.08499605,10,gaussian
338,6,0,0.996850335,0.99682327,0.996796878,0.06662404,0.99997285,0.999946375,0.066834546,10,gaussian
338,7,0,0.999015206,0.998980397,0.998975729,0.007913794,0.999965156,0.999960483,0.007921595,10,gaussian
338,8,0,0.995105543,0.995011622,0.99502006,0.028518016,0.999905617,0.999914097,0.028658282,10,gaussian
338,9,0,0.996283721,0.995105217,0.995226067,0.057770206,0.9988171,0.9989384,0.057985697,10,gaussian
338,10,1,0.961164066,0.013150783,0.000566126,0.000494583,0.013682142,0.000589001,0.000514566,10,gaussian
338,11,1,0.961081118,0.011815627,0.000758704,0.000504172,0.012294099,0.000789428,0.000524589,10,gaussian
338,12,1,0.960444966,0.014735045,0.000813053,0.000700972,0.015341895,0.000846538,0.000729841,10,gaussian
338,13,1,0.960498504,0.015132449,0.000932036,0.000708834,0.015754787,0.000970367,0.000737985,10,gaussian
338,14,1,0.960120506,0.015209996,0.000913667,0.000760955,0.015841758,0.000951617,0.000792562,10,gaussian
339,0,0,0.993020249,0.993000796,0.993001199,0.041554206,0.99998041,0.999980816,0.041846283,10,gaussian
339,1,0,0.996946367,0.996888442,0.996886805,0.020982962,0.999941897,0.999940255,0.021047233,10,gaussian
339,2,0,0.995081165,0.995047522,0.995042688,0.104890703,0.99996619,0.999961333,0.105409194,10,gaussian
339,3,0,0.995733728,0.995718756,0.995717564,0.03625325,0.999984964,0.999983766,0.036408579,10,gaussian
339,4,0,0.995081833,0.99507507,0.995075869,0.067293331,0.999993203,0.999994006,0.067625927,10,gaussian
339,5,0,0.996311309,0.996259755,0.996255408,0.028085246,0.999948255,0.999943892,0.028189228,10,gaussian
339,6,0,0.991771732,0.991693402,0.991691982,0.082488732,0.99992102,0.999919589,0.083173103,10,gaussian
339,7,0,0.992893991,0.992805195,0.992809379,0.047829345,0.999910569,0.999914782,0.048171653,10,gaussian
339,8,0,0.995346118,0.995234618,0.995240236,0.034037169,0.999887979,0.999893623,0.034196315,10,gaussian
339,9,0,0.995888158,0.995660899,0.995651852,0.045059915,0.999771802,0.999762718,0.04524596,10,gaussian
339,10,1,0.960747978,0.013387631,0.000536805,0.000478187,0.013934592,0.000558737,0.000497724,10,gaussian
339,11,1,0.960767491,0.013147839,0.000531167,0.000484935,0.013684725,0.000552857,0.000504737,10,gaussian
339,12,1,0.961485682,0.017005152,0.00074594,0.000656368,0.017686329,0.00077582,0.00068266,10,gaussian
339,13,1,0.96080099,0.019226061,0.000753315,0.000685363,0.020010451,0.000784049,0.000713325,10,gaussian
339,14,1,0.959920529,0.017984387,0.000821258,0.000744873,0.018735288,0.000855548,0.000775974,10,gaussian
340,0,0,0.996151753,0.996141635,0.996144121,0.082540451,0.999989843,0.999992339,0.082859314,10,gaussian
340,1,0,0.99789142,0.9978704,0.99787208,0.008629317,0.999978936,0.999980619,0.008647551,10,gaussian
340,2,0,0.992810487,0.992777072,0.9927816,0.106719732,0.999966343,0.999970904,0.107492551,10,gaussian
340,3,0,0.997185453,0.997152093,0.997153879,0.014353061,0.999966546,0.999968337,0.014393572,10,gaussian
340,4,0,0.994853161,0.994833293,0.994832081,0.142926895,0.999980029,0.999978811,0.143666323,10,gaussian
340,5,0,0.993936236,0.993914778,0.993920753,0.025034505,0.999978411,0.999984423,0.025187235,10,gaussian
340,6,0,0.992153765,0.992126097,0.992128847,0.219238036,0.999972113,0.999974885,0.220971833,10,gaussian
340,7,0,0.997662903,0.997387615,0.997392615,0.03368937,0.999724068,0.999729079,0.033768289,10,gaussian
340,8,0,0.995563494,0.995188586,0.995171609,0.061366425,0.999623421,0.999606368,0.061639891,10,gaussian
340,9,1,0.961081448,0.011894806,0.000462893,0.000401466,0.012376481,0.000481638,0.000417723,10,gaussian
340,10,1,0.960209426,0.013040493,0.000675167,0.000591129,0.013580884,0.000703146,0.000615625,10,gaussian
340,11,1,0.960451775,0.016000235,0.000759835,0.00063844,0.016659072,0.000791122,0.000664728,10,gaussian
340,12,1,0.960538838,0.012017353,0.000757633,0.000579932,0.012511054,0.000788758,0.000603757,10,gaussian
340,13,1,0.960712658,0.010741202,0.000722469,0.000414941,0.011180452,0.000752014,0.000431909,10,gaussian
340,14,0,0.995978176,0.993983711,0.993791124,0.01740612,0.997997482,0.997804117,0.017476407,10,gaussian
341,0,0,1.001073375,1.001056558,1.001054606,0.018084849,0.999983201,0.999981251,0.018065458,10,gaussian
341,1,0,0.996917272,0.996899637,0.996899986,0.10498083,0.99998231,0.99998266,0.105305458,10,gaussian
341,2,0,0.996202948,0.996163255,0.996163264,0.02878188,0.999960156,0.999960165,0.028891583,10,gaussian
341,3,0,0.998621953,0.998610927,0.998608503,0.022748535,0.999988959,0.999986531,0.022779927,10,gaussian
341,4,0,0.99228393,0.992277474,0.992277464,0.067829453,0.999993494,0.999993484,0.0683569,10,gaussian
341,5,0,0.99547964,0.995385782,0.995370336,0.018422661,0.999905716,0.999890199,0.018506317,10,gaussian
341,6,0,0.992189468,0.9920802,0.992081541,0.06379639,0.999889872,0.999891223,0.064298596,10,gaussian
341,7,0,0.99706114,0.997029201,0.997025412,0.017497463,0.999967967,0.999964166,0.017549037,10,gaussian
341,8,0,0.995276523,0.994973078,0.994944639,0.019661563,0.999695114,0.99966654,0.019754875,10,gaussian
341,9,1,0.960226838,0.013543309,0.00057063,0.000459316,0.014104281,0.000594266,0.000478341,10,gaussian
341,10,1,0.961300235,0.018217545,0.000820741,0.000619871,0.018950942,0.000853782,0.000644826,10,gaussian
341,11,1,0.960070445,0.017911801,0.000927413,0.000658647,0.018656757,0.000965984,0.00068604,10,gaussian
341,12,1,0.960796897,0.018075204,0.001067106,0.000612647,0.018812721,0.001110647,0.000637645,10,gaussian
341,13,1,0.960841745,0.012899713,0.001571401,0.000450849,0.01342543,0.001635442,0.000469223,10,gaussian
341,14,0,0.997315518,0.990869126,0.992094498,0.048864105,0.993536256,0.994764926,0.048995633,10,gaussian
342,0,0,0.994962614,0.994941548,0.99494029,0.051943902,0.999978827,0.999977563,0.052206888,10,gaussian
342,1,0,0.997102947,0.997085864,0.997086475,0.031884666,0.999982867,0.99998348,0.031977306,10,gaussian
342,2,0,0.994830089,0.994801941,0.994805418,0.057932935,0.999971706,0.999975201,0.058234,10,gaussian
342,3,0,0.99660696,0.996586351,0.996587372,0.042107477,0.999979321,0.999980346,0.042250836,10,gaussian
342,4,0,0.993861192,0.99383615,0.993836118,0.184017775,0.999974803,0.99997477,0.185154403,10,gaussian
342,5,0,0.998911486,0.998886485,0.998887319,0.010786777,0.999974972,0.999975807,0.010798532,10,gaussian
342,6,0,0.993315675,0.993284303,0.99328168,0.045369025,0.999968417,0.999965776,0.045674328,10,gaussian
342,7,0,0.995967191,0.995924262,0.995927643,0.0176577,0.999956897,0.999960292,0.017729198,10,gaussian
342,8,0,1.001739785,1.001569291,1.001583544,0.027467443,0.999829802,0.99984403,0.027419738,10,gaussian
342,9,1,0.960810294,0.011340999,0.000493313,0.000457801,0.011803578,0.000513434,0.000476474,10,gaussian
342,10,1,0.960828011,0.015211834,0.000708693,0.000659215,0.015832005,0.000737586,0.000686091,10,gaussian
342,11,1,0.961133538,0.014306634,0.000682997,0.000636667,0.014885168,0.000710616,0.000662413,10,gaussian
342,12,1,0.961449137,0.010887304,0.000504029,0.000443977,0.011323848,0.000524239,0.000461779,10,gaussian
342,13,1,0.96125808,0.016439468,0.000687723,0.000620535,0.017102034,0.000715441,0.000645544,10,gaussian
342,14,0,0.995578462,0.994649658,0.994799797,0.040432865,0.999067071,0.999217877,0.040612435,10,gaussian
343,0,0,0.997139983,0.997117497,0.997117235,0.039436601,0.99997745,0.999977187,0.039549714,10,gaussian
343,1,0,0.995418431,0.995378721,0.995378178,0.039137325,0.999960107,0.999959561,0.03931746,10,gaussian
343,2,0,0.996275938,0.996263598,0.996262568,0.070399196,0.999987614,0.99998658,0.070662347,10,gaussian
343,3,0,0.99321584,0.993198247,0.993197983,0.075974018,0.999982287,0.999982021,0.076492959,10,gaussian
343,4,0,0.99517608,0.995149216,0.995153382,0.052004977,0.999973006,0.999977192,0.052257061,10,gaussian
343,5,0,0.99497461,0.994934497,0.994932001,0.04506717,0.999959685,0.999957176,0.045294794,10,gaussian
343,6,0,0.995456067,0.995429353,0.995428277,0.061343079,0.999973164,0.999972082,0.06162309,10,gaussian
343,7,0,0.997562793,0.997454873,0.997454182,0.028122881,0.999891816,0.999891124,0.028191589,10,gaussian
343,8,0,0.99578449,0.99566034,0.995668798,0.031317773,0.999875324,0.999883817,0.031450352,10,gaussian
343,9,0,0.994215419,0.994084871,0.994066162,0.07945577,0.999868693,0.999849875,0.079918063,10,gaussian
343,10,1,0.961462108,0.010266704,0.000506582,0.000456879,0.01067822,0.000526887,0.000475192,10,gaussian
343,11,1,0.961032982,0.011285314,0.000558172,0.000481237,0.011742899,0.000580804,0.00050075,10,gaussian
343,12,1,0.961326624,0.016625027,0.000727841,0.000661802,0.017293838,0.000757121,0.000688425,10,gaussian
343,13,1,0.960137844,0.017067015,0.00074517,0.000666902,0.017775588,0.000776108,0.000694589,10,gaussian
343,14,1,0.960902051,0.015656694,0.000729565,0.000670975,0.016293746,0.00075925,0.000698276,10,gaussian
344,0,0,0.997168922,0.997154318,0.997154862,0.014999136,0.999985354,0.999985899,0.01504172,10,gaussian
344,1,0,0.996535592,0.996527779,0.996527122,0.026774962,0.999992159,0.9999915,0.026868044,10,gaussian
344,2,0,0.99538876,0.995371181,0.995370259,0.032370104,0.999982339,0.999981414,0.032520062,10,gaussian
344,3,0,0.998767003,0.998736664,0.998742131,0.015755778,0.999969624,0.999975097,0.015775229,10,gaussian
344,4,0,0.992606553,0.992499223,0.992495791,0.115227594,0.99989187,0.999888413,0.116085869,10,gaussian
344,5,0,0.996532599,0.996483277,0.996481554,0.061165571,0.999950507,0.999948778,0.061378395,10,gaussian
344,6,0,0.994789936,0.994742092,0.9947477,0.029405269,0.999951905,0.999957542,0.029559275,10,gaussian
344,7,0,0.995947777,0.995791848,0.99577841,0.016773276,0.999843437,0.999829944,0.016841522,10,gaussian
344,8,0,0.993552736,0.993459195,0.993457044,0.052830332,0.999905852,0.999903687,0.053173153,10,gaussian
344,9,0,0.996564395,0.996118352,0.996085678,0.049041254,0.999552419,0.999519633,0.049210321,10,gaussian
344,10,1,0.961459091,0.011551006,0.000456773,0.000407827,0.012014038,0.000475083,0.000424175,10,gaussian
344,11,1,0.961764651,0.015322752,0.000606793,0.000545699,0.015931914,0.000630917,0.000567394,10,gaussian
344,12,1,0.960286686,0.011853642,0.000483186,0.000435572,0.012343857,0.000503169,0.000453585,10,gaussian
344,13,1,0.960720119,0.014164023,0.000674581,0.000623851,0.014743131,0.000702162,0.000649358,10,gaussian
344,14,1,0.960671835,0.015798174,0.000632,0.000579886,0.016444922,0.000657873,0.000603626,10,gaussian
345,0,0,0.99556941,0.995534255,0.995536651,0.027651279,0.999964689,0.999967095,0.027774336,10,gaussian
345,1,0,0.994999912,0.994971602,0.994968311,0.032740361,0.999971547,0.99996824,0.032904888,10,gaussian
345,2,0,0.997190791,0.997162733,0.997162665,0.007755254,0.999971862,0.999971795,0.007777102,10,gaussian
345,3,0,0.996427949,0.996372071,0.996377101,0.01537704,0.999943921,0.99994897,0.015432164,10,gaussian
345,4,0,0.995586833,0.995569806,0.995570692,0.068704267,0.999982898,0.999983788,0.069008815,10,gaussian
345,5,0,0.995489134,0.995430736,0.995419743,0.014660651,0.999941337,0.999930294,0.014727083,10,gaussian
345,6,0,0.998918945,0.998846003,0.998848776,0.026129645,0.999926979,0.999929755,0.026157923,10,gaussian
345,7,0,0.994899466,0.99480706,0.99481997,0.032113602,0.999907121,0.999920097,0.032278238,10,gaussian
345,8,0,0.996846907,0.996614329,0.996629354,0.024457279,0.999766687,0.999781758,0.024534639,10,gaussian
345,9,0,0.996069505,0.995606335,0.995581777,0.02664755,0.999535002,0.999510348,0.026752701,10,gaussian
345,10,1,0.961207072,0.009811148,0.000445701,0.000412737,0.010207112,0.000463688,0.000429394,10,gaussian
345,11,1,0.961132534,0.015035035,0.000664665,0.000599357,0.015643041,0.000691544,0.000623594,10,gaussian
345,12,1,0.961823102,0.014666499,0.000683387,0.000602822,0.015248645,0.000710513,0.000626749,10,gaussian
345,13,1,0.961818977,0.011393049,0.000489059,0.000410754,0.011845315,0.000508473,0.00042706,10,gaussian
345,14,1,0.960565362,0.014637592,0.000675322,0.0006058,0.015238518,0.000703046,0.00063067,10,gaussian
346,0,0,0.996278155,0.996253676,0.996255313,0.027232636,0.99997543,0.999977073,0.02733437,10,gaussian
346,1,0,0.994754764,0.994734211,0.994733709,0.05282847,0.999979338,0.999978834,0.053107029,10,gaussian
346,2,0,0.994236505,0.994217052,0.994215994,0.032496006,0.999980433,0.99997937,0.032684383,10,gaussian
346,3,0,0.995149064,0.995125751,0.995126215,0.065822595,0.999976574,0.999977039,0.066143452,10,gaussian
346,4,0,0.99112292,0.991088648,0.991077514,0.060831928,0.999965421,0.999954187,0.061376774,10,gaussian
346,5,0,0.992622859,0.992585496,0.992579959,0.098006622,0.999962359,0.999956781,0.098735004,10,gaussian
346,6,0,0.996545122,0.996478127,0.996486767,0.055786966,0.999932772,0.999941443,0.055980372,10,gaussian
346,7,0,0.999056193,0.999023265,0.999011615,0.015884277,0.999967041,0.99995538,0.015899283,10,gaussian
346,8,0,0.992966912,0.992958029,0.992958516,0.665737972,0.999991053,0.999991545,0.670453329,10,gaussian
346,9,0,0.994307735,0.994239079,0.994242704,0.156925609,0.999930952,0.999934597,0.157823985,10,gaussian
346,10,1,0.961300295,0.010204657,0.000520105,0.000451483,0.010615472,0.000541043,0.000469659,10,gaussian
346,11,1,0.961448569,0.010729146,0.000477541,0.000421744,0.011159355,0.000496689,0.000438654,10,gaussian
346,12,1,0.96021246,0.01517048,0.000705767,0.000629685,0.015799087,0.000735012,0.000655776,10,gaussian
346,13,1,0.960972625,0.014971062,0.000690959,0.000612453,0.015579073,0.00071902,0.000637327,10,gaussian
346,14,1,0.961207499,0.016101058,0.000725442,0.00064266,0.016750866,0.000754719,0.000668597,10,gaussian
347,0,0,0.995824728,0.995791618,0.995789186,0.033600747,0.999966751,0.999964308,0.033741627,10,gaussian
347,1,0,0.997287046,0.997259811,0.997262658,0.051395264,0.999972691,0.999975546,0.051535076,10,gaussian
347,2,0,0.994245294,0.994223414,0.994225666,0.045676575,0.999977993,0.999980258,0.045940951,10,gaussian
347,3,0,0.99778485,0.997755581,0.997754434,0.014858924,0.999970665,0.999969516,0.014891912,10,gaussian
347,4,0,0.997276818,0.997253498,0.997252933,0.01489857,0.999976616,0.99997605,0.014939253,10,gaussian
347,5,0,0.997332808,0.99725195,0.99724867,0.0100572,0.999918925,0.999915637,0.010084096,10,gaussian
347,6,0,0.992274377,0.992212491,0.992214893,0.388087193,0.999937633,0.999940053,0.391108752,10,gaussian
347,7,0,0.997177172,0.997047315,0.997032435,0.016588066,0.999869775,0.999854853,0.016635024,10,gaussian
347,8,0,0.994858005,0.994743552,0.994770745,0.025113934,0.999884955,0.999912289,0.025243737,10,gaussian
347,9,0,0.995819663,0.995174979,0.995218435,0.013045826,0.999352611,0.999396249,0.013100591,10,gaussian
347,10,1,0.960608846,0.012596643,0.000520283,0.000460909,0.013113187,0.000541617,0.000479809,10,gaussian
347,11,1,0.961216439,0.013953371,0.000727098,0.000620428,0.014516367,0.000756435,0.000645461,10,gaussian
347,12,1,0.96158136,0.009077353,0.000575715,0.000445294,0.009440025,0.000598717,0.000463085,10,gaussian
347,13,1,0.961119246,0.016331688,0.000800828,0.000667933,0.016992364,0.000833224,0.000694953,10,gaussian
347,14,1,0.961383731,0.013653196,0.000770865,0.000620765,0.014201609,0.000801829,0.000645699,10,gaussian
348,0,0,0.997225897,0.997216038,0.997214668,0.125391077,0.999990114,0.99998874,0.125739893,10,gaussian
348,1,0,0.998353928,0.998318947,0.998319269,0.005878041,0.999964961,0.999965284,0.005887732,10,gaussian
348,2,0,0.998514823,0.998490811,0.998476043,0.041530726,0.999975953,0.999961162,0.041592498,10,gaussian
348,3,0,0.995766614,0.995701936,0.995691362,0.015769371,0.999935048,0.999924428,0.015836413,10,gaussian
348,4,0,0.994205649,0.994159084,0.99413308,0.053973793,0.999953163,0.999927007,0.054288359,10,gaussian
348,5,0,0.994766617,0.994716871,0.994718975,0.031511952,0.999949992,0.999952108,0.031677734,10,gaussian
348,6,0,0.997889997,0.997747251,0.997704,0.011554721,0.999856952,0.99981361,0.011579153,10,gaussian
348,7,0,0.998297413,0.998032724,0.998064525,0.013413602,0.99973486,0.999766716,0.013436479,10,gaussian
348,8,0,0.992746571,0.992201441,0.992195105,0.041358439,0.999450887,0.999444505,0.041660621,10,gaussian
348,9,0,0.993664159,0.992850314,0.993001332,0.085555655,0.999180967,0.999332947,0.086101179,10,gaussian
348,10,1,0.961716559,0.009069253,0.000620185,0.000364024,0.009430277,0.000644873,0.000378515,10,gaussian
348,11,1,0.960594211,0.007493482,0.000601226,0.000386228,0.007800882,0.00062589,0.000402072,10,gaussian
348,12,1,0.96133642,0.012409173,0.000802075,0.000514609,0.012908252,0.000834334,0.000535306,10,gaussian
348,13,1,0.960670516,0.012006877,0.000801359,0.000535058,0.012498434,0.000834166,0.000556963,10,gaussian
348,14,1,0.96150099,0.013173513,0.000791396,0.000530093,0.013700988,0.000823084,0.000551319,10,gaussian
349,0,0,0.995805994,0.995794643,0.995794283,0.028636125,0.999988601,0.999988239,0.028756731,10,gaussian
349,1,0,0.995955003,0.995922579,0.995920072,0.058217703,0.999967444,0.999964927,0.05845415,10,gaussian
349,2,0,0.998568649,0.998546431,0.998547207,0.034987479,0.99997775,0.999978528,0.035037631,10,gaussian
349,3,0,0.994406812,0.994376725,0.994378694,0.071386832,0.999969744,0.999971724,0.071788358,10,gaussian
349,4,0,0.995962888,0.995947983,0.995948687,0.019286333,0.999985035,0.999985742,0.01936451,10,gaussian
349,5,0,0.993340816,0.993325029,0.993324504,0.063666442,0.999984108,0.999983579,0.064093251,10,gaussian
349,6,0,0.999537047,0.999507355,0.99950608,0.021505635,0.999970294,0.999969019,0.021515596,10,gaussian
349,7,0,0.995823795,0.995716003,0.995719193,0.060003265,0.999891756,0.999894959,0.060254902,10,gaussian
349,8,0,1.000972219,1.000921911,1.000934597,0.007927852,0.999949742,0.999962415,0.007920151,10,gaussian
349,9,0,0.996834378,0.996767051,0.996760555,0.018432743,0.99993246,0.999925943,0.018491279,10,gaussian
349,10,1,0.961160289,0.013368749,0.000476052,0.000453831,0.01390897,0.000495288,0.00047217,10,gaussian
349,11,1,0.960144404,0.011374037,0.00047245,0.000462122,0.011846174,0.000492061,0.000481305,10,gaussian
349,12,1,0.960941522,0.015653753,0.000637778,0.000612614,0.016290017,0.000663701,0.000637515,10,gaussian
349,13,1,0.960506376,0.012676487,0.000619237,0.000617279,0.013197712,0.000644699,0.00064266,10,gaussian
349,14,1,0.960900164,0.018649293,0.000669438,0.000657834,0.019408149,0.000696678,0.000684602,10,gaussian
350,0,0,0.995500385,0.995485151,0.995484944,0.018097489,0.999984698,0.99998449,0.018179288,10,gaussian
350,1,0,0.996491747,0.996480252,0.996479379,0.044487231,0.999988465,0.999987588,0.044643853,10,gaussian
350,2,0,0.996454235,0.996446351,0.996443557,0.046768894,0.999992088,0.999989284,0.046935315,10,gaussian
350,3,0,0.996192542,0.996171022,0.996174172,0.025216011,0.999978398,0.99998156,0.025312387,10,gaussian
350,4,0,0.995523135,0.995516668,0.995517237,0.17541737,0.999993504,0.999994076,0.176206221,10,gaussian
350,5,0,0.999542023,0.999501696,0.999495426,0.009938238,0.999959655,0.999953382,0.009942791,10,gaussian
350,6,0,0.998244746,0.998219725,0.998213203,0.017666767,0.999974936,0.999968402,0.017697831,10,gaussian
350,7,0,0.996926045,0.996885099,0.996889681,0.013057217,0.999958927,0.999963523,0.013097478,10,gaussian
350,8,0,0.991056859,0.990652757,0.990664668,0.159807644,0.999592251,0.999604269,0.161249723,10,gaussian
350,9,0,0.996316914,0.996237047,0.996239096,0.06867407,0.999919837,0.999921894,0.068927937,10,gaussian
350,10,1,0.960166478,0.0118303,0.000460773,0.000443501,0.012321092,0.000479889,0.0004619,10,gaussian
350,11,1,0.95976205,0.010578763,0.000438668,0.000433965,0.011022277,0.000457059,0.000452159,10,gaussian
350,12,1,0.961305677,0.015231297,0.000632976,0.000594249,0.015844385,0.000658455,0.000618168,10,gaussian
350,13,1,0.960469235,0.017595446,0.000594706,0.000585965,0.018319635,0.000619183,0.000610082,10,gaussian
350,14,1,0.961091315,0.014914992,0.000651649,0.000624666,0.015518808,0.000678031,0.000649955,10,gaussian
351,0,0,0.997940599,0.997923323,0.997923335,0.028061479,0.999982689,0.9999827,0.028119388,10,gaussian
351,1,0,0.996203555,0.996183008,0.996184065,0.029276123,0.999979374,0.999980435,0.029387692,10,gaussian
351,2,0,0.995106176,0.995083983,0.995088265,0.038361836,0.999977698,0.999982,0.038550495,10,gaussian
351,3,0,0.992660463,0.992635255,0.992640414,0.091847885,0.999974606,0.999979803,0.09252699,10,gaussian
351,4,0,0.995871981,0.99581526,0.995824559,0.042284594,0.999943044,0.999952382,0.042459869,10,gaussian
351,5,0,0.994661393,0.994637176,0.994640686,0.050380252,0.999975654,0.999979182,0.050650656,10,gaussian
351,6,0,0.994802958,0.994728229,0.994735237,0.049579611,0.99992488,0.999931926,0.049838625,10,gaussian
351,7,0,0.994214131,0.994137711,0.994141367,0.089227071,0.999923136,0.999926812,0.089746331,10,gaussian
351,8,0,0.995602376,0.995520549,0.995526713,0.038347333,0.999917811,0.999924003,0.038516715,10,gaussian
351,9,0,0.994214898,0.993550493,0.993581638,0.063774476,0.999331729,0.999363055,0.064145565,10,gaussian
351,10,1,0.962516075,0.012819354,0.00047558,0.000426489,0.013318587,0.000494101,0.000443098,10,gaussian
351,11,1,0.961001976,0.012399116,0.000518356,0.000453623,0.012902279,0.000539391,0.000472031,10,gaussian
351,12,1,0.96011405,0.014795021,0.000691515,0.000618176,0.015409649,0.000720242,0.000643857,10,gaussian
351,13,1,0.961430394,0.017739393,0.000697159,0.00060952,0.018451042,0.000725127,0.000633972,10,gaussian
351,14,1,0.962111646,0.016820755,0.000739346,0.000632858,0.017483163,0.000768462,0.00065778,10,gaussian
352,0,0,0.996599097,0.996574467,0.996572375,0.015467157,0.999975285,0.999973187,0.015519938,10,gaussian
352,1,0,0.998316184,0.998279614,0.998276193,0.032878121,0.999963369,0.999959942,0.032933575,10,gaussian
352,2,0,0.997145087,0.997108597,0.997103974,0.042764834,0.999963405,0.999958769,0.042887274,10,gaussian
352,3,0,0.994381497,0.994349966,0.994352862,0.023866324,0.999968291,0.999971203,0.024001175,10,gaussian
352,4,0,0.994533439,0.994506456,0.994506478,0.08159808,0.999972869,0.999972891,0.082046592,10,gaussian
352,5,0,0.997302019,0.997189469,0.997172833,0.040110703,0.999887146,0.999870465,0.040219213,10,gaussian
352,6,0,0.998606909,0.998559368,0.998557543,0.013003828,0.999952393,0.999950565,0.013021969,10,gaussian
352,7,0,0.998306195,0.998217545,0.998202121,0.047092813,0.9999112,0.99989575,0.047172715,10,gaussian
352,8,1,0.960058198,0.014280526,0.000529558,0.000461473,0.014874646,0.000551589,0.000480672,10,gaussian
352,9,1,0.961425375,0.016485845,0.000696046,0.000611835,0.017147296,0.000723973,0.000636383,10,gaussian
352,10,1,0.96045564,0.018631457,0.000785442,0.000691978,0.019398561,0.00081778,0.000720468,10,gaussian
352,11,1,0.961009309,0.010015743,0.000529115,0.000444704,0.010422108,0.000550582,0.000462747,10,gaussian
352,12,1,0.960442941,0.013172114,0.000722373,0.000627294,0.013714624,0.000752125,0.00065313,10,gaussian
352,13,0,0.995253601,0.995127986,0.995134739,0.368559832,0.999873786,0.999880571,0.370317507,10,gaussian
352,14,0,0.993291948,0.993077813,0.993075045,0.240487623,0.999784419,0.999781632,0.242111721,10,gaussian
353,0,0,0.998103176,0.998081326,0.998083155,0.015557162,0.999978109,0.999979941,0.015586727,10,gaussian
353,1,0,0.99677058,0.996739667,0.996740407,0.032123542,0.999968987,0.99996973,0.032227619,10,gaussian
353,2,0,0.996810491,0.996789346,0.996788077,0.046521003,0.999978787,0.999977514,0.046669857,10,gaussian
353,3,0,0.997119714,0.997105919,0.997106693,0.03255115,0.999986165,0.999986942,0.032645177,10,gaussian
353,4,0,0.996568074,0.99655426,0.996555044,0.070359087,0.999986138,0.999986925,0.070601386,10,gaussian
353,5,0,0.998500369,0.998477101,0.998479432,0.012741975,0.999976697,0.999979032,0.012761112,10,gaussian
353,6,0,0.993707635,0.993669467,0.99366577,0.036543444,0.99996159,0.999957869,0.036774845,10,gaussian
353,7,0,0.994447572,0.994384028,0.994385415,0.1039429,0.999936102,0.999937496,0.104523258,10,gaussian
353,8,0,0.992334017,0.992269095,0.992265683,0.406456817,0.999934576,0.999931138,0.409596779,10,gaussian
353,9,0,0.992671085,0.992381108,0.992317626,0.039405227,0.999707882,0.999643931,0.039696156,10,gaussian
353,10,1,0.961130645,0.011917669,0.000552975,0.000469444,0.012399635,0.000575338,0.000488429,10,gaussian
353,11,1,0.961188704,0.012681052,0.00058558,0.000471254,0.013193093,0.000609225,0.000490282,10,gaussian
353,12,1,0.962182231,0.012531019,0.000775267,0.000638484,0.01302354,0.000805739,0.000663579,10,gaussian
353,13,1,0.960516044,0.018698144,0.000796188,0.000671866,0.019466769,0.000828917,0.000699485,10,gaussian
353,14,1,0.961355338,0.015468354,0.000814786,0.00067558,0.016090153,0.000847539,0.000702737,10,gaussian
354,0,0,0.996002154,0.995988259,0.995987449,0.030638479,0.999986049,0.999985236,0.030761458,10,gaussian
354,1,0,0.995490387,0.995473421,0.995473382,0.019437716,0.999982958,0.999982919,0.01952577,10,gaussian
354,2,0,0.995730571,0.995703633,0.995706927,0.01418098,0.999972947,0.999976255,0.014241784,10,gaussian
354,3,0,0.997368254,0.997324782,0.997328562,0.0127972,0.999956413,0.999960203,0.012830968,10,gaussian
354,4,0,0.989026365,0.988988377,0.988985712,0.207750629,0.999961591,0.999958896,0.210055703,10,gaussian
354,5,0,0.995896919,0.99585556,0.995855565,0.264974861,0.99995847,0.999958475,0.266066554,10,gaussian
354,6,0,0.997954647,0.997718164,0.997743253,0.022575965,0.999763032,0.999788173,0.022622236,10,gaussian
354,7,0,0.996169335,0.994320034,0.993972307,0.01470935,0.998143587,0.997794523,0.014765914,10,gaussian
354,8,0,0.995169555,0.994598045,0.9945209,0.048663523,0.999425716,0.999348196,0.048899731,10,gaussian
354,9,1,0.960227174,0.010367155,0.00064606,0.000446783,0.010796564,0.00067282,0.000465289,10,gaussian
354,10,1,0.961343155,0.014455938,0.000884584,0.000612679,0.01503723,0.000920154,0.000637316,10,gaussian
354,11,1,0.960174857,0.013867638,0.001003502,0.000663107,0.014442825,0.001045124,0.000690611,10,gaussian
354,12,1,0.96149966,0.014126043,0.00104704,0.00058366,0.014691678,0.001088965,0.000607031,10,gaussian
354,13,1,0.960343424,0.011643862,0.001178288,0.000457774,0.012124686,0.001226944,0.000476677,10,gaussian
354,14,0,0.995255611,0.991828301,0.992124447,0.024423795,0.996556352,0.996853909,0.024540224,10,gaussian
355,0,0,0.992857431,0.992833887,0.992833852,0.06504224,0.999976288,0.999976252,0.065510151,10,gaussian
355,1,0,0.995647249,0.995636082,0.995635967,0.169448249,0.999988784,0.999988668,0.17018904,10,gaussian
355,2,0,0.999710134,0.999689892,0.999688227,0.125517924,0.999979752,0.999978087,0.125554318,10,gaussian
355,3,0,0.995927462,0.995874203,0.995865739,0.039436493,0.999946523,0.999938025,0.039597756,10,gaussian
355,4,0,0.989985502,0.989951431,0.989951318,0.244055983,0.999965584,0.99996547,0.246524805,10,gaussian
355,5,0,0.997879011,0.997817043,0.997816406,0.024671885,0.999937901,0.999937262,0.024724325,10,gaussian
355,6,0,0.995823671,0.995634136,0.995634278,0.021374293,0.99980967,0.999809813,0.021463934,10,gaussian
355,7,1,0.961498434,0.011286757,0.000505398,0.000449146,0.011738716,0.000525636,0.000467131,10,gaussian
355,8,1,0.961005479,0.015277763,0.000716996,0.000645373,0.015897686,0.00074609,0.00067156,10,gaussian
355,9,1,0.961087547,0.017861355,0.000781325,0.000694842,0.018584525,0.00081296,0.000722974,10,gaussian
355,10,1,0.961760458,0.013032109,0.000780262,0.000663331,0.013550265,0.000811285,0.000689705,10,gaussian
355,11,1,0.961054307,0.012315166,0.000598557,0.000498477,0.012814225,0.000622813,0.000518677,10,gaussian
355,12,0,0.996022245,0.995826562,0.99581192,0.123384594,0.999803535,0.999788834,0.123877348,10,gaussian
355,13,0,0.996098406,0.996046807,0.996034966,0.337689575,0.9999482,0.999936312,0.339012263,10,gaussian
355,14,0,0.996579489,0.996412874,0.996409382,0.290439902,0.999832813,0.999829309,0.291436765,10,gaussian
356,0,0,0.999806013,0.999798475,0.99979776,0.015917686,0.99999246,0.999991745,0.015920774,10,gaussian
356,1,0,0.993467594,0.993440454,0.99344099,0.089198719,0.999972682,0.999973221,0.089785233,10,gaussian
356,2,0,0.995706291,0.995689277,0.995681816,0.058604633,0.999982912,0.99997542,0.05885735,10,gaussian
356,3,0,0.995746323,0.995728991,0.995735745,0.123837695,0.999982594,0.999989377,0.124366711,10,gaussian
356,4,0,0.9998028,0.999759094,0.999756991,0.026794741,0.999956284,0.999954182,0.026800026,10,gaussian
356,5,0,0.987293226,0.987265888,0.987291235,0.870203758,0.99997231,0.999997983,0.881403553,10,gaussian
356,6,0,0.993397321,0.993370056,0.993366517,0.092073284,0.999972553,0.999968991,0.092685255,10,gaussian
356,7,0,0.994574031,0.994486139,0.994479798,0.042241671,0.999911629,0.999905253,0.042472123,10,gaussian
356,8,0,0.995124731,0.995072688,0.995085719,0.107951899,0.999947702,0.999960797,0.108480772,10,gaussian
356,9,1,0.960884324,0.013584489,0.000739206,0.000494696,0.014137486,0.000769298,0.000514834,10,gaussian
356,10,1,0.960602438,0.01528088,0.001203628,0.000702704,0.015907601,0.001252993,0.000731524,10,gaussian
356,11,1,0.960134372,0.021023711,0.001668518,0.000766506,0.021896634,0.001737797,0.000798332,10,gaussian
356,12,1,0.962302407,0.019376717,0.002194981,0.000729222,0.020135788,0.002280968,0.000757789,10,gaussian
356,13,1,0.9610505,0.011360266,0.002596432,0.000582742,0.011820675,0.00270166,0.000606359,10,gaussian
356,14,0,0.991625877,0.990001921,0.990341689,0.194994808,0.99836233,0.998704968,0.196641508,10,gaussian
357,0,0,0.997504279,0.997468181,0.997465483,0.054795329,0.999963811,0.999961107,0.054932425,10,gaussian
357,1,0,0.994934602,0.994921058,0.994915695,0.093455059,0.999986387,0.999980997,0.093930856,10,gaussian
357,2,0,0.997634176,0.997598168,0.99759822,0.010122228,0.999963907,0.999963959,0.010146232,10,gaussian
357,3,0,0.994318761,0.994295754,0.994295976,0.031593436,0.999976861,0.999977085,0.031773951,10,gaussian
357,4,0,0.998298705,0.998280086,0.998280376,0.006828042,0.999981349,0.999981639,0.006839678,10,gaussian
357,5,0,0.999028769,0.999005865,0.999008846,0.037983254,0.999977074,0.999980058,0.03802018,10,gaussian
357,6,0,0.994012159,0.993981438,0.993987788,0.385208671,0.999969095,0.999975483,0.387529134,10,gaussian
357,7,0,0.99504015,0.99500991,0.995006848,0.044240734,0.999969609,0.999966532,0.044461255,10,gaussian
357,8,0,0.99513252,0.994979688,0.99497948,0.090429958,0.999846421,0.999846211,0.090872277,10,gaussian
357,9,0,0.993591776,0.993187592,0.993219428,0.048642338,0.999593209,0.999625251,0.04895606,10,gaussian
357,10,1,0.960372649,0.010578833,0.000511844,0.000448865,0.011015342,0.000532964,0.000467386,10,gaussian
357,11,1,0.960891839,0.016784383,0.000724437,0.000609025,0.017467506,0.000753922,0.000633813,10,gaussian
357,12,1,0.9611981,0.012021945,0.000647462,0.000433601,0.01250725,0.000673599,0.000451105,10,gaussian
357,13,1,0.960236406,0.0181946,0.000837517,0.000668543,0.018948043,0.000872199,0.000696227,10,gaussian
357,14,1,0.961259319,0.014832076,0.000818211,0.000601672,0.015429838,0.000851186,0.000625921,10,gaussian
358,0,0,0.995463477,0.995455347,0.995454461,0.034346094,0.999991833,0.999990943,0.034502616,10,gaussian
358,1,0,0.996947152,0.996915189,0.996914654,0.013600219,0.999967939,0.999967403,0.013641866,10,gaussian
358,2,0,0.997928195,0.99789178,0.997891245,0.022332888,0.999963509,0.999962973,0.022379254,10,gaussian
358,3,0,0.997678883,0.997655587,0.997653646,0.01016791,0.99997665,0.999974704,0.010191566,10,gaussian
358,4,0,0.996350609,0.996333032,0.99633213,0.027530244,0.999982359,0.999981454,0.027631081,10,gaussian
358,5,1,0.96060809,0.012478931,0.000531211,0.000485842,0.012990657,0.000552994,0.000505765,10,gaussian
358,6,1,0.959755775,0.01478606,0.000747573,0.000676236,0.015406065,0.00077892,0.000704592,10,gaussian
358,7,1,0.961738333,0.014754254,0.000815868,0.000683777,0.015341235,0.000848327,0.00071098,10,gaussian
358,8,1,0.960675427,0.01389766,0.000848115,0.00066497,0.014466551,0.000882832,0.000692191,10,gaussian
358,9,1,0.960473822,0.011035639,0.000691566,0.000479936,0.011489787,0.000720026,0.000499687,10,gaussian
358,10,0,0.994283754,0.992753691,0.993052521,0.079076185,0.998461141,0.998761689,0.079530803,10,gaussian
358,11,0,0.992819895,0.992770646,0.992776013,0.050715624,0.999950395,0.9999558,0.051082401,10,gaussian
358,12,0,0.998133667,0.998118381,0.998117594,0.033388928,0.999984686,0.999983898,0.03345136,10,gaussian
358,13,0,0.994279254,0.994149971,0.99414724,0.057719656,0.999869973,0.999867227,0.058051756,10,gaussian
358,14,0,0.99533046,0.995229834,0.995240176,0.033661729,0.999898902,0.999909293,0.033819651,10,gaussian
359,0,0,0.995413132,0.995397739,0.995396416,0.04607341,0.999984536,0.999983207,0.046285716,10,gaussian
359,1,0,0.994640151,0.9946224,0.994618497,0.095674925,0.999982154,0.999978229,0.096190491,10,gaussian
359,2,0,0.99375674,0.99374168,0.993739588,0.109175475,0.999984845,0.999982739,0.109861368,10,gaussian
359,3,0,0.998539798,0.998509577,0.998510743,0.010771174,0.999969734,0.999970902,0.010786925,10,gaussian
359,4,0,0.99417765,0.994157586,0.994159578,0.069076824,0.999979818,0.999981822,0.069481369,10,gaussian
359,5,0,0.993228231,0.993203667,0.993202092,0.186068723,0.999975268,0.999973683,0.187337329,10,gaussian
359,6,0,0.993588056,0.99355946,0.993558473,0.197253696,0.999971219,0.999970226,0.198526637,10,gaussian
359,7,0,0.996472903,0.996435927,0.996438719,0.054025833,0.999962893,0.999965696,0.054217062,10,gaussian
359,8,0,0.997078961,0.996900224,0.996910424,0.020333752,0.999820739,0.999830969,0.020393322,10,gaussian
359,9,1,0.961366846,0.010930279,0.000543106,0.000426209,0.011369519,0.000564931,0.000443337,10,gaussian
359,10,1,0.96121632,0.014625518,0.000810737,0.000610713,0.015215636,0.000843449,0.000635354,10,gaussian
359,11,1,0.959596417,0.017410402,0.000958919,0.000670607,0.018143463,0.000999294,0.000698843,10,gaussian
359,12,1,0.960842723,0.015840406,0.001112687,0.000632526,0.016485951,0.001158032,0.000658304,10,gaussian
359,13,1,0.960505214,0.011982623,0.00132335,0.000468704,0.012475334,0.001377764,0.000487976,10,gaussian
359,14,0,0.994559465,0.991989338,0.991526735,0.069201188,0.997415814,0.99695068,0.069579739,10,gaussian
360,0,0,0.993196763,0.993181312,0.993180479,0.08235134,0.999984443,0.999983604,0.082915433,10,gaussian
360,1,0,0.989534978,0.989521017,0.989515964,0.202447708,0.999985891,0.999980785,0.204588734,10,gaussian
360,2,0,0.999083128,0.999059236,0.999064577,0.022543414,0.999976086,0.999981431,0.022564102,10,gaussian
360,3,0,0.997265287,0.997233635,0.997235484,0.018601519,0.999968261,0.999970115,0.018652529,10,gaussian
360,4,0,0.990316763,0.990306388,0.99031002,0.454236884,0.999989523,0.999993191,0.458678375,10,gaussian
360,5,0,0.993949593,0.993908494,0.993896776,0.029928081,0.999958651,0.999946862,0.030110261,10,gaussian
360,6,0,0.997625694,0.997523647,0.997520811,0.029034809,0.99989771,0.999894867,0.02910391,10,gaussian
360,7,0,0.987549228,0.987461367,0.987477041,0.261455193,0.999911031,0.999926903,0.264751554,10,gaussian
360,8,0,0.994151602,0.993470246,0.993513514,0.041778483,0.999314636,0.999358158,0.042024258,10,gaussian
360,9,0,0.9940697,0.993783787,0.993740948,0.063756014,0.999712381,0.999669286,0.064136362,10,gaussian
360,10,1,0.961162357,0.014531003,0.000779051,0.000443646,0.015118157,0.00081053,0.000461572,10,gaussian
360,11,1,0.960945543,0.011996696,0.000617299,0.000457823,0.012484262,0.000642387,0.00047643,10,gaussian
360,12,1,0.961505175,0.015955174,0.000926799,0.000600106,0.016593956,0.000963904,0.000624132,10,gaussian
360,13,1,0.960753896,0.014924293,0.000850101,0.000632414,0.015533939,0.000884827,0.000658248,10,gaussian
360,14,1,0.960288665,0.016961559,0.000957367,0.000689432,0.017662979,0.000996958,0.000717943,10,gaussian
361,0,0,0.995820353,0.99578652,0.995789982,0.107111409,0.999966025,0.999969502,0.107560976,10,gaussian
361,1,0,0.996704341,0.996689187,0.996687122,0.044036204,0.999984796,0.999982724,0.044181812,10,gaussian
361,2,0,0.995922699,0.995903688,0.995905071,0.014917625,0.999980911,0.9999823,0.014978697,10,gaussian
361,3,0,0.995819745,0.995718349,0.995727013,0.019166948,0.999898178,0.999906879,0.019247407,10,gaussian
361,4,0,0.997056575,0.997038019,0.997037421,0.059892436,0.999981389,0.999980789,0.060069246,10,gaussian
361,5,0,0.996569112,0.996540126,0.9965364,0.151826266,0.999970914,0.999967175,0.152348958,10,gaussian
361,6,0,0.989980644,0.989872109,0.989878363,0.270306807,0.999890367,0.999896684,0.273042518,10,gaussian
361,7,1,0.961197227,0.013060819,0.000450517,0.000411612,0.013588074,0.000468704,0.000428228,10,gaussian
361,8,1,0.96061237,0.015942056,0.000615665,0.000564423,0.016595722,0.000640909,0.000587566,10,gaussian
361,9,1,0.961198322,0.01765297,0.000671913,0.0005917,0.018365585,0.000699037,0.000615586,10,gaussian
361,10,1,0.961281784,0.010890824,0.000486376,0.000399763,0.011329481,0.000505966,0.000415864,10,gaussian
361,11,1,0.961018211,0.015447987,0.000684826,0.000576696,0.016074603,0.000712604,0.000600089,10,gaussian
361,12,0,0.99480371,0.994693257,0.994676939,0.078788752,0.999888971,0.999872567,0.0792003,10,gaussian
361,13,0,0.997151416,0.997051703,0.997064325,0.023907117,0.999900002,0.99991266,0.023975413,10,gaussian
361,14,0,0.994193719,0.994121816,0.994117737,0.148776292,0.999927677,0.999923574,0.149645174,10,gaussian
362,0,0,0.994792722,0.994776615,0.994773303,0.094545913,0.999983808,0.999980479,0.095040816,10,gaussian
362,1,0,0.996224623,0.996184096,0.996184487,0.011357187,0.999959319,0.999959712,0.011400227,10,gaussian
362,2,0,0.998094526,0.998081314,0.998082229,0.009936583,0.999986763,0.999987679,0.009955553,10,gaussian
362,3,0,0.996038019,0.996003198,0.996003494,0.041346114,0.999965041,0.999965338,0.041510578,10,gaussian
362,4,0,0.997493176,0.997447068,0.997443378,0.012886135,0.999953776,0.999950077,0.012918519,10,gaussian
362,5,0,0.996300188,0.996192148,0.996189062,0.02461381,0.999891559,0.999888461,0.024705215,10,gaussian
362,6,0,0.99482808,0.994730376,0.99472587,0.043742735,0.999901788,0.999897259,0.043970145,10,gaussian
362,7,0,0.995687601,0.995427688,0.995407522,0.027507461,0.999738961,0.999718708,0.027626598,10,gaussian
362,8,0,0.996304214,0.996041483,0.996046304,0.039042622,0.999736294,0.999741134,0.03918745,10,gaussian
362,9,1,0.960945811,0.009753458,0.000476756,0.000418995,0.010149853,0.000496133,0.000436023,10,gaussian
362,10,1,0.961586923,0.015372693,0.00069206,0.000591709,0.015986795,0.000719706,0.000615346,10,gaussian
362,11,1,0.961694236,0.010331974,0.000588715,0.00041238,0.010743512,0.000612165,0.000428806,10,gaussian
362,12,1,0.961369861,0.014144268,0.000726954,0.000576272,0.014712619,0.000756165,0.000599428,10,gaussian
362,13,1,0.960190766,0.013308625,0.000774484,0.000649887,0.013860397,0.000806594,0.000676831,10,gaussian
362,14,0,0.99719833,0.996030535,0.996133563,0.015562329,0.998828924,0.998932241,0.015606052,10,gaussian
363,0,0,0.991322408,0.991309323,0.991311244,0.090126244,0.9999868,0.999988738,0.090915169,10,gaussian
363,1,0,0.996308688,0.996292055,0.996291521,0.024233771,0.999983305,0.999982769,0.024323557,10,gaussian
363,2,0,0.994840172,0.994809861,0.994813597,0.042428171,0.999969532,0.999973288,0.042648229,10,gaussian
363,3,0,0.995274548,0.995236427,0.995238933,0.039317711,0.999961698,0.999964216,0.039504387,10,gaussian
363,4,0,0.996475305,0.996444453,0.996440182,0.027023522,0.999969039,0.999964753,0.027119109,10,gaussian
363,5,0,0.995326116,0.995259621,0.995268576,0.02871833,0.999933193,0.99994219,0.028853186,10,gaussian
363,6,0,0.99338159,0.993270058,0.993280936,0.090492895,0.999887725,0.999898675,0.091095804,10,gaussian
363,7,0,0.995104987,0.995075462,0.995073177,0.097556155,0.99997033,0.999968034,0.098036043,10,gaussian
363,8,1,0.961503141,0.012364349,0.000559931,0.000480935,0.012859395,0.00058235,0.00050019,10,gaussian
363,9,1,0.960024433,0.017428595,0.000794677,0.000696108,0.018154325,0.000827768,0.000725094,10,gaussian
363,10,1,0.96240587,0.016354853,0.000812064,0.000680998,0.016993717,0.000843786,0.0007076,10,gaussian
363,11,1,0.961663598,0.017597778,0.000748201,0.000643537,0.018299308,0.000778028,0.000669191,10,gaussian
363,12,1,0.96042176,0.013632912,0.000552566,0.000494548,0.014194714,0.000575337,0.000514928,10,gaussian
363,13,0,0.994579629,0.994244404,0.994239675,0.05270391,0.999662948,0.999658193,0.052991142,10,gaussian
363,14,0,0.996150885,0.995816531,0.99590246,0.025410797,0.999664353,0.999750615,0.025508984,10,gaussian
364,0,0,0.995196051,0.995186844,0.995185793,0.054819908,0.999990749,0.999989692,0.055084531,10,gaussian
364,1,0,0.997712555,0.99770359,0.997704025,0.041475,0.999991014,0.99999145,0.04157009,10,gaussian
364,2,0,0.995275476,0.995248424,0.995255794,0.105906201,0.999972819,0.999980225,0.106408933,10,gaussian
364,3,0,0.996298237,0.996265888,0.996271008,0.014799729,0.99996753,0.99997267,0.014854718,10,gaussian
364,4,0,0.998150783,0.99809232,0.998096818,0.014600231,0.999941429,0.999945935,0.01462728,10,gaussian
364,5,0,0.991288781,0.99121294,0.991259566,0.60885208,0.999923493,0.999970528,0.614202533,10,gaussian
364,6,0,0.99815964,0.99811246,0.99812248,0.016474119,0.999952733,0.999962772,0.016504493,10,gaussian
364,7,0,0.996245803,0.996065679,0.996092037,0.18639622,0.999819198,0.999845655,0.187098625,10,gaussian
364,8,0,0.995449259,0.995301465,0.995283284,0.031120925,0.99985153,0.999833267,0.031263196,10,gaussian
364,9,0,0.990986625,0.990371594,0.990626641,0.367017669,0.999379375,0.999636742,0.370355825,10,gaussian
364,10,1,0.960744993,0.011636516,0.000550874,0.000440566,0.012111972,0.000573382,0.000458567,10,gaussian
364,11,1,0.960439519,0.012390507,0.000622171,0.000437778,0.012900872,0.000647798,0.00045581,10,gaussian
364,12,1,0.961019459,0.014802928,0.000750234,0.000592323,0.015403359,0.000780664,0.000616348,10,gaussian
364,13,1,0.961301332,0.014834146,0.000820159,0.000592965,0.015431317,0.000853175,0.000616836,10,gaussian
364,14,1,0.96162669,0.014858557,0.000794085,0.000595657,0.015451482,0.000825773,0.000619427,10,gaussian
365,0,0,0.994711944,0.994697865,0.99469979,0.127750832,0.999985845,0.999987781,0.128429977,10,gaussian
365,1,0,1.002591078,1.002579885,1.002579941,0.030411532,0.999988836,0.999988892,0.030332937,10,gaussian
365,2,0,0.999918961,0.999888907,0.999889013,0.005374,0.999969943,0.999970049,0.005374435,10,gaussian
365,3,0,0.99566891,0.995642319,0.995639617,0.019725012,0.999973293,0.99997058,0.019810815,10,gaussian
365,4,0,0.998217622,0.99818592,0.998188996,0.015404471,0.999968241,0.999971323,0.015431977,10,gaussian
365,5,0,0.997058127,0.996988063,0.996989107,0.0221231,0.99992973,0.999930777,0.022188376,10,gaussian
365,6,0,0.995845935,0.995719735,0.995721564,0.016913633,0.999873274,0.999875111,0.016984186,10,gaussian
365,7,0,0.993143717,0.992202939,0.992355945,0.070378847,0.999052727,0.99920679,0.070864715,10,gaussian
365,8,1,0.961428381,0.01149158,0.000773383,0.000421181,0.011952612,0.00080441,0.000438078,10,gaussian
365,9,1,0.961100071,0.013945202,0.000944028,0.00058004,0.014509625,0.000982237,0.000603517,10,gaussian
365,10,1,0.962249682,0.017360137,0.000884394,0.000572186,0.018041198,0.00091909,0.000594633,10,gaussian
365,11,1,0.960545966,0.014779757,0.000866803,0.000595361,0.01538683,0.000902407,0.000619815,10,gaussian
365,12,1,0.959816823,0.01068091,0.000639578,0.000440677,0.011128071,0.000666354,0.000459126,10,gaussian
365,13,0,0.994040078,0.993622942,0.993584714,0.07752271,0.999580364,0.999541906,0.077987509,10,gaussian
365,14,0,0.996516701,0.995673586,0.995575292,0.021466372,0.999153938,0.9990553,0.021541407,10,gaussian
366,0,0,0.995837544,0.995802526,0.995801053,0.021013908,0.999964836,0.999963357,0.021101743,10,gaussian
366,1,0,0.989842515,0.989822949,0.989824522,0.191980271,0.999980233,0.999981823,0.193950319,10,gaussian
366,2,0,0.997190858,0.997184086,0.997184458,0.0580315,0.999993209,0.999993583,0.058194978,10,gaussian
366,3,0,0.995058556,0.995039533,0.995037365,0.034957146,0.999980883,0.999978704,0.035130743,10,gaussian
366,4,0,0.997418366,0.997407204,0.997406119,0.012777479,0.999988809,0.999987721,0.012810551,10,gaussian
366,5,0,0.99645456,0.99643885,0.996439326,0.011915834,0.999984235,0.999984712,0.011958231,10,gaussian
366,6,0,0.993793556,0.993763399,0.993766968,0.126681224,0.999969655,0.999973246,0.127472374,10,gaussian
366,7,0,0.994065543,0.994018585,0.994018311,0.060409308,0.999952762,0.999952486,0.060769945,10,gaussian
366,8,0,0.995542794,0.995412463,0.9954184,0.067031895,0.999869086,0.99987505,0.067332008,10,gaussian
366,9,0,0.99350917,0.993340312,0.993300066,0.040878632,0.999830039,0.99978953,0.041145702,10,gaussian
366,10,1,0.960772957,0.011650906,0.000504177,0.000447671,0.012126597,0.000524762,0.000465949,10,gaussian
366,11,1,0.961852182,0.013950878,0.000659613,0.000578709,0.014504181,0.000685774,0.000601661,10,gaussian
366,12,1,0.960681108,0.009886295,0.000539817,0.000454661,0.010290923,0.000561911,0.000473269,10,gaussian
366,13,1,0.961678762,0.017248539,0.000719935,0.000630156,0.017935863,0.000748623,0.000655267,10,gaussian
366,14,1,0.960314834,0.013181629,0.000710195,0.000619155,0.013726362,0.000739544,0.000644742,10,gaussian
367,0,0,0.998322095,0.998283544,0.998282104,0.037423178,0.999961384,0.999959941,0.037486076,10,gaussian
367,1,0,0.995913262,0.995892454,0.995893193,0.017856261,0.999979107,0.999979849,0.017929534,10,gaussian
367,2,0,0.994593598,0.994582561,0.994582218,0.033937762,0.999988904,0.999988558,0.034122241,10,gaussian
367,3,0,0.992887101,0.992867263,0.992867509,0.073816079,0.99998002,0.999980268,0.074344886,10,gaussian
367,4,0,0.991785698,0.99174432,0.991736892,0.050181772,0.99995828,0.99995079,0.050597394,10,gaussian
367,5,0,0.996257253,0.996203096,0.996210152,0.037742329,0.999945639,0.999952722,0.03788412,10,gaussian
367,6,0,0.999066992,0.999009236,0.999008749,0.014850009,0.999942191,0.999941703,0.014863877,10,gaussian
367,7,0,0.991047352,0.990972781,0.990989748,0.289757539,0.999924756,0.999941876,0.29237507,10,gaussian
367,8,0,0.996144514,0.995541286,0.995461181,0.026588009,0.999394437,0.999314023,0.026690916,10,gaussian
367,9,1,0.960172572,0.011275843,0.000537437,0.000449507,0.011743559,0.000559729,0.000468152,10,gaussian
367,10,1,0.96134983,0.014516407,0.00076165,0.000610444,0.015100025,0.000792272,0.000634986,10,gaussian
367,11,1,0.960139822,0.018437233,0.000833878,0.00065397,0.019202654,0.000868496,0.000681119,10,gaussian
367,12,1,0.961300386,0.018460014,0.000886435,0.000598543,0.019203169,0.000922121,0.000622639,10,gaussian
367,13,1,0.961086352,0.012446024,0.000877055,0.000451241,0.012949954,0.000912566,0.000469511,10,gaussian
367,14,0,0.995215655,0.994351616,0.993779083,0.067290503,0.999131807,0.998556522,0.067613992,10,gaussian
368,0,0,0.993614969,0.993591106,0.993593826,0.031563319,0.999975984,0.999978721,0.031766147,10,gaussian
368,1,0,0.996951066,0.996942114,0.996942591,0.029210925,0.99999102,0.999991499,0.02930026,10,gaussian
368,2,0,0.995313397,0.995303119,0.995303025,0.264141911,0.999989674,0.99998958,0.265385669,10,gaussian
368,3,0,0.997129454,0.997126838,0.997125796,0.032953545,0.999997376,0.999996331,0.033048412,10,gaussian
368,4,0,0.993689805,0.993675887,0.993672978,0.119765869,0.999985993,0.999983065,0.120526414,10,gaussian
368,5,0,0.995743981,0.995581141,0.995576578,0.069473727,0.999836464,0.999831882,0.069770673,10,gaussian
368,6,0,0.995648188,0.995561209,0.995574159,0.037816999,0.999912641,0.999925647,0.037982291,10,gaussian
368,7,0,0.995862838,0.995765913,0.995778018,0.041977537,0.999902672,0.999914827,0.042151926,10,gaussian
368,8,0,0.994121143,0.99393498,0.993863763,0.05398049,0.999812736,0.999741098,0.054299711,10,gaussian
368,9,1,0.960227607,0.013886484,0.000650164,0.000513704,0.014461658,0.000677093,0.000534981,10,gaussian
368,10,1,0.961401709,0.019010805,0.000825373,0.000662478,0.019774049,0.00085851,0.000689075,10,gaussian
368,11,1,0.96190892,0.020722623,0.000877968,0.000710086,0.021543228,0.000912736,0.000738205,10,gaussian
368,12,1,0.961541551,0.016394276,0.000769012,0.000650849,0.017049992,0.00079977,0.000676881,10,gaussian
368,13,1,0.960591013,0.010940764,0.000563725,0.000492949,0.011389617,0.000586853,0.000513173,10,gaussian
368,14,0,0.997985717,0.997747179,0.997733002,0.016905711,0.999760981,0.999746775,0.016939833,10,gaussian
369,0,0,0.996647506,0.996600723,0.996603738,0.036007112,0.99995306,0.999956085,0.036128232,10,gaussian
369,1,0,0.993756055,0.993741502,0.993741831,0.123773542,0.999985355,0.999985686,0.124551233,10,gaussian
369,2,0,0.988891348,0.988878233,0.988880801,0.936249473,0.999986737,0.999989334,0.946766775,10,gaussian
369,3,0,0.993457762,0.99344279,0.993442301,0.03806958,0.99998493,0.999984437,0.03832028,10,gaussian
369,4,0,0.993220702,0.993209672,0.993209152,0.101075899,0.999988895,0.999988372,0.101765799,10,gaussian
369,5,0,0.993106095,0.993090991,0.993092006,0.326588602,0.999984792,0.999985813,0.328855702,10,gaussian
369,6,0,0.995188948,0.995160851,0.995153266,0.058859627,0.999971767,0.999964145,0.059144173,10,gaussian
369,7,0,0.994509564,0.994458387,0.994458378,0.028024258,0.99994854,0.999948531,0.028178972,10,gaussian
369,8,0,0.999704218,0.999604634,0.999608051,0.009366612,0.999900387,0.999903804,0.009369384,10,gaussian
369,9,0,0.992494503,0.990086669,0.99010684,0.142559261,0.997573957,0.997594281,0.143637331,10,gaussian
369,10,1,0.961867966,0.011913502,0.000526602,0.000436569,0.012385798,0.000547478,0.000453877,10,gaussian
369,11,1,0.960639766,0.01105204,0.000644847,0.000469552,0.011504875,0.000671268,0.000488791,10,gaussian
369,12,1,0.959518226,0.018628222,0.000813444,0.000675522,0.019414141,0.000847763,0.000704022,10,gaussian
369,13,1,0.960758499,0.01601307,0.000849375,0.000656497,0.016667113,0.000884067,0.000683311,10,gaussian
369,14,1,0.961016469,0.015202756,0.000834026,0.000673001,0.015819454,0.000867858,0.000700301,10,gaussian
370,0,0,0.99721701,0.997198677,0.997195836,0.047191823,0.999981616,0.999978768,0.047323524,10,gaussian
370,1,0,0.994725477,0.994698509,0.994696791,0.038548165,0.999972889,0.999971162,0.038752567,10,gaussian
370,2,0,0.99414218,0.99408834,0.994085963,0.025241273,0.999945843,0.999943451,0.025390004,10,gaussian
370,3,0,0.991685122,0.991628356,0.991642945,0.139044546,0.999942758,0.999957469,0.140210379,10,gaussian
370,4,0,0.993430512,0.993413993,0.993410188,0.092175757,0.999983371,0.999979541,0.092785309,10,gaussian
370,5,0,0.995930569,0.995763381,0.995753312,0.027912184,0.99983213,0.999822019,0.028026235,10,gaussian
370,6,1,0.961055336,0.01153103,0.000467605,0.000439225,0.0119983,0.000486554,0.000457024,10,gaussian
370,7,1,0.95982012,0.013937607,0.000670572,0.000645376,0.014521062,0.000698643,0.000672392,10,gaussian
370,8,1,0.960736894,0.013980105,0.000449896,0.000435964,0.01455144,0.000468282,0.000453781,10,gaussian
370,9,1,0.961266982,0.014259604,0.000664153,0.000631738,0.014834176,0.000690914,0.000657193,10,gaussian
370,10,1,0.961243254,0.015685161,0.000656286,0.000623385,0.016317577,0.000682747,0.00064852,10,gaussian
370,11,0,0.996926154,0.996899062,0.996893952,0.019877255,0.999972824,0.999967699,0.019938543,10,gaussian
370,12,0,0.998506799,0.998469186,0.998449821,0.026334407,0.99996233,0.999942937,0.026373788,10,gaussian
370,13,0,0.996322162,0.99629336,0.996295256,0.016642381,0.999971091,0.999972995,0.016703815,10,gaussian
370,14,0,0.997369884,0.997314198,0.997322608,0.009178503,0.999944167,0.999952599,0.009202707,10,gaussian
371,0,0,0.996378208,0.996357535,0.996353283,0.10206915,0.999979253,0.999974985,0.102440167,10,gaussian
371,1,0,0.994619456,0.994611408,0.994613432,0.039479269,0.999991908,0.999993943,0.039692838,10,gaussian
371,2,0,0.99447445,0.994444417,0.994450074,0.037317291,0.9999698,0.999975489,0.037524636,10,gaussian
371,3,0,0.993713744,0.993680944,0.993680098,0.136260165,0.999966992,0.999966141,0.13712215,10,gaussian
371,4,0,0.994258198,0.994218119,0.994221566,0.100408957,0.99995969,0.999963156,0.100988814,10,gaussian
371,5,0,0.996825552,0.996805499,0.996807677,0.055480601,0.999979883,0.999982068,0.055657282,10,gaussian
371,6,0,0.989429224,0.989418489,0.989422535,0.451389408,0.99998915,0.999993239,0.456211922,10,gaussian
371,7,0,0.99261324,0.992586838,0.992586204,0.158217801,0.999973401,0.999972763,0.159395216,10,gaussian
371,8,0,0.997540188,0.99732234,0.997317998,0.006829417,0.999781615,0.999777262,0.006846258,10,gaussian
371,9,1,0.961775993,0.008876693,0.000571359,0.00045028,0.00922948,0.000594066,0.000468175,10,gaussian
371,10,1,0.961118219,0.016407161,0.00083752,0.000624751,0.017070908,0.000871402,0.000650025,10,gaussian
371,11,1,0.960331517,0.02002048,0.001017303,0.00070151,0.020847467,0.001059325,0.000730488,10,gaussian
371,12,1,0.962790404,0.019496141,0.001050803,0.000599752,0.020249622,0.001091414,0.000622931,10,gaussian
371,13,1,0.9601036,0.013103699,0.000957545,0.000479344,0.013648213,0.000997336,0.000499263,10,gaussian
371,14,0,0.988140413,0.983115883,0.983413,0.2491303,0.994915167,0.995215849,0.252120343,10,gaussian
372,0,0,0.994465529,0.994451334,0.994452601,0.061098049,0.999985726,0.999987,0.061438077,10,gaussian
372,1,0,0.997180843,0.997155354,0.997155981,0.026208813,0.99997444,0.999975068,0.026282908,10,gaussian
372,2,0,0.994925319,0.994917624,0.994912691,0.056736738,0.999992266,0.999987308,0.057026127,10,gaussian
372,3,0,0.994791351,0.994761414,0.994761756,0.018988812,0.999969906,0.999970251,0.019088236,10,gaussian
372,4,0,0.992757804,0.992738067,0.992736875,0.282162948,0.99998012,0.999978918,0.284221335,10,gaussian
372,5,0,0.98686731,0.986813413,0.986816989,0.538879595,0.999945386,0.999949009,0.54605071,10,gaussian
372,6,0,0.994166455,0.993612256,0.993740281,0.093721833,0.999442549,0.999571325,0.094271772,10,gaussian
372,7,0,0.996213849,0.995038585,0.995328607,0.026578319,0.998820269,0.999111393,0.026679331,10,gaussian
372,8,0,0.992516373,0.992235805,0.99228276,0.155428402,0.999717317,0.999764626,0.156600341,10,gaussian
372,9,1,0.960750478,0.009922405,0.000678403,0.000467454,0.010327765,0.000706118,0.000486551,10,gaussian
372,10,1,0.960788849,0.012858125,0.000893497,0.000651516,0.013382883,0.000929962,0.000678105,10,gaussian
372,11,1,0.960722929,0.015123141,0.000885715,0.000667247,0.015741418,0.000921925,0.000694526,10,gaussian
372,12,1,0.960321897,0.00956189,0.000625108,0.000456978,0.009956964,0.000650936,0.00047586,10,gaussian
372,13,1,0.961052012,0.011972585,0.000844962,0.000641079,0.01245779,0.000879206,0.00066706,10,gaussian
372,14,0,0.997292354,0.996619557,0.996630638,0.014903003,0.999325376,0.999336488,0.014943464,10,gaussian
373,0,0,0.996248452,0.996245079,0.996241039,0.031075266,0.999996614,0.999992559,0.031192286,10,gaussian
373,1,0,0.997220408,0.997169095,0.997165365,0.009735856,0.999948544,0.999944803,0.009762993,10,gaussian
373,2,0,0.997499396,0.997482363,0.997482639,0.035083273,0.999982925,0.9999832,0.035171222,10,gaussian
373,3,0,0.998610814,0.998604301,0.998605189,0.019333697,0.999993478,0.999994368,0.019360592,10,gaussian
373,4,0,0.99572927,0.995710752,0.99571141,0.037373441,0.999981402,0.999982063,0.037533738,10,gaussian
373,5,0,0.992241484,0.99222921,0.992235244,0.33995862,0.999987631,0.999993711,0.342616818,10,gaussian
373,6,0,0.995722053,0.995697093,0.99569848,0.030853042,0.999974933,0.999976326,0.030985597,10,gaussian
373,7,0,0.996113447,0.996087074,0.996085883,0.026547534,0.999973524,0.999972328,0.026651115,10,gaussian
373,8,0,0.995404249,0.995305059,0.995281821,0.092625648,0.999900352,0.999877006,0.093053298,10,gaussian
373,9,0,0.992400689,0.990778792,0.990726632,0.115012618,0.998365684,0.998313124,0.115893328,10,gaussian
373,10,1,0.960643616,0.010533153,0.000425953,0.000407139,0.010964683,0.000443404,0.000423819,10,gaussian
373,11,1,0.960525305,0.010223285,0.000483194,0.000423399,0.010643432,0.000503052,0.0004408,10,gaussian
373,12,1,0.961239026,0.014990156,0.000628214,0.000575036,0.015594618,0.000653546,0.000598224,10,gaussian
373,13,1,0.960833292,0.01507555,0.000681446,0.000618696,0.015690078,0.000709224,0.000643916,10,gaussian
373,14,1,0.960030715,0.018139458,0.000638555,0.00058558,0.018894664,0.000665141,0.00060996,10,gaussian
374,0,0,0.990500793,0.990474962,0.990475883,0.200113338,0.999973921,0.999974851,0.202032487,10,gaussian
374,1,0,0.987014138,0.987003348,0.987004654,0.336785097,0.999989068,0.999990392,0.341216082,10,gaussian
374,2,0,0.993394066,0.993381821,0.993383347,0.050327905,0.999987673,0.999989209,0.050662578,10,gaussian
374,3,0,0.99504634,0.994985152,0.994978256,0.045974706,0.999938508,0.999931577,0.046203583,10,gaussian
374,4,0,0.998107663,0.998081515,0.998077732,0.026909723,0.999973802,0.999970012,0.026960742,10,gaussian
374,5,0,0.996667365,0.996658842,0.996659014,0.133407995,0.999991448,0.999991621,0.133854082,10,gaussian
374,6,0,0.994141671,0.9941013,0.994105322,0.104506935,0.99995939,0.999963437,0.105122779,10,gaussian
374,7,0,0.997877813,0.997809113,0.99781438,0.011775463,0.999931154,0.999936432,0.011800506,10,gaussian
374,8,0,0.996286581,0.996238581,0.996235742,0.087348215,0.999951821,0.999948971,0.087673785,10,gaussian
374,9,1,0.96085455,0.010348908,0.000483445,0.000434962,0.010770525,0.000503141,0.000452682,10,gaussian
374,10,1,0.961535178,0.015402329,0.000667444,0.000599634,0.016018477,0.000694145,0.000623621,10,gaussian
374,11,1,0.962176432,0.015803191,0.00069129,0.000618369,0.016424421,0.000718465,0.000642677,10,gaussian
374,12,1,0.959838435,0.012154736,0.000516442,0.000464334,0.012663315,0.000538051,0.000483763,10,gaussian
374,13,1,0.961240591,0.014577542,0.000646645,0.000585442,0.015165342,0.000672719,0.000609049,10,gaussian
374,14,0,0.998555166,0.996527822,0.996585319,0.074187628,0.997969723,0.998027302,0.074294972,10,gaussian
375,0,0,0.993159228,0.993092287,0.993072693,0.069145407,0.999932598,0.999912869,0.069621673,10,gaussian
375,1,0,0.992570098,0.992545965,0.992542281,0.046265649,0.999975687,0.999971975,0.046611972,10,gaussian
375,2,0,0.997974608,0.99796849,0.997968273,0.051678586,0.99999387,0.999993653,0.051783468,10,gaussian
375,3,0,0.995321526,0.995308002,0.995308078,0.026401186,0.999986412,0.999986488,0.026525284,10,gaussian
375,4,0,0.989642204,0.98961757,0.989621277,0.277985926,0.999975108,0.999978854,0.280895383,10,gaussian
375,5,0,0.998683509,0.998652382,0.998650666,0.014308343,0.999968832,0.999967114,0.014327204,10,gaussian
375,6,0,0.991676972,0.99166178,0.991662261,0.081173239,0.999984681,0.999985166,0.081854517,10,gaussian
375,7,0,0.989708294,0.989668199,0.989666339,0.308084725,0.999959489,0.999957609,0.311288414,10,gaussian
375,8,0,0.992709547,0.992521628,0.992506668,0.053011796,0.9998107,0.999795631,0.053401115,10,gaussian
375,9,1,0.959754835,0.011996343,0.000572103,0.000463101,0.012499383,0.000596092,0.00048252,10,gaussian
375,10,1,0.960918711,0.016590823,0.000780818,0.000626439,0.017265584,0.000812574,0.000651917,10,gaussian
375,11,1,0.960896218,0.014783864,0.0008239,0.00065184,0.015385495,0.000857429,0.000678367,10,gaussian
375,12,1,0.960846031,0.014067988,0.000861416,0.000622908,0.014641251,0.000896518,0.000648291,10,gaussian
375,13,1,0.960476091,0.01068402,0.000812405,0.000454464,0.011123671,0.000845836,0.000473165,10,gaussian
375,14,0,0.994519122,0.989555947,0.989754415,0.050325309,0.995009473,0.995209035,0.050602656,10,gaussian
376,0,0,0.995736447,0.995702195,0.995700007,0.028581082,0.999965601,0.999963403,0.02870346,10,gaussian
376,1,0,0.997621459,0.997596021,0.997597123,0.039781541,0.999974501,0.999975606,0.039876388,10,gaussian
376,2,0,0.996015028,0.995995288,0.995989458,0.024604526,0.999980181,0.999974328,0.024702967,10,gaussian
376,3,0,0.997645879,0.997632322,0.997631478,0.007614406,0.999986411,0.999985564,0.007632374,10,gaussian
376,4,0,0.997179288,0.99716113,0.997162882,0.008920864,0.99998179,0.999983547,0.008946098,10,gaussian
376,5,0,0.997041482,0.997023691,0.997021465,0.017467351,0.999982155,0.999979923,0.017519182,10,gaussian
376,6,0,0.99336724,0.9933409,0.993335244,0.173671026,0.999973484,0.999967791,0.174830636,10,gaussian
376,7,0,0.996325145,0.996242942,0.996246034,0.033841732,0.999917494,0.999920597,0.033966555,10,gaussian
376,8,0,0.995344044,0.99250476,0.99290338,0.007782145,0.997147434,0.997547919,0.007818548,10,gaussian
376,9,1,0.960611974,0.014130294,0.001477782,0.000537654,0.014709679,0.001538376,0.0005597,10,gaussian
376,10,1,0.961008833,0.01694941,0.001256631,0.000699899,0.017637101,0.001307617,0.000728296,10,gaussian
376,11,1,0.962031846,0.016947672,0.001149605,0.000694348,0.01761654,0.001194976,0.000721751,10,gaussian
376,12,1,0.96051867,0.015374876,0.001260589,0.000696061,0.016006848,0.001312404,0.000724672,10,gaussian
376,13,1,0.961687961,0.01458329,0.001866295,0.000513104,0.015164264,0.001940646,0.000533545,10,gaussian
376,14,0,0.995971283,0.991470768,0.99208609,0.024648325,0.995481281,0.996099092,0.024748027,10,gaussian
377,0,0,0.999048155,0.999029964,0.999026917,0.011484005,0.999981792,0.999978742,0.011494947,10,gaussian
377,1,0,0.9958947,0.995867038,0.995865682,0.026477692,0.999972224,0.999970863,0.026586839,10,gaussian
377,2,0,0.996938451,0.996909443,0.996908923,0.012095156,0.999970903,0.999970381,0.0121323,10,gaussian
377,3,0,0.995116476,0.995093235,0.995094007,0.054517347,0.999976645,0.99997742,0.05478489,10,gaussian
377,4,0,0.99809144,0.998075319,0.998075168,0.010540387,0.999983848,0.999983697,0.010560543,10,gaussian
377,5,0,0.996946036,0.996929415,0.996926053,0.023213916,0.999983328,0.999979956,0.023285028,10,gaussian
377,6,0,0.99295484,0.992879534,0.992889709,0.142015135,0.99992416,0.999934407,0.143022753,10,gaussian
377,7,0,0.993783779,0.993723682,0.993724203,0.041830439,0.999939527,0.999940051,0.042092093,10,gaussian
377,8,0,0.989965707,0.989838331,0.989824505,0.172281978,0.999871333,0.999857366,0.174028228,10,gaussian
377,9,0,0.994899607,0.994752221,0.994737827,0.040247848,0.999851859,0.999837391,0.040454181,10,gaussian
377,10,1,0.959979717,0.012495685,0.000497151,0.000449255,0.013016614,0.000517877,0.000467984,10,gaussian
377,11,1,0.961075717,0.010013021,0.000464024,0.000425674,0.010418556,0.000482818,0.000442914,10,gaussian
377,12,1,0.959760549,0.018347281,0.000690106,0.000639186,0.019116519,0.00071904,0.000665985,10,gaussian
377,13,1,0.961033974,0.015252093,0.000633274,0.000579571,0.015870504,0.000658951,0.00060307,10,gaussian
377,14,1,0.960492105,0.017422499,0.000729194,0.000665308,0.018139138,0.000759188,0.000692674,10,gaussian
378,0,0,0.9954109,0.995393404,0.995394382,0.070936115,0.999982424,0.999983406,0.071263149,10,gaussian
378,1,0,0.995109759,0.995071722,0.995074665,0.025928158,0.999961776,0.999964734,0.026055576,10,gaussian
378,2,0,0.997083392,0.997065166,0.997067625,0.066932585,0.999981721,0.999984187,0.067128372,10,gaussian
378,3,0,0.995624303,0.995556163,0.995546185,0.028546265,0.999931561,0.999921539,0.028671724,10,gaussian
378,4,0,0.989597247,0.989581665,0.989580727,0.235294954,0.999984254,0.999983306,0.2377684,10,gaussian
378,5,0,0.995614472,0.995574746,0.995582766,0.021318665,0.999960099,0.999968154,0.021412571,10,gaussian
378,6,0,0.997942362,0.997903484,0.997899643,0.009308496,0.999961041,0.999957192,0.009327689,10,gaussian
378,7,0,0.997234854,0.996926788,0.996879289,0.014689033,0.999691079,0.999643449,0.014729763,10,gaussian
378,8,0,0.99377997,0.993468331,0.993455142,0.041999864,0.999686411,0.999673139,0.042262739,10,gaussian
378,9,0,0.994645038,0.994354324,0.994237444,0.035517085,0.999707721,0.999590211,0.035708302,10,gaussian
378,10,1,0.9606427,0.008066561,0.00052551,0.000441095,0.008397046,0.00054704,0.000459166,10,gaussian
378,11,1,0.960587532,0.013067625,0.000563445,0.000443699,0.013603784,0.000586563,0.000461904,10,gaussian
378,12,1,0.960898383,0.012404154,0.000747584,0.000624927,0.012908913,0.000778005,0.000650357,10,gaussian
378,13,1,0.960828229,0.015328711,0.000740825,0.000612199,0.015953643,0.000771027,0.000637158,10,gaussian
378,14,1,0.960514176,0.018281436,0.000779495,0.000656341,0.019032968,0.000811539,0.000683323,10,gaussian
379,0,0,0.997479044,0.997459545,0.997456378,0.014855183,0.999980451,0.999977276,0.014892727,10,gaussian
379,1,0,0.995632234,0.995607252,0.995606934,0.019784866,0.999974908,0.999974589,0.01987166,10,gaussian
379,2,0,0.996301225,0.996277769,0.996276706,0.014844551,0.999976457,0.99997539,0.014899661,10,gaussian
379,3,0,0.994146239,0.994130278,0.994122848,0.042461673,0.999983944,0.999976471,0.042711697,10,gaussian
379,4,0,0.993368442,0.993322675,0.993320851,0.039573197,0.999953927,0.999952091,0.039837381,10,gaussian
379,5,0,0.992835687,0.992684266,0.992706023,0.069185967,0.999847487,0.9998694,0.069685213,10,gaussian
379,6,0,0.995986159,0.995935354,0.995931757,0.031877638,0.999948991,0.99994538,0.032006105,10,gaussian
379,7,0,0.99719513,0.996994332,0.996999364,0.080280551,0.999798637,0.999803683,0.080506361,10,gaussian
379,8,0,0.991704827,0.991395942,0.991395877,0.340179259,0.999688532,0.999688466,0.343024708,10,gaussian
379,9,0,0.99640911,0.995889606,0.995973178,0.017734822,0.999478624,0.999562498,0.017798735,10,gaussian
379,10,1,0.961068157,0.010548176,0.000498655,0.00043406,0.010975471,0.000518855,0.000451643,10,gaussian
379,11,1,0.961230656,0.010920335,0.000547343,0.000435885,0.011360785,0.000569419,0.000453465,10,gaussian
379,12,1,0.96233005,0.015912467,0.000663817,0.000561239,0.016535353,0.000689802,0.000583209,10,gaussian
379,13,1,0.960589588,0.016280393,0.000721902,0.000618142,0.016948334,0.00075152,0.000643503,10,gaussian
379,14,1,0.960469459,0.016702117,0.000733559,0.000646157,0.017389534,0.00076375,0.000672752,10,gaussian
380,0,0,0.994942531,0.994924632,0.994925557,0.05956996,0.99998201,0.99998294,0.059872765,10,gaussian
380,1,0,0.992346034,0.992324586,0.992317308,0.045857629,0.999978387,0.999971053,0.046211329,10,gaussian
380,2,0,0.995052441,0.99503479,0.995036917,0.027406876,0.999982262,0.999984399,0.027543147,10,gaussian
380,3,0,0.996466069,0.996455824,0.996456613,0.012037697,0.999989718,0.99999051,0.012080388,10,gaussian
380,4,0,0.997500881,0.997448166,0.997449447,0.011787419,0.999947153,0.999948437,0.011816951,10,gaussian
380,5,0,0.99478196,0.994744283,0.994738529,0.035059141,0.999962126,0.999956341,0.035243041,10,gaussian
380,6,0,0.990324989,0.990227636,0.990230482,0.205549553,0.999901696,0.999904569,0.207557675,10,gaussian
380,7,0,0.994824363,0.994736913,0.994734575,0.056604601,0.999912095,0.999909745,0.05689909,10,gaussian
380,8,0,0.993988674,0.99378905,0.993815999,0.092397681,0.999799168,0.99982628,0.092956473,10,gaussian
380,9,1,0.960565005,0.011478462,0.000845937,0.000561536,0.011949698,0.000880666,0.000584589,10,gaussian
380,10,1,0.960552958,0.01375819,0.001043605,0.000596093,0.014323198,0.001086463,0.000620573,10,gaussian
380,11,1,0.961132787,0.018081342,0.001807443,0.00090612,0.018812532,0.001880535,0.000942763,10,gaussian
380,12,1,0.961158031,0.016082452,0.001406576,0.00081686,0.01673237,0.001463418,0.000849871,10,gaussian
380,13,1,0.961417731,0.017777907,0.00189674,0.000954851,0.018491345,0.001972857,0.00099317,10,gaussian
380,14,0,0.99143104,0.987291345,0.987647902,0.41503683,0.995824526,0.996184164,0.418624002,10,gaussian
381,0,0,0.996363068,0.996344961,0.996347624,0.027287832,0.999981827,0.9999845,0.027387438,10,gaussian
381,1,0,0.992447152,0.992417339,0.99241792,0.057879118,0.99996996,0.999970545,0.058319597,10,gaussian
381,2,0,0.992490955,0.992481331,0.992482764,0.065584915,0.999990304,0.999991748,0.066081121,10,gaussian
381,3,0,0.997871658,0.997857366,0.997853927,0.03436924,0.999985677,0.999982231,0.034442545,10,gaussian
381,4,0,0.993252756,0.993245647,0.993245792,0.385397071,0.999992843,0.999992989,0.388015104,10,gaussian
381,5,0,0.99330671,0.993280419,0.993282634,0.202466393,0.999973531,0.999975762,0.203830691,10,gaussian
381,6,0,0.993775928,0.993772868,0.993770875,0.537434219,0.999996921,0.999994915,0.540800199,10,gaussian
381,7,0,0.995863874,0.99578895,0.995789146,0.033457583,0.999924764,0.999924961,0.033596542,10,gaussian
381,8,0,0.997471426,0.997339423,0.997317053,0.023021535,0.999867661,0.999845235,0.023079894,10,gaussian
381,9,0,0.994359403,0.994146056,0.994135478,0.065626258,0.999785443,0.999774804,0.06599853,10,gaussian
381,10,1,0.96183486,0.011010134,0.000488542,0.000397526,0.011447011,0.000507927,0.0004133,10,gaussian
381,11,1,0.960377634,0.011428808,0.000515915,0.00042795,0.011900327,0.0005372,0.000445606,10,gaussian
381,12,1,0.960925587,0.015224565,0.000719272,0.000599026,0.015843646,0.00074852,0.000623384,10,gaussian
381,13,1,0.961206742,0.016001955,0.000705836,0.000594013,0.016647776,0.000734323,0.000617987,10,gaussian
381,14,1,0.960664321,0.017136129,0.000761015,0.000641724,0.017837791,0.000792176,0.000668,10,gaussian
382,0,0,0.993276219,0.993251141,0.99325457,0.098167208,0.999974753,0.999978204,0.098831731,10,gaussian
382,1,0,0.994486812,0.994438695,0.99443914,0.052465413,0.999951616,0.999952064,0.052756269,10,gaussian
382,2,0,0.995597725,0.995589426,0.995589201,0.047572892,0.999991665,0.999991438,0.047783247,10,gaussian
382,3,0,0.996047821,0.996026587,0.996028367,0.012727795,0.999978682,0.999980469,0.012778298,10,gaussian
382,4,0,0.992403032,0.992356068,0.992351504,0.076140831,0.999952676,0.999948078,0.076723699,10,gaussian
382,5,0,0.993673281,0.993644684,0.99364648,0.142106625,0.999971221,0.999973029,0.143011418,10,gaussian
382,6,0,0.993768083,0.99374008,0.993740239,0.041278912,0.999971822,0.999971982,0.041537771,10,gaussian
382,7,0,0.992525808,0.992493144,0.99249721,0.241664097,0.99996709,0.999971187,0.243483942,10,gaussian
382,8,0,0.995427674,0.99538528,0.995375155,0.023338106,0.999957411,0.99994724,0.023445305,10,gaussian
382,9,0,0.992169639,0.990528816,0.991135674,0.146404351,0.998346227,0.998957875,0.147559798,10,gaussian
382,10,1,0.960486002,0.0108321,0.000501505,0.000432906,0.011277728,0.000522137,0.000450716,10,gaussian
382,11,1,0.959880335,0.017912388,0.000746088,0.000621318,0.018661064,0.000777272,0.000647287,10,gaussian
382,12,1,0.961073536,0.011845558,0.000935187,0.000461002,0.01232534,0.000973065,0.000479674,10,gaussian
382,13,1,0.960883372,0.015673996,0.000868553,0.000646181,0.016312069,0.000903911,0.000672486,10,gaussian
382,14,1,0.960697277,0.013293808,0.001005994,0.000638985,0.013837666,0.00104715,0.000665126,10,gaussian
383,0,0,0.998520714,0.998507851,0.998505712,0.017916482,0.999987118,0.999984976,0.017943025,10,gaussian
383,1,0,0.995623928,0.995614108,0.995614753,0.024647018,0.999990137,0.999990785,0.024755349,10,gaussian
383,2,0,0.996240118,0.996224562,0.996225237,0.025002859,0.999984385,0.999985063,0.025097222,10,gaussian
383,3,0,0.992406899,0.992375491,0.992372088,0.035542926,0.999968351,0.999964922,0.035814872,10,gaussian
383,4,0,0.994884991,0.994792049,0.994787702,0.034330584,0.999906579,0.99990221,0.034507088,10,gaussian
383,5,0,0.995736334,0.995699301,0.995694153,0.032532638,0.999962808,0.999957638,0.032671941,10,gaussian
383,6,0,0.995111507,0.995084328,0.995089811,0.107316748,0.999972687,0.999978198,0.107843942,10,gaussian
383,7,0,1.00067144,1.000542112,1.000508574,0.020162377,0.999870759,0.999837244,0.020148848,10,gaussian
383,8,0,0.999355991,0.999196756,0.999181962,0.011392138,0.999840663,0.999825859,0.011399479,10,gaussian
383,9,0,0.99433158,0.994233761,0.994225452,0.308837419,0.999901623,0.999893267,0.310598019,10,gaussian
383,10,1,0.961296334,0.011596024,0.000484282,0.000420049,0.012062903,0.00050378,0.000436961,10,gaussian
383,11,1,0.960911828,0.011912253,0.000462093,0.000414798,0.012396822,0.000480891,0.000431672,10,gaussian
383,12,1,0.960792014,0.013726369,0.000681898,0.000587628,0.014286514,0.000709725,0.000611608,10,gaussian
383,13,1,0.962088768,0.017536624,0.000715605,0.000592489,0.018227657,0.000743804,0.000615836,10,gaussian
383,14,1,0.961258257,0.015718313,0.000652062,0.000560622,0.01635181,0.000678342,0.000583217,10,gaussian
384,0,0,0.997815419,0.997789849,0.997788771,0.03309677,0.999974375,0.999973293,0.033169231,10,gaussian
384,1,0,0.99814697,0.998127499,0.998128061,0.008047118,0.999980492,0.999981056,0.008062057,10,gaussian
384,2,0,0.991015194,0.990970101,0.990974697,0.063805742,0.999954498,0.999959136,0.064384222,10,gaussian
384,3,0,0.996753287,0.996717331,0.996717434,0.026471013,0.999963927,0.99996403,0.026557237,10,gaussian
384,4,0,1.001025256,1.000970285,1.000959339,0.008725877,0.999945086,0.999934151,0.00871694,10,gaussian
384,5,1,0.959991901,0.009695375,0.000393958,0.000387247,0.010099434,0.000410376,0.000403386,10,gaussian
384,6,1,0.962039446,0.00935257,0.000385664,0.00035932,0.009721608,0.000400882,0.000373498,10,gaussian
384,7,1,0.960314579,0.013184003,0.000557832,0.000547512,0.013728838,0.000580884,0.000570138,10,gaussian
384,8,1,0.959732639,0.013321781,0.000563242,0.000551934,0.013880721,0.000586874,0.000575092,10,gaussian
384,9,1,0.961702637,0.015618572,0.000550489,0.000526476,0.016240542,0.000572411,0.000547442,10,gaussian
384,10,0,0.996020525,0.99600839,0.996009014,0.094673266,0.999987816,0.999988443,0.095051521,10,gaussian
384,11,0,0.998152644,0.998134142,0.998133429,0.032745395,0.999981464,0.99998075,0.032805999,10,gaussian
384,12,0,0.997573381,0.997553358,0.997552923,0.012201989,0.999979928,0.999979492,0.01223167,10,gaussian
384,13,0,1.000042634,1.00000791,1.0000029,0.03544275,0.999965278,0.999960268,0.035441239,10,gaussian
384,14,0,0.995699399,0.995665438,0.995662181,0.033525247,0.999965892,0.999962621,0.033670049,10,gaussian
385,0,0,0.99764169,0.997613858,0.99761212,0.015450839,0.999972102,0.99997036,0.015487363,10,gaussian
385,1,0,0.994594988,0.994555586,0.994556761,0.188411585,0.999960385,0.999961566,0.189435486,10,gaussian
385,2,0,0.995853764,0.995830085,0.99582968,0.024197747,0.999976223,0.999975816,0.024298494,10,gaussian
385,3,0,0.997711197,0.997680143,0.997680317,0.014383692,0.999968875,0.999969049,0.014416689,10,gaussian
385,4,0,0.997237127,0.997218848,0.997221188,0.014150382,0.99998167,0.999984017,0.014189586,10,gaussian
385,5,0,0.998714964,0.998699545,0.998698711,0.008569404,0.999984561,0.999983727,0.00858043,10,gaussian
385,6,0,0.997728601,0.997642387,0.99765933,0.018946703,0.99991359,0.999930571,0.018989836,10,gaussian
385,7,0,0.997606552,0.997476112,0.997465476,0.010986144,0.999869247,0.999858585,0.011012502,10,gaussian
385,8,1,0.961364717,0.011901858,0.0004427,0.000404499,0.012380169,0.000460491,0.000420755,10,gaussian
385,9,1,0.960918733,0.0159556,0.00061322,0.000563202,0.016604526,0.00063816,0.000586108,10,gaussian
385,10,1,0.96169668,0.014369635,0.000663161,0.000588774,0.014941961,0.000689574,0.000612224,10,gaussian
385,11,1,0.961376751,0.013947141,0.000635024,0.000557744,0.014507467,0.000660537,0.000580152,10,gaussian
385,12,1,0.960931228,0.010359198,0.000477551,0.000407295,0.010780374,0.000496967,0.000423855,10,gaussian
385,13,0,0.994611851,0.994418172,0.994412748,0.049206693,0.999805272,0.999799818,0.049473263,10,gaussian
385,14,0,0.995146442,0.994227701,0.994148132,0.023876254,0.999076777,0.99899682,0.023992704,10,gaussian
386,0,0,0.998458725,0.998438635,0.998439792,0.028031083,0.99997988,0.999981038,0.028074353,10,gaussian
386,1,0,0.995418961,0.995385877,0.995390046,0.039675999,0.999966764,0.999970951,0.039858593,10,gaussian
386,2,0,0.99462693,0.994599168,0.994597314,0.044803234,0.999972087,0.999970224,0.045045265,10,gaussian
386,3,0,1.000008453,0.999973732,0.999976424,0.010720688,0.999965279,0.999967971,0.010720597,10,gaussian
386,4,0,0.997010862,0.996989344,0.996986571,0.025384843,0.999978417,0.999975636,0.025460949,10,gaussian
386,5,0,0.99806832,0.997970739,0.99796682,0.014132837,0.999902231,0.999898304,0.01416019,10,gaussian
386,6,0,0.996344356,0.996261769,0.99627263,0.046495372,0.999917109,0.999928011,0.046665967,10,gaussian
386,7,0,0.996851976,0.996708783,0.996750817,0.024972368,0.999856355,0.999898522,0.02505123,10,gaussian
386,8,0,0.994721294,0.992338729,0.992275541,0.024509477,0.997604792,0.997541268,0.024639542,10,gaussian
386,9,1,0.961446141,0.011626726,0.000739155,0.000452244,0.012092956,0.000768795,0.000470379,10,gaussian
386,10,1,0.961042222,0.013656625,0.000922498,0.000630785,0.014210224,0.000959893,0.000656355,10,gaussian
386,11,1,0.961086006,0.013622695,0.000972751,0.000666821,0.014174272,0.001012137,0.00069382,10,gaussian
386,12,1,0.961991432,0.014972446,0.001032336,0.000623067,0.015564012,0.001073123,0.000647685,10,gaussian
386,13,1,0.960799194,0.009639316,0.001107648,0.000478258,0.010032602,0.00115284,0.000497771,10,gaussian
386,14,0,0.994488192,0.992445302,0.992383879,0.069655329,0.997945787,0.997884024,0.070041384,10,gaussian
387,0,0,0.998937225,0.998924465,0.998923773,0.019550189,0.999987227,0.999986534,0.019570988,10,gaussian
387,1,0,0.993491379,0.993456503,0.993460168,0.19058677,0.999964896,0.999968584,0.191835353,10,gaussian
387,2,0,0.995535181,0.995517179,0.995516658,0.026503781,0.999981918,0.999981394,0.026622646,10,gaussian
387,3,0,0.999432088,0.999332683,0.999320453,0.025316291,0.999900539,0.999888303,0.025330676,10,gaussian
387,4,0,0.996874505,0.996864891,0.996866759,0.048111147,0.999990356,0.99999223,0.048261989,10,gaussian
387,5,0,0.996669496,0.996657949,0.996658445,0.022449455,0.999988415,0.999988912,0.022524473,10,gaussian
387,6,0,0.99614078,0.996075145,0.996070286,0.031425586,0.999934111,0.999929233,0.031547334,10,gaussian
387,7,0,0.995988228,0.995953348,0.995953549,0.043624056,0.999964979,0.999965181,0.043799771,10,gaussian
387,8,1,0.961945113,0.011529393,0.000443136,0.000401222,0.011985499,0.000460667,0.000417094,10,gaussian
387,9,1,0.961490616,0.012770321,0.000616368,0.000558426,0.013281795,0.000641054,0.000580792,10,gaussian
387,10,1,0.961159465,0.011711269,0.000489518,0.000415862,0.012184523,0.0005093,0.000432667,10,gaussian
387,11,1,0.961181793,0.013971266,0.000649271,0.000569089,0.014535508,0.000675492,0.000592072,10,gaussian
387,12,1,0.959951782,0.014561334,0.000729379,0.000660057,0.015168818,0.000759808,0.000687594,10,gaussian
387,13,0,0.998146586,0.99800089,0.998022156,0.066474862,0.999854033,0.999875339,0.066598296,10,gaussian
387,14,0,0.997806948,0.997601529,0.997586334,0.026034733,0.999794129,0.999778901,0.026091954,10,gaussian
388,0,0,0.998805917,0.998787102,0.998785843,0.037345806,0.999981162,0.999979902,0.037390454,10,gaussian
388,1,0,0.998016499,0.99794497,0.997945697,0.015464196,0.999928329,0.999929057,0.01549493,10,gaussian
388,2,0,0.997051397,0.997041232,0.997040821,0.02711575,0.999989805,0.999989392,0.02719594,10,gaussian
388,3,0,0.997079838,0.99706431,0.997065046,0.01247174,0.999984426,0.999985165,0.012508266,10,gaussian
388,4,0,0.997114905,0.997091479,0.997092147,0.013847346,0.999976507,0.999977177,0.013887412,10,gaussian
388,5,0,0.996249083,0.996239843,0.996239046,0.129668416,0.999990725,0.999989926,0.130156622,10,gaussian
388,6,0,0.997216772,0.997189311,0.997191674,0.039621653,0.999972462,0.999974832,0.039732237,10,gaussian
388,7,0,0.989437822,0.989358779,0.98938932,0.56356836,0.999920113,0.99995098,0.569584412,10,gaussian
388,8,0,0.997354335,0.997251134,0.997245364,0.008656953,0.999896525,0.99989074,0.008679917,10,gaussian
388,9,1,0.960956357,0.010754406,0.000456019,0.000426065,0.011191358,0.000474548,0.000443376,10,gaussian
388,10,1,0.960962551,0.016920722,0.000658203,0.000615816,0.017608097,0.000684942,0.000640832,10,gaussian
388,11,1,0.96032075,0.009215142,0.000443652,0.000429734,0.0095959,0.000461983,0.00044749,10,gaussian
388,12,1,0.959988355,0.015327286,0.000712803,0.000677581,0.015966116,0.000742512,0.000705823,10,gaussian
388,13,1,0.959858155,0.013847995,0.000654072,0.000632425,0.014427126,0.000681425,0.000658873,10,gaussian
388,14,0,0.997847044,0.997696388,0.997708184,0.01214494,0.999849019,0.99986084,0.012171144,10,gaussian
389,0,0,0.994759096,0.994727318,0.994727786,0.057571988,0.999968054,0.999968525,0.057875307,10,gaussian
389,1,0,0.999572819,0.999545355,0.999544779,0.008225728,0.999972525,0.999971949,0.008229243,10,gaussian
389,2,0,0.991905426,0.991883101,0.991884317,0.109548294,0.999977492,0.999978718,0.110442277,10,gaussian
389,3,0,0.994701768,0.994678778,0.994676971,0.037413749,0.999976887,0.999975071,0.037613032,10,gaussian
389,4,0,0.995318598,0.995304934,0.995303216,0.030203528,0.999986271,0.999984545,0.030345588,10,gaussian
389,5,0,1.000051733,1.000000745,0.999999282,0.010236332,0.999949015,0.999947552,0.010235803,10,gaussian
389,6,0,0.996746901,0.99668537,0.996694779,0.012849677,0.999938268,0.999947708,0.012891615,10,gaussian
389,7,0,0.998614399,0.998544292,0.998546892,0.020729192,0.999929796,0.999932399,0.020757954,10,gaussian
389,8,0,0.998810039,0.99866292,0.998675081,0.010257558,0.999852706,0.999864881,0.010269778,10,gaussian
389,9,0,0.992415281,0.992301504,0.992272024,0.093079346,0.999885354,0.999855649,0.093790722,10,gaussian
389,10,1,0.960629523,0.009990773,0.000456303,0.000423261,0.010400235,0.000475004,0.000440608,10,gaussian
389,11,1,0.960418666,0.009654607,0.000496044,0.000442749,0.010052498,0.000516488,0.000460996,10,gaussian
389,12,1,0.96140526,0.017118932,0.000652273,0.000580327,0.017806156,0.000678458,0.000603624,10,gaussian
389,13,1,0.960668553,0.012845975,0.000681171,0.000600085,0.013371911,0.000709059,0.000624654,10,gaussian
389,14,1,0.961607994,0.018374781,0.000721672,0.000620269,0.01910839,0.000750485,0.000645033,10,gaussian
390,0,0,0.997925128,0.997908674,0.997903447,0.009071172,0.999983512,0.999978274,0.009090033,10,gaussian
390,1,0,0.996594425,0.996580481,0.99658266,0.03060204,0.999986008,0.999988195,0.030706613,10,gaussian
390,2,0,0.995693787,0.995675084,0.995673832,0.021875628,0.999981216,0.999979958,0.021970236,10,gaussian
390,3,0,0.995771049,0.995754969,0.995753572,0.040656814,0.999983852,0.999982448,0.04082948,10,gaussian
390,4,0,0.997891252,0.997863155,0.997862356,0.015666315,0.999971844,0.999971043,0.015699421,10,gaussian
390,5,0,0.989777698,0.989717703,0.989708582,0.177173227,0.999939386,0.99993017,0.17900305,10,gaussian
390,6,0,0.99383766,0.993788667,0.993783726,0.12948632,0.999950703,0.999945732,0.130289206,10,gaussian
390,7,1,0.960367056,0.010377302,0.000473485,0.000435317,0.010805558,0.000493025,0.000453282,10,gaussian
390,8,1,0.961317159,0.013313471,0.000663966,0.00059406,0.013849198,0.000690684,0.000617964,10,gaussian
390,9,1,0.960076278,0.015066752,0.000724819,0.000655433,0.015693286,0.00075496,0.000682689,10,gaussian
390,10,1,0.960949684,0.015918511,0.000684249,0.000597695,0.016565395,0.000712055,0.000621984,10,gaussian
390,11,1,0.960916629,0.012737795,0.000491873,0.000422447,0.013255879,0.000511879,0.00043963,10,gaussian
390,12,0,0.997041981,0.996905546,0.996901818,0.019782913,0.99986316,0.999859422,0.019841605,10,gaussian
390,13,0,0.996658849,0.996080617,0.996012484,0.015696856,0.99941983,0.999351468,0.015749478,10,gaussian
390,14,0,0.9929199,0.992644512,0.992610302,0.124845561,0.999722649,0.999688194,0.125735783,10,gaussian
391,0,0,0.995379842,0.995357012,0.995357491,0.032403446,0.999977064,0.999977546,0.03255385,10,gaussian
391,1,0,0.995976664,0.995951836,0.995951019,0.124548536,0.999975072,0.999974251,0.125051661,10,gaussian
391,2,0,0.994275851,0.994265323,0.994267046,0.116563537,0.999989411,0.999991145,0.117234606,10,gaussian
391,3,0,0.993200949,0.993189828,0.993187773,0.433105373,0.999988804,0.999986734,0.436070237,10,gaussian
391,4,0,0.99334082,0.993284474,0.99328125,0.113446837,0.999943276,0.99994003,0.114207364,10,gaussian
391,5,0,0.997252487,0.997204707,0.997201684,0.019479013,0.999952088,0.999949057,0.019532679,10,gaussian
391,6,0,0.991531485,0.991454061,0.991461741,0.234476425,0.999921915,0.999929661,0.236479051,10,gaussian
391,7,0,0.999850131,0.999808842,0.999811351,0.017436103,0.999958704,0.999961214,0.017438716,10,gaussian
391,8,0,0.995562562,0.9955042,0.995494668,0.022055038,0.999941378,0.999931804,0.022153342,10,gaussian
391,9,0,1.00084186,1.000774488,1.000768707,0.01000443,0.999932685,0.999926909,0.009996014,10,gaussian
391,10,1,0.960853194,0.012502753,0.00055539,0.000486943,0.013012137,0.000578018,0.000506782,10,gaussian
391,11,1,0.959736248,0.012186257,0.000548361,0.000494906,0.012697506,0.000571367,0.000515668,10,gaussian
391,12,1,0.960789543,0.015980301,0.000732282,0.000655661,0.016632468,0.000762167,0.000682419,10,gaussian
391,13,1,0.960302113,0.014868483,0.000743023,0.000670588,0.015483131,0.000773739,0.000698309,10,gaussian
391,14,1,0.960424267,0.017753807,0.000773943,0.000703535,0.018485379,0.000805834,0.000732526,10,gaussian
392,0,0,0.992968059,0.992920524,0.992915665,0.071004176,0.999952129,0.999947235,0.071507009,10,gaussian
392,1,0,0.999054884,0.999025172,0.999027231,0.042809908,0.999970261,0.999972321,0.042850407,10,gaussian
392,2,0,0.996012928,0.996003109,0.996001952,0.025664739,0.999990141,0.99998898,0.025767476,10,gaussian
392,3,0,0.992718883,0.992696449,0.992696119,0.126480515,0.999977401,0.999977068,0.127408189,10,gaussian
392,4,0,0.993991423,0.993948007,0.993935397,0.14090924,0.999956322,0.999943636,0.141761022,10,gaussian
392,5,0,1.001575619,1.001537334,1.001530667,0.004264669,0.999961775,0.999955118,0.00425796,10,gaussian
392,6,0,0.996983264,0.996946879,0.996947581,0.042809094,0.999963505,0.999964209,0.042938629,10,gaussian
392,7,1,0.961578031,0.01016111,0.000463203,0.000422072,0.010567119,0.000481711,0.000438937,10,gaussian
392,8,1,0.961373563,0.013641614,0.000628876,0.000581445,0.014189712,0.000654144,0.000604807,10,gaussian
392,9,1,0.961382556,0.010184093,0.000483463,0.000428694,0.010593175,0.000502883,0.000445914,10,gaussian
392,10,1,0.961048097,0.014414653,0.000690288,0.000629441,0.014998888,0.000718266,0.000654953,10,gaussian
392,11,1,0.961483189,0.014800049,0.000684535,0.000611728,0.015392936,0.000711958,0.000636233,10,gaussian
392,12,0,0.998900516,0.998823076,0.998816271,0.029061019,0.999922475,0.999915662,0.029093007,10,gaussian
392,13,0,0.994806627,0.994698695,0.994708345,0.086729044,0.999891505,0.999901205,0.087181812,10,gaussian
392,14,0,0.997873421,0.997733078,0.997721762,0.021019441,0.999859358,0.999848017,0.021064236,10,gaussian
393,0,0,0.996651725,0.996635549,0.996637031,0.044571388,0.99998377,0.999985257,0.044721127,10,gaussian
393,1,0,0.998173649,0.998158349,0.998156146,0.026462716,0.999984671,0.999982465,0.026511135,10,gaussian
393,2,0,0.9881689,0.988145552,0.988146639,0.392186082,0.999976372,0.999977472,0.396881628,10,gaussian
393,3,0,0.993951074,0.993912875,0.993904965,0.082680471,0.999961569,0.999953611,0.083183643,10,gaussian
393,4,0,0.991931641,0.991855447,0.991864102,0.131319656,0.999923187,0.999931912,0.132387809,10,gaussian
393,5,0,0.993007783,0.99285604,0.992863329,0.078178004,0.999847189,0.999854529,0.078728491,10,gaussian
393,6,0,0.992044462,0.991905358,0.991926258,0.180506353,0.999859781,0.999880849,0.181953894,10,gaussian
393,7,0,0.992940237,0.992465289,0.992446995,0.049174317,0.999521675,0.999503252,0.049523945,10,gaussian
393,8,0,0.995084433,0.994744296,0.994754325,0.031964071,0.999658183,0.999668262,0.032121968,10,gaussian
393,9,0,0.992825642,0.992124197,0.992064325,0.069844366,0.999293486,0.999233181,0.070349075,10,gaussian
393,10,1,0.96055141,0.009786238,0.000573933,0.000409291,0.010188146,0.000597504,0.0004261,10,gaussian
393,11,1,0.961217781,0.010386599,0.000667046,0.000405366,0.010805667,0.00069396,0.000421721,10,gaussian
393,12,1,0.960784126,0.016023839,0.000832567,0.000592284,0.016677876,0.000866549,0.000616459,10,gaussian
393,13,1,0.961347052,0.018033621,0.000878217,0.000606767,0.0187587,0.000913527,0.000631164,10,gaussian
393,14,1,0.961446245,0.017716899,0.000862175,0.000571858,0.018427342,0.000896748,0.000594789,10,gaussian
394,0,0,0.993045512,0.993013519,0.993007349,0.054532485,0.999967783,0.99996157,0.054914387,10,gaussian
394,1,0,0.996533322,0.996510378,0.99650784,0.014048568,0.999976976,0.99997443,0.01409744,10,gaussian
394,2,0,0.996382437,0.996364214,0.996365189,0.014883053,0.999981711,0.999982689,0.014937089,10,gaussian
394,3,0,0.998960455,0.998937656,0.998937026,0.010113631,0.999977177,0.999976546,0.010124156,10,gaussian
394,4,0,0.999128138,0.999106492,0.999107384,0.018201815,0.999978335,0.999979228,0.018217698,10,gaussian
394,5,0,0.990141262,0.990092194,0.990113596,0.075879449,0.999950444,0.999972059,0.076634973,10,gaussian
394,6,0,0.999626802,0.999598451,0.999595568,0.005914313,0.999971639,0.999968754,0.005916521,10,gaussian
394,7,1,0.960597986,0.012271979,0.000485465,0.000432188,0.012775354,0.000505378,0.000449916,10,gaussian
394,8,1,0.96109448,0.020118102,0.000694777,0.000602208,0.020932492,0.000722901,0.000626586,10,gaussian
394,9,1,0.95976848,0.01726033,0.000761707,0.000662564,0.017983848,0.000793636,0.000690338,10,gaussian
394,10,1,0.96106463,0.016415278,0.000757382,0.000615639,0.017080306,0.000788066,0.000640581,10,gaussian
394,11,1,0.9597335,0.010839329,0.000612379,0.000459489,0.011294103,0.000638072,0.000478768,10,gaussian
394,12,0,0.995922867,0.995568285,0.995596003,0.036672472,0.999643966,0.999671798,0.036822602,10,gaussian
394,13,0,0.989834981,0.989478428,0.989579414,0.354407368,0.999639785,0.999741808,0.358046922,10,gaussian
394,14,0,0.994007622,0.993710524,0.99363933,0.027502873,0.999701111,0.999629487,0.027668675,10,gaussian
395,0,0,0.995570784,0.995544464,0.995543256,0.047871233,0.999973564,0.99997235,0.048084209,10,gaussian
395,1,0,0.998931193,0.998921348,0.99892037,0.022518652,0.999990145,0.999989166,0.022542746,10,gaussian
395,2,0,1.000068526,1.000059998,1.000057006,0.072841491,0.999991473,0.999988481,0.0728365,10,gaussian
395,3,0,0.994498066,0.994458535,0.994454792,0.045616022,0.999960251,0.999956487,0.045868387,10,gaussian
395,4,0,0.996347903,0.99629237,0.996315862,0.161773692,0.999944263,0.999967842,0.162366671,10,gaussian
395,5,0,0.996206594,0.996148314,0.996145394,0.039100422,0.999941498,0.999938566,0.039249311,10,gaussian
395,6,0,0.994096432,0.994032683,0.994035911,0.055343201,0.999935872,0.999939119,0.055671864,10,gaussian
395,7,0,0.992108792,0.992034876,0.992100403,0.921997191,0.999925496,0.999991544,0.929330733,10,gaussian
395,8,0,0.992695443,0.992611579,0.992610957,0.168192576,0.999915518,0.999914892,0.169430189,10,gaussian
395,9,0,0.99911513,0.998747768,0.998827813,0.032416962,0.999632313,0.999712429,0.032445672,10,gaussian
395,10,1,0.960997183,0.012103022,0.00053637,0.000478751,0.012594233,0.000558139,0.000498181,10,gaussian
395,11,1,0.961039076,0.017245718,0.000734237,0.000650815,0.017944867,0.000764003,0.000677199,10,gaussian
395,12,1,0.960874559,0.010429008,0.000585906,0.000489121,0.010853662,0.000609763,0.000509037,10,gaussian
395,13,1,0.960905774,0.01543828,0.000774259,0.000687233,0.016066383,0.00080576,0.000715193,10,gaussian
395,14,1,0.961337026,0.014599175,0.000755569,0.000648946,0.015186323,0.000785956,0.000675045,10,gaussian
396,0,0,0.992930954,0.992914089,0.992916021,0.273514745,0.999983016,0.999984961,0.275461999,10,gaussian
396,1,0,0.994784668,0.994776719,0.994778013,0.084899511,0.999992009,0.99999331,0.085344611,10,gaussian
396,2,0,0.997675812,0.997659695,0.997657741,0.01153724,0.999983845,0.999981887,0.011564117,10,gaussian
396,3,0,0.996115509,0.996097807,0.996099313,0.074709653,0.999982229,0.999983741,0.075000994,10,gaussian
396,4,0,0.995310124,0.995261782,0.995264138,0.041777551,0.99995143,0.999953798,0.041974405,10,gaussian
396,5,0,0.992015487,0.991979248,0.991976003,0.509447107,0.999963469,0.999960198,0.513547534,10,gaussian
396,6,0,0.99697814,0.99695515,0.9969566,0.037526505,0.999976941,0.999978395,0.037640249,10,gaussian
396,7,0,0.997681856,0.997654338,0.99765199,0.048591404,0.999972419,0.999970065,0.048704307,10,gaussian
396,8,0,0.99240399,0.99219478,0.992211474,0.086909688,0.999789188,0.99980601,0.087574908,10,gaussian
396,9,1,0.961062827,0.009088294,0.000575069,0.000445677,0.009456504,0.000598368,0.000463734,10,gaussian
396,10,1,0.960708809,0.016399248,0.000940316,0.000660687,0.017069946,0.000978773,0.000687708,10,gaussian
396,11,1,0.962818126,0.019710018,0.001087946,0.000636118,0.020471174,0.001129961,0.000660684,10,gaussian
396,12,1,0.960006501,0.017732829,0.001433712,0.000680454,0.018471572,0.001493439,0.000708802,10,gaussian
396,13,1,0.960316883,0.014040546,0.002279138,0.00056798,0.014620743,0.002373318,0.000591451,10,gaussian
396,14,0,0.993480496,0.991088171,0.991193803,0.116297752,0.997591976,0.997698302,0.117060931,10,gaussian
397,0,0,0.996330323,0.99630646,0.996306323,0.058578612,0.99997605,0.999975912,0.058794368,10,gaussian
397,1,0,0.999725207,0.999679565,0.999678115,0.005563877,0.999954346,0.999952895,0.005565406,10,gaussian
397,2,0,0.996855395,0.996842002,0.996843162,0.017924438,0.999986565,0.999987728,0.017980981,10,gaussian
397,3,0,0.996617162,0.996605944,0.99660428,0.022117675,0.999988744,0.999987075,0.022192749,10,gaussian
397,4,0,0.995324911,0.995296217,0.995294325,0.028228881,0.999971171,0.99996927,0.028361473,10,gaussian
397,5,0,0.998836323,0.998820531,0.998820367,0.014223275,0.99998419,0.999984025,0.014239846,10,gaussian
397,6,1,0.961541514,0.00960656,0.000405579,0.000375924,0.009990791,0.000421801,0.00039096,10,gaussian
397,7,1,0.96246802,0.012757048,0.000568841,0.00050628,0.013254516,0.000591023,0.000526022,10,gaussian
397,8,1,0.96084786,0.010903338,0.000417332,0.000385027,0.011347622,0.000434338,0.000400716,10,gaussian
397,9,1,0.96073415,0.01282602,0.000632756,0.000578498,0.013350228,0.000658617,0.000602141,10,gaussian
397,10,1,0.961461625,0.013120349,0.00059002,0.000534211,0.013646254,0.000613669,0.000555623,10,gaussian
397,11,0,0.998208902,0.998151238,0.998147782,0.099285799,0.999942232,0.99993877,0.099463948,10,gaussian
397,12,0,0.99453778,0.994483405,0.994483463,0.02432753,0.999945327,0.999945385,0.024461142,10,gaussian
397,13,0,0.995509298,0.995424024,0.995424778,0.040827571,0.999914342,0.999915099,0.041011743,10,gaussian
397,14,0,0.997485187,0.997407416,0.997399321,0.006658562,0.999922033,0.999913918,0.006675349,10,gaussian
398,0,0,0.99673213,0.996669656,0.996668309,0.015532621,0.999937321,0.99993597,0.015583546,10,gaussian
398,1,0,0.995594695,0.995571362,0.995569897,0.016922908,0.999976564,0.999975093,0.016997789,10,gaussian
398,2,0,0.994037617,0.994020879,0.994022455,0.128696856,0.999983161,0.999984747,0.129468798,10,gaussian
398,3,0,0.995722428,0.995710258,0.995711043,0.022833126,0.999987778,0.999988567,0.022931216,10,gaussian
398,4,0,0.995599308,0.995570724,0.995569162,0.043189771,0.99997129,0.999969721,0.043380676,10,gaussian
398,5,0,0.99208355,0.99205883,0.992056845,0.170692994,0.999975082,0.999973081,0.172055059,10,gaussian
398,6,0,0.997653283,0.997620768,0.997622193,0.007611225,0.999967408,0.999968837,0.007629129,10,gaussian
398,7,0,0.997588257,0.997568147,0.997567481,0.014237359,0.999979841,0.999979173,0.014271779,10,gaussian
398,8,0,0.995388423,0.99531201,0.995314221,0.016058681,0.999923233,0.999925455,0.016133079,10,gaussian
398,9,0,0.994191358,0.992481409,0.992723844,0.061906399,0.99828006,0.998523912,0.062268092,10,gaussian
398,10,1,0.962244913,0.011471982,0.000494742,0.000392975,0.011922102,0.000514154,0.000408394,10,gaussian
398,11,1,0.960811708,0.014537949,0.000731574,0.000574105,0.015130903,0.000761413,0.000597521,10,gaussian
398,12,1,0.961044868,0.013523021,0.000805921,0.000596947,0.014071165,0.000838588,0.000621144,10,gaussian
398,13,1,0.961109534,0.011626914,0.000976135,0.000433758,0.012097387,0.001015633,0.000451309,10,gaussian
398,14,1,0.960516656,0.013138279,0.00093899,0.000583799,0.013678346,0.000977588,0.000607797,10,gaussian
399,0,0,0.993633306,0.993616048,0.99361567,0.114553179,0.999982631,0.999982251,0.115287177,10,gaussian
399,1,0,0.997004554,0.996984408,0.996981901,0.014353572,0.999979793,0.999977279,0.014396697,10,gaussian
399,2,0,0.996539709,0.996476505,0.996476379,0.019838221,0.999936577,0.99993645,0.019907106,10,gaussian
399,3,0,0.994347524,0.994307892,0.994308789,0.097660083,0.999960143,0.999961045,0.098215242,10,gaussian
399,4,0,0.995888718,0.995852927,0.995856215,0.030925979,0.999964061,0.999967363,0.03105365,10,gaussian
399,5,0,0.993453221,0.993414975,0.99341751,0.205490396,0.999961502,0.999964053,0.206844561,10,gaussian
399,6,0,0.993059537,0.993007056,0.992999312,0.035781805,0.999947153,0.999939355,0.036031883,10,gaussian
399,7,0,0.997432966,0.997374642,0.997376675,0.016571101,0.999941526,0.999943564,0.016613749,10,gaussian
399,8,0,0.996982695,0.996743377,0.99676958,0.011389016,0.999759957,0.99978624,0.011423484,10,gaussian
399,9,1,0.961648034,0.012136923,0.000475641,0.000415651,0.012620962,0.00049461,0.000432227,10,gaussian
399,10,1,0.961084826,0.011521288,0.000654897,0.000585008,0.011987796,0.000681414,0.000608695,10,gaussian
399,11,1,0.960760851,0.015442287,0.000743617,0.000661632,0.016072977,0.000773987,0.000688654,10,gaussian
399,12,1,0.960720756,0.010876112,0.000540874,0.000444324,0.011320784,0.000562988,0.00046249,10,gaussian
399,13,1,0.9602935,0.014389081,0.000724815,0.000635209,0.014984045,0.000754785,0.000661474,10,gaussian
399,14,0,0.997098116,0.995640222,0.995555942,0.050178625,0.998537863,0.998453338,0.050324661,10,gaussian
400,0,0,0.993671757,0.993636817,0.993636473,0.096136194,0.999964837,0.999964491,0.096748442,10,gaussian
400,1,0,0.993462763,0.993439457,0.993442301,0.115689602,0.999976541,0.999979404,0.116450869,10,gaussian
400,2,0,0.996203051,0.996180795,0.996180124,0.027438143,0.999977659,0.999976985,0.027542721,10,gaussian
400,3,0,0.999134949,0.999115774,0.9991167,0.042966913,0.999980808,0.999981735,0.043004114,10,gaussian
400,4,0,0.99441106,0.994371198,0.994361838,0.057165478,0.999959913,0.999950501,0.057486768,10,gaussian
400,5,0,0.994079532,0.994027802,0.994033519,0.04733052,0.999947962,0.999953713,0.047612408,10,gaussian
400,6,0,0.995903387,0.995851766,0.995851093,0.110351123,0.999948166,0.999947491,0.110805048,10,gaussian
400,7,0,0.994654,0.994619764,0.994613301,0.025552452,0.99996558,0.999959082,0.025689789,10,gaussian
400,8,0,0.99339454,0.993347985,0.993353329,0.047496276,0.999953136,0.999958515,0.047812097,10,gaussian
400,9,0,0.99244484,0.99233532,0.992357887,0.180309918,0.999889646,0.999912384,0.181682559,10,gaussian
400,10,1,0.961436866,0.010899864,0.000478798,0.000446386,0.011337056,0.000498002,0.00046429,10,gaussian
400,11,1,0.961475609,0.010812395,0.000478492,0.000446544,0.011245626,0.000497664,0.000464436,10,gaussian
400,12,1,0.961710075,0.017014126,0.000643654,0.000604671,0.017691534,0.00066928,0.000628745,10,gaussian
400,13,1,0.960258024,0.018654583,0.000676711,0.000645408,0.019426635,0.000704718,0.000672119,10,gaussian
400,14,1,0.960632546,0.01585139,0.000698084,0.00066781,0.016500992,0.000726692,0.000695177,10,gaussian
401,0,0,0.99764226,0.997595953,0.997602415,0.036946347,0.999953584,0.999960061,0.037033662,10,gaussian
401,1,0,0.993060727,0.993051381,0.993052306,0.205568011,0.999990589,0.99999152,0.207004472,10,gaussian
401,2,0,0.996449873,0.996440293,0.996439033,0.013445762,0.999990386,0.999989122,0.013493667,10,gaussian
401,3,0,0.996120202,0.996095851,0.996095051,0.033102064,0.999975555,0.999974751,0.033230993,10,gaussian
401,4,0,0.994083371,0.994050691,0.994051345,0.091493559,0.999967125,0.999967783,0.092038115,10,gaussian
401,5,0,0.99484492,0.994820417,0.994824106,0.048371841,0.99997537,0.999979078,0.048622494,10,gaussian
401,6,0,0.989098054,0.988953542,0.988913464,0.317854605,0.999853895,0.999813376,0.321358033,10,gaussian
401,7,0,0.998009205,0.997907712,0.997897171,0.018194671,0.999898305,0.999887742,0.018230965,10,gaussian
401,8,0,0.996022924,0.995896875,0.99586529,0.038255926,0.999873448,0.999841736,0.038408681,10,gaussian
401,9,0,0.995515675,0.994869511,0.994820184,0.062165962,0.999350925,0.999301375,0.06244599,10,gaussian
401,10,1,0.960417362,0.009995889,0.00054595,0.000446577,0.01040786,0.00056845,0.000464982,10,gaussian
401,11,1,0.960857493,0.010234605,0.000551305,0.000433017,0.010651533,0.000573764,0.000450657,10,gaussian
401,12,1,0.960757843,0.011159789,0.000707156,0.000583385,0.01161561,0.000736039,0.000607213,10,gaussian
401,13,1,0.960591588,0.013052192,0.000724969,0.000592743,0.01358766,0.000754711,0.00061706,10,gaussian
401,14,1,0.961567147,0.014558234,0.000756191,0.000613017,0.015140112,0.000786415,0.000637519,10,gaussian
402,0,0,0.996036677,0.99600519,0.996005429,0.056350636,0.999968388,0.999968628,0.056574861,10,gaussian
402,1,0,0.99500934,0.994990173,0.994988585,0.20779858,0.999980737,0.999979142,0.208840834,10,gaussian
402,2,0,0.992109382,0.992051466,0.992056315,0.460786117,0.999941623,0.99994651,0.464450922,10,gaussian
402,3,0,0.999300302,0.999281323,0.999278577,0.018768695,0.999981007,0.99997826,0.018781836,10,gaussian
402,4,0,0.995648639,0.995518463,0.995518975,0.027620107,0.999869256,0.999869769,0.027740817,10,gaussian
402,5,0,0.996544991,0.996509416,0.996511535,0.0130311,0.999964302,0.999966428,0.013076279,10,gaussian
402,6,0,0.995199486,0.995161275,0.995157127,0.034819053,0.999961605,0.999957437,0.034987009,10,gaussian
402,7,0,0.999922735,0.999880636,0.999875485,0.007749912,0.999957898,0.999952746,0.007750511,10,gaussian
402,8,1,0.959759684,0.01066256,0.000501762,0.000481769,0.011109615,0.0005228,0.000501969,10,gaussian
402,9,1,0.959672301,0.012180694,0.000667128,0.00065296,0.012692556,0.000695162,0.000680399,10,gaussian
402,10,1,0.962198536,0.014869079,0.000678894,0.000623984,0.015453234,0.000705565,0.000648498,10,gaussian
402,11,1,0.961169769,0.016247625,0.000649841,0.000597639,0.016904012,0.000676094,0.000621783,10,gaussian
402,12,1,0.961299327,0.010566172,0.000485986,0.000438958,0.010991553,0.000505551,0.00045663,10,gaussian
402,13,0,0.996795829,0.996289673,0.996296825,0.020282616,0.999492217,0.999499391,0.020347814,10,gaussian
402,14,0,0.994369321,0.992493587,0.992516955,0.074439933,0.998113645,0.998137145,0.074861454,10,gaussian
403,0,0,1.000841562,1.000820759,1.00082064,0.013798718,0.999979214,0.999979095,0.013787115,10,gaussian
403,1,0,0.991860124,0.991851115,0.991850349,0.194044868,0.999990917,0.999990145,0.195637332,10,gaussian
403,2,0,0.996459826,0.996398582,0.996401656,0.06470843,0.999938538,0.999941623,0.064938323,10,gaussian
403,3,0,0.98927853,0.989263715,0.989263608,0.547893793,0.999985025,0.999984916,0.553831682,10,gaussian
403,4,0,0.99511542,0.995083343,0.995082882,0.074070929,0.999967765,0.999967302,0.07443451,10,gaussian
403,5,0,0.993257211,0.99321527,0.993211947,0.059025828,0.999957775,0.999954429,0.059426528,10,gaussian
403,6,0,0.991238812,0.991166384,0.991151035,0.14727468,0.999926932,0.999911447,0.148576386,10,gaussian
403,7,0,0.995922029,0.995867423,0.995865432,0.026659251,0.999945171,0.999943172,0.026768412,10,gaussian
403,8,0,0.990750186,0.990645016,0.99069762,0.389116177,0.999893848,0.999946942,0.392749033,10,gaussian
403,9,1,0.960934892,0.010154218,0.000503241,0.000426993,0.01056702,0.000523699,0.000444352,10,gaussian
403,10,1,0.961669522,0.014508641,0.000689695,0.000564526,0.015086931,0.000717185,0.000587028,10,gaussian
403,11,1,0.96097768,0.014697903,0.000746896,0.000618706,0.015294739,0.000777225,0.00064383,10,gaussian
403,12,1,0.960808457,0.009184511,0.000501598,0.000413889,0.009559149,0.000522058,0.000430771,10,gaussian
403,13,1,0.962642349,0.013155181,0.000683381,0.000551521,0.0136657,0.000709902,0.000572925,10,gaussian
403,14,0,0.996165264,0.995585419,0.995600211,0.020209115,0.999417923,0.999432771,0.02028691,10,gaussian
404,0,0,0.998358918,0.998324935,0.998331327,0.005425851,0.999965961,0.999972364,0.00543477,10,gaussian
404,1,0,0.995973742,0.995960467,0.995958473,0.070406517,0.999986672,0.999984669,0.070691138,10,gaussian
404,2,0,0.997894145,0.997875197,0.997876818,0.017951704,0.999981012,0.999982636,0.017989588,10,gaussian
404,3,0,0.99645398,0.996410572,0.99641605,0.015004887,0.999956438,0.999961936,0.015058284,10,gaussian
404,4,0,0.990932908,0.990917969,0.990916707,0.064370602,0.999984924,0.999983651,0.064959597,10,gaussian
404,5,0,0.992527421,0.992508555,0.992510902,0.146970591,0.999980992,0.999983356,0.148077109,10,gaussian
404,6,0,0.99345988,0.993399192,0.993393194,0.097566605,0.999938912,0.999932875,0.098208903,10,gaussian
404,7,0,0.995249741,0.995195793,0.995193435,0.01949913,0.999945794,0.999943425,0.019592198,10,gaussian
404,8,0,0.994232779,0.994071595,0.994061791,0.05582098,0.999837881,0.99982802,0.05614478,10,gaussian
404,9,0,0.996052991,0.995847029,0.995815137,0.170260572,0.999793222,0.999761203,0.170935255,10,gaussian
404,10,1,0.960424021,0.009312566,0.000462433,0.00041236,0.009696307,0.000481488,0.000429352,10,gaussian
404,11,1,0.959664689,0.012801367,0.000495679,0.000439346,0.013339417,0.000516513,0.000457812,10,gaussian
404,12,1,0.961155603,0.015177791,0.000654248,0.00056992,0.01579119,0.000680689,0.000592953,10,gaussian
404,13,1,0.961783834,0.016948594,0.000622079,0.000540078,0.017622041,0.000646797,0.000561537,10,gaussian
404,14,1,0.961562838,0.016434383,0.00067381,0.000583045,0.017091325,0.000700745,0.000606351,10,gaussian
405,0,0,0.998663894,0.998646468,0.998645946,0.016795641,0.999982551,0.999982027,0.016818112,10,gaussian
405,1,0,0.994350129,0.994341235,0.994340197,0.070413404,0.999991056,0.999990012,0.070813491,10,gaussian
405,2,0,0.995887267,0.995858441,0.995857753,0.032021526,0.999971055,0.999970364,0.032153766,10,gaussian
405,3,0,0.996457943,0.996444406,0.996443789,0.030097151,0.999986414,0.999985795,0.030204136,10,gaussian
405,4,0,0.994939543,0.994932727,0.994932119,0.027397424,0.999993149,0.999992538,0.027536772,10,gaussian
405,5,0,0.994455885,0.994428071,0.994424538,0.065923118,0.999972031,0.999968478,0.066290641,10,gaussian
405,6,0,0.995513198,0.995472978,0.995468222,0.021501007,0.999959599,0.999954822,0.021597913,10,gaussian
405,7,0,0.995260696,0.995191682,0.995199573,0.037750357,0.999930657,0.999938586,0.037930119,10,gaussian
405,8,0,0.994939339,0.994868479,0.994870174,0.01615412,0.99992878,0.999930483,0.016236287,10,gaussian
405,9,1,0.961659649,0.010928942,0.000492351,0.000446664,0.011364667,0.00051198,0.000464472,10,gaussian
405,10,1,0.961066057,0.011804968,0.000495413,0.00046224,0.012283201,0.000515482,0.000480966,10,gaussian
405,11,1,0.959820029,0.013924012,0.000678596,0.000644377,0.014506899,0.000707003,0.000671351,10,gaussian
405,12,1,0.961169723,0.013617429,0.00070156,0.000662512,0.014167559,0.000729903,0.000689277,10,gaussian
405,13,1,0.959966723,0.015049187,0.000668977,0.000636486,0.01567678,0.000696875,0.000663029,10,gaussian
405,14,0,0.996925474,0.996843613,0.996843241,0.2269065,0.999917887,0.999917514,0.227606281,10,gaussian
406,0,0,0.994371274,0.994330621,0.994332765,0.035789281,0.999959117,0.999961273,0.03599187,10,gaussian
406,1,0,0.996664968,0.996654462,0.99665177,0.025885399,0.999989459,0.999986759,0.025972017,10,gaussian
406,2,0,0.996892679,0.996873902,0.996872415,0.020974726,0.999981164,0.999979672,0.021040104,10,gaussian
406,3,0,0.991948525,0.991918954,0.991921411,0.06602301,0.999970189,0.999972666,0.066558907,10,gaussian
406,4,0,0.992969874,0.992943608,0.992944038,0.070328879,0.999973549,0.999973981,0.0708268,10,gaussian
406,5,0,0.99367386,0.99366725,0.993667447,0.133156537,0.999993348,0.999993546,0.134004267,10,gaussian
406,6,0,0.990536032,0.990505239,0.990496351,0.360748342,0.999968913,0.999959941,0.364195073,10,gaussian
406,7,0,0.995962495,0.995807222,0.995810594,0.024995328,0.999844098,0.999847483,0.025096656,10,gaussian
406,8,0,0.989543547,0.989506678,0.989493077,0.477869497,0.999962742,0.999948997,0.482919118,10,gaussian
406,9,0,0.993937017,0.993783814,0.993774811,0.377066295,0.999845863,0.999836805,0.379366387,10,gaussian
406,10,1,0.960867524,0.01275309,0.000492063,0.000448937,0.013272475,0.000512103,0.000467221,10,gaussian
406,11,1,0.961127361,0.012001955,0.000488568,0.000441304,0.012487372,0.000508329,0.000459152,10,gaussian
406,12,1,0.961985162,0.01530844,0.000653032,0.000579708,0.015913385,0.000678838,0.000602616,10,gaussian
406,13,1,0.960394733,0.013903586,0.000679428,0.00062349,0.014476949,0.000707447,0.000649202,10,gaussian
406,14,1,0.961208139,0.016137761,0.000697466,0.000631693,0.01678904,0.000725614,0.000657186,10,gaussian
407,0,0,0.995759322,0.995722465,0.995722714,0.034349807,0.999962985,0.999963236,0.034496094,10,gaussian
407,1,0,0.993911048,0.993898204,0.993896714,0.087226258,0.999987077,0.999985578,0.087760629,10,gaussian
407,2,0,0.995681509,0.995655778,0.99565713,0.033305837,0.999974158,0.999975515,0.033450291,10,gaussian
407,3,0,0.996058989,0.996041021,0.996041109,0.048420729,0.999981961,0.999982049,0.04861231,10,gaussian
407,4,0,0.99284,0.992814845,0.992819957,0.195794064,0.999974664,0.999979812,0.197206059,10,gaussian
407,5,0,0.994567776,0.99450415,0.994496486,0.091728168,0.999936027,0.999928321,0.092229178,10,gaussian
407,6,0,0.99693845,0.996905128,0.996902976,0.032539858,0.999966576,0.999964416,0.032639786,10,gaussian
407,7,0,0.996045624,0.995968396,0.995985857,0.096997637,0.999922466,0.999939996,0.097382725,10,gaussian
407,8,0,0.995101723,0.994954611,0.994962648,0.04227876,0.999852164,0.99986024,0.042486872,10,gaussian
407,9,0,0.995286603,0.995166077,0.995172568,0.0745319,0.999878903,0.999885425,0.074884862,10,gaussian
407,10,1,0.960814661,0.008876111,0.000494429,0.00044344,0.00923811,0.000514594,0.000461525,10,gaussian
407,11,1,0.959483487,0.009994467,0.000474112,0.000465893,0.010416507,0.000494133,0.000485567,10,gaussian
407,12,1,0.961529741,0.015827826,0.000636774,0.000585949,0.016461089,0.000662251,0.000609392,10,gaussian
407,13,1,0.96131483,0.014007106,0.000623895,0.000599152,0.014570779,0.000649002,0.000623263,10,gaussian
407,14,1,0.960214498,0.013795344,0.000672219,0.000647015,0.01436694,0.000700072,0.000673823,10,gaussian
408,0,0,0.999880233,0.999851485,0.999858307,0.054883739,0.999971249,0.999978072,0.054890313,10,gaussian
408,1,0,0.988384554,0.988369989,0.988374113,0.899956346,0.999985264,0.999989436,0.910532588,10,gaussian
408,2,0,0.992479584,0.992429794,0.992440324,0.130677594,0.999949832,0.999960442,0.131667791,10,gaussian
408,3,0,0.993737469,0.993693267,0.993700537,0.124436753,0.99995552,0.999962835,0.125220953,10,gaussian
408,4,0,0.996226177,0.996197726,0.996195528,0.029005989,0.999971441,0.999969235,0.029115868,10,gaussian
408,5,0,0.992919125,0.992859568,0.99287071,0.02705072,0.999940018,0.999951239,0.027243629,10,gaussian
408,6,0,0.992059959,0.991975561,0.991972151,0.277501606,0.999914926,0.999911489,0.279722615,10,gaussian
408,7,0,0.994486814,0.99442749,0.994412951,0.075578277,0.999940347,0.999925727,0.075997264,10,gaussian
408,8,0,0.994944539,0.994834398,0.994834202,0.054324205,0.999889299,0.999889102,0.054600235,10,gaussian
408,9,0,0.998918273,0.998416417,0.998498702,0.05251674,0.9994976,0.999579974,0.05257361,10,gaussian
408,10,1,0.960965383,0.014548057,0.000539804,0.000481529,0.015139002,0.000561731,0.000501089,10,gaussian
408,11,1,0.960685859,0.012537036,0.000564264,0.000495008,0.013050089,0.000587356,0.000515265,10,gaussian
408,12,1,0.961357688,0.018959865,0.000746912,0.000655884,0.019721968,0.000776934,0.000682248,10,gaussian
408,13,1,0.960947601,0.017154346,0.000812233,0.000711872,0.01785149,0.000845242,0.000740802,10,gaussian
408,14,1,0.96209407,0.015842372,0.000762614,0.000652041,0.016466552,0.000792661,0.000677731,10,gaussian
409,0,0,0.997452326,0.997426309,0.997428712,0.020404523,0.999973916,0.999976325,0.02045664,10,gaussian
409,1,0,0.99292455,0.992903332,0.992905461,0.13817376,0.99997863,0.999980775,0.139158368,10,gaussian
409,2,0,0.996966971,0.996934365,0.996934382,0.033620656,0.999967295,0.999967311,0.033722939,10,gaussian
409,3,0,0.997086404,0.997033758,0.997036675,0.029936547,0.9999472,0.999950126,0.030024025,10,gaussian
409,4,0,0.98937426,0.98936073,0.989367484,0.828764299,0.999986325,0.999993151,0.837665111,10,gaussian
409,5,0,0.997693152,0.997662449,0.997661794,0.023096406,0.999969226,0.999968569,0.023149809,10,gaussian
409,6,0,0.993474438,0.993413359,0.993421024,0.094501561,0.99993852,0.999946235,0.095122288,10,gaussian
409,7,0,0.996574695,0.996477009,0.996492214,0.010564952,0.999901978,0.999917235,0.010601264,10,gaussian
409,8,0,0.995070629,0.994959361,0.994989553,0.033958091,0.999888181,0.999918522,0.034126312,10,gaussian
409,9,1,0.960091301,0.012087417,0.000489446,0.000453115,0.012589862,0.000509791,0.00047195,10,gaussian
409,10,1,0.961524546,0.016315395,0.00075174,0.000643834,0.016968256,0.000781821,0.000669597,10,gaussian
409,11,1,0.961506894,0.015251419,0.000770715,0.000627236,0.015861997,0.00080157,0.000652347,10,gaussian
409,12,1,0.961243307,0.014928013,0.000722573,0.000586814,0.0155299,0.000751707,0.000610474,10,gaussian
409,13,1,0.961132513,0.010884852,0.000586145,0.000454909,0.011325028,0.000609848,0.000473305,10,gaussian
409,14,0,0.995572459,0.994653477,0.994549501,0.032592201,0.999076931,0.998972493,0.032737146,10,gaussian
410,0,0,0.995051459,0.995036829,0.995038064,0.043381841,0.999985297,0.999986539,0.043597585,10,gaussian
410,1,0,0.996208299,0.996172252,0.996174159,0.018746681,0.999963816,0.999965731,0.018818033,10,gaussian
410,2,0,1.000831337,1.000810704,1.000812177,0.006659188,0.999979383,0.999980856,0.006653657,10,gaussian
410,3,0,0.997419,0.997396019,0.997396015,0.054159599,0.99997696,0.999976956,0.054299747,10,gaussian
410,4,0,0.996717602,0.996696338,0.996691683,0.018067551,0.999978667,0.999973996,0.018127052,10,gaussian
410,5,0,0.993587369,0.993527071,0.993533555,0.11330213,0.999939313,0.999945839,0.114033384,10,gaussian
410,6,0,0.996659811,0.996600483,0.996597068,0.046336914,0.999940473,0.999937047,0.046492207,10,gaussian
410,7,0,0.990468568,0.990442282,0.990448622,0.356394143,0.999973461,0.999979862,0.359823779,10,gaussian
410,8,0,0.998649259,0.998392952,0.998409404,0.01544422,0.999743346,0.99975982,0.015465109,10,gaussian
410,9,0,0.988335424,0.987652225,0.987723113,0.295814578,0.999308738,0.999380463,0.299305854,10,gaussian
410,10,1,0.96051984,0.011963532,0.000454412,0.000435257,0.012455268,0.000473089,0.000453148,10,gaussian
410,11,1,0.960783322,0.009909233,0.000479329,0.000436349,0.010313702,0.000498894,0.000454159,10,gaussian
410,12,1,0.960973047,0.016750454,0.000641994,0.000587721,0.017430722,0.000668066,0.000611589,10,gaussian
410,13,1,0.960129511,0.014176853,0.00063718,0.000605285,0.014765564,0.00066364,0.00063042,10,gaussian
410,14,1,0.961651791,0.016446457,0.000671724,0.000620621,0.0171023,0.00069851,0.000645369,10,gaussian
411,0,0,0.996814057,0.996773213,0.996772822,0.02806941,0.999959025,0.999958633,0.028159124,10,gaussian
411,1,0,0.996056214,0.996046206,0.996045607,0.013007258,0.999989952,0.999989351,0.013058759,10,gaussian
411,2,0,0.995988224,0.99595802,0.99595876,0.020712314,0.999969675,0.999970418,0.020795742,10,gaussian
411,3,0,0.997436816,0.997428006,0.997429077,0.04647377,0.999991167,0.999992241,0.046593197,10,gaussian
411,4,0,0.991310187,0.991284826,0.991284979,0.233140579,0.999974416,0.99997457,0.235184286,10,gaussian
411,5,0,0.998196438,0.99817072,0.998162788,0.035250535,0.999974236,0.999966289,0.035314226,10,gaussian
411,6,0,0.998471985,0.998369906,0.998377802,0.007979705,0.999897764,0.999905672,0.007991917,10,gaussian
411,7,0,0.987743252,0.987389878,0.987346951,0.143939756,0.999642241,0.999598781,0.145725881,10,gaussian
411,8,0,0.995575171,0.995277364,0.995292411,0.03937275,0.99970087,0.999715984,0.039547742,10,gaussian
411,9,0,0.993609342,0.99351845,0.993501949,0.201512518,0.999908524,0.999891917,0.202808599,10,gaussian
411,10,1,0.960427672,0.011873263,0.000566202,0.000458333,0.012362475,0.000589532,0.000477218,10,gaussian
411,11,1,0.961613003,0.011911548,0.000524296,0.000436673,0.01238705,0.000545226,0.000454104,10,gaussian
411,12,1,0.961418566,0.015039868,0.000747848,0.000601717,0.015643414,0.000777859,0.000625864,10,gaussian
411,13,1,0.962053525,0.014829798,0.000716112,0.000593851,0.015414733,0.000744358,0.000617275,10,gaussian
411,14,1,0.9608273,0.017073826,0.000794845,0.000658081,0.017769922,0.00082725,0.00068491,10,gaussian
412,0,0,0.993557079,0.993524101,0.993522251,0.06883847,0.999966808,0.999964946,0.069284867,10,gaussian
412,1,0,0.999655478,0.999638276,0.999635645,0.018134342,0.999982792,0.99998016,0.018140591,10,gaussian
412,2,0,0.988118088,0.988092959,0.988091168,0.13986019,0.999974569,0.999972756,0.141541979,10,gaussian
412,3,0,0.990973865,0.990937079,0.99093787,0.187575898,0.999962879,0.999963677,0.189284405,10,gaussian
412,4,0,0.994307452,0.994280863,0.994276911,0.024872369,0.999973259,0.999969284,0.025014767,10,gaussian
412,5,0,0.994134949,0.994098876,0.994090041,0.025967581,0.999963714,0.999954827,0.026120781,10,gaussian
412,6,0,0.995155412,0.995119582,0.995127363,0.197213743,0.999963996,0.999971814,0.198173813,10,gaussian
412,7,0,0.99252931,0.992456449,0.992436886,0.075752059,0.999926591,0.99990688,0.076322239,10,gaussian
412,8,0,0.991579845,0.991427786,0.991459561,0.05551961,0.99984665,0.999878695,0.055991063,10,gaussian
412,9,0,0.995004012,0.994615474,0.994627615,0.042687892,0.999609511,0.999621713,0.042902231,10,gaussian
412,10,1,0.960486908,0.010432715,0.000522189,0.000449661,0.010861902,0.000543671,0.00046816,10,gaussian
412,11,1,0.960735992,0.011040871,0.000580778,0.000442957,0.011492097,0.000604514,0.00046106,10,gaussian
412,12,1,0.961974559,0.01281801,0.000723162,0.00058311,0.013324687,0.000751748,0.00060616,10,gaussian
412,13,1,0.961963544,0.013848796,0.000802471,0.000631335,0.014396383,0.000834202,0.000656298,10,gaussian
412,14,1,0.960816835,0.014054194,0.000772171,0.000603006,0.014627339,0.000803661,0.000627597,10,gaussian
413,0,0,0.997546203,0.997526248,0.997529383,0.027620198,0.999979996,0.999983139,0.027688139,10,gaussian
413,1,0,0.995763827,0.995749101,0.995747539,0.038217668,0.999985212,0.999983643,0.038380253,10,gaussian
413,2,0,0.9982696,0.998242751,0.998253825,0.055200122,0.999973105,0.999984198,0.055295806,10,gaussian
413,3,0,0.9951834,0.995155812,0.995155534,0.023868907,0.999972279,0.999971999,0.02398443,10,gaussian
413,4,0,0.997410803,0.997379381,0.997380485,0.035416911,0.999968497,0.999969604,0.03550885,10,gaussian
413,5,0,0.994251016,0.994230164,0.994227082,0.074947706,0.999979027,0.999975927,0.075381071,10,gaussian
413,6,0,0.995697612,0.995596013,0.995578307,0.094440089,0.999897962,0.999880179,0.094848163,10,gaussian
413,7,0,0.996612716,0.996562987,0.996555881,0.014922032,0.999950102,0.999942971,0.014972749,10,gaussian
413,8,0,0.998992339,0.998814199,0.998804514,0.021415954,0.99982168,0.999811986,0.021437555,10,gaussian
413,9,0,0.994704397,0.994257024,0.994191752,0.026161289,0.999550245,0.999484626,0.026300567,10,gaussian
413,10,1,0.959602036,0.009504031,0.000595549,0.00047374,0.009904138,0.000620621,0.000493684,10,gaussian
413,11,1,0.961750678,0.0132875,0.000532727,0.000445668,0.013815951,0.000553914,0.000463393,10,gaussian
413,12,1,0.961137348,0.016621657,0.000752641,0.00062513,0.017293738,0.000783073,0.000650407,10,gaussian
413,13,1,0.960905246,0.020103596,0.00072065,0.000620081,0.020921518,0.00074997,0.000645309,10,gaussian
413,14,1,0.960047645,0.019318806,0.000788151,0.000682616,0.020122757,0.000820949,0.000711023,10,gaussian
414,0,0,0.995077369,0.995062248,0.995061518,0.114276364,0.999984804,0.999984071,0.114841687,10,gaussian
414,1,0,0.99780733,0.99779549,0.997795965,0.068427762,0.999988134,0.99998861,0.068578131,10,gaussian
414,2,0,0.991662494,0.991652456,0.991652004,0.269380813,0.999989878,0.999989421,0.27164566,10,gaussian
414,3,0,0.995358307,0.995329046,0.995329859,0.061420364,0.999970603,0.999971419,0.061706788,10,gaussian
414,4,0,0.996257761,0.996236654,0.996232504,0.021963451,0.999978813,0.999974648,0.022045952,10,gaussian
414,5,0,0.993797343,0.993775013,0.993780526,0.094281067,0.99997753,0.999983077,0.09486951,10,gaussian
414,6,0,0.994974333,0.994946321,0.994947079,0.07227749,0.999971846,0.999972609,0.072642568,10,gaussian
414,7,0,0.994028345,0.993712249,0.993676518,0.031851178,0.999682005,0.99964606,0.032042525,10,gaussian
414,8,0,0.996267335,0.996155931,0.996156564,0.02103051,0.999888178,0.999888813,0.021109304,10,gaussian
414,9,0,0.997056704,0.996781542,0.996766278,0.012644281,0.999724026,0.999708717,0.012681607,10,gaussian
414,10,1,0.960349303,0.013613674,0.000549957,0.000463399,0.014175753,0.000572664,0.000482532,10,gaussian
414,11,1,0.960802774,0.010626781,0.000497418,0.000444725,0.011060314,0.000517711,0.000462868,10,gaussian
414,12,1,0.960847313,0.015220179,0.000746596,0.000644376,0.015840372,0.000777018,0.000670634,10,gaussian
414,13,1,0.960265866,0.015192122,0.000727318,0.000656123,0.015820745,0.000757413,0.000683272,10,gaussian
414,14,1,0.960786516,0.013111412,0.000730745,0.000644513,0.01364654,0.000760569,0.000670818,10,gaussian
415,0,0,0.993955846,0.993940621,0.993941762,0.055840435,0.999984682,0.99998583,0.056179996,10,gaussian
415,1,0,0.996485862,0.996469763,0.996468013,0.044818068,0.999983844,0.999982088,0.04497612,10,gaussian
415,2,0,0.996595396,0.996575234,0.996571302,0.026110645,0.999979769,0.999975824,0.026199845,10,gaussian
415,3,0,0.994705626,0.994653227,0.994658011,0.03984357,0.999947323,0.999952132,0.040055639,10,gaussian
415,4,0,0.993534887,0.993528698,0.993525562,0.341516176,0.99999377,0.999990614,0.343738485,10,gaussian
415,5,0,0.994927806,0.994916952,0.994917377,0.186764052,0.99998909,0.999989517,0.187716184,10,gaussian
415,6,0,0.998912269,0.998857261,0.998857328,0.012534617,0.999944932,0.999944999,0.012548266,10,gaussian
415,7,0,0.996427767,0.996245222,0.996229724,0.019408658,0.999816801,0.999801247,0.019478239,10,gaussian
415,8,1,0.961143693,0.013160798,0.000513772,0.000428406,0.013692851,0.000534543,0.000445726,10,gaussian
415,9,1,0.960541666,0.017332635,0.000763857,0.000606923,0.018044647,0.000795235,0.000631855,10,gaussian
415,10,1,0.961993649,0.017080325,0.000881441,0.000613804,0.017755133,0.000916265,0.000638054,10,gaussian
415,11,1,0.960187898,0.013605604,0.000914854,0.00060912,0.01416973,0.000952787,0.000634376,10,gaussian
415,12,1,0.960735786,0.011488374,0.000852013,0.000438392,0.011957891,0.000886834,0.000456309,10,gaussian
415,13,0,0.995055104,0.994279519,0.994274018,0.031684706,0.999220561,0.999215032,0.031842162,10,gaussian
415,14,0,0.998622314,0.997414548,0.997514224,0.025979128,0.998790567,0.998890381,0.026014969,10,gaussian
416,0,0,0.994571131,0.994550119,0.994553446,0.044086466,0.999978873,0.999982219,0.044327112,10,gaussian
416,1,0,0.989968751,0.989946285,0.98994655,0.411561133,0.999977306,0.999977574,0.415731438,10,gaussian
416,2,0,0.996954986,0.996929653,0.996931318,0.032458769,0.999974589,0.99997626,0.032557909,10,gaussian
416,3,0,0.995335564,0.99530318,0.995304966,0.031295698,0.999967464,0.999969258,0.031442358,10,gaussian
416,4,0,0.997393181,0.997352351,0.997350422,0.018356592,0.999959064,0.999957129,0.018404569,10,gaussian
416,5,0,0.99383929,0.993820449,0.99381964,0.094783773,0.999981042,0.999980228,0.095371328,10,gaussian
416,6,0,0.990979219,0.990867898,0.990853674,0.171276267,0.999887665,0.999873312,0.172835377,10,gaussian
416,7,0,0.995829781,0.995767769,0.995770647,0.022005506,0.999937728,0.999940619,0.022097658,10,gaussian
416,8,0,0.996516234,0.996459619,0.996449895,0.017191424,0.999943187,0.999933429,0.017251525,10,gaussian
416,9,1,0.960846844,0.009635849,0.000506898,0.000475535,0.010028497,0.000527553,0.000494913,10,gaussian
416,10,1,0.961415672,0.013423061,0.000673045,0.0006328,0.013961766,0.000700056,0.000658197,10,gaussian
416,11,1,0.96096018,0.010847662,0.000526017,0.0004798,0.011288358,0.000547387,0.000499292,10,gaussian
416,12,1,0.961247902,0.018513802,0.000734714,0.000693916,0.019260174,0.000764334,0.000721891,10,gaussian
416,13,1,0.960441014,0.016050125,0.000720026,0.000674664,0.016711203,0.000749683,0.000702452,10,gaussian
416,14,0,0.99060799,0.990254825,0.990255839,0.256677425,0.999643487,0.99964451,0.259110998,10,gaussian
417,0,0,0.9954671,0.995458203,0.99545787,0.050155659,0.999991063,0.999990728,0.050384045,10,gaussian
417,1,0,0.997251512,0.997234685,0.997236458,0.06265702,0.999983127,0.999984905,0.062829707,10,gaussian
417,2,0,0.993774547,0.993710129,0.993711962,0.056941378,0.999935179,0.999937023,0.057298084,10,gaussian
417,3,0,0.999446107,0.999440478,0.999439745,0.040746887,0.999994368,0.999993635,0.040769469,10,gaussian
417,4,0,0.995914119,0.995901635,0.995902576,0.019830699,0.999987465,0.999988409,0.019912057,10,gaussian
417,5,0,0.999167605,0.999141537,0.999141668,0.012844899,0.99997391,0.999974041,0.0128556,10,gaussian
417,6,0,0.993954005,0.993918619,0.993919931,0.169868684,0.999964398,0.999965718,0.170901957,10,gaussian
417,7,0,0.996340824,0.99623173,0.996222506,0.019621337,0.999890505,0.999881247,0.019693399,10,gaussian
417,8,0,0.99427755,0.993986869,0.9939564,0.088355833,0.999707646,0.999677001,0.088864355,10,gaussian
417,9,0,0.994450511,0.994119924,0.994080128,0.048328171,0.999667568,0.999627551,0.048597864,10,gaussian
417,10,1,0.960834506,0.009274298,0.000467851,0.000419383,0.009652336,0.000486921,0.000436477,10,gaussian
417,11,1,0.959440255,0.012963418,0.00068055,0.000608488,0.013511438,0.000709319,0.000634212,10,gaussian
417,12,1,0.959979527,0.017757829,0.000737092,0.000632911,0.018498133,0.00076782,0.000659296,10,gaussian
417,13,1,0.959776778,0.013573697,0.000590703,0.000440682,0.014142556,0.000615459,0.00045915,10,gaussian
417,14,1,0.960176059,0.016791622,0.000726688,0.000589485,0.017488066,0.000756828,0.000613934,10,gaussian
418,0,0,0.99422174,0.994204993,0.994207318,0.061364118,0.999983156,0.999985494,0.061720757,10,gaussian
418,1,0,0.997615724,0.997603236,0.997602898,0.012913021,0.999987482,0.999987143,0.012943883,10,gaussian
418,2,0,0.997219744,0.997201662,0.997200317,0.040226537,0.999981867,0.999980519,0.040338689,10,gaussian
418,3,0,0.998001427,0.997995637,0.997995539,0.014398467,0.999994198,0.9999941,0.014427301,10,gaussian
418,4,0,0.997361171,0.997352175,0.997350135,0.015459642,0.999990981,0.999988935,0.015500545,10,gaussian
418,5,0,0.995890612,0.995867949,0.995871839,0.03651289,0.999977244,0.999981149,0.036663554,10,gaussian
418,6,0,0.995249989,0.99520963,0.995203254,0.043344798,0.999959449,0.999953043,0.043551669,10,gaussian
418,7,0,0.993739589,0.99367846,0.99367748,0.04657199,0.999938486,0.9999375,0.046865387,10,gaussian
418,8,0,0.996188536,0.996041754,0.996035335,0.020330752,0.999852657,0.999846213,0.020408539,10,gaussian
418,9,1,0.960674602,0.009863594,0.000501796,0.000418187,0.010267362,0.000522337,0.000435306,10,gaussian
418,10,1,0.96131916,0.012784796,0.000719754,0.00054732,0.013299221,0.000748715,0.000569343,10,gaussian
418,11,1,0.96240236,0.01593294,0.000860499,0.000590524,0.016555384,0.000894115,0.000613594,10,gaussian
418,12,1,0.959676618,0.018204119,0.000969588,0.000611654,0.018969014,0.001010328,0.000637354,10,gaussian
418,13,1,0.961297238,0.011035162,0.000995684,0.000426497,0.011479448,0.001035771,0.000443668,10,gaussian
418,14,0,0.996169566,0.994824382,0.994430293,0.043541914,0.998649644,0.99825404,0.04370934,10,gaussian
419,0,0,0.993142448,0.993127444,0.993127565,0.096036492,0.999984892,0.999985014,0.096699615,10,gaussian
419,1,0,0.994844953,0.994815537,0.994815248,0.093916366,0.999970432,0.999970141,0.094403018,10,gaussian
419,2,0,0.990651436,0.990641731,0.990639266,0.699611734,0.999990203,0.999987715,0.706213819,10,gaussian
419,3,0,0.998236011,0.998226642,0.998227601,0.017325091,0.999990615,0.999991575,0.017355706,10,gaussian
419,4,0,0.994115577,0.994059828,0.994053905,0.098244027,0.99994392,0.999937962,0.098825559,10,gaussian
419,5,0,0.999730146,0.999680662,0.999676147,0.009171305,0.999950502,0.999945986,0.00917378,10,gaussian
419,6,0,0.993268143,0.993221255,0.993213716,0.046018071,0.999952795,0.999945205,0.046329958,10,gaussian
419,7,0,0.998219078,0.998050272,0.998047292,0.012530613,0.999830893,0.999827907,0.012552968,10,gaussian
419,8,1,0.960732203,0.011798934,0.000527824,0.000429769,0.012281189,0.000549398,0.000447335,10,gaussian
419,9,1,0.960046938,0.014276812,0.000738753,0.000615552,0.014870953,0.000769496,0.000641169,10,gaussian
419,10,1,0.959708008,0.015480615,0.000804636,0.000658448,0.016130547,0.000838418,0.000686092,10,gaussian
419,11,1,0.95956656,0.015337867,0.000777601,0.000613012,0.015984162,0.000810367,0.000638843,10,gaussian
419,12,1,0.960430385,0.011496598,0.000620584,0.000441418,0.011970257,0.000646152,0.000459604,10,gaussian
419,13,0,0.992182208,0.991852804,0.991867508,0.078625028,0.999668001,0.99968282,0.079244546,10,gaussian
419,14,0,0.995348429,0.994994154,0.994958712,0.034243732,0.999644069,0.999608461,0.034403764,10,gaussian
420,0,0,0.990771823,0.990750749,0.99075007,0.055451046,0.99997873,0.999978045,0.055967524,10,gaussian
420,1,0,0.991339793,0.991313378,0.99130978,0.122190232,0.999973353,0.999969724,0.123257669,10,gaussian
420,2,0,0.995458576,0.995428654,0.995436324,0.037701603,0.999969941,0.999977646,0.037873603,10,gaussian
420,3,0,0.988824104,0.988803841,0.988802042,0.41309545,0.999979507,0.999977688,0.417764341,10,gaussian
420,4,0,0.994136737,0.994108981,0.994110273,0.034904265,0.999972079,0.99997338,0.035110125,10,gaussian
420,5,0,0.996985619,0.996876802,0.996887972,0.011564639,0.999890854,0.999902057,0.011599605,10,gaussian
420,6,0,0.995781081,0.995727314,0.995728968,0.062592479,0.999946004,0.999947666,0.062857671,10,gaussian
420,7,0,0.992291441,0.992178166,0.992178367,0.11841059,0.999885845,0.999886047,0.119330456,10,gaussian
420,8,0,0.9914395,0.991377163,0.991350685,0.193780757,0.999937125,0.999910418,0.195453941,10,gaussian
420,9,1,0.96061831,0.013330264,0.000453497,0.000401847,0.013876754,0.000472088,0.000418322,10,gaussian
420,10,1,0.961235869,0.014864304,0.000646846,0.00055668,0.015463743,0.000672931,0.000579129,10,gaussian
420,11,1,0.96065512,0.016330648,0.000706174,0.00058797,0.016999491,0.000735097,0.000612051,10,gaussian
420,12,1,0.960336334,0.009438538,0.000496901,0.000406882,0.009828367,0.000517424,0.000423687,10,gaussian
420,13,1,0.961320133,0.012715254,0.000666562,0.000539755,0.013226868,0.000693382,0.000561472,10,gaussian
420,14,0,0.990046034,0.988733387,0.988873629,0.145306192,0.998674155,0.998815807,0.146767107,10,gaussian
421,0,0,0.992803513,0.992764285,0.99277138,0.09105461,0.999960488,0.999967634,0.091714633,10,gaussian
421,1,0,0.997911609,0.997882759,0.99787986,0.006547888,0.99997109,0.999968185,0.006561591,10,gaussian
421,2,0,0.997509867,0.997486252,0.99748436,0.017344899,0.999976326,0.99997443,0.017388198,10,gaussian
421,3,0,0.99621823,0.996198432,0.996197281,0.020251581,0.999980126,0.999978971,0.020328459,10,gaussian
421,4,0,0.997971546,0.99793649,0.997934558,0.020478336,0.999964874,0.999962937,0.02051996,10,gaussian
421,5,0,0.998173026,0.998086473,0.998088834,0.022335302,0.999913289,0.999915653,0.022376183,10,gaussian
421,6,0,0.993383748,0.993372896,0.993367469,0.195736457,0.999989076,0.999983613,0.197040124,10,gaussian
421,7,0,0.992221155,0.992176256,0.992167686,0.219904922,0.999954749,0.999946112,0.221628939,10,gaussian
421,8,0,0.988873817,0.988836949,0.988820416,0.586654495,0.999962718,0.999945998,0.593255161,10,gaussian
421,9,0,0.988136525,0.98803904,0.98808415,0.90710604,0.999901345,0.999946996,0.91799667,10,gaussian
421,10,1,0.961490007,0.010987447,0.000530632,0.000448884,0.011427521,0.000551885,0.000466862,10,gaussian
421,11,1,0.960854452,0.011704516,0.000556113,0.000455405,0.012181362,0.000578769,0.000473958,10,gaussian
421,12,1,0.961083348,0.014354442,0.000753172,0.0006286,0.014935689,0.000783669,0.000654053,10,gaussian
421,13,1,0.960386754,0.015871899,0.000780132,0.000651343,0.01652657,0.00081231,0.000678209,10,gaussian
421,14,1,0.960019484,0.016810894,0.00086057,0.000728524,0.017510993,0.000896409,0.000758863,10,gaussian
422,0,0,0.995604917,0.995574422,0.995576334,0.042210739,0.99996937,0.999971291,0.042397078,10,gaussian
422,1,0,0.994571845,0.994557488,0.994557907,0.081170388,0.999985565,0.999985986,0.081613398,10,gaussian
422,2,0,0.992269969,0.992247505,0.992247312,0.15645749,0.999977362,0.999977167,0.157676333,10,gaussian
422,3,0,0.99652217,0.996483096,0.996488996,0.064089165,0.999960789,0.999966709,0.064312835,10,gaussian
422,4,0,0.998340096,0.998262635,0.998264234,0.066623755,0.99992241,0.999924012,0.066734528,10,gaussian
422,5,0,0.998619536,0.998556785,0.998560786,0.028959095,0.999937162,0.999941168,0.028999127,10,gaussian
422,6,0,0.998262249,0.997954715,0.997980166,0.021409638,0.99969193,0.999717426,0.021446907,10,gaussian
422,7,0,0.994797539,0.994622361,0.994614032,0.118279942,0.999823906,0.999815533,0.118898506,10,gaussian
422,8,0,0.994478526,0.994189194,0.994184335,0.0429798,0.999709062,0.999704175,0.043218429,10,gaussian
422,9,1,0.961605427,0.011177562,0.000494378,0.00044092,0.011623855,0.000514117,0.000458525,10,gaussian
422,10,1,0.962306152,0.019609365,0.000679948,0.000587674,0.02037747,0.000706581,0.000610694,10,gaussian
422,11,1,0.961538591,0.017974117,0.000748968,0.000657118,0.018693079,0.000778926,0.000683403,10,gaussian
422,12,1,0.960955828,0.015503356,0.000726696,0.000641065,0.016133266,0.000756222,0.000667112,10,gaussian
422,13,1,0.961737039,0.012438146,0.000515103,0.000444083,0.012933,0.000535597,0.00046175,10,gaussian
422,14,0,0.997741624,0.996401864,0.996496398,0.009999626,0.998657207,0.998751955,0.01002226,10,gaussian
423,0,0,0.992718797,0.992679483,0.992678455,0.107284725,0.999960398,0.999959362,0.108071617,10,gaussian
423,1,0,0.995448802,0.995438659,0.995437636,0.078863756,0.99998981,0.999988783,0.079224321,10,gaussian
423,2,0,0.993882516,0.993851146,0.993847516,0.081579339,0.999968436,0.999964784,0.082081471,10,gaussian
423,3,0,0.995526423,0.995509317,0.995509484,0.039645439,0.999982817,0.999982985,0.039823593,10,gaussian
423,4,1,0.960591538,0.010860508,0.000479255,0.000461485,0.011306063,0.000498917,0.000480417,10,gaussian
423,5,1,0.961030821,0.015415136,0.000674346,0.00064144,0.01604021,0.00070169,0.00066745,10,gaussian
423,6,1,0.960237875,0.011535023,0.000493241,0.000466738,0.012012673,0.000513665,0.000486065,10,gaussian
423,7,1,0.96035607,0.013053718,0.000675559,0.000648438,0.013592581,0.000703446,0.000675205,10,gaussian
423,8,1,0.961389669,0.014916018,0.000665248,0.000623753,0.015515059,0.000691965,0.000648804,10,gaussian
423,9,0,0.996673758,0.996410042,0.99642373,0.015051529,0.999735404,0.999749138,0.015101761,10,gaussian
423,10,0,0.992507894,0.992458419,0.99245806,0.122941969,0.999950151,0.99994979,0.123870016,10,gaussian
423,11,0,0.992934605,0.992919462,0.992919986,0.072317521,0.999984749,0.999985276,0.072832108,10,gaussian
423,12,0,0.995015866,0.994992457,0.994991279,0.027451295,0.999976473,0.99997529,0.027588801,10,gaussian
423,13,0,0.988674184,0.988657212,0.988662774,0.285903166,0.999982834,0.99998846,0.289178347,10,gaussian
423,14,0,0.995822949,0.995790818,0.995790237,0.046640286,0.999967734,0.999967151,0.046835922,10,gaussian
424,0,0,0.999776136,0.999757593,0.999758905,0.014942853,0.999981453,0.999982765,0.014946199,10,gaussian
424,1,0,0.992761186,0.99273698,0.992733615,0.101534953,0.999975617,0.999972228,0.102275305,10,gaussian
424,2,0,0.998344069,0.998335458,0.998335476,0.03375487,0.999991375,0.999991392,0.033810858,10,gaussian
424,3,0,0.996804973,0.996779577,0.996780135,0.022860658,0.999974522,0.999975082,0.022933933,10,gaussian
424,4,0,0.999665732,0.999654439,0.999654505,0.043528564,0.999988703,0.99998877,0.043543119,10,gaussian
424,5,0,0.997605348,0.997561893,0.997569291,0.030502293,0.99995644,0.999963856,0.03057551,10,gaussian
424,6,0,0.992362023,0.992324795,0.992330373,0.096451868,0.999962486,0.999968106,0.097194236,10,gaussian
424,7,0,0.993545742,0.99345893,0.993459818,0.035833962,0.999912624,0.999913517,0.036066746,10,gaussian
424,8,0,0.994112855,0.993905387,0.993912288,0.01958549,0.999791304,0.999798245,0.019701476,10,gaussian
424,9,0,0.991663895,0.99114558,0.991179153,0.509433714,0.999477327,0.999511183,0.513716105,10,gaussian
424,10,1,0.959893609,0.012376632,0.000614822,0.000456872,0.012893754,0.000640511,0.000475961,10,gaussian
424,11,1,0.96133266,0.009810574,0.000632985,0.000422173,0.010205182,0.000658446,0.000439154,10,gaussian
424,12,1,0.961224106,0.016650485,0.000854998,0.000603167,0.017322168,0.000889489,0.000627499,10,gaussian
424,13,1,0.960585003,0.01491441,0.000907533,0.000627195,0.015526382,0.000944772,0.00065293,10,gaussian
424,14,1,0.96035363,0.016036518,0.000892767,0.000635491,0.016698555,0.000929623,0.000661726,10,gaussian
425,0,0,0.994422752,0.994390324,0.994392387,0.026622346,0.99996739,0.999969464,0.026771659,10,gaussian
425,1,0,0.993103582,0.993083096,0.99308543,0.166933085,0.999979372,0.999981722,0.16809232,10,gaussian
425,2,0,0.99503746,0.995024052,0.995025844,0.070096019,0.999986525,0.999988326,0.070445608,10,gaussian
425,3,0,0.995985252,0.995971719,0.995976229,0.042478739,0.999986413,0.99999094,0.042649968,10,gaussian
425,4,0,0.99526759,0.995229441,0.995226753,0.034583424,0.999961669,0.999958968,0.034747866,10,gaussian
425,5,0,0.994106755,0.994014581,0.994008913,0.056758269,0.999907279,0.999901578,0.057094742,10,gaussian
425,6,0,0.998598511,0.998580181,0.998578724,0.012998874,0.999981644,0.999980186,0.013017118,10,gaussian
425,7,0,0.994851962,0.994816325,0.994813435,0.210662931,0.999964178,0.999961273,0.211753044,10,gaussian
425,8,0,0.995741584,0.995701191,0.99570563,0.024050683,0.999959434,0.999963892,0.024153538,10,gaussian
425,9,0,0.997637515,0.997566799,0.99758073,0.013760859,0.999929117,0.99994308,0.013793446,10,gaussian
425,10,1,0.960005714,0.010707451,0.000472151,0.000444752,0.011153528,0.000491821,0.00046328,10,gaussian
425,11,1,0.961703931,0.011755999,0.000470972,0.000413656,0.012224135,0.000489727,0.000430128,10,gaussian
425,12,1,0.960841334,0.013966622,0.000628734,0.000584943,0.014535826,0.000654358,0.000608782,10,gaussian
425,13,1,0.96152401,0.016502892,0.000648756,0.000580963,0.017163265,0.000674716,0.000604211,10,gaussian
425,14,1,0.960811222,0.014132063,0.000655535,0.000613414,0.01470847,0.000682272,0.000638434,10,gaussian
426,0,0,0.998216152,0.99819757,0.998201057,0.01355191,0.999981385,0.999984878,0.013576128,10,gaussian
426,1,0,0.996306456,0.996276972,0.996277134,0.024277784,0.999970406,0.999970569,0.024367787,10,gaussian
426,2,0,0.996592991,0.996581284,0.996582258,0.049246066,0.999988253,0.999989231,0.049414421,10,gaussian
426,3,0,0.995884369,0.995858869,0.995859451,0.014296884,0.999974394,0.999974978,0.014355968,10,gaussian
426,4,0,0.988735652,0.988712916,0.98871472,0.101314496,0.999977005,0.99997883,0.102468739,10,gaussian
426,5,0,0.995529973,0.99549683,0.99549805,0.067043982,0.999966708,0.999967934,0.067345016,10,gaussian
426,6,0,0.997470999,0.997386216,0.997367112,0.008700922,0.999915002,0.99989585,0.008722982,10,gaussian
426,7,0,0.988840667,0.988835787,0.988838573,0.251331223,0.999995065,0.999997882,0.254167563,10,gaussian
426,8,0,0.990712474,0.990638827,0.990652059,0.133156314,0.999925663,0.999939018,0.1344046,10,gaussian
426,9,1,0.961031254,0.010843634,0.000582337,0.000417851,0.011283331,0.000605951,0.000434795,10,gaussian
426,10,1,0.961937055,0.014545385,0.000893277,0.00056653,0.015120932,0.000928623,0.000588947,10,gaussian
426,11,1,0.96000394,0.015348943,0.001088343,0.000647617,0.015988417,0.001133686,0.000674598,10,gaussian
426,12,1,0.960825254,0.017309757,0.001354143,0.000624022,0.01801551,0.001409354,0.000649464,10,gaussian
426,13,1,0.960288001,0.01206367,0.00189355,0.000494703,0.012562554,0.001971856,0.000515161,10,gaussian
426,14,0,0.990071495,0.987924602,0.987956484,0.068786942,0.997831578,0.99786378,0.069476742,10,gaussian
427,0,0,0.997539235,0.99750855,0.997509777,0.012238066,0.99996924,0.99997047,0.012268256,10,gaussian
427,1,0,0.996575675,0.996557272,0.996559667,0.042799445,0.999981534,0.999983937,0.042946508,10,gaussian
427,2,0,0.99210481,0.992087562,0.992089651,0.175994571,0.999982615,0.99998472,0.177395139,10,gaussian
427,3,0,0.996154146,0.996129891,0.996125383,0.055971943,0.999975652,0.999971126,0.056188034,10,gaussian
427,4,0,0.99422265,0.994201221,0.994199376,0.05238012,0.999978446,0.999976591,0.052684497,10,gaussian
427,5,0,0.996312911,0.996253491,0.99625182,0.026053483,0.99994036,0.999938683,0.0261499,10,gaussian
427,6,0,0.996615005,0.99655677,0.996558694,0.022810459,0.999941567,0.999943498,0.022887934,10,gaussian
427,7,0,0.994495355,0.994476048,0.994476372,0.083223837,0.999980586,0.999980912,0.08368449,10,gaussian
427,8,0,0.997686132,0.997467804,0.997523231,0.011601315,0.999781166,0.999836721,0.011628221,10,gaussian
427,9,0,0.99608895,0.995112773,0.995329742,0.064865598,0.99901999,0.999237811,0.065120287,10,gaussian
427,10,1,0.960913143,0.013014455,0.000522054,0.000466876,0.013543841,0.00054329,0.000485867,10,gaussian
427,11,1,0.960902533,0.015805621,0.000746461,0.000654508,0.016448724,0.000776833,0.000681139,10,gaussian
427,12,1,0.96134588,0.010689352,0.00062889,0.000475054,0.011119153,0.000654177,0.000494156,10,gaussian
427,13,1,0.96051582,0.015146218,0.000825881,0.000701685,0.015768838,0.00085983,0.00073053,10,gaussian
427,14,1,0.961407444,0.014251456,0.000806899,0.000654285,0.014823534,0.000839289,0.000680549,10,gaussian
428,0,0,0.995265647,0.995242074,0.995241677,0.014995,0.999976315,0.999975916,0.01506633,10,gaussian
428,1,0,1.000711768,1.000697216,1.000696612,0.00724813,0.999985459,0.999984855,0.007242975,10,gaussian
428,2,0,0.994521548,0.994485003,0.994487033,0.017497626,0.999963254,0.999965295,0.017594014,10,gaussian
428,3,0,0.993631588,0.993560728,0.993573295,0.031098416,0.999928686,0.999941333,0.031297733,10,gaussian
428,4,0,0.996648943,0.996598438,0.996596566,0.035051856,0.999949325,0.999947447,0.035169712,10,gaussian
428,5,0,0.998159447,0.997891499,0.997909513,0.040293727,0.999731558,0.999749606,0.040368026,10,gaussian
428,6,0,0.996441603,0.996018774,0.995944107,0.018978853,0.999575661,0.999500727,0.019046628,10,gaussian
428,7,0,0.993998909,0.993518335,0.993594658,0.052754499,0.999516524,0.999593308,0.053072995,10,gaussian
428,8,0,0.994452234,0.989300406,0.989105346,0.027410193,0.994819431,0.994623283,0.027563106,10,gaussian
428,9,1,0.961297234,0.01332575,0.001636922,0.00051383,0.013862258,0.001702827,0.000534518,10,gaussian
428,10,1,0.961406452,0.015187607,0.001283765,0.000687217,0.01579728,0.001335299,0.000714804,10,gaussian
428,11,1,0.960527691,0.021263624,0.001155647,0.000738528,0.02213744,0.001203138,0.000768877,10,gaussian
428,12,1,0.961561222,0.01261625,0.0007568,0.000490925,0.01312059,0.000787054,0.00051055,10,gaussian
428,13,1,0.961013,0.01761058,0.001038978,0.000695879,0.018325017,0.001081128,0.00072411,10,gaussian
428,14,0,0.995723799,0.99337265,0.993400061,0.068803877,0.997638754,0.997666282,0.06909936,10,gaussian
429,0,0,0.998484456,0.9984803,0.998480704,0.016337933,0.999995837,0.999996243,0.016362732,10,gaussian
429,1,0,0.99611637,0.996100394,0.996099687,0.017869898,0.999983962,0.999983251,0.017939568,10,gaussian
429,2,0,0.995769839,0.995749213,0.99575143,0.033889332,0.999979286,0.999981513,0.034033298,10,gaussian
429,3,0,0.996089192,0.996059025,0.996053446,0.016351257,0.999969715,0.999964114,0.016415455,10,gaussian
429,4,0,0.997524281,0.997503578,0.99750147,0.081647414,0.999979245,0.999977131,0.081850051,10,gaussian
429,5,0,0.998574656,0.998489732,0.998484638,0.007491789,0.999914955,0.999909853,0.007502483,10,gaussian
429,6,0,0.991891766,0.991851301,0.991880886,0.11647332,0.999959204,0.999989031,0.117425432,10,gaussian
429,7,0,0.99508979,0.995025789,0.995021101,0.043045983,0.999935683,0.999930972,0.043258391,10,gaussian
429,8,0,0.992583648,0.99247664,0.992543922,0.216941031,0.999892193,0.999959978,0.218561964,10,gaussian
429,9,0,0.993447752,0.993106221,0.993102757,0.06312391,0.999656216,0.999652729,0.063540241,10,gaussian
429,10,1,0.960283714,0.011653452,0.000519895,0.00042043,0.012135426,0.000541398,0.000437819,10,gaussian
429,11,1,0.960497613,0.011455726,0.000528817,0.000420355,0.011926865,0.000550566,0.000437643,10,gaussian
429,12,1,0.960170148,0.017054391,0.000684238,0.000568792,0.017761843,0.000712622,0.000592387,10,gaussian
429,13,1,0.959917131,0.015129894,0.000718627,0.00059389,0.015761667,0.000748635,0.000618689,10,gaussian
429,14,1,0.962081268,0.014597422,0.000706935,0.000573369,0.015172753,0.000734797,0.000595968,10,gaussian
430,0,0,0.993277064,0.993247883,0.993252318,0.054625473,0.999970621,0.999975086,0.054995203,10,gaussian
430,1,0,0.995946726,0.995927379,0.995928289,0.113054833,0.999980574,0.999981488,0.113514941,10,gaussian
430,2,0,0.995283709,0.995259323,0.995256103,0.030301217,0.999975498,0.999972263,0.030444804,10,gaussian
430,3,0,0.991593832,0.991569698,0.99157342,0.585920975,0.999975661,0.999979414,0.590888079,10,gaussian
430,4,0,0.996238277,0.996158976,0.996168036,0.040619815,0.9999204,0.999929494,0.040773193,10,gaussian
430,5,0,0.992743162,0.992709856,0.992707816,0.099368437,0.999966451,0.999964396,0.100094808,10,gaussian
430,6,0,0.997474893,0.997395128,0.997386633,0.021539546,0.999920033,0.999911517,0.021594073,10,gaussian
430,7,0,0.998661429,0.998317383,0.998304806,0.033996887,0.999655493,0.999642899,0.034042456,10,gaussian
430,8,1,0.961895564,0.014189847,0.000532841,0.000428074,0.014751962,0.000553949,0.000445032,10,gaussian
430,9,1,0.960642172,0.015535104,0.000806141,0.000629143,0.016171583,0.000839169,0.000654919,10,gaussian
430,10,1,0.960836594,0.014648268,0.00089132,0.000652521,0.015245327,0.00092765,0.000679118,10,gaussian
430,11,1,0.961539357,0.014444109,0.00092674,0.00059956,0.015021859,0.000963809,0.000623542,10,gaussian
430,12,1,0.961035661,0.009846511,0.000851938,0.00045028,0.010245729,0.000886479,0.000468536,10,gaussian
430,13,0,0.994484244,0.99374674,0.993712817,0.074115802,0.999258406,0.999224295,0.074526874,10,gaussian
430,14,0,0.998880708,0.998142982,0.998064046,0.01241419,0.999261447,0.999182423,0.012428101,10,gaussian
431,0,0,0.995874013,0.995834263,0.995835304,0.020371272,0.999960085,0.99996113,0.020455672,10,gaussian
431,1,0,0.993308918,0.993292591,0.993292199,0.102313266,0.999983563,0.999983169,0.103002464,10,gaussian
431,2,0,0.993398208,0.993345826,0.993347986,0.030987769,0.99994727,0.999949444,0.031193703,10,gaussian
431,3,0,0.997711244,0.99769095,0.997690399,0.063547023,0.999979659,0.999979107,0.063692801,10,gaussian
431,4,0,0.997458068,0.997443839,0.997442343,0.016372263,0.999985736,0.999984235,0.016413986,10,gaussian
431,5,0,0.993601885,0.993589794,0.993589453,0.153495282,0.999987831,0.999987488,0.154483687,10,gaussian
431,6,0,0.999400788,0.999314598,0.999308422,0.015774827,0.999913758,0.999907578,0.015784285,10,gaussian
431,7,0,1.004581261,1.004381074,1.004391353,0.01819189,0.999800727,0.999810958,0.018108928,10,gaussian
431,8,0,0.996045371,0.995297811,0.995288759,0.03413083,0.999249472,0.999240384,0.034266341,10,gaussian
431,9,1,0.960830783,0.01226039,0.000660671,0.000500059,0.012760197,0.000687604,0.000520445,10,gaussian
431,10,1,0.960585569,0.015091127,0.000837171,0.000708227,0.015710341,0.000871522,0.000737286,10,gaussian
431,11,1,0.959682512,0.020743026,0.000896587,0.000794739,0.021614467,0.000934254,0.000828127,10,gaussian
431,12,1,0.960647486,0.017759302,0.000839818,0.000708541,0.018486805,0.00087422,0.000737566,10,gaussian
431,13,1,0.961311577,0.010476119,0.000655739,0.000505671,0.010897736,0.00068213,0.000526022,10,gaussian
431,14,0,0.995993474,0.994691251,0.994563744,0.017064134,0.998692538,0.998564518,0.017132777,10,gaussian
432,0,0,0.99784699,0.997824137,0.997823198,0.057039568,0.999977098,0.999976157,0.05716264,10,gaussian
432,1,0,0.995598196,0.99557827,0.995577478,0.027467225,0.999979986,0.999979191,0.027588665,10,gaussian
432,2,0,0.993086354,0.993056978,0.99305677,0.081704513,0.999970419,0.99997021,0.082273321,10,gaussian
432,3,0,0.996410375,0.996396354,0.996395931,0.027979789,0.999985929,0.999985504,0.028080587,10,gaussian
432,4,0,0.996706297,0.996689374,0.996691117,0.020319012,0.99998302,0.999984769,0.020386158,10,gaussian
432,5,0,0.998092201,0.998053582,0.998052268,0.015767678,0.999961307,0.999959991,0.015797817,10,gaussian
432,6,0,0.993105568,0.993059056,0.993052687,0.06943338,0.999953166,0.999946752,0.069915407,10,gaussian
432,7,0,0.9941846,0.994097883,0.994131774,0.149850483,0.999912776,0.999946865,0.150727021,10,gaussian
432,8,0,0.993594418,0.99341273,0.993404834,0.047343212,0.999817141,0.999809195,0.047648428,10,gaussian
432,9,0,0.992802244,0.992716054,0.99266153,0.314072754,0.999913185,0.999858265,0.316349762,10,gaussian
432,10,1,0.96047979,0.010516411,0.00053663,0.000465779,0.010949122,0.00055871,0.000484944,10,gaussian
432,11,1,0.960552471,0.012667916,0.00057754,0.000442348,0.013188156,0.000601258,0.000460514,10,gaussian
432,12,1,0.961433519,0.013284256,0.00068943,0.000599898,0.013817134,0.000717086,0.000623962,10,gaussian
432,13,1,0.962561173,0.020168128,0.000767847,0.000592287,0.020952568,0.000797712,0.000615324,10,gaussian
432,14,1,0.960881156,0.016526165,0.000769385,0.00066387,0.017198968,0.000800707,0.000690897,10,gaussian
433,0,0,0.994460221,0.994418383,0.994409684,0.04000157,0.999957929,0.999949182,0.040224404,10,gaussian
433,1,0,0.995837313,0.995818013,0.995816856,0.013115948,0.999980619,0.999979458,0.013170774,10,gaussian
433,2,0,0.99555628,0.995461905,0.995432556,0.028555588,0.999905204,0.999875724,0.028683047,10,gaussian
433,3,1,0.961644991,0.011454533,0.000491938,0.000451944,0.011911395,0.000511559,0.00046997,10,gaussian
433,4,1,0.960576039,0.017589414,0.000669728,0.000632422,0.018311318,0.000697215,0.000658378,10,gaussian
433,5,1,0.960865075,0.008983609,0.000482648,0.000459345,0.009349501,0.000502306,0.000478053,10,gaussian
433,6,1,0.960911091,0.01454193,0.000706711,0.000686373,0.015133482,0.000735459,0.000714294,10,gaussian
433,7,1,0.961044091,0.014668492,0.000662831,0.000632358,0.01526308,0.000689699,0.00065799,10,gaussian
433,8,0,0.995778217,0.995633529,0.995637387,0.02930753,0.999854698,0.999858572,0.029431784,10,gaussian
433,9,0,0.996305718,0.996289466,0.996287804,0.00936423,0.999983688,0.999982019,0.009398953,10,gaussian
433,10,0,0.996379836,0.996362098,0.996363294,0.026527757,0.999982198,0.999983398,0.026624141,10,gaussian
433,11,0,0.996391364,0.996375333,0.996375101,0.038891652,0.999983911,0.999983678,0.039032506,10,gaussian
433,12,0,0.997248059,0.997238494,0.997236508,0.024713595,0.999990409,0.999988418,0.024781793,10,gaussian
433,13,0,0.998604583,0.998556998,0.998555495,0.009728648,0.999952349,0.999950844,0.009742242,10,gaussian
433,14,0,0.993385023,0.993360547,0.99335765,0.151377169,0.999975362,0.999972445,0.152385194,10,gaussian
434,0,0,0.994988161,0.994954756,0.994960745,0.040642601,0.999966426,0.999972445,0.040847321,10,gaussian
434,1,0,0.991918757,0.991910671,0.991910215,0.116627007,0.999991848,0.999991389,0.117577177,10,gaussian
434,2,0,0.993855695,0.993837144,0.993834507,0.044045593,0.999981334,0.999978681,0.044317896,10,gaussian
434,3,0,0.994118169,0.994081216,0.994078726,0.10326974,0.999962828,0.999960324,0.103880749,10,gaussian
434,4,0,0.997682981,0.997660514,0.997652981,0.007241306,0.999977481,0.999969931,0.007258124,10,gaussian
434,5,0,0.995650344,0.995613572,0.995617673,0.119714341,0.999963068,0.999967187,0.120237332,10,gaussian
434,6,0,0.998744998,0.998032729,0.997963366,0.044184991,0.999286837,0.999217386,0.044240513,10,gaussian
434,7,1,0.960425012,0.012207066,0.00074226,0.000461633,0.012710067,0.000772846,0.000480655,10,gaussian
434,8,1,0.961051641,0.012887239,0.000883242,0.000635339,0.013409518,0.000919036,0.000661087,10,gaussian
434,9,1,0.959510887,0.016948282,0.000906467,0.000712418,0.01766346,0.000944718,0.00074248,10,gaussian
434,10,1,0.960375635,0.013604193,0.000821012,0.000650098,0.014165492,0.000854886,0.000676921,10,gaussian
434,11,1,0.960725487,0.011097187,0.000595048,0.000451977,0.011550841,0.000619374,0.000470454,10,gaussian
434,12,0,0.994102993,0.993955459,0.993973282,0.046190808,0.999851591,0.99986952,0.046464811,10,gaussian
434,13,0,0.996837838,0.996673998,0.996675296,0.033236449,0.99983564,0.999836942,0.033341881,10,gaussian
434,14,0,0.998352447,0.998090223,0.998104376,0.005329185,0.999737343,0.99975152,0.005337979,10,gaussian
435,0,0,0.994900817,0.994868463,0.994867925,0.056052055,0.99996748,0.999966939,0.056339339,10,gaussian
435,1,0,0.99247722,0.992453079,0.992455439,0.078152436,0.999975677,0.999978055,0.078744816,10,gaussian
435,2,0,0.997691086,0.997672577,0.99767382,0.017010964,0.999981448,0.999982693,0.017050332,10,gaussian
435,3,0,0.995943247,0.995914664,0.995911626,0.014802181,0.999971301,0.99996825,0.014862474,10,gaussian
435,4,0,0.99648335,0.996465439,0.996461626,0.02030931,0.999982025,0.999978199,0.020380982,10,gaussian
435,5,0,0.997198325,0.997074214,0.997078791,0.056348211,0.99987554,0.99988013,0.056506524,10,gaussian
435,6,0,0.990064615,0.990055067,0.990054863,0.735558943,0.999990356,0.99999015,0.742940341,10,gaussian
435,7,0,0.992509339,0.992466166,0.992463989,0.253209695,0.999956501,0.999954307,0.255120718,10,gaussian
435,8,0,0.997090524,0.996970104,0.996978135,0.020669836,0.999879229,0.999887283,0.02073015,10,gaussian
435,9,1,0.960688003,0.010366641,0.000527398,0.000446047,0.010790851,0.00054898,0.000464299,10,gaussian
435,10,1,0.961181163,0.017637011,0.000726503,0.000596103,0.01834931,0.000755843,0.000620178,10,gaussian
435,11,1,0.962106598,0.017509626,0.000806157,0.000629248,0.018199258,0.000837908,0.000654032,10,gaussian
435,12,1,0.959651331,0.014937168,0.000851259,0.000669828,0.015565203,0.00088705,0.000697991,10,gaussian
435,13,1,0.960526736,0.011386902,0.000661691,0.000453216,0.011854852,0.000688883,0.000471841,10,gaussian
435,14,0,0.997347043,0.996672784,0.99664566,0.017650597,0.999323948,0.999296751,0.017697548,10,gaussian
436,0,0,0.993905193,0.993875282,0.993876845,0.059567204,0.999969906,0.999971478,0.059932481,10,gaussian
436,1,0,0.98964799,0.989626885,0.989625285,0.221494991,0.999978674,0.999977057,0.223811894,10,gaussian
436,2,0,0.9973772,0.997348626,0.997349445,0.016118009,0.999971351,0.999972172,0.016160395,10,gaussian
436,3,0,0.998732689,0.998719691,0.998718002,0.008863164,0.999986986,0.999985294,0.00887441,10,gaussian
436,4,0,0.998564438,0.998474648,0.998474437,0.008328642,0.999910081,0.99990987,0.008340616,10,gaussian
436,5,0,0.996676044,0.996091073,0.996018401,0.033990736,0.999413078,0.999340164,0.034104097,10,gaussian
436,6,1,0.960567461,0.011120539,0.000530546,0.000445746,0.011577051,0.000552326,0.000464044,10,gaussian
436,7,1,0.961127941,0.014578897,0.000750535,0.000635087,0.015168529,0.00078089,0.000660773,10,gaussian
436,8,1,0.960054573,0.015569106,0.000798074,0.000690575,0.016216897,0.00083128,0.000719308,10,gaussian
436,9,1,0.960954094,0.015290987,0.000745538,0.000635283,0.015912297,0.000775831,0.000661096,10,gaussian
436,10,1,0.961374167,0.009907859,0.000531448,0.000449015,0.010305934,0.0005528,0.000467055,10,gaussian
436,11,0,0.993145885,0.993077694,0.99307731,0.048757657,0.999931338,0.999930952,0.049094154,10,gaussian
436,12,0,0.995619616,0.995499834,0.995500838,0.06064683,0.999879691,0.999880699,0.060913655,10,gaussian
436,13,0,0.998705832,0.998596043,0.998597075,0.006800382,0.999890069,0.999891101,0.006809194,10,gaussian
436,14,0,0.999260623,0.99918822,0.999184094,0.00631559,0.999927544,0.999923414,0.006320263,10,gaussian
437,0,0,0.997356253,0.997343207,0.99734416,0.034126823,0.999986919,0.999987875,0.034217285,10,gaussian
437,1,0,0.998564384,0.998548286,0.998548575,0.016110912,0.999983879,0.999984169,0.016134074,10,gaussian
437,2,0,0.994742878,0.994724178,0.994722807,0.021698698,0.999981202,0.999979823,0.021813374,10,gaussian
437,3,0,0.995223616,0.995196724,0.995200482,0.100870499,0.999972979,0.999976755,0.101354607,10,gaussian
437,4,0,0.995491731,0.995472307,0.995470506,0.076187352,0.999980488,0.999978679,0.076532381,10,gaussian
437,5,0,0.995756372,0.995730175,0.995728734,0.0200177,0.999973692,0.999972244,0.02010301,10,gaussian
437,6,0,0.994250526,0.994184726,0.994212356,0.044241405,0.99993382,0.99996161,0.044497241,10,gaussian
437,7,0,0.996760829,0.996682486,0.996671838,0.019629068,0.999921403,0.99991072,0.019692857,10,gaussian
437,8,0,0.994580896,0.994431577,0.994444353,0.134949621,0.999849868,0.999862713,0.135684912,10,gaussian
437,9,1,0.960413827,0.008920104,0.000553267,0.00045297,0.009287771,0.000576072,0.00047164,10,gaussian
437,10,1,0.959892599,0.01437247,0.00083827,0.000644879,0.014972998,0.000873295,0.000671824,10,gaussian
437,11,1,0.960420228,0.015066806,0.001064283,0.000681191,0.015687722,0.001108144,0.000709263,10,gaussian
437,12,1,0.961238733,0.01347168,0.001402766,0.000617407,0.014014916,0.001459331,0.000642303,10,gaussian
437,13,1,0.960120384,0.015398815,0.003637632,0.000522271,0.016038421,0.003788725,0.000543964,10,gaussian
437,14,0,0.994094968,0.968552292,0.966539691,0.032394122,0.974305598,0.972281042,0.032586546,10,gaussian
438,0,0,0.990259707,0.990243222,0.99024355,0.346461789,0.999983353,0.999983685,0.349869622,10,gaussian
438,1,0,0.996625947,0.99661099,0.996611225,0.009291765,0.999984993,0.999985229,0.009323222,10,gaussian
438,2,0,0.992694608,0.992666786,0.992665901,0.09543157,0.999971973,0.999971081,0.096133866,10,gaussian
438,3,0,0.989795718,0.989773897,0.989777001,0.315151586,0.999977954,0.99998109,0.318400635,10,gaussian
438,4,0,0.994843723,0.994741596,0.994729155,0.027223926,0.999897344,0.999884838,0.027365028,10,gaussian
438,5,0,0.996595692,0.996503093,0.996507978,0.022408039,0.999907085,0.999911986,0.022484584,10,gaussian
438,6,0,0.999651668,0.999439987,0.999366272,0.096847859,0.999788245,0.999714505,0.096881606,10,gaussian
438,7,0,0.992889604,0.9923191,0.992344074,0.1021873,0.999425411,0.999450564,0.102919096,10,gaussian
438,8,0,0.99313115,0.991711241,0.991578473,0.051377512,0.99857027,0.998436584,0.051732858,10,gaussian
438,9,1,0.960818141,0.009480568,0.000848264,0.000427308,0.009867183,0.000882856,0.000444734,10,gaussian
438,10,1,0.960298995,0.013271378,0.00092421,0.000588026,0.013820048,0.000962419,0.000612336,10,gaussian
438,11,1,0.960665424,0.014707212,0.0009055,0.000613172,0.015309401,0.000942576,0.000638278,10,gaussian
438,12,1,0.960881468,0.012767932,0.000837138,0.000581426,0.013287728,0.000871219,0.000605097,10,gaussian
438,13,1,0.959986169,0.010844987,0.000648789,0.000432482,0.011297024,0.000675832,0.000450509,10,gaussian
438,14,0,0.991304261,0.989411339,0.989051819,0.247189173,0.998090473,0.997727799,0.249357521,10,gaussian
439,0,0,0.995194598,0.995152406,0.995157042,0.055957879,0.999957604,0.999962262,0.056228077,10,gaussian
439,1,0,0.995133623,0.995106615,0.995107356,0.062991068,0.99997286,0.999973604,0.063299105,10,gaussian
439,2,0,0.998894394,0.998883524,0.998881985,0.025256125,0.999989118,0.999987577,0.02528408,10,gaussian
439,3,0,0.997670844,0.997655012,0.997653845,0.023900042,0.999984131,0.999982961,0.023955838,10,gaussian
439,4,0,0.99771841,0.997642369,0.997653438,0.036128773,0.999923786,0.999934879,0.036211393,10,gaussian
439,5,0,0.993599514,0.993563405,0.993561284,0.197234901,0.999963658,0.999961523,0.198505432,10,gaussian
439,6,0,0.997644535,0.997616006,0.997617484,0.025406586,0.999971404,0.999972886,0.025466572,10,gaussian
439,7,0,0.99489071,0.994842031,0.994849397,0.072612084,0.999951071,0.999958474,0.072984986,10,gaussian
439,8,0,0.995972464,0.995657887,0.995619702,0.026555452,0.999684151,0.999645812,0.026662838,10,gaussian
439,9,1,0.960468296,0.010148948,0.000559532,0.000421412,0.010566667,0.000582562,0.000438757,10,gaussian
439,10,1,0.960851256,0.014754042,0.000787016,0.000559205,0.015355177,0.000819082,0.000581989,10,gaussian
439,11,1,0.961273108,0.014324994,0.000900039,0.000584687,0.014902107,0.000936299,0.000608243,10,gaussian
439,12,1,0.960287174,0.014532289,0.001039495,0.000583239,0.015133274,0.001082484,0.000607359,10,gaussian
439,13,1,0.95995988,0.011390756,0.001081854,0.000444146,0.011865866,0.001126978,0.000462672,10,gaussian
439,14,0,0.992962805,0.991092846,0.991012839,0.133588705,0.998116788,0.998036214,0.134535457,10,gaussian
440,0,0,0.997804415,0.997778987,0.997783688,0.109315153,0.999974517,0.999979227,0.109555692,10,gaussian
440,1,0,0.995719035,0.995693329,0.995696184,0.025052051,0.999974183,0.999977051,0.025159759,10,gaussian
440,2,0,0.996190797,0.99616668,0.996169634,0.04021403,0.999975791,0.999978756,0.040367799,10,gaussian
440,3,0,0.995612505,0.995595531,0.995595648,0.026420264,0.999982952,0.999983068,0.026536693,10,gaussian
440,4,0,0.989804316,0.989787525,0.989791502,0.428490212,0.999983036,0.999987054,0.432903964,10,gaussian
440,5,0,0.999248676,0.998990414,0.998995935,0.01091003,0.999741543,0.999747069,0.010918234,10,gaussian
440,6,1,0.960411515,0.012062035,0.000503824,0.000457837,0.012559236,0.000524592,0.000476709,10,gaussian
440,7,1,0.962007542,0.011154292,0.000499868,0.000433268,0.011594807,0.000519609,0.000450379,10,gaussian
440,8,1,0.961844774,0.016983025,0.000698091,0.000618672,0.017656721,0.000725783,0.000643214,10,gaussian
440,9,1,0.960552344,0.016247572,0.000700738,0.00062303,0.016914822,0.000729516,0.000648616,10,gaussian
440,10,1,0.962058451,0.019749373,0.000725586,0.000631936,0.020528247,0.000754202,0.000656858,10,gaussian
440,11,0,0.995227283,0.995172821,0.995176267,0.024552123,0.999945277,0.999948739,0.024669865,10,gaussian
440,12,0,0.99517811,0.995052223,0.995066729,0.025085989,0.999873503,0.999888079,0.025207537,10,gaussian
440,13,0,0.994281786,0.994199782,0.994199819,0.08962079,0.999917524,0.999917561,0.090136208,10,gaussian
440,14,0,0.994860825,0.994802088,0.99480379,0.045795603,0.99994096,0.999942671,0.046032171,10,gaussian
441,0,0,0.998199462,0.998164532,0.998166343,0.006184046,0.999965007,0.999966822,0.006195201,10,gaussian
441,1,0,0.995165111,0.995134644,0.995134605,0.027173304,0.999969385,0.999969346,0.027305322,10,gaussian
441,2,0,0.993080138,0.993046486,0.993045199,0.066534695,0.999966113,0.999964818,0.066998315,10,gaussian
441,3,0,0.997745968,0.997722155,0.997725784,0.047023409,0.999976133,0.999979771,0.047129641,10,gaussian
441,4,0,0.996295191,0.99625792,0.996258979,0.028307547,0.999962591,0.999963653,0.028412811,10,gaussian
441,5,0,0.99482032,0.99479506,0.994795064,0.06573698,0.999974608,0.999974612,0.066079249,10,gaussian
441,6,0,0.991863225,0.991838754,0.991833033,0.121857398,0.999975328,0.99996956,0.122857058,10,gaussian
441,7,0,0.988698016,0.988672859,0.988667274,0.549661797,0.999974555,0.999968907,0.555945079,10,gaussian
441,8,0,0.999755105,0.999671284,0.9996639,0.018854742,0.999916158,0.999908773,0.018859361,10,gaussian
441,9,0,0.997124155,0.997069867,0.997072563,0.025911178,0.999945556,0.99994826,0.02598591,10,gaussian
441,10,1,0.960005704,0.011521208,0.000556485,0.000535726,0.012001187,0.000579668,0.000558045,10,gaussian
441,11,1,0.961054268,0.013783949,0.000527264,0.000496092,0.014342529,0.000548631,0.000516195,10,gaussian
441,12,1,0.960468141,0.016227342,0.000717872,0.000701339,0.016895242,0.000747418,0.000730205,10,gaussian
441,13,1,0.960831634,0.016383454,0.000747287,0.000714541,0.017051326,0.00077775,0.00074367,10,gaussian
441,14,1,0.960547274,0.017287746,0.00076224,0.000738321,0.017997808,0.000793548,0.000768646,10,gaussian
442,0,0,0.992361449,0.99233654,0.992333292,0.10213529,0.999974899,0.999971625,0.102921461,10,gaussian
442,1,0,0.994165186,0.994134037,0.994137193,0.063678265,0.999968668,0.999971842,0.064051997,10,gaussian
442,2,0,0.998471123,0.998466164,0.998466361,0.00689903,0.999995033,0.999995231,0.006909594,10,gaussian
442,3,0,0.990991007,0.990965123,0.990966726,0.213810932,0.999973882,0.999975499,0.215754664,10,gaussian
442,4,0,0.997831267,0.997813152,0.997812795,0.00805731,0.999981846,0.999981488,0.008074822,10,gaussian
442,5,0,0.997327599,0.997316497,0.997314039,0.009088825,0.999988868,0.999986404,0.009113179,10,gaussian
442,6,0,0.996453112,0.99641641,0.996418224,0.03533065,0.999963168,0.999964988,0.03545641,10,gaussian
442,7,0,0.991859801,0.991783122,0.991774225,0.236133617,0.999922691,0.999913721,0.238071567,10,gaussian
442,8,0,0.985481326,0.98509112,0.985039945,0.433590124,0.999604046,0.999552116,0.439978022,10,gaussian
442,9,0,0.999115501,0.998869671,0.998866043,0.015655716,0.999753952,0.999750321,0.015669576,10,gaussian
442,10,1,0.961095789,0.010281637,0.000631817,0.000502455,0.010697828,0.000657392,0.000522794,10,gaussian
442,11,1,0.96127994,0.013848948,0.000816763,0.000537211,0.014406779,0.000849662,0.000558849,10,gaussian
442,12,1,0.96110758,0.016945875,0.000921312,0.000721887,0.017631611,0.000958594,0.000751099,10,gaussian
442,13,1,0.96095935,0.018602696,0.001032753,0.000741597,0.019358463,0.00107471,0.000771726,10,gaussian
442,14,1,0.960900216,0.017340572,0.001025832,0.000768591,0.018046173,0.001067574,0.000799865,10,gaussian
443,0,0,0.998040904,0.997999192,0.998002099,0.045518449,0.999958206,0.999961119,0.045607799,10,gaussian
443,1,0,0.9957146,0.995697353,0.995700699,0.073128784,0.999982679,0.999986039,0.073443518,10,gaussian
443,2,0,0.99293138,0.992910126,0.992915876,0.144690667,0.999978594,0.999984386,0.145720711,10,gaussian
443,3,0,0.998087665,0.99807694,0.998077451,0.036494345,0.999989255,0.999989767,0.036564268,10,gaussian
443,4,0,0.995204436,0.995176695,0.995178531,0.039424007,0.999972125,0.99997397,0.039613978,10,gaussian
443,5,0,0.997231496,0.997202314,0.997207101,0.023321125,0.999970738,0.999975538,0.023385869,10,gaussian
443,6,0,0.996104767,0.996038082,0.996043044,0.011763886,0.999933055,0.999938036,0.011809888,10,gaussian
443,7,0,0.991115423,0.99106719,0.991069134,0.190291945,0.999951334,0.999953296,0.191997764,10,gaussian
443,8,0,0.994791854,0.994614966,0.994652475,0.063108319,0.999822186,0.999859892,0.063438717,10,gaussian
443,9,0,0.987725118,0.987604026,0.987616516,0.427516483,0.999877403,0.999890048,0.432829413,10,gaussian
443,10,1,0.960674531,0.010977748,0.00049206,0.000440113,0.011427125,0.000512203,0.000458129,10,gaussian
443,11,1,0.96072986,0.013178943,0.000480348,0.000442154,0.013717636,0.000499982,0.000460227,10,gaussian
443,12,1,0.960832469,0.017676208,0.000669027,0.000608941,0.018396764,0.000696299,0.000633764,10,gaussian
443,13,1,0.960174671,0.01647689,0.000659545,0.000620065,0.017160305,0.000686901,0.000645783,10,gaussian
443,14,1,0.961034384,0.016452476,0.000671961,0.000628413,0.017119549,0.000699206,0.000653892,10,gaussian
444,0,0,0.992027054,0.991987109,0.991980858,0.03458045,0.999959734,0.999953433,0.034858374,10,gaussian
444,1,0,0.996118632,0.996071624,0.996070466,0.03594269,0.999952809,0.999951647,0.036082741,10,gaussian
444,2,0,0.996176558,0.996154024,0.996155983,0.055294775,0.999977379,0.999979346,0.055507003,10,gaussian
444,3,0,0.988122706,0.988105548,0.988098927,0.270097677,0.999982636,0.999975935,0.273344268,10,gaussian
444,4,0,0.996254538,0.99619019,0.996186309,0.0578492,0.99993541,0.999931515,0.058066686,10,gaussian
444,5,0,0.998220512,0.998177745,0.998170944,0.029071372,0.999957156,0.999950344,0.029123196,10,gaussian
444,6,0,0.996030758,0.995946772,0.995944697,0.026434613,0.999915679,0.999913596,0.026539957,10,gaussian
444,7,0,0.995827064,0.995697002,0.99569428,0.034097036,0.999869394,0.99986666,0.034239917,10,gaussian
444,8,0,0.993477531,0.992805988,0.992824016,0.078351044,0.999324048,0.999342194,0.078865441,10,gaussian
444,9,0,0.992043677,0.990732447,0.990840337,0.259940154,0.998678254,0.998787009,0.262024909,10,gaussian
444,10,1,0.961613537,0.010406515,0.00057001,0.000443564,0.01082193,0.000592764,0.00046127,10,gaussian
444,11,1,0.960793337,0.011538119,0.000612031,0.000461915,0.01200895,0.000637006,0.000480764,10,gaussian
444,12,1,0.96037037,0.018014174,0.000757234,0.00061627,0.018757528,0.000788481,0.0006417,10,gaussian
444,13,1,0.96039012,0.016018493,0.000730859,0.000616741,0.016679152,0.000761002,0.000642177,10,gaussian
444,14,1,0.960390269,0.0183696,0.000785058,0.000662266,0.019127224,0.000817436,0.00068958,10,gaussian
445,0,0,0.996343916,0.996329207,0.996326648,0.01938019,0.999985237,0.999982668,0.019451306,10,gaussian
445,1,0,0.997442898,0.997431697,0.997430245,0.008557711,0.99998877,0.999987314,0.00857965,10,gaussian
445,2,0,0.997412627,0.997390967,0.997390281,0.020011957,0.999978284,0.999977595,0.02006387,10,gaussian
445,3,0,0.999325787,0.999290892,0.999301536,0.068466263,0.999965082,0.999975733,0.068512455,10,gaussian
445,4,0,0.995140812,0.995104721,0.99510948,0.041155385,0.999963733,0.999968515,0.041356344,10,gaussian
445,5,0,0.996615834,0.99657791,0.996576836,0.033944131,0.999961948,0.99996087,0.034059394,10,gaussian
445,6,0,0.986558553,0.986540107,0.986546059,0.862134894,0.999981303,0.999987336,0.87388112,10,gaussian
445,7,0,0.994210935,0.994070562,0.994069752,0.033848772,0.99985881,0.999857994,0.034045866,10,gaussian
445,8,0,0.989348777,0.989065395,0.989121702,0.136691756,0.999713567,0.999770481,0.138163365,10,gaussian
445,9,0,0.995905191,0.995345617,0.99527784,0.03514038,0.999438125,0.999370069,0.035284865,10,gaussian
445,10,1,0.959904553,0.010388397,0.000541477,0.000449512,0.010822323,0.000564095,0.000468288,10,gaussian
445,11,1,0.959956721,0.010620779,0.000540834,0.000451002,0.01106381,0.000563394,0.000469815,10,gaussian
445,12,1,0.960786003,0.01413865,0.000682091,0.000576885,0.014715712,0.00070993,0.00060043,10,gaussian
445,13,1,0.960313727,0.013851396,0.000700489,0.000600045,0.014423824,0.000729438,0.000624843,10,gaussian
445,14,1,0.960713624,0.01464368,0.000749477,0.00063763,0.015242503,0.000780125,0.000663704,10,gaussian
446,0,0,0.996234437,0.99622615,0.996224721,0.014743696,0.999991681,0.999990247,0.014799424,10,gaussian
446,1,0,0.997335908,0.997302306,0.997303763,0.012537579,0.999966308,0.999967768,0.01257107,10,gaussian
446,2,0,0.992643165,0.992622164,0.992620709,0.36695264,0.999978843,0.999977377,0.369672258,10,gaussian
446,3,0,0.99381653,0.993794721,0.993796858,0.223086105,0.999978056,0.999980206,0.224474134,10,gaussian
446,4,0,0.996504257,0.996470429,0.996467255,0.038632007,0.999966053,0.999962868,0.038767528,10,gaussian
446,5,0,0.996706548,0.996632315,0.996628122,0.025216638,0.999925522,0.999921315,0.025299962,10,gaussian
446,6,0,0.994660647,0.994530627,0.994551663,0.061056664,0.999869282,0.999890431,0.061384417,10,gaussian
446,7,0,0.997378153,0.997266614,0.997254885,0.011374102,0.999888168,0.999876409,0.011404002,10,gaussian
446,8,0,0.992657669,0.992579528,0.992575195,0.126203209,0.999921281,0.999916916,0.127136689,10,gaussian
446,9,0,0.994617821,0.994153844,0.994211007,0.084680295,0.999533513,0.999590985,0.085138526,10,gaussian
446,10,1,0.96029618,0.010445951,0.000536238,0.000459194,0.010877843,0.000558409,0.000478179,10,gaussian
446,11,1,0.960832766,0.011168457,0.000591297,0.00047186,0.011623726,0.000615401,0.000491095,10,gaussian
446,12,1,0.961048076,0.015237938,0.000744044,0.000631156,0.015855542,0.0007742,0.000656737,10,gaussian
446,13,1,0.96071091,0.014306403,0.000771503,0.000637348,0.014891475,0.000803054,0.000663413,10,gaussian
446,14,1,0.960746921,0.013587012,0.000782981,0.000659438,0.014142135,0.000814972,0.000686381,10,gaussian
447,0,0,0.997437282,0.997395715,0.997393643,0.148952851,0.999958326,0.999956249,0.149335556,10,gaussian
447,1,0,0.996129252,0.996106757,0.996110582,0.295726256,0.999977418,0.999981257,0.296875386,10,gaussian
447,2,0,0.995838305,0.99582939,0.995825264,0.024875746,0.999991047,0.999986904,0.024979704,10,gaussian
447,3,0,0.996009307,0.995981854,0.995982396,0.013769322,0.999972437,0.999972981,0.013824491,10,gaussian
447,4,0,0.997505316,0.997494603,0.997498448,0.065994539,0.99998926,0.999993114,0.066159586,10,gaussian
447,5,0,0.995390077,0.995341057,0.995355397,0.028146299,0.999950753,0.99996516,0.028276652,10,gaussian
447,6,0,0.995773093,0.995724143,0.995732129,0.050298685,0.999950842,0.999958862,0.050512195,10,gaussian
447,7,0,0.991686563,0.991656151,0.991648049,0.217422357,0.999969333,0.999961163,0.219245036,10,gaussian
447,8,0,0.997201679,0.997036095,0.997058963,0.097776684,0.999833951,0.999856884,0.098051062,10,gaussian
447,9,0,0.994721951,0.994257675,0.994224443,0.044394398,0.999533261,0.999499853,0.044629957,10,gaussian
447,10,1,0.961036822,0.012133084,0.000464087,0.000427571,0.012624994,0.000482902,0.000444906,10,gaussian
447,11,1,0.961668045,0.016714658,0.000633131,0.000574955,0.017380902,0.000658368,0.000597872,10,gaussian
447,12,1,0.960648338,0.009651365,0.000486751,0.000444039,0.01004672,0.00050669,0.000462228,10,gaussian
447,13,1,0.96164888,0.014418307,0.000658203,0.000613503,0.014993317,0.000684452,0.00063797,10,gaussian
447,14,1,0.959969473,0.014581042,0.000649984,0.000616502,0.015189068,0.000677088,0.00064221,10,gaussian
448,0,0,0.993562963,0.99355082,0.993549554,0.06993567,0.999987779,0.999986504,0.070388765,10,gaussian
448,1,0,0.997124909,0.997104545,0.997105052,0.017459288,0.999979578,0.999980086,0.01750963,10,gaussian
448,2,0,0.995282107,0.995236591,0.995236295,0.024791435,0.999954269,0.99995397,0.024908953,10,gaussian
448,3,0,0.998365968,0.998308949,0.998274677,0.039213764,0.999942888,0.99990856,0.039277946,10,gaussian
448,4,0,0.997334518,0.997313565,0.997314629,0.030570285,0.999978991,0.999980057,0.030651987,10,gaussian
448,5,0,0.990490074,0.990440021,0.990436276,0.465085538,0.999949466,0.999945685,0.469550933,10,gaussian
448,6,0,0.992233767,0.992127133,0.992137552,0.217402919,0.999892532,0.999903032,0.219104536,10,gaussian
448,7,0,0.994834175,0.994660174,0.994657219,0.161167784,0.999825096,0.999822126,0.162004672,10,gaussian
448,8,0,0.995579584,0.995478656,0.995449653,0.065985198,0.999898624,0.999869493,0.066278175,10,gaussian
448,9,0,0.997701628,0.997172053,0.997092567,0.011419018,0.999469204,0.999389535,0.011445323,10,gaussian
448,10,1,0.961305987,0.010187918,0.000552064,0.00046703,0.010597997,0.000574285,0.000485828,10,gaussian
448,11,1,0.959965403,0.011414125,0.000553184,0.000493226,0.011890142,0.000576254,0.000513795,10,gaussian
448,12,1,0.961662469,0.01277365,0.000763944,0.000644176,0.013282883,0.000794399,0.000669856,10,gaussian
448,13,1,0.960370017,0.018393452,0.00077749,0.000703795,0.019152463,0.000809574,0.000732837,10,gaussian
448,14,1,0.960503826,0.016064617,0.000792494,0.000695431,0.016725198,0.000825082,0.000724027,10,gaussian
449,0,0,0.988870804,0.98884686,0.988847452,0.480820337,0.999975787,0.999976386,0.486231705,10,gaussian
449,1,0,0.989521839,0.989482163,0.989484125,0.220503981,0.999959903,0.999961886,0.222838923,10,gaussian
449,2,0,0.98793024,0.987909717,0.987905879,0.420200624,0.999979227,0.999975341,0.425334307,10,gaussian
449,3,0,0.997259222,0.997230725,0.997233325,0.118351053,0.999971425,0.999974032,0.118676319,10,gaussian
449,4,0,0.987128435,0.987101137,0.987107926,0.451080072,0.999972347,0.999979224,0.456961887,10,gaussian
449,5,0,0.992247058,0.992202121,0.992202423,0.16747335,0.999954712,0.999955016,0.168781906,10,gaussian
449,6,0,0.99382449,0.993747256,0.993753057,0.040715954,0.999922286,0.999928123,0.040968958,10,gaussian
449,7,0,0.996724798,0.996660711,0.996661827,0.02653231,0.999935703,0.999936823,0.026619494,10,gaussian
449,8,0,0.996732057,0.996607953,0.996620115,0.011417214,0.999875488,0.999887691,0.011454647,10,gaussian
449,9,0,0.993609848,0.99328352,0.993376457,0.024110185,0.999671574,0.999765108,0.024265244,10,gaussian
449,10,1,0.961055302,0.011493501,0.000507287,0.000425746,0.01195925,0.000527844,0.000442999,10,gaussian
449,11,1,0.96130684,0.011365478,0.000545078,0.000424392,0.011822945,0.000567018,0.000441474,10,gaussian
449,12,1,0.962151748,0.0145749,0.00069525,0.000572836,0.015148234,0.0007226,0.00059537,10,gaussian
449,13,1,0.960733174,0.015400443,0.00074897,0.000617732,0.016029885,0.000779582,0.00064298,10,gaussian
449,14,1,0.960186598,0.015048483,0.000760155,0.000615887,0.015672456,0.000791674,0.000641424,10,gaussian
450,0,0,0.992212067,0.992182157,0.992181601,0.061486978,0.999969855,0.999969294,0.061969593,10,gaussian
450,1,0,0.995854281,0.995828076,0.995825139,0.039143752,0.999973685,0.999970737,0.039306706,10,gaussian
450,2,0,0.996108805,0.996069278,0.996066713,0.028258871,0.999960318,0.999957743,0.028369261,10,gaussian
450,3,0,0.993850787,0.993837684,0.993835686,0.083881329,0.999986815,0.999984805,0.084400324,10,gaussian
450,4,0,0.99695756,0.996941339,0.996940724,0.009251716,0.999983729,0.999983112,0.009279949,10,gaussian
450,5,0,0.997620954,0.997579962,0.997576132,0.006702428,0.99995891,0.999955071,0.006718411,10,gaussian
450,6,0,0.990515908,0.99037392,0.990369523,0.280966285,0.999856652,0.999852213,0.283656509,10,gaussian
450,7,0,0.996069821,0.996004079,0.995997938,0.045656465,0.999933999,0.999927834,0.045836611,10,gaussian
450,8,0,0.996454859,0.996305647,0.996349363,0.048379265,0.999850258,0.999894129,0.048551387,10,gaussian
450,9,0,0.993411418,0.992859554,0.992970505,0.031813074,0.999444476,0.999556163,0.032024067,10,gaussian
450,10,1,0.960954566,0.010839653,0.000495197,0.000433292,0.011280089,0.000515318,0.000450898,10,gaussian
450,11,1,0.960896711,0.013411752,0.00068934,0.000591492,0.013957538,0.000717393,0.000615562,10,gaussian
450,12,1,0.960799767,0.012012558,0.000605682,0.000424927,0.012502666,0.000630394,0.000442264,10,gaussian
450,13,1,0.961394456,0.013504581,0.000752745,0.000615264,0.014046868,0.000782972,0.00063997,10,gaussian
450,14,1,0.961474268,0.013087355,0.000749593,0.000581194,0.013611758,0.000779629,0.000604482,10,gaussian
451,0,0,0.996289598,0.996268439,0.996262684,0.012636726,0.999978763,0.999972986,0.012683788,10,gaussian
451,1,0,0.996065427,0.996046505,0.996046098,0.027013516,0.999981002,0.999980594,0.027120222,10,gaussian
451,2,0,0.994991457,0.994973948,0.994975865,0.042923057,0.999982403,0.99998433,0.043139121,10,gaussian
451,3,0,0.995278095,0.995253852,0.995251532,0.023186523,0.999975642,0.999973311,0.023296527,10,gaussian
451,4,0,0.99969929,0.999671886,0.999675265,0.007405343,0.999972588,0.999975968,0.00740757,10,gaussian
451,5,0,0.998213589,0.998195117,0.998195732,0.102869682,0.999981495,0.999982111,0.103053778,10,gaussian
451,6,0,0.992953912,0.992914441,0.992903972,0.087645348,0.999960249,0.999949706,0.088267287,10,gaussian
451,7,0,0.997640615,0.997544225,0.997553467,0.032770094,0.999903382,0.999912646,0.032847594,10,gaussian
451,8,0,0.990403086,0.990164811,0.990219139,0.093462208,0.999759416,0.999814271,0.094367848,10,gaussian
451,9,0,0.9941073,0.993339295,0.993300487,0.042483485,0.999227443,0.999188405,0.042735311,10,gaussian
451,10,1,0.96001571,0.011309956,0.000603331,0.000456791,0.011781011,0.00062846,0.000475817,10,gaussian
451,11,1,0.96055194,0.010058061,0.000595028,0.000451942,0.010471127,0.000619464,0.000470502,10,gaussian
451,12,1,0.960626575,0.017298182,0.000774551,0.000611037,0.018007187,0.000806298,0.000636082,10,gaussian
451,13,1,0.961530852,0.016780381,0.000802607,0.000604116,0.017451734,0.000834718,0.000628286,10,gaussian
451,14,1,0.961935485,0.017460654,0.000815851,0.000627152,0.018151586,0.000848135,0.000651969,10,gaussian
452,0,0,0.995519872,0.995493225,0.995498908,0.013210371,0.999973233,0.999978942,0.013269822,10,gaussian
452,1,0,0.99513731,0.995116536,0.995114226,0.274154994,0.999979125,0.999976804,0.275494639,10,gaussian
452,2,0,0.994499259,0.99442846,0.99442932,0.029190792,0.999928809,0.999929674,0.029352251,10,gaussian
452,3,0,0.996224814,0.996183259,0.996193142,0.037916906,0.999958288,0.999968208,0.038060592,10,gaussian
452,4,0,0.995096156,0.995063493,0.995063691,0.016729876,0.999967176,0.999967375,0.016812321,10,gaussian
452,5,0,0.994322689,0.994021672,0.994124935,0.037372039,0.999697265,0.999801118,0.037585423,10,gaussian
452,6,1,0.961020045,0.012061216,0.000597253,0.000404568,0.012550431,0.000621479,0.000420977,10,gaussian
452,7,1,0.961525907,0.01671815,0.000811073,0.00056957,0.017387103,0.000843527,0.000592361,10,gaussian
452,8,1,0.960832657,0.015787655,0.000838564,0.000615021,0.016431222,0.000872747,0.000640092,10,gaussian
452,9,1,0.962728035,0.016952118,0.000743158,0.000533517,0.017608418,0.00077193,0.000554172,10,gaussian
452,10,1,0.960581278,0.011561466,0.00058701,0.000432627,0.012035906,0.000611098,0.000450381,10,gaussian
452,11,0,0.99452224,0.994251192,0.994469497,0.103136867,0.99972746,0.999946966,0.103704938,10,gaussian
452,12,0,0.994911427,0.994756068,0.994782753,0.024931951,0.999843846,0.999870668,0.025059468,10,gaussian
452,13,0,0.993738596,0.993423652,0.993533205,0.031421474,0.999683071,0.999793315,0.031619456,10,gaussian
452,14,0,0.997893842,0.997579187,0.997596911,0.01736708,0.999684681,0.999702443,0.017403735,10,gaussian
453,0,0,0.991130517,0.991114507,0.991114603,0.143443488,0.999983846,0.999983944,0.144727143,10,gaussian
453,1,0,0.996496595,0.996433621,0.996432587,0.017680463,0.999936805,0.999935767,0.017742622,10,gaussian
453,2,0,0.995245381,0.995230476,0.99522931,0.088720494,0.999985024,0.999983852,0.089144342,10,gaussian
453,3,0,0.997942589,0.997935696,0.997936621,0.026412241,0.999993092,0.999994019,0.026466694,10,gaussian
453,4,0,0.992604047,0.992582892,0.992578993,0.06868454,0.999978687,0.99997476,0.069196313,10,gaussian
453,5,0,0.996586788,0.996565888,0.996564307,0.026070162,0.999979029,0.999977442,0.026159449,10,gaussian
453,6,1,0.960837021,0.011515456,0.000512271,0.000441906,0.011984817,0.000533151,0.000459918,10,gaussian
453,7,1,0.961486191,0.014863664,0.000676094,0.000583876,0.015459051,0.000703176,0.000607264,10,gaussian
453,8,1,0.96002552,0.010771394,0.000487055,0.000449109,0.011219904,0.000507336,0.00046781,10,gaussian
453,9,1,0.961476573,0.016662656,0.000679549,0.000605146,0.017330277,0.000706776,0.000629393,10,gaussian
453,10,1,0.961037775,0.017074179,0.000649452,0.000590857,0.017766397,0.000675782,0.000614812,10,gaussian
453,11,0,0.992340576,0.992269809,0.992284966,0.101118732,0.999928687,0.999943961,0.101899221,10,gaussian
453,12,0,0.996769207,0.996646047,0.996643872,0.029328699,0.999876441,0.999874259,0.029423761,10,gaussian
453,13,0,0.995112569,0.995060774,0.99505475,0.037049629,0.999947951,0.999941897,0.037231596,10,gaussian
453,14,0,0.996467478,0.996392593,0.996391458,0.021917067,0.99992485,0.99992371,0.021994764,10,gaussian
454,0,0,0.99513869,0.995122041,0.995112,0.065395836,0.999983269,0.999973179,0.065715298,10,gaussian
454,1,0,1.001411548,1.001388788,1.001387504,0.013458664,0.999977272,0.99997599,0.013439694,10,gaussian
454,2,0,0.995590398,0.995574108,0.995575755,0.031138014,0.999983637,0.999985292,0.031275928,10,gaussian
454,3,0,0.992936529,0.992914259,0.992915293,0.056973709,0.999977571,0.999978613,0.057379004,10,gaussian
454,4,0,0.994034707,0.994012908,0.994015467,0.066241322,0.99997807,0.999980644,0.066638842,10,gaussian
454,5,0,0.997777092,0.997716493,0.997719678,0.007515234,0.999939266,0.999942459,0.007531977,10,gaussian
454,6,0,0.996311364,0.996285371,0.996286734,0.040037034,0.999973911,0.999975279,0.040185263,10,gaussian
454,7,0,0.994899421,0.994785373,0.994792626,0.043564837,0.999885368,0.999892658,0.043788182,10,gaussian
454,8,0,0.985467352,0.985445959,0.985434699,0.759900869,0.999978292,0.999966865,0.771107097,10,gaussian
454,9,0,0.994602544,0.994365391,0.994426551,0.057440374,0.99976156,0.999823052,0.057752089,10,gaussian
454,10,1,0.960646965,0.01131836,0.000493925,0.000466512,0.011782018,0.000514159,0.000485623,10,gaussian
454,11,1,0.960875513,0.016846235,0.000688809,0.000644455,0.017532172,0.000716856,0.000670695,10,gaussian
454,12,1,0.960475099,0.019570318,0.000728627,0.000685852,0.020375664,0.000758611,0.000714076,10,gaussian
454,13,1,0.961596491,0.013825431,0.000520527,0.00044129,0.01437758,0.000541315,0.000458914,10,gaussian
454,14,1,0.960110382,0.015863206,0.000732065,0.000667,0.016522273,0.00076248,0.000694712,10,gaussian
455,0,1,0.960268526,0.011074934,0.000501885,0.000493163,0.011533163,0.00052265,0.000513568,10,gaussian
455,1,1,0.961940249,0.0115268,0.00048095,0.000448329,0.011982865,0.000499979,0.000466068,10,gaussian
455,2,1,0.96028266,0.012882173,0.000683104,0.00068307,0.013414981,0.000711357,0.000711322,10,gaussian
455,3,1,0.960041278,0.016074194,0.000728258,0.000723618,0.016743232,0.00075857,0.000753736,10,gaussian
455,4,1,0.961442216,0.014595461,0.000688457,0.000658808,0.015180799,0.000716067,0.000685229,10,gaussian
455,5,0,0.996716637,0.996677837,0.996680981,0.065581933,0.999961072,0.999964227,0.065797971,10,gaussian
455,6,0,0.994593364,0.994570363,0.994566252,0.053654773,0.999976873,0.99997274,0.053946442,10,gaussian
455,7,0,0.996511466,0.996466955,0.996465386,0.014433062,0.999955333,0.999953758,0.014483589,10,gaussian
455,8,0,0.995926948,0.995888037,0.99588809,0.040675497,0.99996093,0.999960983,0.040841848,10,gaussian
455,9,0,0.992537963,0.99250501,0.992505248,0.077291511,0.999966799,0.999967039,0.077872599,10,gaussian
455,10,0,0.993198795,0.993158746,0.993158685,0.046731673,0.999959677,0.999959616,0.047051681,10,gaussian
455,11,0,0.998031998,0.998019699,0.998021744,0.008919708,0.999987677,0.999989726,0.008937297,10,gaussian
455,12,0,0.991431817,0.991402496,0.991395994,0.184851947,0.999970425,0.999963867,0.18644948,10,gaussian
455,13,0,0.991159917,0.991117725,0.991122091,0.077177817,0.999957432,0.999961837,0.07786616,10,gaussian
455,14,0,0.993532254,0.993487539,0.993488561,0.073197021,0.999954994,0.999956022,0.073673523,10,gaussian
456,0,0,0.9962287,0.996208274,0.996206436,0.043539325,0.999979496,0.999977652,0.043704146,10,gaussian
456,1,0,1.000166825,1.000146483,1.000143021,0.012370399,0.999979662,0.9999762,0.012368335,10,gaussian
456,2,0,0.996045467,0.996024765,0.996024509,0.030712866,0.999979216,0.999978958,0.030834804,10,gaussian
456,3,0,0.99600505,0.995975778,0.995976787,0.039302439,0.99997061,0.999971623,0.03946008,10,gaussian
456,4,0,0.990672012,0.990597278,0.990602514,0.147202248,0.999924562,0.999929847,0.148588278,10,gaussian
456,5,0,0.989252698,0.98921319,0.989216243,0.271746438,0.999960063,0.999963149,0.274698708,10,gaussian
456,6,0,0.996120848,0.996098569,0.996097226,0.050955572,0.999977634,0.999976286,0.051154006,10,gaussian
456,7,0,0.995836825,0.995787296,0.995787162,0.017921014,0.999950264,0.999950129,0.017995934,10,gaussian
456,8,1,0.96053341,0.01026655,0.000477891,0.000468057,0.010688385,0.000497527,0.000487288,10,gaussian
456,9,1,0.95946072,0.015283464,0.000671083,0.000662746,0.015929223,0.000699438,0.000690748,10,gaussian
456,10,1,0.960600894,0.011576276,0.000473222,0.000454775,0.012051078,0.000492631,0.000473427,10,gaussian
456,11,1,0.961910115,0.01656114,0.000681593,0.000648576,0.017216931,0.000708583,0.000674258,10,gaussian
456,12,1,0.960601097,0.015019059,0.000665728,0.000640606,0.015635063,0.000693033,0.00066688,10,gaussian
456,13,0,0.995770849,0.995640235,0.995662621,0.020142905,0.999868831,0.999891312,0.020228454,10,gaussian
456,14,0,0.996478941,0.996359563,0.996354814,0.034400601,0.9998802,0.999875434,0.034522155,10,gaussian
457,0,0,0.997825132,0.997816056,0.997816133,0.015279208,0.999990904,0.999990981,0.015312511,10,gaussian
457,1,0,0.997776889,0.997750839,0.997747855,0.013402539,0.999973892,0.999970902,0.013432401,10,gaussian
457,2,0,0.996623704,0.996598735,0.996600561,0.037858272,0.999974946,0.999976778,0.037986526,10,gaussian
457,3,0,0.994510939,0.994458958,0.994460698,0.085830637,0.999947732,0.999949482,0.086304367,10,gaussian
457,4,0,0.997900614,0.997839733,0.997837952,0.005153827,0.999938991,0.999937206,0.00516467,10,gaussian
457,5,0,0.995495382,0.995393861,0.995376033,0.146788736,0.999898019,0.99988011,0.147452955,10,gaussian
457,6,0,0.996596711,0.996484384,0.996491884,0.068573113,0.999887289,0.999894815,0.068807284,10,gaussian
457,7,0,0.995749356,0.995596039,0.995603602,0.022518817,0.999846029,0.999853623,0.022614945,10,gaussian
457,8,0,0.993843289,0.989104351,0.988317998,0.036630737,0.995231705,0.994440481,0.036857659,10,gaussian
457,9,1,0.961508453,0.010583549,0.00123616,0.000428674,0.011007235,0.001285647,0.000445835,10,gaussian
457,10,1,0.96027156,0.012942003,0.00107336,0.000581116,0.013477441,0.001117767,0.000605158,10,gaussian
457,11,1,0.961062504,0.017503758,0.000977324,0.000618121,0.018212923,0.00101692,0.000643165,10,gaussian
457,12,1,0.960794435,0.015474573,0.000895403,0.000593512,0.016106019,0.00093194,0.000617731,10,gaussian
457,13,1,0.960821455,0.012605746,0.000631629,0.000412343,0.013119759,0.000657385,0.000429157,10,gaussian
457,14,0,0.993866312,0.991484405,0.991480181,0.051165686,0.997603394,0.997599143,0.051481457,10,gaussian
458,0,0,0.995876616,0.995857138,0.995856605,0.019414891,0.999980441,0.999979906,0.019495278,10,gaussian
458,1,0,0.994760325,0.994758791,0.994758535,0.045363003,0.999998458,0.9999982,0.045601943,10,gaussian
458,2,0,0.99740588,0.997387551,0.997385793,0.019095016,0.999981623,0.999979861,0.01914468,10,gaussian
458,3,0,0.994894888,0.994816147,0.994818589,0.071279946,0.999920855,0.999923309,0.071645705,10,gaussian
458,4,0,0.992977404,0.992955124,0.99295568,0.101368094,0.999977562,0.999978122,0.102084996,10,gaussian
458,5,0,0.995821464,0.995805515,0.995807899,0.041852337,0.999983985,0.999986378,0.042027952,10,gaussian
458,6,0,0.992136761,0.992053505,0.992070687,0.050748398,0.999916085,0.999933403,0.051150608,10,gaussian
458,7,0,0.994034548,0.993949386,0.993968809,0.132154085,0.999914327,0.999933867,0.132947175,10,gaussian
458,8,0,0.986175355,0.985979644,0.986018021,0.626232139,0.999801545,0.99984046,0.63501094,10,gaussian
458,9,0,0.995949586,0.995718681,0.995765125,0.105748723,0.999768156,0.999814789,0.106178791,10,gaussian
458,10,1,0.961930277,0.008781506,0.0004158,0.000354441,0.009129046,0.000432256,0.000368468,10,gaussian
458,11,1,0.9603403,0.007879744,0.000431534,0.000394065,0.008205158,0.000449355,0.000410339,10,gaussian
458,12,1,0.961886293,0.01354539,0.00059767,0.000512998,0.014082112,0.000621352,0.000533325,10,gaussian
458,13,1,0.959669411,0.011014574,0.000609924,0.000556892,0.011477467,0.000635556,0.000580296,10,gaussian
458,14,1,0.960510515,0.011968759,0.000643036,0.000572769,0.012460831,0.000669473,0.000596317,10,gaussian
459,0,0,0.995495322,0.995472963,0.995471823,0.071338701,0.99997754,0.999976395,0.071661513,10,gaussian
459,1,0,0.997523481,0.99749368,0.997494296,0.065338163,0.999970125,0.999970743,0.065500376,10,gaussian
459,2,0,0.996688247,0.996661097,0.996661738,0.030044163,0.99997276,0.999973403,0.030143993,10,gaussian
459,3,0,0.993563433,0.9935412,0.993541514,0.105374817,0.999977623,0.999977939,0.106057463,10,gaussian
459,4,0,0.997470442,0.997434311,0.997434752,0.009880188,0.999963777,0.999964219,0.009905244,10,gaussian
459,5,0,0.995581809,0.995465656,0.995459924,0.185967124,0.999883332,0.999877574,0.186792408,10,gaussian
459,6,0,0.991643761,0.991621838,0.991623631,0.547941995,0.999977892,0.9999797,0.552559312,10,gaussian
459,7,0,0.993294758,0.99319148,0.993203052,0.21127587,0.999896025,0.999907675,0.212702089,10,gaussian
459,8,1,0.960959727,0.010628617,0.000437945,0.000411337,0.011060419,0.000455737,0.000428048,10,gaussian
459,9,1,0.96022488,0.016038601,0.000635719,0.000596315,0.016702964,0.000662052,0.000621016,10,gaussian
459,10,1,0.960649422,0.012970175,0.000693929,0.000629452,0.013501466,0.000722354,0.000655236,10,gaussian
459,11,1,0.961177715,0.01377719,0.000657828,0.000553753,0.014333655,0.000684398,0.000576119,10,gaussian
459,12,1,0.961345443,0.010607028,0.000566742,0.000404274,0.011033524,0.00058953,0.000420529,10,gaussian
459,13,0,0.996540695,0.995901927,0.995849793,0.030046661,0.999359015,0.999306699,0.030150963,10,gaussian
459,14,0,0.997178865,0.996155512,0.996098851,0.041727759,0.998973751,0.99891693,0.041845812,10,gaussian
460,0,0,0.985944131,0.985907273,0.985901037,0.215982231,0.999962616,0.999956292,0.219061328,10,gaussian
460,1,0,0.995323792,0.995281403,0.995286128,0.038398491,0.999957412,0.99996216,0.038578894,10,gaussian
460,2,0,0.991366427,0.991276707,0.991352548,0.644802944,0.999909499,0.999986,0.650418379,10,gaussian
460,3,0,0.997685174,0.997663021,0.997666611,0.010088281,0.999977796,0.999981393,0.010111688,10,gaussian
460,4,0,0.992015443,0.991980333,0.991977871,0.071690074,0.999964607,0.999962125,0.072267095,10,gaussian
460,5,0,0.994751024,0.994734955,0.994731194,0.041624575,0.999983846,0.999980066,0.041844215,10,gaussian
460,6,0,0.993167756,0.993149285,0.993157088,0.28109662,0.999981402,0.999989258,0.283030353,10,gaussian
460,7,0,0.998719962,0.998631427,0.9986319,0.011753111,0.999911352,0.999911825,0.011768175,10,gaussian
460,8,0,0.993951663,0.993794022,0.993796792,0.095964108,0.9998414,0.999844186,0.096548063,10,gaussian
460,9,0,0.995552129,0.995351804,0.995345219,0.061323476,0.99979878,0.999792166,0.061597453,10,gaussian
460,10,1,0.960265823,0.012609112,0.000572163,0.000502881,0.013130856,0.000595838,0.000523689,10,gaussian
460,11,1,0.960905785,0.011855226,0.000520984,0.000479234,0.012337553,0.00054218,0.000498732,10,gaussian
460,12,1,0.960183149,0.018750135,0.00077099,0.000692333,0.019527665,0.000802961,0.000721042,10,gaussian
460,13,1,0.961667528,0.019393153,0.000737264,0.000666878,0.020166173,0.000766652,0.00069346,10,gaussian
460,14,1,0.961347387,0.018442652,0.000788623,0.000708407,0.019184171,0.00082033,0.000736889,10,gaussian
461,0,0,0.99602622,0.996007952,0.996004899,0.027979454,0.999981659,0.999978594,0.028091082,10,gaussian
461,1,0,0.991562776,0.991546104,0.99154663,0.203184357,0.999983186,0.999983717,0.204913256,10,gaussian
461,2,0,0.997874103,0.997840081,0.997843506,0.030159556,0.999965906,0.999969338,0.030223809,10,gaussian
461,3,0,0.997595475,0.997532465,0.997537179,0.051148628,0.999936838,0.999941564,0.051271913,10,gaussian
461,4,0,0.996630768,0.996613295,0.996610153,0.049996898,0.999982469,0.999979315,0.050165919,10,gaussian
461,5,0,0.993432721,0.993407789,0.993406344,0.041166395,0.999974904,0.999973449,0.041438534,10,gaussian
461,6,0,0.996449797,0.996396028,0.99640735,0.032435703,0.999946039,0.999957402,0.032551266,10,gaussian
461,7,0,0.996430987,0.996331024,0.996317155,0.045523449,0.999899679,0.99988576,0.045686504,10,gaussian
461,8,0,0.991847702,0.991677615,0.991680973,0.097363729,0.999828514,0.9998319,0.098163991,10,gaussian
461,9,1,0.959960525,0.010453323,0.000520357,0.000475157,0.010889326,0.00054206,0.000494975,10,gaussian
461,10,1,0.961071361,0.01451836,0.000733379,0.00063839,0.015106433,0.000763085,0.000664248,10,gaussian
461,11,1,0.961412704,0.01748622,0.000828198,0.00068682,0.018188047,0.000861439,0.000714386,10,gaussian
461,12,1,0.960878892,0.011422293,0.000625596,0.000462084,0.011887339,0.000651067,0.000480897,10,gaussian
461,13,1,0.960587702,0.016646603,0.000802545,0.000642243,0.017329602,0.000835473,0.000668594,10,gaussian
461,14,0,0.996254312,0.994694824,0.994588786,0.011424645,0.998434649,0.998328213,0.011467599,10,gaussian
462,0,0,0.995784825,0.995770014,0.995769996,0.057267015,0.999985127,0.999985108,0.057509427,10,gaussian
462,1,0,0.99470137,0.994684047,0.994685612,0.027339673,0.999982585,0.999984158,0.027485308,10,gaussian
462,2,0,0.997917032,0.997893239,0.997893916,0.032453685,0.999976158,0.999976836,0.032521427,10,gaussian
462,3,0,0.997590963,0.997568627,0.997568468,0.014063267,0.999977611,0.99997745,0.014097228,10,gaussian
462,4,0,1.001011308,1.000980581,1.000982924,0.028316347,0.999969304,0.999971645,0.02828774,10,gaussian
462,5,0,0.994717169,0.994679133,0.994679967,0.020899712,0.999961761,0.999962599,0.021010708,10,gaussian
462,6,0,0.992578743,0.992547685,0.992552464,0.097610188,0.999968711,0.999973525,0.098339995,10,gaussian
462,7,0,0.996274025,0.996161072,0.996164825,0.140992339,0.999886624,0.999890392,0.141519637,10,gaussian
462,8,0,0.996827659,0.996759611,0.996763715,0.021671656,0.999931735,0.999935853,0.021740625,10,gaussian
462,9,0,0.993914742,0.993692714,0.993632185,0.029125509,0.999776613,0.999715713,0.02930383,10,gaussian
462,10,1,0.961226308,0.010598314,0.000480736,0.00043716,0.011025826,0.000500127,0.000454795,10,gaussian
462,11,1,0.959487703,0.011107294,0.000522085,0.000468906,0.011576275,0.000544129,0.000488704,10,gaussian
462,12,1,0.959958893,0.01687688,0.000658942,0.000625157,0.017580836,0.000686428,0.000651233,10,gaussian
462,13,1,0.961168084,0.016693698,0.00071093,0.000648508,0.017368136,0.000739652,0.000674708,10,gaussian
462,14,1,0.961575171,0.014272074,0.000669379,0.00058971,0.01484239,0.000696128,0.000613275,10,gaussian
463,0,0,0.996416629,0.996383021,0.996385456,0.026870094,0.999966271,0.999968715,0.026966725,10,gaussian
463,1,0,0.997535214,0.997517605,0.99751521,0.019421571,0.999982347,0.999979946,0.01946956,10,gaussian
463,2,0,0.994375719,0.994321642,0.994327701,0.084637013,0.999945617,0.999951711,0.085115728,10,gaussian
463,3,0,0.99797508,0.997840178,0.997838585,0.020535674,0.999864824,0.999863228,0.020577341,10,gaussian
463,4,0,0.998399423,0.998368923,0.998367391,0.011902715,0.999969451,0.999967917,0.011921797,10,gaussian
463,5,0,0.998730803,0.998717784,0.998717219,0.097089207,0.999986965,0.999986398,0.097212588,10,gaussian
463,6,0,0.994176981,0.994150145,0.994148622,0.037907773,0.999973007,0.999971475,0.038129804,10,gaussian
463,7,0,0.997702626,0.997677741,0.997679675,0.007545716,0.999975058,0.999976997,0.007563091,10,gaussian
463,8,0,0.996747179,0.996692049,0.99669409,0.010871973,0.99994469,0.999946738,0.010907453,10,gaussian
463,9,0,1.000671451,1.000582347,1.000604433,0.020253668,0.999910956,0.999933027,0.020240077,10,gaussian
463,10,1,0.960141545,0.012842332,0.000481845,0.00046546,0.013375457,0.000501848,0.000484783,10,gaussian
463,11,1,0.961773757,0.009744978,0.000449859,0.000413925,0.010132298,0.000467739,0.000430376,10,gaussian
463,12,1,0.96145173,0.016735241,0.000646755,0.00061534,0.017406221,0.000672686,0.000640011,10,gaussian
463,13,1,0.960603761,0.012947552,0.000643656,0.00061127,0.013478557,0.000670053,0.000636339,10,gaussian
463,14,1,0.959395234,0.014448915,0.000714217,0.000693094,0.015060441,0.000744445,0.000722428,10,gaussian
464,0,0,0.997099517,0.997076123,0.997076079,0.037790356,0.999976538,0.999976494,0.037900285,10,gaussian
464,1,0,0.997375987,0.997358862,0.997360074,0.037192947,0.999982829,0.999984045,0.037290799,10,gaussian
464,2,0,0.995796903,0.995752176,0.995758007,0.041705905,0.999955084,0.99996094,0.041881939,10,gaussian
464,3,0,1.001161638,1.001147969,1.001145967,0.008443546,0.999986347,0.999984347,0.008433749,10,gaussian
464,4,0,0.995487014,0.995458591,0.995457342,0.034270216,0.999971448,0.999970194,0.034425579,10,gaussian
464,5,0,0.995311482,0.995251603,0.99524599,0.039555706,0.999939839,0.999934199,0.039742037,10,gaussian
464,6,0,0.9965617,0.996490101,0.996498868,0.022917572,0.999928155,0.999936952,0.022996641,10,gaussian
464,7,0,0.996423511,0.996288709,0.996279205,0.008951126,0.999864714,0.999855176,0.008983254,10,gaussian
464,8,0,0.994144518,0.993949265,0.994016914,0.062577297,0.999803597,0.999871644,0.062945875,10,gaussian
464,9,1,0.96076444,0.012078702,0.000543249,0.000461179,0.01257197,0.000565434,0.000480013,10,gaussian
464,10,1,0.961276139,0.013719421,0.000744424,0.000609395,0.014272092,0.000774412,0.000633944,10,gaussian
464,11,1,0.959913447,0.018512869,0.000924048,0.000713983,0.019285977,0.000962637,0.0007438,10,gaussian
464,12,1,0.960764007,0.017453721,0.000962837,0.000668911,0.018166501,0.001002158,0.000696229,10,gaussian
464,13,1,0.960206036,0.01111256,0.000757935,0.000461312,0.0115731,0.000789346,0.00048043,10,gaussian
464,14,0,0.99428243,0.992975639,0.99296376,0.040052467,0.998685695,0.998673747,0.040282787,10,gaussian
465,0,0,0.99776636,0.997748668,0.997748621,0.022779576,0.999982268,0.999982221,0.022830571,10,gaussian
465,1,0,0.993948312,0.993912051,0.99391233,0.062800146,0.999963518,0.999963799,0.063182506,10,gaussian
465,2,0,0.999389438,0.999379154,0.999379598,0.025704445,0.99998971,0.999990154,0.025720148,10,gaussian
465,3,0,0.992327454,0.992307078,0.992305651,0.054757394,0.999979467,0.999978028,0.055180771,10,gaussian
465,4,0,0.996824464,0.996779285,0.996773659,0.037071792,0.999954677,0.999949033,0.03718989,10,gaussian
465,5,0,0.995695152,0.995679139,0.995681103,0.08910288,0.999983918,0.99998589,0.089488113,10,gaussian
465,6,0,0.994805133,0.994729841,0.994730653,0.040639625,0.999924314,0.999925131,0.040851845,10,gaussian
465,7,0,0.994187476,0.993933721,0.993939931,0.123392993,0.999744761,0.999751008,0.124114411,10,gaussian
465,8,1,0.960456889,0.011703068,0.000532219,0.000483772,0.012184897,0.000554131,0.00050369,10,gaussian
465,9,1,0.961057394,0.016098561,0.000741133,0.000661679,0.016750884,0.000771164,0.000688491,10,gaussian
465,10,1,0.960275358,0.016180758,0.000816955,0.000711014,0.016850123,0.000850751,0.000740428,10,gaussian
465,11,1,0.961297285,0.018638813,0.000810259,0.000657557,0.019389229,0.00084288,0.00068403,10,gaussian
465,12,1,0.959425742,0.01012074,0.000659611,0.000507007,0.010548747,0.000687506,0.000528448,10,gaussian
465,13,0,0.995732395,0.994965532,0.995119258,0.033951435,0.99922985,0.999384235,0.034096947,10,gaussian
465,14,0,0.995370871,0.994890997,0.994888745,0.055901415,0.999517894,0.999515632,0.056161393,10,gaussian
466,0,0,0.988115496,0.988068699,0.988068876,0.188582761,0.99995264,0.99995282,0.19085093,10,gaussian
466,1,0,0.997950233,0.997942078,0.997941621,0.029420691,0.999991829,0.999991371,0.029481121,10,gaussian
466,2,0,0.997440699,0.997391566,0.997387115,0.020025766,0.999950741,0.999946278,0.02007715,10,gaussian
466,3,0,0.993243252,0.993217296,0.993218521,0.088364142,0.999973867,0.999975101,0.088965257,10,gaussian
466,4,0,0.991688021,0.991676962,0.991674967,0.160148217,0.999988848,0.999986837,0.161490523,10,gaussian
466,5,0,0.988024296,0.987997692,0.987995936,0.264485069,0.999973073,0.999971296,0.267690856,10,gaussian
466,6,0,0.9973667,0.997104708,0.997088682,0.038631997,0.999737316,0.999721248,0.038733995,10,gaussian
466,7,0,0.996880011,0.996842947,0.996850185,0.016753272,0.99996282,0.99997008,0.016805706,10,gaussian
466,8,1,0.96121302,0.009500368,0.000492826,0.000415197,0.009883727,0.000512713,0.000431951,10,gaussian
466,9,1,0.962024209,0.013885319,0.000673849,0.000560745,0.01443344,0.000700449,0.00058288,10,gaussian
466,10,1,0.960568189,0.017442088,0.000726215,0.000623068,0.018158094,0.000756026,0.000648646,10,gaussian
466,11,1,0.960362438,0.011818933,0.000513924,0.000429737,0.012306742,0.000535136,0.000447474,10,gaussian
466,12,1,0.961950786,0.015778785,0.00068083,0.000575943,0.016402903,0.00070776,0.000598724,10,gaussian
466,13,0,0.996418938,0.99617641,0.996236038,0.016105761,0.9997566,0.999816442,0.016163644,10,gaussian
466,14,0,0.99720251,0.996738751,0.99675919,0.05884599,0.99953494,0.999555436,0.059011073,10,gaussian
467,0,0,0.994504792,0.99448468,0.994487956,0.024433374,0.999979777,0.999983071,0.024568382,10,gaussian
467,1,0,0.997979955,0.997958936,0.997960898,0.013360602,0.999978938,0.999980904,0.013387645,10,gaussian
467,2,0,0.988059579,0.988050143,0.988048979,0.470705174,0.99999045,0.999989273,0.476393513,10,gaussian
467,3,0,0.997014473,0.996973408,0.996970736,0.01585867,0.999958812,0.999956132,0.015906158,10,gaussian
467,4,0,0.998094817,0.998078295,0.998078706,0.016160343,0.999983446,0.999983858,0.01619119,10,gaussian
467,5,0,0.98993226,0.989922058,0.989923251,0.134036024,0.999989694,0.9999909,0.135399188,10,gaussian
467,6,0,0.990945335,0.99074331,0.990751579,0.203682312,0.999796129,0.999804473,0.205543439,10,gaussian
467,7,0,0.996143291,0.995602966,0.995575668,0.147161352,0.999457583,0.999430179,0.147731108,10,gaussian
467,8,1,0.960762035,0.00920011,0.000522029,0.000414912,0.009575846,0.000543349,0.000431857,10,gaussian
467,9,1,0.961861488,0.017270499,0.000733108,0.000548125,0.017955287,0.000762176,0.000569859,10,gaussian
467,10,1,0.961322192,0.016934332,0.000860941,0.00062089,0.017615668,0.000895581,0.000645871,10,gaussian
467,11,1,0.96073183,0.009876794,0.000688275,0.000416985,0.010280491,0.000716407,0.000434028,10,gaussian
467,12,1,0.960086647,0.01227823,0.000852083,0.000595729,0.012788669,0.000887507,0.000620495,10,gaussian
467,13,0,0.999939935,0.999601043,0.999570299,0.01260768,0.999661089,0.999630342,0.012608437,10,gaussian
467,14,0,0.995498827,0.994720991,0.994560246,0.066361206,0.999218647,0.999057175,0.06666126,10,gaussian
468,0,0,0.996051756,0.996038389,0.996039789,0.064407561,0.99998658,0.999987985,0.064662866,10,gaussian
468,1,0,0.996296568,0.996281024,0.996283905,0.070314979,0.999984399,0.999987291,0.070576354,10,gaussian
468,2,0,0.998410891,0.998396939,0.998397675,0.006873765,0.999986026,0.999986763,0.006884706,10,gaussian
468,3,0,0.992873164,0.99285078,0.992851054,0.124703653,0.999977456,0.999977732,0.125598775,10,gaussian
468,4,0,0.997856228,0.997841571,0.997840857,0.010229276,0.999985311,0.999984596,0.010251252,10,gaussian
468,5,0,0.99475522,0.994745293,0.99474449,0.13013539,0.99999002,0.999989213,0.13082152,10,gaussian
468,6,0,0.997171818,0.997056055,0.997078112,0.014548498,0.999883909,0.999906029,0.014589761,10,gaussian
468,7,0,0.990362027,0.990320596,0.99032061,0.289451092,0.999958165,0.999958179,0.292267963,10,gaussian
468,8,0,0.995889357,0.995876514,0.995874731,0.028178948,0.999987104,0.999985313,0.02829526,10,gaussian
468,9,0,0.994482091,0.994445607,0.994450931,0.096546621,0.999963313,0.999968666,0.097082313,10,gaussian
468,10,1,0.961245861,0.012187117,0.000517838,0.000474355,0.012678459,0.000538715,0.000493479,10,gaussian
468,11,1,0.960351706,0.014173259,0.000538863,0.000476306,0.014758405,0.00056111,0.00049597,10,gaussian
468,12,1,0.959777483,0.015218768,0.000723184,0.000689111,0.015856558,0.000753491,0.00071799,10,gaussian
468,13,1,0.961873599,0.018372025,0.000706134,0.000627938,0.019100249,0.000734123,0.000652828,10,gaussian
468,14,1,0.960840831,0.016378509,0.000742466,0.00069627,0.017046017,0.000772725,0.000724647,10,gaussian
469,0,0,0.996628403,0.996612771,0.996612056,0.013200006,0.999984315,0.999983598,0.013244662,10,gaussian
469,1,0,0.994295734,0.994281777,0.994283272,0.039482324,0.999985963,0.999987467,0.039708833,10,gaussian
469,2,0,0.994221702,0.99419997,0.994203005,0.148853282,0.999978141,0.999981194,0.149718399,10,gaussian
469,3,0,0.994005729,0.993967243,0.993971411,0.296074776,0.999961283,0.999965476,0.297860232,10,gaussian
469,4,0,0.994545734,0.994534526,0.994531544,0.440678076,0.99998873,0.999985732,0.443094833,10,gaussian
469,5,0,0.993072588,0.993027137,0.993031241,0.06848055,0.999954232,0.999958364,0.068958253,10,gaussian
469,6,0,0.995559515,0.995509001,0.99550511,0.11939542,0.999949261,0.999945353,0.119927959,10,gaussian
469,7,0,0.99691228,0.996810031,0.996811284,0.021886558,0.999897435,0.999898691,0.021954347,10,gaussian
469,8,0,0.997102528,0.996952609,0.996932143,0.014546916,0.999849646,0.999829119,0.014589188,10,gaussian
469,9,0,0.996364676,0.995977739,0.996054039,0.0233618,0.999611651,0.999688229,0.023447037,10,gaussian
469,10,1,0.960230717,0.00941357,0.000463684,0.000429656,0.009803446,0.000482889,0.000447451,10,gaussian
469,11,1,0.960312756,0.009478527,0.000476869,0.000420579,0.00987025,0.000496576,0.00043796,10,gaussian
469,12,1,0.961453499,0.014163239,0.000613487,0.000560676,0.01473107,0.000638083,0.000583155,10,gaussian
469,13,1,0.960382782,0.014154426,0.000651964,0.00058813,0.014738317,0.000678858,0.000612391,10,gaussian
469,14,1,0.961632159,0.014745149,0.000630829,0.000569359,0.015333461,0.000655998,0.000592076,10,gaussian
470,0,0,0.995440631,0.995416273,0.995418139,0.020441268,0.99997553,0.999977404,0.020534894,10,gaussian
470,1,0,0.994699037,0.994680114,0.994679154,0.039672563,0.999980976,0.999980011,0.039883987,10,gaussian
470,2,0,0.995763945,0.99572398,0.99572298,0.024718234,0.999959866,0.999958861,0.024823388,10,gaussian
470,3,0,0.989448497,0.989425796,0.989431452,0.199390375,0.999977056,0.999982773,0.201516679,10,gaussian
470,4,0,0.996572155,0.99653167,0.996539556,0.050549675,0.999959375,0.999967288,0.050723547,10,gaussian
470,5,0,0.998057313,0.997937666,0.997929258,0.018408757,0.99988012,0.999871695,0.018444589,10,gaussian
470,6,0,0.993303957,0.993280307,0.993272944,0.103754441,0.999976191,0.999968778,0.104453869,10,gaussian
470,7,0,0.997395068,0.997362586,0.997364996,0.010751083,0.999967432,0.999969849,0.010779162,10,gaussian
470,8,0,0.995260436,0.994906417,0.994968252,0.219060493,0.999644295,0.999706425,0.220103689,10,gaussian
470,9,0,0.995885478,0.995034594,0.995059208,0.108156614,0.999145601,0.999170317,0.108603465,10,gaussian
470,10,1,0.961106188,0.01132378,0.000507419,0.000415823,0.011782028,0.000527953,0.00043265,10,gaussian
470,11,1,0.961007713,0.013669769,0.000703929,0.000561914,0.014224411,0.00073249,0.000584714,10,gaussian
470,12,1,0.960044321,0.01316933,0.000685941,0.00042592,0.013717419,0.000714489,0.000443646,10,gaussian
470,13,1,0.961258451,0.014518228,0.000774472,0.000590315,0.015103356,0.000805686,0.000614107,10,gaussian
470,14,1,0.961008366,0.015427175,0.000799034,0.000561738,0.016053112,0.000831454,0.00058453,10,gaussian
471,0,0,0.991446731,0.991434033,0.991435046,0.410155403,0.999987192,0.999988214,0.413693837,10,gaussian
471,1,0,0.996341594,0.996326457,0.996325744,0.02684438,0.999984807,0.999984092,0.026942948,10,gaussian
471,2,0,0.997087135,0.997076369,0.997075214,0.04085163,0.999989202,0.999988044,0.040970973,10,gaussian
471,3,0,0.996718556,0.996687132,0.996692384,0.030042036,0.999968472,0.999973742,0.030140941,10,gaussian
471,4,0,0.996128633,0.996078622,0.996069902,0.045317028,0.999949795,0.999941041,0.045493148,10,gaussian
471,5,0,0.993844024,0.993761297,0.993758034,0.039011064,0.99991676,0.999913477,0.039252703,10,gaussian
471,6,0,0.999961309,0.999934949,0.9999254,0.018140582,0.999973639,0.999964089,0.018141284,10,gaussian
471,7,0,0.993570336,0.993498902,0.993506585,0.090588666,0.999928104,0.999935837,0.09117489,10,gaussian
471,8,0,0.991375605,0.991209161,0.991219438,0.114165437,0.999832108,0.999842474,0.11515861,10,gaussian
471,9,0,0.986902559,0.986664835,0.986669072,0.538759901,0.999759122,0.999763415,0.545909924,10,gaussian
471,10,1,0.961744086,0.013307094,0.000626202,0.00041348,0.013836419,0.000651111,0.000429927,10,gaussian
471,11,1,0.961002641,0.010890582,0.000731332,0.000434585,0.01133252,0.00076101,0.00045222,10,gaussian
471,12,1,0.960134784,0.015081721,0.000961801,0.000608836,0.01570792,0.001001735,0.000634116,10,gaussian
471,13,1,0.960812913,0.012681533,0.000973851,0.000592906,0.013198754,0.00101357,0.000617087,10,gaussian
471,14,1,0.960804469,0.01324904,0.00104742,0.000645001,0.013789528,0.001090149,0.000671313,10,gaussian
472,0,0,0.99601785,0.996012367,0.996012068,0.070286625,0.999994495,0.999994195,0.070567636,10,gaussian
472,1,0,0.997615763,0.997595739,0.997595706,0.030118085,0.999979928,0.999979895,0.030190065,10,gaussian
472,2,0,0.995840924,0.995828971,0.995828363,0.033697156,0.999987997,0.999987387,0.033837891,10,gaussian
472,3,0,0.995830825,0.995813388,0.995813156,0.058356508,0.99998249,0.999982257,0.058600825,10,gaussian
472,4,0,0.993497873,0.993476824,0.993477141,0.192285425,0.999978813,0.999979132,0.193543871,10,gaussian
472,5,0,0.992684655,0.992662592,0.992663784,0.171393979,0.999977774,0.999978975,0.172657025,10,gaussian
472,6,0,0.993687663,0.993672305,0.993668287,0.087725306,0.999984544,0.9999805,0.088282575,10,gaussian
472,7,0,0.990718085,0.990702985,0.990704363,0.396917382,0.999984759,0.999986149,0.400636052,10,gaussian
472,8,0,0.993019265,0.992971188,0.992974538,0.108561026,0.999951585,0.999954959,0.109324189,10,gaussian
472,9,0,0.998084404,0.997834768,0.997865648,0.040582533,0.999749885,0.999780824,0.040660422,10,gaussian
472,10,1,0.96122832,0.011614346,0.000462136,0.000421227,0.012082817,0.000480777,0.000438217,10,gaussian
472,11,1,0.960802246,0.010979937,0.000469835,0.000425305,0.011427884,0.000489003,0.000442656,10,gaussian
472,12,1,0.961126888,0.015394786,0.000654744,0.000598339,0.016017433,0.000681225,0.000622539,10,gaussian
472,13,1,0.961800473,0.014702474,0.000641557,0.000576114,0.015286407,0.000667037,0.000598996,10,gaussian
472,14,1,0.961064197,0.015678708,0.000685981,0.000623181,0.016313903,0.000713772,0.000648428,10,gaussian
473,0,0,0.992620114,0.992601344,0.992596504,0.343260607,0.99998109,0.999976214,0.345812665,10,gaussian
473,1,0,0.997770791,0.997758306,0.99775876,0.014490869,0.999987487,0.999987942,0.014523245,10,gaussian
473,2,0,0.998136161,0.998119386,0.998119567,0.020645418,0.999983194,0.999983375,0.02068397,10,gaussian
473,3,0,0.994111012,0.994092683,0.994092048,0.068344936,0.999981563,0.999980924,0.068749803,10,gaussian
473,4,0,0.995980759,0.995961368,0.995961688,0.048510354,0.999980531,0.999980852,0.048706116,10,gaussian
473,5,0,0.992264696,0.992222659,0.992210312,0.121147747,0.999957636,0.999945192,0.122092167,10,gaussian
473,6,0,0.998922197,0.998850882,0.998844411,0.005803114,0.999928608,0.99992213,0.005809376,10,gaussian
473,7,0,0.999123727,0.99910153,0.999100247,0.009052389,0.999977784,0.9999765,0.009060328,10,gaussian
473,8,1,0.960938298,0.013140246,0.000469428,0.000435115,0.013674391,0.00048851,0.000452802,10,gaussian
473,9,1,0.96099998,0.014876731,0.000631541,0.00058496,0.015480469,0.000657171,0.0006087,10,gaussian
473,10,1,0.961120248,0.00945013,0.000455772,0.000421248,0.009832412,0.000474209,0.000438288,10,gaussian
473,11,1,0.960825375,0.016350436,0.000674284,0.000622303,0.017017074,0.000701775,0.000647676,10,gaussian
473,12,1,0.960492661,0.014021959,0.000640592,0.000597324,0.014598715,0.000666941,0.000621893,10,gaussian
473,13,0,0.995360421,0.995136647,0.995129515,0.024433554,0.999775183,0.999768018,0.024547444,10,gaussian
473,14,0,0.995578932,0.995436125,0.995451618,0.038555399,0.999856559,0.999872121,0.038726612,10,gaussian
474,0,0,0.995626671,0.995598108,0.995597277,0.074215976,0.999971312,0.999970477,0.074541973,10,gaussian
474,1,0,0.995867646,0.995855502,0.995854706,0.009799739,0.999987806,0.999987006,0.009840403,10,gaussian
474,2,0,0.996160762,0.996147695,0.996148809,0.020081121,0.999986883,0.999988001,0.020158515,10,gaussian
474,3,0,0.995690757,0.995634997,0.995634874,0.032958139,0.999943998,0.999943875,0.033100779,10,gaussian
474,4,0,0.996969797,0.996923472,0.996924701,0.016860008,0.999953534,0.999954766,0.016911253,10,gaussian
474,5,0,0.998493542,0.99846828,0.998467582,0.008532662,0.9999747,0.999974001,0.008545536,10,gaussian
474,6,0,0.996067723,0.9960605,0.996062293,0.343308588,0.999992748,0.999994548,0.344663902,10,gaussian
474,7,0,0.994815274,0.994790551,0.994789589,0.048337566,0.999975149,0.999974182,0.048589489,10,gaussian
474,8,0,0.995802227,0.995717371,0.995724836,0.04889997,0.999914787,0.999922282,0.049106106,10,gaussian
474,9,0,0.998215318,0.998127414,0.998137092,0.009552653,0.999911939,0.999921634,0.009569732,10,gaussian
474,10,1,0.962031784,0.013184138,0.000454678,0.000424952,0.013704473,0.000472623,0.000441723,10,gaussian
474,11,1,0.961488511,0.011427758,0.000446464,0.000430332,0.011885486,0.000464347,0.000447569,10,gaussian
474,12,1,0.961236441,0.015004677,0.000644318,0.000613156,0.015609767,0.000670301,0.000637882,10,gaussian
474,13,1,0.960962592,0.013387246,0.000640156,0.000623641,0.013931079,0.000666161,0.000648976,10,gaussian
474,14,1,0.9598184,0.0158024,0.000692699,0.000671212,0.016463947,0.000721698,0.000699312,10,gaussian
475,0,0,0.997074388,0.99705797,0.99705934,0.011672848,0.999983534,0.999984909,0.011707099,10,gaussian
475,1,0,0.998450882,0.998442518,0.998442816,0.012920394,0.999991623,0.999991922,0.012940441,10,gaussian
475,2,0,0.99663284,0.996613116,0.996611531,0.022650086,0.999980209,0.999978618,0.02272661,10,gaussian
475,3,0,0.999608628,0.999601284,0.999599484,0.022487576,0.999992653,0.999990852,0.02249638,10,gaussian
475,4,0,0.998323667,0.998265407,0.998260705,0.036911013,0.999941642,0.999936932,0.036972992,10,gaussian
475,5,0,0.992807547,0.992764332,0.992766179,0.8625171,0.999956472,0.999958333,0.868765656,10,gaussian
475,6,0,0.995193692,0.995136771,0.995135072,0.058727038,0.999942804,0.999941096,0.059010661,10,gaussian
475,7,0,0.994740564,0.994668892,0.994662102,0.113408671,0.999927949,0.999921123,0.11400829,10,gaussian
475,8,0,0.99634422,0.996025868,0.996025904,0.01798146,0.99968048,0.999680516,0.018047438,10,gaussian
475,9,1,0.960245082,0.011996731,0.000510085,0.000462322,0.012493405,0.000531203,0.000481463,10,gaussian
475,10,1,0.961029154,0.013797089,0.000666225,0.000609363,0.014356577,0.000693241,0.000634073,10,gaussian
475,11,1,0.960312302,0.0152901,0.000715952,0.00065947,0.015922008,0.000745541,0.000686724,10,gaussian
475,12,1,0.960924075,0.01443003,0.000665708,0.000611256,0.015016827,0.000692779,0.000636113,10,gaussian
475,13,1,0.96088902,0.012603605,0.000475347,0.000431842,0.013116609,0.000494695,0.000449419,10,gaussian
475,14,0,1.001232721,1.001087586,1.001094822,0.020454107,0.999855044,0.999862272,0.020428924,10,gaussian
476,0,0,0.997154043,0.99714327,0.997143695,0.014019898,0.999989196,0.999989623,0.014059912,10,gaussian
476,1,0,0.996980551,0.996968484,0.996968879,0.037365139,0.999987897,0.999988293,0.037478303,10,gaussian
476,2,0,0.994386487,0.994371769,0.994374158,0.049342826,0.9999852,0.999987602,0.049621376,10,gaussian
476,3,0,0.994714172,0.994693127,0.994693129,0.026146502,0.999978843,0.999978844,0.026285442,10,gaussian
476,4,0,0.995055734,0.994975925,0.99497862,0.040522236,0.999919795,0.999922503,0.040723584,10,gaussian
476,5,0,0.999049671,0.999022625,0.999023919,0.054877221,0.999972929,0.999974223,0.054929422,10,gaussian
476,6,0,0.994083981,0.993899437,0.993898421,0.041170076,0.999814358,0.999813336,0.041415089,10,gaussian
476,7,0,1.000515089,1.000442772,1.000446855,0.010720875,0.99992772,0.999931801,0.010715356,10,gaussian
476,8,0,0.993536998,0.993376551,0.99337965,0.171941196,0.999838509,0.999841628,0.173059681,10,gaussian
476,9,1,0.961628471,0.010277435,0.000432235,0.000407845,0.010687532,0.000449482,0.000424119,10,gaussian
476,10,1,0.960659917,0.015139463,0.000636128,0.000597779,0.015759441,0.000662178,0.000622259,10,gaussian
476,11,1,0.960458061,0.010736551,0.000450012,0.000435929,0.011178573,0.000468539,0.000453877,10,gaussian
476,12,1,0.96204138,0.016167874,0.00065664,0.00060968,0.016805799,0.000682549,0.000633735,10,gaussian
476,13,1,0.960809128,0.013291379,0.000620903,0.000589299,0.013833527,0.000646229,0.000613337,10,gaussian
476,14,0,0.995661984,0.995279255,0.995138165,0.068151383,0.999615603,0.999473898,0.068448313,10,gaussian
477,0,0,0.99746022,0.997416597,0.997409241,0.019714356,0.999956265,0.999948891,0.019764554,10,gaussian
477,1,0,0.992443216,0.992415703,0.992417593,0.073298709,0.999972278,0.999974182,0.07385683,10,gaussian
477,2,0,0.992908919,0.992863056,0.99286372,0.115199112,0.999953809,0.999954478,0.116021832,10,gaussian
477,3,0,0.994556153,0.994543267,0.994544007,0.037491921,0.999987044,0.999987787,0.037697138,10,gaussian
477,4,0,0.993504805,0.993490775,0.993490203,0.066551618,0.999985878,0.999985303,0.06698671,10,gaussian
477,5,0,0.997885416,0.997865365,0.997864773,0.007784132,0.999979907,0.999979313,0.007800628,10,gaussian
477,6,0,0.991049126,0.991029681,0.991025393,0.123282302,0.999980379,0.999976053,0.124395752,10,gaussian
477,7,0,0.994086703,0.994045325,0.99404882,0.059436918,0.999958376,0.999961892,0.059790476,10,gaussian
477,8,0,0.995216739,0.995136181,0.995124696,0.03253735,0.999919054,0.999907514,0.032693733,10,gaussian
477,9,0,0.998304914,0.998212032,0.998226254,0.019032762,0.99990696,0.999921207,0.019065079,10,gaussian
477,10,1,0.961348395,0.008701149,0.000458775,0.000418741,0.009050984,0.00047722,0.000435577,10,gaussian
477,11,1,0.961879848,0.012402961,0.000640148,0.000569265,0.012894502,0.000665518,0.000591826,10,gaussian
477,12,1,0.960701288,0.010146776,0.000473497,0.000438225,0.010561843,0.000492866,0.000456152,10,gaussian
477,13,1,0.960276155,0.01483149,0.000714967,0.000652444,0.015445026,0.000744543,0.000679434,10,gaussian
477,14,1,0.960693184,0.014093178,0.000633943,0.000583335,0.014669801,0.000659881,0.000607202,10,gaussian
478,0,0,0.996614581,0.996576365,0.996576728,0.02941435,0.999961654,0.999962018,0.029514268,10,gaussian
478,1,0,0.997567041,0.997548481,0.99755067,0.00479879,0.999981395,0.999983589,0.004810494,10,gaussian
478,2,0,0.99643762,0.996410322,0.996414551,0.028206606,0.999972604,0.999976849,0.028307447,10,gaussian
478,3,0,0.996163361,0.996141908,0.996138726,0.095900211,0.999978465,0.999975271,0.096269562,10,gaussian
478,4,0,0.996244289,0.996211558,0.996216618,0.081542085,0.999967145,0.999972225,0.081849488,10,gaussian
478,5,0,0.995727687,0.995386887,0.995394079,0.024241669,0.999657738,0.999664961,0.024345681,10,gaussian
478,6,0,0.996989869,0.996945762,0.996948282,0.010504988,0.99995576,0.999958287,0.010536705,10,gaussian
478,7,0,0.998259414,0.998228856,0.998223733,0.025247833,0.999969388,0.999964256,0.025291855,10,gaussian
478,8,0,0.990318632,0.990130949,0.9901501,0.260580405,0.999810482,0.999829821,0.263127843,10,gaussian
478,9,0,0.990782818,0.990371214,0.990348368,0.274136909,0.999584567,0.999561509,0.276687185,10,gaussian
478,10,1,0.959853402,0.01345527,0.000562928,0.000490801,0.014018047,0.000586473,0.000511329,10,gaussian
478,11,1,0.960180489,0.020681132,0.000795743,0.000669582,0.021538796,0.000828743,0.00069735,10,gaussian
478,12,1,0.961324798,0.019692591,0.000851981,0.000665946,0.020484846,0.000886257,0.000692738,10,gaussian
478,13,1,0.960942871,0.011650617,0.000668246,0.000481883,0.012124151,0.000695407,0.000501469,10,gaussian
478,14,1,0.961289138,0.015483657,0.000837462,0.000628931,0.01610718,0.000871187,0.000654258,10,gaussian
479,0,0,0.996220734,0.996201496,0.996202947,0.038574526,0.999980688,0.999982145,0.038720862,10,gaussian
479,1,0,0.994688607,0.994655292,0.994653293,0.041465729,0.999966508,0.999964498,0.041687146,10,gaussian
479,2,0,0.993530099,0.993491154,0.993497354,0.270984244,0.999960801,0.999967041,0.272748903,10,gaussian
479,3,0,0.994509112,0.994439362,0.994429643,0.0859789,0.999929865,0.999920092,0.086453607,10,gaussian
479,4,0,0.993183348,0.993160214,0.993162529,0.17556986,0.999976707,0.999979038,0.176774872,10,gaussian
479,5,0,0.998887573,0.998869007,0.998867441,0.023109295,0.999981413,0.999979846,0.023135031,10,gaussian
479,6,0,0.993274953,0.993229816,0.993227885,0.075671352,0.999954557,0.999952614,0.076183691,10,gaussian
479,7,0,0.995691493,0.995657765,0.995656653,0.086622546,0.999966126,0.999965009,0.086997375,10,gaussian
479,8,0,0.993524599,0.993454388,0.993461036,0.027598117,0.999929332,0.999936024,0.027777991,10,gaussian
479,9,1,0.960591392,0.015874868,0.000523097,0.000484188,0.01652614,0.000544557,0.000504051,10,gaussian
479,10,1,0.96167535,0.017018385,0.000710157,0.00064942,0.017696601,0.000738458,0.000675301,10,gaussian
479,11,1,0.961271517,0.016375131,0.000728308,0.000669122,0.017034865,0.00075765,0.00069608,10,gaussian
479,12,1,0.961079925,0.014842276,0.00071358,0.000660095,0.015443331,0.000742477,0.000686826,10,gaussian
479,13,1,0.961846137,0.012667322,0.00050352,0.000464254,0.013169801,0.000523493,0.00048267,10,gaussian
479,14,0,0.996857129,0.995803434,0.995790395,0.028042903,0.998942983,0.998929902,0.028131316,10,gaussian
480,0,0,0.99191183,0.991892662,0.99189356,0.105578248,0.999980675,0.99998158,0.106439146,10,gaussian
480,1,0,0.994783783,0.994776279,0.994776347,0.070374695,0.999992456,0.999992524,0.070743709,10,gaussian
480,2,0,0.996789125,0.996766224,0.996762935,0.01729957,0.999977025,0.999973726,0.017355295,10,gaussian
480,3,0,0.994230929,0.994212671,0.994215174,0.054909029,0.999981636,0.999984154,0.055227641,10,gaussian
480,4,0,0.994325524,0.994297915,0.994300935,0.031014658,0.999972233,0.999975271,0.031191655,10,gaussian
480,5,0,0.993775034,0.993732264,0.993735072,0.182506321,0.999956961,0.999959788,0.183649533,10,gaussian
480,6,0,0.993417592,0.993371888,0.993380178,0.07388667,0.999953994,0.999962338,0.074376245,10,gaussian
480,7,0,0.989280954,0.989222905,0.989233997,0.310572054,0.999941322,0.999952534,0.313937161,10,gaussian
480,8,0,0.995792832,0.994409883,0.994490441,0.03898962,0.998611208,0.998692107,0.039154349,10,gaussian
480,9,1,0.960691205,0.009295847,0.000554384,0.000404044,0.009676207,0.000577068,0.000420577,10,gaussian
480,10,1,0.960210555,0.01629068,0.000811007,0.000586722,0.016965738,0.000844613,0.000611035,10,gaussian
480,11,1,0.961136293,0.013859087,0.000866147,0.000588734,0.014419482,0.000901169,0.00061254,10,gaussian
480,12,1,0.962334095,0.017592216,0.000851649,0.000505854,0.018280778,0.000884983,0.000525654,10,gaussian
480,13,1,0.96088354,0.012393668,0.000824897,0.000379996,0.0128982,0.000858478,0.000395465,10,gaussian
480,14,0,0.998633344,0.997359205,0.997436909,0.064062967,0.998724118,0.998801928,0.064150639,10,gaussian
481,0,0,0.993316,0.993301026,0.993304287,0.089967968,0.999984925,0.999988208,0.090573361,10,gaussian
481,1,0,0.993425379,0.993402102,0.993402761,0.087899915,0.999976569,0.999977232,0.088481649,10,gaussian
481,2,0,0.993272501,0.993234854,0.993236742,0.042925884,0.999962098,0.999963998,0.043216624,10,gaussian
481,3,0,0.99073837,0.990722825,0.990722269,0.424232862,0.999984309,0.999983748,0.428198679,10,gaussian
481,4,0,0.993106913,0.99305534,0.993052735,0.067404132,0.999948068,0.999945446,0.067871979,10,gaussian
481,5,0,0.996178938,0.996137308,0.996135016,0.047129514,0.99995821,0.999955909,0.04731029,10,gaussian
481,6,0,0.995377138,0.995294867,0.995293922,0.044743725,0.999917347,0.999916398,0.04495153,10,gaussian
481,7,0,0.999095412,0.998896536,0.998912671,0.025595042,0.999800943,0.999817094,0.025618216,10,gaussian
481,8,1,0.960936999,0.011090284,0.00049314,0.000391318,0.011541115,0.000513187,0.000407226,10,gaussian
481,9,1,0.961514261,0.011614985,0.000692573,0.000523481,0.012079888,0.000720294,0.000544434,10,gaussian
481,10,1,0.960916447,0.012258883,0.000839057,0.000591506,0.012757491,0.000873185,0.000615564,10,gaussian
481,11,1,0.961608641,0.013208456,0.000872684,0.000534423,0.013735791,0.000907525,0.00055576,10,gaussian
481,12,1,0.96091084,0.009877172,0.000849599,0.00040584,0.010278968,0.00088416,0.000422349,10,gaussian
481,13,0,0.996148234,0.995270646,0.995365495,0.024082224,0.999119019,0.999214234,0.024175342,10,gaussian
481,14,0,0.992484353,0.989828763,0.989688742,0.060956808,0.9973243,0.997183219,0.061418407,10,gaussian
482,0,1,0.960675215,0.012381638,0.000479949,0.000441515,0.012888475,0.000499595,0.000459588,10,gaussian
482,1,1,0.961846278,0.010667398,0.000463936,0.000419133,0.011090544,0.000482339,0.000435759,10,gaussian
482,2,1,0.961641979,0.016356787,0.000650973,0.000600692,0.017009227,0.00067694,0.000624652,10,gaussian
482,3,1,0.961930939,0.016679306,0.000681483,0.000621177,0.0173394,0.000708453,0.00064576,10,gaussian
482,4,1,0.961797589,0.015856052,0.00065297,0.000586049,0.016485852,0.000678906,0.000609327,10,gaussian
482,5,0,0.995796703,0.995731152,0.995729541,0.050617372,0.999934172,0.999932554,0.05083103,10,gaussian
482,6,0,0.995308032,0.995275807,0.995280988,0.150087576,0.999967623,0.999972828,0.150795102,10,gaussian
482,7,0,0.994172377,0.994128561,0.994134608,0.090585802,0.999955927,0.99996201,0.091116797,10,gaussian
482,8,0,0.994717417,0.994675091,0.99467124,0.014092804,0.999957449,0.999953578,0.014167646,10,gaussian
482,9,0,0.9956268,0.995597871,0.995597236,0.024989345,0.999970943,0.999970306,0.025099108,10,gaussian
482,10,0,0.996309431,0.996291933,0.996292535,0.067045095,0.999982437,0.999983041,0.067293447,10,gaussian
482,11,0,0.997157934,0.997117867,0.997118133,0.042746551,0.999959819,0.999960086,0.042868386,10,gaussian
482,12,0,0.988214414,0.988195583,0.988196759,0.497060189,0.999980944,0.999982135,0.5029882,10,gaussian
482,13,0,0.995391904,0.995362255,0.995365055,0.066856561,0.999970214,0.999973027,0.067166069,10,gaussian
482,14,0,0.997628368,0.997604469,0.997603667,0.012114706,0.999976044,0.99997524,0.012143506,10,gaussian
483,0,0,0.997521185,0.997501198,0.997500249,0.028817096,0.999979964,0.999979012,0.028888706,10,gaussian
483,1,0,0.996756437,0.996726084,0.996729847,0.018500757,0.999969548,0.999973324,0.01856096,10,gaussian
483,2,0,0.99392528,0.993916742,0.993912921,0.068597161,0.99999141,0.999987566,0.069016417,10,gaussian
483,3,0,0.997001057,0.996987191,0.996987709,0.02760391,0.999986092,0.999986612,0.027686941,10,gaussian
483,4,0,0.998079342,0.998063548,0.998063488,0.012913303,0.999984176,0.999984115,0.012938153,10,gaussian
483,5,0,0.996318035,0.996282309,0.996283114,0.035476869,0.999964143,0.999964951,0.035607976,10,gaussian
483,6,0,0.993223374,0.993031447,0.993015867,0.164993872,0.999806763,0.999791077,0.166119602,10,gaussian
483,7,0,0.999291464,0.999042448,0.999019826,0.018723623,0.999750808,0.999728169,0.018736899,10,gaussian
483,8,0,0.996077376,0.995856958,0.995835367,0.027841275,0.999778713,0.999757038,0.027950916,10,gaussian
483,9,1,0.960886497,0.011779474,0.000487261,0.00042966,0.012258965,0.000507095,0.000447149,10,gaussian
483,10,1,0.960871177,0.016988588,0.000663679,0.000579414,0.017680401,0.000690706,0.000603009,10,gaussian
483,11,1,0.961496446,0.018467384,0.000722587,0.000613557,0.019206919,0.000751524,0.000638127,10,gaussian
483,12,1,0.960702949,0.01000992,0.000520303,0.000431842,0.010419371,0.000541585,0.000449506,10,gaussian
483,13,1,0.959888979,0.017243317,0.000723239,0.000625359,0.017963866,0.000753462,0.000651491,10,gaussian
483,14,0,0.996343881,0.995308413,0.995493305,0.020507757,0.998960732,0.999146303,0.020583011,10,gaussian
484,0,0,0.996889455,0.99687676,0.996877921,0.037274919,0.999987265,0.999988429,0.037391226,10,gaussian
484,1,0,0.991522203,0.991492933,0.991493459,0.497501384,0.99997048,0.99997101,0.501755162,10,gaussian
484,2,0,0.995488851,0.995469236,0.995469799,0.015044304,0.999980296,0.999980862,0.015112478,10,gaussian
484,3,0,0.987850216,0.98783861,0.987839322,0.177055021,0.999988251,0.999988971,0.179232659,10,gaussian
484,4,0,0.994908553,0.994887759,0.994884907,0.02109991,0.999979099,0.999976233,0.021207888,10,gaussian
484,5,0,0.997907518,0.99788086,0.997878789,0.020104974,0.999973287,0.999971212,0.020147131,10,gaussian
484,6,0,0.995519017,0.995423841,0.995424335,0.035766,0.999904396,0.999904892,0.035926988,10,gaussian
484,7,0,0.995608423,0.995341847,0.995372304,0.02155842,0.999732249,0.99976284,0.021653513,10,gaussian
484,8,1,0.960080556,0.012090492,0.000534232,0.000487728,0.012593205,0.000556445,0.000508007,10,gaussian
484,9,1,0.962158373,0.017379646,0.000690815,0.00060889,0.018063186,0.000717984,0.000632837,10,gaussian
484,10,1,0.961041074,0.017734545,0.000763657,0.000683789,0.018453472,0.000794614,0.000711509,10,gaussian
484,11,1,0.960039562,0.015651718,0.000760834,0.000687559,0.016303201,0.000792502,0.000716178,10,gaussian
484,12,1,0.961332864,0.012451115,0.000555604,0.000477449,0.012951929,0.000577952,0.000496653,10,gaussian
484,13,0,0.996713436,0.996248292,0.996286018,0.010702679,0.999533322,0.999571173,0.01073797,10,gaussian
484,14,0,0.993846242,0.99353799,0.993578607,0.135472812,0.99968984,0.999730708,0.136311641,10,gaussian
485,0,0,0.995939084,0.995927585,0.995928239,0.038184188,0.999988454,0.99998911,0.038339883,10,gaussian
485,1,0,0.998116102,0.998106508,0.998101975,0.031598409,0.999990388,0.999985846,0.031658049,10,gaussian
485,2,0,0.995513685,0.995483504,0.995485982,0.037308035,0.999969682,0.999972172,0.037476165,10,gaussian
485,3,0,0.993350302,0.993338479,0.993338635,0.097523347,0.999988097,0.999988255,0.098176189,10,gaussian
485,4,0,0.990761956,0.990719714,0.990712729,0.144259451,0.999957364,0.999950314,0.145604552,10,gaussian
485,5,0,0.996954074,0.996941571,0.996941147,0.022666249,0.999987459,0.999987034,0.0227355,10,gaussian
485,6,0,0.995117488,0.995084178,0.995087446,0.025035296,0.999966528,0.999969811,0.025158131,10,gaussian
485,7,0,0.996846509,0.996802133,0.9968056,0.016499147,0.999955483,0.999958961,0.016551341,10,gaussian
485,8,0,0.994071355,0.993943102,0.993945213,0.12637396,0.999870982,0.999873105,0.127127655,10,gaussian
485,9,0,0.996069564,0.995730637,0.995732546,0.017211219,0.999659736,0.999661652,0.017279133,10,gaussian
485,10,1,0.961432238,0.011505938,0.00047205,0.00043953,0.011967497,0.000490986,0.000457162,10,gaussian
485,11,1,0.961129054,0.009736025,0.000481485,0.000441738,0.010129779,0.000500958,0.000459603,10,gaussian
485,12,1,0.960839773,0.014597253,0.000649125,0.000615523,0.015192183,0.000675581,0.000640609,10,gaussian
485,13,1,0.960741604,0.015812395,0.000677938,0.000638056,0.016458531,0.000705641,0.000664129,10,gaussian
485,14,1,0.960869867,0.015838968,0.000675738,0.000648308,0.016483989,0.000703256,0.000674709,10,gaussian
486,0,0,0.997854815,0.997840314,0.997841989,0.023732303,0.999985468,0.999987147,0.023783322,10,gaussian
486,1,0,0.995593557,0.995575456,0.995572215,0.029297395,0.999981818,0.999978563,0.029427064,10,gaussian
486,2,0,0.993509715,0.993502612,0.993502513,0.064324011,0.99999285,0.999992751,0.064744219,10,gaussian
486,3,0,0.997052541,0.997036714,0.997035032,0.010762522,0.999984127,0.999982439,0.010794338,10,gaussian
486,4,0,0.995250494,0.995178329,0.995178081,0.022681156,0.999927491,0.999927242,0.022789394,10,gaussian
486,5,0,0.988151414,0.988141537,0.988141365,0.557574731,0.999990005,0.999989831,0.564260419,10,gaussian
486,6,0,0.987918936,0.987912553,0.987913032,0.638934629,0.999993539,0.999994024,0.646748033,10,gaussian
486,7,0,0.9930532,0.992934332,0.992940964,0.199811125,0.9998803,0.999886979,0.201208882,10,gaussian
486,8,0,1.000899062,1.000759805,1.000761648,0.007844763,0.999860868,0.999862709,0.007837716,10,gaussian
486,9,1,0.962446917,0.011964274,0.000659313,0.000484134,0.0124311,0.000685038,0.000503024,10,gaussian
486,10,1,0.961505301,0.016407111,0.000979528,0.000698646,0.017063984,0.001018744,0.000726617,10,gaussian
486,11,1,0.961009103,0.015856709,0.00115856,0.000741737,0.016500061,0.001205566,0.000771831,10,gaussian
486,12,1,0.960880923,0.013522695,0.001556678,0.000759733,0.014073227,0.001620053,0.000790663,10,gaussian
486,13,1,0.960594871,0.010950618,0.001789107,0.000554221,0.011399829,0.001862499,0.000576956,10,gaussian
486,14,0,0.991537893,0.987804941,0.987784741,0.150022398,0.99623519,0.996214818,0.151302738,10,gaussian
487,0,1,0.961642527,0.011522102,0.000491931,0.000441821,0.011981689,0.000511553,0.000459444,10,gaussian
487,1,1,0.961024707,0.01439052,0.000514799,0.000455749,0.014974142,0.000535678,0.000474232,10,gaussian
487,2,1,0.961867115,0.015246262,0.000642344,0.000582062,0.015850694,0.000667809,0.000605137,10,gaussian
487,3,1,0.960689688,0.01515295,0.000720968,0.000667732,0.015772991,0.000750469,0.000695055,10,gaussian
487,4,1,0.960460357,0.015320427,0.000727042,0.00066452,0.015951129,0.000756972,0.000691877,10,gaussian
487,5,0,0.996626839,0.996579029,0.996575863,0.006787997,0.999952029,0.999948851,0.006810971,10,gaussian
487,6,0,0.996033245,0.995974505,0.99597821,0.119505478,0.999941026,0.999944745,0.119981414,10,gaussian
487,7,0,0.998604737,0.998567122,0.998565656,0.022669738,0.999962332,0.999960864,0.022701412,10,gaussian
487,8,0,0.992314435,0.992280723,0.992282537,0.672058313,0.999966026,0.999967855,0.677263465,10,gaussian
487,9,0,0.99235091,0.992328237,0.992329125,0.287594937,0.999977153,0.999978048,0.289811733,10,gaussian
487,10,0,0.997666031,0.997603747,0.99760888,0.050860526,0.999937571,0.999942715,0.05097951,10,gaussian
487,11,0,0.995643747,0.995628006,0.995626952,0.136208266,0.999984191,0.999983132,0.13680422,10,gaussian
487,12,0,0.995636847,0.995611464,0.995611853,0.018604354,0.999974505,0.999974896,0.018685884,10,gaussian
487,13,0,0.996444427,0.996430923,0.996431023,0.029205911,0.999986448,0.999986549,0.029310125,10,gaussian
487,14,0,0.994764485,0.994740408,0.994742314,0.084965012,0.999975796,0.999977712,0.085412188,10,gaussian
488,0,0,0.995230932,0.995214563,0.995213581,0.040020353,0.999983552,0.999982566,0.040212128,10,gaussian
488,1,0,0.993618685,0.993596598,0.993594391,0.056739263,0.999977771,0.999975551,0.05710366,10,gaussian
488,2,0,0.995785232,0.995761943,0.995757261,0.055920681,0.999976613,0.999971911,0.056157372,10,gaussian
488,3,0,0.99358445,0.993564504,0.993559067,0.075976934,0.999979926,0.999974453,0.076467515,10,gaussian
488,4,0,0.99685747,0.996765227,0.996761698,0.017068714,0.999907467,0.999903926,0.017122522,10,gaussian
488,5,0,0.995584759,0.995558885,0.995561063,0.074594026,0.999974011,0.999976199,0.074924837,10,gaussian
488,6,0,0.99404158,0.994006169,0.994011147,0.09503653,0.999964376,0.999969385,0.095606192,10,gaussian
488,7,0,0.994495164,0.994470316,0.994472019,0.051250579,0.999975014,0.999976727,0.051534267,10,gaussian
488,8,0,0.991608449,0.991540707,0.991541468,0.098661092,0.999931685,0.999932453,0.099496018,10,gaussian
488,9,1,0.960365842,0.011632507,0.00049398,0.000466619,0.012112578,0.000514366,0.000485877,10,gaussian
488,10,1,0.960185276,0.017354311,0.000716378,0.000670698,0.018073919,0.000746083,0.000698509,10,gaussian
488,11,1,0.961191196,0.017922542,0.000717952,0.000652275,0.018646178,0.00074694,0.000678611,10,gaussian
488,12,1,0.959920433,0.017940451,0.000716829,0.000647586,0.018689519,0.000746759,0.000674624,10,gaussian
488,13,1,0.961376342,0.011787609,0.000541538,0.000454317,0.012261181,0.000563295,0.000472569,10,gaussian
488,14,0,0.994472939,0.993589063,0.993715646,0.082645433,0.999111212,0.999238499,0.083104758,10,gaussian
489,0,0,0.994424421,0.994403708,0.994401953,0.06848516,0.999979171,0.999977406,0.068869145,10,gaussian
489,1,0,1.00074328,1.000714453,1.000715636,0.008588657,0.999971195,0.999972377,0.008582278,10,gaussian
489,2,0,0.993102959,0.993065785,0.993070032,0.049757427,0.999962568,0.999966844,0.05010299,10,gaussian
489,3,0,0.997460757,0.997400208,0.99739826,0.023588328,0.999939297,0.999937343,0.023648377,10,gaussian
489,4,0,0.995035848,0.995002257,0.995001209,0.027074197,0.999966242,0.999965188,0.027209268,10,gaussian
489,5,0,0.998308254,0.998238248,0.998236143,0.017602495,0.999929875,0.999927767,0.017632324,10,gaussian
489,6,0,0.997515162,0.997478426,0.997478513,0.02053098,0.999963172,0.99996326,0.020582123,10,gaussian
489,7,0,0.997151778,0.996994893,0.997001001,0.018808655,0.999842668,0.999848792,0.018862379,10,gaussian
489,8,0,0.996489839,0.996216083,0.996148661,0.024981773,0.999725279,0.99965762,0.025069772,10,gaussian
489,9,0,0.995887753,0.994866797,0.994884004,0.073930194,0.998974828,0.998992106,0.074235469,10,gaussian
489,10,1,0.960971074,0.01195557,0.000585224,0.000476456,0.012441134,0.000608993,0.000495807,10,gaussian
489,11,1,0.961901902,0.010617,0.000507001,0.000443122,0.011037508,0.000527082,0.000460673,10,gaussian
489,12,1,0.961892823,0.016959994,0.000753469,0.000627428,0.017631896,0.000783319,0.000652285,10,gaussian
489,13,1,0.959138704,0.015109664,0.000767839,0.000702143,0.015753367,0.00080055,0.000732056,10,gaussian
489,14,1,0.960701829,0.018385238,0.000827803,0.000718592,0.019137299,0.000861664,0.000747986,10,gaussian
490,0,0,0.997229046,0.997203554,0.997205048,0.010754406,0.999974437,0.999975935,0.010784289,10,gaussian
490,1,0,0.996832621,0.996806282,0.99680591,0.015634141,0.999973577,0.999973204,0.015683817,10,gaussian
490,2,0,0.996672253,0.996640802,0.996635915,0.010964912,0.999968444,0.99996354,0.011001522,10,gaussian
490,3,0,0.996879486,0.996772923,0.996774317,0.030376826,0.999893104,0.999894502,0.030471914,10,gaussian
490,4,0,0.994483667,0.994460357,0.994466482,0.045921373,0.99997656,0.99998272,0.046176096,10,gaussian
490,5,0,0.997764476,0.997725458,0.997729518,0.010530776,0.999960895,0.999964964,0.010554371,10,gaussian
490,6,0,0.995625932,0.995606782,0.995604649,0.075697017,0.999980767,0.999978624,0.076029576,10,gaussian
490,7,0,0.997133382,0.997057449,0.997055274,0.092071497,0.999923849,0.999921667,0.09233619,10,gaussian
490,8,1,0.960268917,0.010337562,0.000497196,0.000462645,0.010765278,0.000517768,0.000481787,10,gaussian
490,9,1,0.960400621,0.015325153,0.000685432,0.000641096,0.015957042,0.000713694,0.00066753,10,gaussian
490,10,1,0.96138126,0.010062089,0.000539022,0.000448725,0.010466283,0.000560675,0.00046675,10,gaussian
490,11,1,0.960675399,0.015651949,0.000740394,0.000669082,0.016292651,0.000770701,0.000696471,10,gaussian
490,12,1,0.960569295,0.013706041,0.000731425,0.000638012,0.014268665,0.000761449,0.000664202,10,gaussian
490,13,0,0.997562161,0.997216415,0.997219746,0.016383092,0.999653409,0.999656748,0.016423129,10,gaussian
490,14,0,0.996731664,0.996563671,0.996582385,0.028747406,0.999831456,0.999850232,0.02884167,10,gaussian
491,0,0,0.999149448,0.999141532,0.999141296,0.006000995,0.999992077,0.999991841,0.006006103,10,gaussian
491,1,0,0.994500081,0.99443357,0.994429999,0.046497223,0.999933122,0.999929531,0.046754369,10,gaussian
491,2,0,0.991845783,0.99181788,0.991819452,0.070727668,0.999971867,0.999973452,0.071309138,10,gaussian
491,3,0,0.997310171,0.997288162,0.997289741,0.013588493,0.999977931,0.999979514,0.013625142,10,gaussian
491,4,0,0.992567882,0.992550287,0.992547059,0.064634487,0.999982273,0.999979021,0.065118455,10,gaussian
491,5,0,0.99267928,0.992643428,0.992638012,0.1447112,0.999963884,0.999958428,0.145778403,10,gaussian
491,6,0,0.99594754,0.995887195,0.995882591,0.010034396,0.999939409,0.999934786,0.010075225,10,gaussian
491,7,0,0.997349857,0.997217933,0.997227158,0.019660163,0.999867726,0.999876975,0.019712403,10,gaussian
491,8,0,0.998683116,0.998538045,0.998536396,0.018527831,0.999854738,0.999853086,0.018552262,10,gaussian
491,9,0,0.991996569,0.991459328,0.991463422,0.046251551,0.999458425,0.999462552,0.046624709,10,gaussian
491,10,1,0.960356185,0.01198597,0.00062209,0.000529264,0.012480755,0.00064777,0.000551112,10,gaussian
491,11,1,0.962586478,0.015099862,0.000859604,0.000680892,0.015686759,0.000893015,0.000707357,10,gaussian
491,12,1,0.961445496,0.011752307,0.00084583,0.000536458,0.012223581,0.000879748,0.00055797,10,gaussian
491,13,1,0.961516936,0.01605425,0.000992165,0.000761932,0.016696794,0.001031875,0.000792428,10,gaussian
491,14,1,0.959521348,0.014254589,0.001029782,0.000752836,0.014855937,0.001073225,0.000784596,10,gaussian
492,0,0,0.995855164,0.995843239,0.99584083,0.025819618,0.999988026,0.999985606,0.025927081,10,gaussian
492,1,0,0.996889497,0.996874089,0.996874872,0.015069184,0.999984544,0.999985329,0.015116203,10,gaussian
492,2,0,0.995940767,0.995901904,0.995904349,0.024578297,0.999960979,0.999963434,0.024678473,10,gaussian
492,3,0,0.997534929,0.997507122,0.997511216,0.012228115,0.999972124,0.999976228,0.012258333,10,gaussian
492,4,0,0.995499545,0.995442992,0.995455376,0.029317223,0.999943192,0.999955632,0.029449761,10,gaussian
492,5,0,0.989941075,0.989911084,0.98991364,0.560886825,0.999969705,0.999972286,0.566586071,10,gaussian
492,6,0,0.99449394,0.994390227,0.994407081,0.114231547,0.999895714,0.99991266,0.114863995,10,gaussian
492,7,0,0.993771261,0.993499606,0.99344285,0.048292305,0.999726643,0.999669531,0.048594991,10,gaussian
492,8,0,0.995178078,0.994145944,0.994197338,0.081994686,0.998962866,0.999014508,0.082391973,10,gaussian
492,9,1,0.960924428,0.011748829,0.0004798,0.000378162,0.01222659,0.00049931,0.00039354,10,gaussian
492,10,1,0.960680192,0.014077246,0.000630811,0.000513861,0.014653416,0.000656629,0.000534893,10,gaussian
492,11,1,0.960797285,0.014001724,0.000703339,0.000558648,0.014573026,0.000732037,0.000581442,10,gaussian
492,12,1,0.960249054,0.00941398,0.000622491,0.000396961,0.009803686,0.000648259,0.000413393,10,gaussian
492,13,1,0.960633173,0.012040509,0.000736299,0.000541481,0.01253393,0.000766473,0.000563671,10,gaussian
492,14,0,0.997744308,0.996131292,0.99586049,0.017303017,0.998383337,0.998111922,0.017342135,10,gaussian
493,0,0,0.996727521,0.996700104,0.996699428,0.018190439,0.999972493,0.999971815,0.018250163,10,gaussian
493,1,0,0.995200942,0.995185881,0.99518609,0.318789589,0.999984867,0.999985077,0.320326856,10,gaussian
493,2,0,0.995123765,0.995106031,0.995109356,0.035804595,0.999982179,0.99998552,0.035980042,10,gaussian
493,3,0,0.994246439,0.994187236,0.994183875,0.103959189,0.999940454,0.999937074,0.104560786,10,gaussian
493,4,0,0.995457526,0.995411671,0.995414358,0.098751024,0.999953936,0.999956635,0.099201645,10,gaussian
493,5,0,0.997626444,0.997582938,0.997584656,0.016196509,0.999956391,0.999958113,0.016235043,10,gaussian
493,6,0,0.994539675,0.994512735,0.994516638,0.039922527,0.999972912,0.999976836,0.040141714,10,gaussian
493,7,0,0.994719616,0.994682183,0.994676495,0.061149165,0.999962369,0.999956651,0.06147377,10,gaussian
493,8,0,0.996266168,0.996118033,0.99611745,0.044657444,0.99985131,0.999850725,0.044824813,10,gaussian
493,9,0,0.995281017,0.99513238,0.995133222,0.072165152,0.999850658,0.999851504,0.072507312,10,gaussian
493,10,1,0.960331904,0.010639018,0.000548785,0.00049897,0.01107848,0.000571454,0.00051958,10,gaussian
493,11,1,0.961987662,0.012537999,0.000543136,0.000453589,0.01303343,0.000564597,0.000471512,10,gaussian
493,12,1,0.961393621,0.017085879,0.000754613,0.000657871,0.017771991,0.000784916,0.000684289,10,gaussian
493,13,1,0.96136652,0.014725476,0.000764499,0.000656055,0.015317234,0.000795221,0.000682419,10,gaussian
493,14,1,0.962320077,0.018027174,0.000786981,0.000665726,0.018733033,0.000817796,0.000691792,10,gaussian
494,0,0,0.993890014,0.993877602,0.993876858,0.040862103,0.999987512,0.999986763,0.041113304,10,gaussian
494,1,0,0.996258944,0.99624817,0.996247324,0.063825301,0.999989186,0.999988337,0.064064972,10,gaussian
494,2,0,0.998187824,0.99815425,0.998152276,0.01981067,0.999966365,0.999964387,0.019846635,10,gaussian
494,3,0,0.994800533,0.994752327,0.994749234,0.047423764,0.999951542,0.999948433,0.047671631,10,gaussian
494,4,0,0.991905932,0.991826967,0.991811371,0.127555284,0.99992039,0.999904667,0.12859615,10,gaussian
494,5,0,0.994074656,0.993992469,0.993991051,0.028854642,0.999917323,0.999915896,0.029026635,10,gaussian
494,6,0,0.995549242,0.995370372,0.995358633,0.02369509,0.99982033,0.999808539,0.023801023,10,gaussian
494,7,0,0.989211149,0.986294231,0.986017399,0.122625892,0.997051269,0.996771418,0.123963314,10,gaussian
494,8,1,0.960931795,0.013801366,0.00232405,0.000548188,0.014362482,0.002418538,0.000570476,10,gaussian
494,9,1,0.960577469,0.014296914,0.001880645,0.000659708,0.014883665,0.001957828,0.000686783,10,gaussian
494,10,1,0.961466763,0.018709008,0.001614838,0.000658604,0.01945882,0.001679556,0.000684999,10,gaussian
494,11,1,0.961779305,0.015866125,0.001359527,0.000602458,0.016496638,0.001413554,0.000626399,10,gaussian
494,12,1,0.961224636,0.012150338,0.001001639,0.000449848,0.012640478,0.001042044,0.000467994,10,gaussian
494,13,0,0.986721906,0.986136962,0.986225735,0.32980738,0.999407184,0.999497152,0.334245523,10,gaussian
494,14,0,0.997984989,0.997313165,0.997177958,0.020290382,0.99932682,0.99919134,0.02033135,10,gaussian
495,0,0,0.995415667,0.995394931,0.995396382,0.037888639,0.999979168,0.999980626,0.038063133,10,gaussian
495,1,0,0.995993709,0.99595969,0.995955473,0.013219694,0.999965845,0.99996161,0.013272869,10,gaussian
495,2,0,0.994243067,0.994208938,0.994213533,0.062971288,0.999965673,0.999970295,0.063335908,10,gaussian
495,3,0,0.993443142,0.99341065,0.99340822,0.093402492,0.999967294,0.999964847,0.09401896,10,gaussian
495,4,0,0.991678588,0.991637305,0.991634721,0.23973635,0.999958371,0.999955765,0.241748035,10,gaussian
495,5,0,0.994852594,0.994784042,0.994775493,0.073167041,0.999931093,0.999922501,0.07354561,10,gaussian
495,6,0,0.995313548,0.995198478,0.995200594,0.054191998,0.999884389,0.999886514,0.054447162,10,gaussian
495,7,0,0.996572401,0.996535899,0.996534067,0.035581804,0.999963372,0.999961534,0.035704184,10,gaussian
495,8,0,0.996153349,0.996078185,0.996084511,0.02749529,0.999924546,0.999930897,0.027601463,10,gaussian
495,9,0,0.992516239,0.992366743,0.992415326,0.105239855,0.999849377,0.999898326,0.106033383,10,gaussian
495,10,1,0.960110304,0.009542223,0.000502714,0.000466154,0.009938674,0.0005236,0.000485521,10,gaussian
495,11,1,0.960379158,0.012015919,0.000522183,0.000470621,0.012511641,0.000543725,0.000490036,10,gaussian
495,12,1,0.961156621,0.018677119,0.00071304,0.000642165,0.019431921,0.000741856,0.000668117,10,gaussian
495,13,1,0.961514849,0.01649011,0.000699229,0.000620521,0.017150136,0.000727216,0.000645358,10,gaussian
495,14,1,0.960896225,0.015195352,0.000752366,0.000672844,0.015813728,0.000782983,0.000700226,10,gaussian
496,0,0,0.996430226,0.996418576,0.996419447,0.027045871,0.999988308,0.999989183,0.027142765,10,gaussian
496,1,0,0.996711442,0.996664596,0.996652348,0.035451719,0.999953,0.999940712,0.035568689,10,gaussian
496,2,0,0.996001881,0.995975592,0.995979867,0.038059231,0.999973605,0.999977897,0.038212007,10,gaussian
496,3,0,0.992018121,0.991992104,0.991996568,0.2577417,0.999973773,0.999978273,0.259815516,10,gaussian
496,4,0,0.993965477,0.993939792,0.9939404,0.068847799,0.999974159,0.99997477,0.069265785,10,gaussian
496,5,0,1.001188076,1.001183558,1.001183481,0.019907647,0.999995488,0.999995411,0.019884024,10,gaussian
496,6,0,0.995479778,0.995429134,0.995421304,0.074077524,0.999949126,0.99994126,0.074413891,10,gaussian
496,7,0,0.998998793,0.998928591,0.998915122,0.045880568,0.999929728,0.999916245,0.04592655,10,gaussian
496,8,0,0.989908246,0.989881454,0.989879506,0.486465522,0.999972936,0.999970968,0.491424861,10,gaussian
496,9,1,0.960517211,0.012474573,0.00057342,0.000459082,0.01298735,0.000596991,0.000477953,10,gaussian
496,10,1,0.962075088,0.017710089,0.000854245,0.000615915,0.018408219,0.000887919,0.000640195,10,gaussian
496,11,1,0.960941758,0.015649259,0.001024482,0.000660896,0.016285335,0.001066123,0.000687758,10,gaussian
496,12,1,0.961340333,0.016143967,0.001314566,0.000627721,0.016793185,0.00136743,0.000652964,10,gaussian
496,13,1,0.961613327,0.013352478,0.001918963,0.00047259,0.013885496,0.001995566,0.000491456,10,gaussian
496,14,0,0.996010169,0.982958578,0.985528563,0.030676019,0.986896127,0.989476407,0.030798902,10,gaussian
497,0,0,0.998240595,0.998202278,0.998203718,0.0246601,0.999961615,0.999963058,0.024703564,10,gaussian
497,1,0,0.992936833,0.992919357,0.99290929,0.099164481,0.9999824,0.999972261,0.099869879,10,gaussian
497,2,0,1.000964473,1.000950125,1.000951843,0.008201065,0.999985666,0.999987381,0.008193163,10,gaussian
497,3,0,0.996958069,0.996939861,0.99693752,0.128196603,0.999981736,0.999979388,0.128587758,10,gaussian
497,4,0,0.993849849,0.993822562,0.993830071,0.023228974,0.999972544,0.9999801,0.02337272,10,gaussian
497,5,0,0.997080331,0.996995345,0.997001684,0.102924049,0.999914765,0.999921122,0.103225433,10,gaussian
497,6,0,0.999526029,0.999443791,0.999450539,0.010258557,0.999917723,0.999924474,0.010263422,10,gaussian
497,7,0,0.995893354,0.995794569,0.995801604,0.126358169,0.999900808,0.999907872,0.126879217,10,gaussian
497,8,0,0.995204692,0.995113557,0.995108013,0.118304096,0.999908426,0.999902856,0.118874134,10,gaussian
497,9,1,0.961350418,0.010795541,0.000491616,0.000448754,0.011229559,0.00051138,0.000466795,10,gaussian
497,10,1,0.960956278,0.016954731,0.000679535,0.000629819,0.017643603,0.000707144,0.000655409,10,gaussian
497,11,1,0.960248035,0.018370955,0.000737401,0.000665463,0.019131469,0.000767927,0.000693011,10,gaussian
497,12,1,0.961624963,0.019880144,0.000751144,0.000614163,0.02067349,0.00078112,0.000638672,10,gaussian
497,13,1,0.961385972,0.011888743,0.000577889,0.000449702,0.012366254,0.0006011,0.000467764,10,gaussian
497,14,0,0.995552309,0.994187957,0.994440047,0.046415897,0.998629553,0.998882769,0.046623263,10,gaussian
498,0,0,0.996028712,0.996007831,0.996007601,0.018956408,0.999979036,0.999978805,0.019031989,10,gaussian
498,1,0,0.993257349,0.993246732,0.993245964,0.237199457,0.99998931,0.999988537,0.238809667,10,gaussian
498,2,0,0.992062105,0.992050163,0.992050846,0.343466624,0.999987962,0.999988651,0.346214841,10,gaussian
498,3,0,0.994893273,0.994857218,0.994858537,0.087088541,0.999963759,0.999965085,0.087535561,10,gaussian
498,4,0,0.994435955,0.994416885,0.99442042,0.067245699,0.999980824,0.999984379,0.067621951,10,gaussian
498,5,0,0.995254065,0.995244479,0.995243727,0.055235372,0.999990369,0.999989613,0.055498766,10,gaussian
498,6,0,0.99572103,0.995665229,0.995656065,0.016851557,0.99994396,0.999934756,0.016923974,10,gaussian
498,7,0,0.995999196,0.99589516,0.995898313,0.042342193,0.999895546,0.999898711,0.042512276,10,gaussian
498,8,0,0.996263037,0.996158262,0.996162515,0.048791014,0.999894832,0.999899101,0.048974029,10,gaussian
498,9,1,0.961520604,0.008855956,0.000463685,0.000436171,0.009210365,0.000482241,0.000453626,10,gaussian
498,10,1,0.960936549,0.010616869,0.000488141,0.000451644,0.01104846,0.000507984,0.000470004,10,gaussian
498,11,1,0.961154867,0.013688701,0.000664383,0.000631391,0.014241931,0.000691234,0.000656909,10,gaussian
498,12,1,0.959707298,0.016974665,0.000700523,0.000665558,0.017687335,0.000729935,0.000693501,10,gaussian
498,13,1,0.960422067,0.0161037,0.000715254,0.000680238,0.016767316,0.000744729,0.000708269,10,gaussian
498,14,0,0.997204855,0.996862655,0.996859797,0.034512528,0.999656841,0.999653975,0.034609266,10,gaussian
499,0,0,0.992128487,0.992085092,0.992082443,0.067618642,0.999956261,0.999953591,0.068155126,10,gaussian
499,1,0,0.992545072,0.992500817,0.992498095,0.065056604,0.999955413,0.99995267,0.065545239,10,gaussian
499,2,0,0.995275573,0.99523543,0.995243097,0.047762785,0.999959667,0.99996737,0.047989507,10,gaussian
499,3,0,0.994773843,0.994740635,0.994747121,0.03991498,0.999966618,0.999973138,0.040124678,10,gaussian
499,4,0,0.998468911,0.99844102,0.998435585,0.033408532,0.999972067,0.999966623,0.033459762,10,gaussian
499,5,0,0.996489285,0.996445908,0.996433282,0.019352098,0.999956471,0.9999438,0.019420277,10,gaussian
499,6,0,0.999236975,0.999182238,0.999188396,0.015428955,0.999945222,0.999951384,0.015440737,10,gaussian
499,7,0,0.99785469,0.997710914,0.997724261,0.048449255,0.999855915,0.999869291,0.048553417,10,gaussian
499,8,0,0.999734755,0.999464796,0.999447645,0.016315524,0.99972997,0.999712813,0.016319853,10,gaussian
499,9,1,0.961166648,0.010304337,0.000553002,0.000483199,0.010720656,0.000575345,0.000502722,10,gaussian
499,10,1,0.961198909,0.013892679,0.000787191,0.000650572,0.01445349,0.000818968,0.000676834,10,gaussian
499,11,1,0.960766154,0.015680687,0.0009161,0.000697555,0.016321023,0.00095351,0.00072604,10,gaussian
499,12,1,0.961883352,0.014737636,0.001107632,0.000662516,0.015321645,0.001151524,0.00068877,10,gaussian
499,13,1,0.961220925,0.015694536,0.001597954,0.000527924,0.016327709,0.001662422,0.000549222,10,gaussian
499,14,0,0.993648854,0.974176233,0.975599903,0.04166295,0.980402915,0.981835685,0.041929249,10,gaussian
