trial_id,component_id,is_true,exact_mode_norm,ssl_clean,ssl_perturbed,esl,rsln_clean,rsln_perturbed,reln,snr_db,noise_model
0,0,0,1.001344384,1.00131939,1.001316838,0.010412435,0.99997504,0.999972491,0.010398455,0,gaussian
0,1,0,0.995246572,0.995219832,0.99521674,0.045035526,0.999973133,0.999970026,0.045250621,0,gaussian
0,2,0,0.996961176,0.996929835,0.99693328,0.015413981,0.999968563,0.999972019,0.015460964,0,gaussian
0,3,0,0.996329886,0.996305493,0.99629455,0.018815383,0.999975517,0.999964534,0.018884692,0,gaussian
0,4,0,0.992386769,0.992363207,0.992356635,0.079737041,0.999976256,0.999969634,0.080348754,0,gaussian
0,5,0,0.995962638,0.995936268,0.995927163,0.029698501,0.999973523,0.999964381,0.029818891,0,gaussian
0,6,0,0.99640336,0.996249194,0.996274354,0.014879946,0.999845278,0.999870528,0.014933657,0,gaussian
0,7,0,0.994284496,0.99414339,0.994142203,0.206555106,0.999858083,0.999856889,0.207742459,0,gaussian
0,8,0,0.99558378,0.99453947,0.994356011,0.018059575,0.998951058,0.998766785,0.018139684,0,gaussian
0,9,0,0.996746733,0.995820473,0.99607336,0.074052515,0.999070718,0.999324429,0.074294214,0,gaussian
0,10,1,0.964118578,0.092637339,0.005269196,0.003738906,0.096085005,0.005465299,0.003878056,0,gaussian
0,11,1,0.968080372,0.11774423,0.005257009,0.003742677,0.121626502,0.005430344,0.003866081,0,gaussian
0,12,1,0.963852364,0.124547696,0.006717775,0.005677145,0.129218644,0.006969714,0.005890056,0,gaussian
0,13,1,0.967634635,0.128924137,0.006801291,0.004942753,0.133236381,0.00702878,0.005108078,0,gaussian
0,14,1,0.966483293,0.146907382,0.007159623,0.005842942,0.152001988,0.007407912,0.00604557,0,gaussian
1,0,0,0.994785673,0.994751411,0.994756397,0.087549844,0.999965559,0.999970571,0.08800875,0,gaussian
1,1,0,0.992532139,0.992510457,0.992514493,0.119785415,0.999978155,0.999982222,0.120686687,0,gaussian
1,2,0,0.997405655,0.997392674,0.997388291,0.010654757,0.999986986,0.999982591,0.010682471,0,gaussian
1,3,0,0.99581371,0.995757223,0.995758348,0.029386967,0.999943276,0.999944405,0.029510506,0,gaussian
1,4,0,0.996140002,0.996108475,0.996104551,0.050731839,0.999968351,0.999964411,0.050928422,0,gaussian
1,5,0,0.99423211,0.994175592,0.994176914,0.078285673,0.999943154,0.999944484,0.078739836,0,gaussian
1,6,0,0.99404367,0.99398908,0.993984592,0.047100532,0.999945082,0.999940567,0.047382759,0,gaussian
1,7,0,0.997970409,0.997924473,0.997877959,0.022695072,0.99995397,0.999907362,0.022741228,0,gaussian
1,8,0,0.99673774,0.996701273,0.996689068,0.035659279,0.999963413,0.999951168,0.03577599,0,gaussian
1,9,0,0.988644585,0.988013664,0.98816357,0.284724857,0.999361832,0.99951346,0.287995162,0,gaussian
1,10,1,0.962938858,0.107973577,0.005465567,0.004687318,0.112129213,0.005675923,0.004867721,0,gaussian
1,11,1,0.961125212,0.103109993,0.006627243,0.005072466,0.107280499,0.006895296,0.005277632,0,gaussian
1,12,1,0.968174177,0.138639546,0.006098656,0.005222728,0.143196905,0.006299131,0.00539441,0,gaussian
1,13,1,0.959381182,0.1362749,0.008498157,0.007472625,0.142044584,0.008857956,0.007789006,0,gaussian
1,14,1,0.964068033,0.135629993,0.007345827,0.007187579,0.140685085,0.007619615,0.007455468,0,gaussian
2,0,0,0.994029434,0.994011247,0.994008326,0.056676341,0.999981703,0.999978765,0.057016763,0,gaussian
2,1,0,0.998151667,0.998129776,0.998119624,0.011085621,0.999978069,0.999967898,0.011106149,0,gaussian
2,2,0,0.996323333,0.996302243,0.996294042,0.023242593,0.999978832,0.9999706,0.023328364,0,gaussian
2,3,0,0.998383099,0.99835802,0.99835458,0.028292516,0.99997488,0.999971435,0.028338337,0,gaussian
2,4,0,0.994210785,0.994202297,0.994200347,0.053878944,0.999991462,0.9999895,0.054192677,0,gaussian
2,5,0,0.997696881,0.997680176,0.997688738,0.186818628,0.999983256,0.999991838,0.187249887,0,gaussian
2,6,0,0.994459957,0.994336553,0.994365729,0.067703856,0.999875909,0.999905247,0.068081028,0,gaussian
2,7,0,0.996032729,0.995931681,0.995931488,0.026646259,0.999898549,0.999898355,0.026752393,0,gaussian
2,8,0,0.996790292,0.996240853,0.99617888,0.018816658,0.999448791,0.999386619,0.018877249,0,gaussian
2,9,0,0.994731853,0.993258755,0.993808094,0.083593126,0.9985191,0.999071349,0.084035839,0,gaussian
2,10,1,0.963654167,0.116052479,0.005811566,0.004537023,0.120429593,0.006030759,0.004708145,0,gaussian
2,11,1,0.963362729,0.104814471,0.006454255,0.004738993,0.108800629,0.006699714,0.004919219,0,gaussian
2,12,1,0.969177127,0.14976909,0.008676027,0.005202592,0.154532217,0.008951952,0.00536805,0,gaussian
2,13,1,0.966305807,0.129318705,0.007665766,0.005794549,0.133827929,0.007933064,0.0059966,0,gaussian
2,14,1,0.962709835,0.146150693,0.00967206,0.006626296,0.151811779,0.010046703,0.006882963,0,gaussian
3,0,0,0.99177098,0.991727924,0.991735733,0.104540247,0.999956587,0.999964461,0.105407649,0,gaussian
3,1,0,0.996626925,0.996601105,0.996598017,0.045818936,0.999974092,0.999970994,0.045974009,0,gaussian
3,2,0,0.997142753,0.997115832,0.997114137,0.021917936,0.999973002,0.999971302,0.021980741,0,gaussian
3,3,0,0.993674486,0.993654777,0.993646192,0.080222832,0.999980165,0.999971525,0.080733513,0,gaussian
3,4,0,0.997139627,0.99712382,0.997129414,0.029282092,0.999984148,0.999989758,0.02936609,0,gaussian
3,5,0,0.994436438,0.994394685,0.994410191,0.020457901,0.999958014,0.999973607,0.020572356,0,gaussian
3,6,0,0.988232067,0.98815422,0.988187791,0.686100842,0.999921226,0.999955196,0.694270977,0,gaussian
3,7,0,0.994955028,0.994715684,0.99469961,0.043984281,0.999759443,0.999743287,0.044207306,0,gaussian
3,8,0,0.99017602,0.99004401,0.990019601,0.237260483,0.99986668,0.999842029,0.23961445,0,gaussian
3,9,0,0.998657741,0.997524659,0.998078788,0.02989615,0.998865394,0.999420268,0.029936332,0,gaussian
3,10,1,0.964355508,0.112624188,0.005577897,0.003913739,0.116787001,0.005784067,0.004058399,0,gaussian
3,11,1,0.962961453,0.09712141,0.007040111,0.004122386,0.100857007,0.007310895,0.004280946,0,gaussian
3,12,1,0.963546105,0.133908851,0.007854797,0.005892504,0.138975032,0.008151967,0.006115436,0,gaussian
3,13,1,0.96478868,0.144011076,0.007695774,0.00525415,0.149266962,0.007976642,0.005445908,0,gaussian
3,14,1,0.962998853,0.145565881,0.008235911,0.006691402,0.151158935,0.008552358,0.006948505,0,gaussian
4,0,0,0.994851767,0.994838594,0.994837236,0.065508827,0.999986758,0.999985394,0.065847827,0,gaussian
4,1,0,0.993595112,0.993571587,0.993565003,0.118656005,0.999976324,0.999969698,0.119420882,0,gaussian
4,2,0,0.998039331,0.998017708,0.99801933,0.013417135,0.999978334,0.999979959,0.013443493,0,gaussian
4,3,0,0.99554819,0.995510411,0.995514246,0.045065683,0.999962051,0.999965904,0.045267204,0,gaussian
4,4,0,0.994580632,0.994516444,0.994527257,0.032925203,0.999935462,0.999946334,0.033104609,0,gaussian
4,5,0,0.988001965,0.987967411,0.987977321,0.334375046,0.999965026,0.999975057,0.338435608,0,gaussian
4,6,0,0.984086823,0.984062743,0.984061933,0.592209807,0.99997553,0.999974707,0.601786137,0,gaussian
4,7,0,0.999318412,0.99930156,0.999285863,0.02085846,0.999983137,0.99996743,0.020872686,0,gaussian
4,8,0,0.996936864,0.996870476,0.996863679,0.024714272,0.999933408,0.99992659,0.024790207,0,gaussian
4,9,0,0.997474486,0.997326322,0.997309446,0.029514874,0.999851461,0.999834542,0.029589602,0,gaussian
4,10,1,0.962985334,0.103718923,0.004696448,0.004366079,0.10770561,0.004876967,0.004533899,0,gaussian
4,11,1,0.964998112,0.117827857,0.00559237,0.004512538,0.122101645,0.005795214,0.004676214,0,gaussian
4,12,1,0.965337587,0.140499818,0.006511187,0.005619728,0.145544751,0.006744984,0.005821516,0,gaussian
4,13,1,0.966581731,0.144403568,0.00688308,0.005777319,0.149396128,0.007121053,0.005977062,0,gaussian
4,14,1,0.967547205,0.186991124,0.008041446,0.006670153,0.19326305,0.008311166,0.006893879,0,gaussian
5,0,0,0.993158118,0.993108088,0.993105262,0.087042058,0.999949626,0.99994678,0.087641692,0,gaussian
5,1,0,0.994345826,0.994331819,0.994330354,0.038454309,0.999985913,0.99998444,0.038672973,0,gaussian
5,2,0,0.993893352,0.993870563,0.993866547,0.084778771,0.999977071,0.99997303,0.085299666,0,gaussian
5,3,0,0.994946793,0.994919568,0.994923172,0.039387611,0.999972636,0.999976258,0.039587656,0,gaussian
5,4,0,0.996571855,0.996535717,0.996532782,0.028353882,0.999963738,0.999960793,0.028451417,0,gaussian
5,5,0,0.993711123,0.993682558,0.993680781,0.080902068,0.999971254,0.999969466,0.081414071,0,gaussian
5,6,0,0.985965809,0.985953315,0.985950881,0.92372671,0.999987328,0.99998486,0.936874992,0,gaussian
5,7,0,0.995951595,0.995708331,0.995673399,0.053316078,0.999755746,0.999720673,0.0535328,0,gaussian
5,8,0,0.991932355,0.991801213,0.9917948,0.056756822,0.999867791,0.999861326,0.05721844,0,gaussian
5,9,0,0.997158684,0.996875037,0.996931772,0.031294704,0.999715544,0.999772441,0.031383876,0,gaussian
5,10,1,0.966700095,0.097243293,0.00453451,0.003573581,0.100593032,0.00469071,0.00369668,0,gaussian
5,11,1,0.965905244,0.088327934,0.004426872,0.003436922,0.091445754,0.004583132,0.003558239,0,gaussian
5,12,1,0.965741017,0.128124311,0.006359718,0.005009146,0.132669431,0.006585324,0.005186842,0,gaussian
5,13,1,0.966290722,0.131747405,0.006804737,0.005020941,0.136343444,0.007042121,0.005196098,0,gaussian
5,14,1,0.966847199,0.137811649,0.007333471,0.005378939,0.142537155,0.007584933,0.005563381,0,gaussian
6,0,0,0.995027828,0.994982069,0.9949619,0.02387407,0.999954012,0.999933743,0.023993369,0,gaussian
6,1,0,0.997924254,0.997906146,0.997908357,0.032813551,0.999981854,0.99998407,0.032881805,0,gaussian
6,2,0,0.993212593,0.993094804,0.993126988,0.075412468,0.999881406,0.999913811,0.075927821,0,gaussian
6,3,0,0.996510759,0.99647176,0.996474233,0.026296763,0.999960864,0.999963346,0.02638884,0,gaussian
6,4,0,0.99668517,0.996645497,0.996645495,0.053035582,0.999960194,0.999960193,0.053211971,0,gaussian
6,5,0,0.990990199,0.990964876,0.990968011,0.12540255,0.999974447,0.999977611,0.126542674,0,gaussian
6,6,0,0.992945282,0.992905703,0.992910529,0.04260829,0.99996014,0.999965001,0.042911015,0,gaussian
6,7,0,0.997368624,0.997328726,0.997328347,0.0189835,0.999959996,0.999959616,0.019033585,0,gaussian
6,8,0,0.993571217,0.993530998,0.993538636,0.815611236,0.999959521,0.999967209,0.820888551,0,gaussian
6,9,0,0.999402354,0.99882644,0.998783249,0.066682671,0.999423742,0.999380525,0.066722547,0,gaussian
6,10,1,0.965445329,0.117971593,0.005412877,0.004014554,0.122193966,0.005606611,0.00415824,0,gaussian
6,11,1,0.964174086,0.113218546,0.006201678,0.004448876,0.117425419,0.006432114,0.004614183,0,gaussian
6,12,1,0.964720529,0.145245418,0.008417667,0.00619866,0.150556989,0.008725498,0.006425343,0,gaussian
6,13,1,0.966541853,0.146677057,0.008298646,0.005441956,0.151754481,0.008585915,0.005630336,0,gaussian
6,14,1,0.966105018,0.14817297,0.008635128,0.006166023,0.153371494,0.008938084,0.006382353,0,gaussian
7,0,0,0.996319699,0.996296699,0.996306424,0.026475487,0.999976915,0.999986676,0.026573285,0,gaussian
7,1,0,0.998916158,0.998901822,0.998898716,0.016407112,0.999985648,0.999982539,0.016424914,0,gaussian
7,2,0,0.996362389,0.996345927,0.9963381,0.019237938,0.999983478,0.999975622,0.019308173,0,gaussian
7,3,0,0.995774821,0.995744764,0.99573341,0.01488516,0.999969815,0.999958414,0.014948319,0,gaussian
7,4,0,0.996825379,0.996782386,0.996785633,0.04798809,0.99995687,0.999960127,0.048140919,0,gaussian
7,5,0,0.99600038,0.995889258,0.995869869,0.022028054,0.999888432,0.999868965,0.022116512,0,gaussian
7,6,0,0.997345852,0.997317306,0.997316377,0.054030149,0.999971379,0.999970447,0.054173935,0,gaussian
7,7,0,0.992184534,0.992133363,0.992123447,0.05208799,0.999948426,0.999938432,0.052498288,0,gaussian
7,8,0,0.994448369,0.994372457,0.994366179,0.05304229,0.999923664,0.999917351,0.053338405,0,gaussian
7,9,0,0.994876374,0.994338656,0.994596365,0.02061673,0.999459513,0.999718549,0.020722906,0,gaussian
7,10,1,0.961560307,0.086346147,0.004503992,0.004194761,0.089797952,0.004684046,0.004362452,0,gaussian
7,11,1,0.96668628,0.087765663,0.004851243,0.003053763,0.090790223,0.005018425,0.003159001,0,gaussian
7,12,1,0.966411395,0.102417585,0.005036169,0.004248646,0.105977212,0.005211206,0.004396312,0,gaussian
7,13,1,0.964556516,0.122290044,0.006617722,0.005005119,0.1267837,0.006860896,0.005189036,0,gaussian
7,14,1,0.96497076,0.098980829,0.00564468,0.00467686,0.102573915,0.005849586,0.004846634,0,gaussian
8,0,0,0.992999061,0.99297966,0.992969677,0.104072866,0.999980462,0.999970408,0.104806611,0,gaussian
8,1,0,0.997947769,0.997920209,0.997934079,0.097705921,0.999972384,0.999986283,0.097906849,0,gaussian
8,2,0,0.995090046,0.995073605,0.995078314,0.091586055,0.999983478,0.99998821,0.092037957,0,gaussian
8,3,0,0.997060038,0.997024419,0.997029979,0.013913155,0.999964276,0.999969852,0.013954179,0,gaussian
8,4,0,0.995370971,0.995345974,0.995342528,0.036425295,0.999974887,0.999971425,0.036594693,0,gaussian
8,5,0,0.99236115,0.992286938,0.992331109,0.416664584,0.999925216,0.999969727,0.419871923,0,gaussian
8,6,0,0.998128738,0.998067189,0.998050339,0.01636051,0.999938336,0.999921455,0.016391182,0,gaussian
8,7,0,0.996942613,0.996877754,0.996835373,0.027972284,0.999934943,0.999892432,0.028058069,0,gaussian
8,8,0,0.989605929,0.989360383,0.989474639,0.221203739,0.999751875,0.999867331,0.223527095,0,gaussian
8,9,0,0.996137085,0.994973751,0.995325347,0.041338794,0.998832155,0.999185115,0.041499101,0,gaussian
8,10,1,0.963741992,0.11289884,0.00547077,0.00436149,0.117146333,0.005676592,0.004525578,0,gaussian
8,11,1,0.960235474,0.11924881,0.0050254,0.004636322,0.124187049,0.005233508,0.004828318,0,gaussian
8,12,1,0.965057171,0.151752764,0.007180166,0.005436363,0.157247434,0.007440146,0.005633203,0,gaussian
8,13,1,0.969137062,0.152532581,0.006088388,0.004615231,0.157390102,0.006282277,0.004762207,0,gaussian
8,14,1,0.966683368,0.185755943,0.007283484,0.005345641,0.192158001,0.007534508,0.005529878,0,gaussian
9,0,0,0.992312161,0.992257221,0.992260966,0.130033777,0.999944635,0.999948409,0.131041201,0,gaussian
9,1,0,0.994981809,0.994930085,0.994945371,0.067840269,0.999948014,0.999963378,0.068182421,0,gaussian
9,2,0,0.99853182,0.998498884,0.998512202,0.015402001,0.999967016,0.999980353,0.015424647,0,gaussian
9,3,0,0.998492755,0.998457501,0.998468734,0.036335657,0.999964693,0.999975943,0.036390506,0,gaussian
9,4,0,0.994128531,0.994059599,0.994093694,0.340438572,0.999930661,0.999964958,0.342449252,0,gaussian
9,5,0,0.992769003,0.992714361,0.992712557,0.102542355,0.99994496,0.999943144,0.103289239,0,gaussian
9,6,0,0.996114464,0.995954772,0.996002133,0.052405101,0.999839685,0.99988723,0.052609517,0,gaussian
9,7,0,0.998084825,0.997934869,0.997961241,0.012018515,0.999849757,0.999876179,0.012041577,0,gaussian
9,8,0,0.997979595,0.997759978,0.997762868,0.012041489,0.999779939,0.999782834,0.012065867,0,gaussian
9,9,0,0.996997682,0.996622885,0.996519719,0.026522988,0.999624074,0.999520598,0.026602858,0,gaussian
9,10,1,0.963143236,0.083636609,0.004475119,0.0037962,0.086837146,0.004646369,0.00394147,0,gaussian
9,11,1,0.964738868,0.093369405,0.004652292,0.003641463,0.09678205,0.004822333,0.003774558,0,gaussian
9,12,1,0.966143246,0.13138404,0.007752558,0.005786549,0.135988158,0.008024232,0.005989328,0,gaussian
9,13,1,0.967766088,0.111500136,0.006663242,0.004810324,0.115213931,0.006885178,0.004970544,0,gaussian
9,14,1,0.966666682,0.123200519,0.007531814,0.00546518,0.127448811,0.007791532,0.005653634,0,gaussian
10,0,0,0.994798354,0.994770291,0.994771345,0.028346068,0.99997179,0.999972849,0.028494285,0,gaussian
10,1,0,0.993424883,0.993390411,0.993395068,0.086437135,0.9999653,0.999969988,0.087009231,0,gaussian
10,2,0,0.998549387,0.998540514,0.99854022,0.018294681,0.999991114,0.99999082,0.018321258,0,gaussian
10,3,0,0.996399152,0.996375381,0.996375027,0.017438264,0.999976143,0.999975788,0.017501284,0,gaussian
10,4,0,0.99737141,0.997297453,0.997286147,0.018840188,0.999925848,0.999914513,0.018889841,0,gaussian
10,5,0,0.997294231,0.997249574,0.997244517,0.024841308,0.999955222,0.99995015,0.024908705,0,gaussian
10,6,0,0.995967201,0.995927222,0.995924279,0.040362511,0.999959859,0.999956905,0.040525944,0,gaussian
10,7,0,0.998431011,0.998368134,0.998387247,0.043465029,0.999937024,0.999956168,0.043533332,0,gaussian
10,8,0,0.991813582,0.991764156,0.991750488,0.421439091,0.999950166,0.999936385,0.424917644,0,gaussian
10,9,0,0.993867307,0.992652216,0.992427127,0.026011874,0.998777411,0.998550933,0.026172381,0,gaussian
10,10,1,0.960759414,0.099491078,0.005857488,0.004854214,0.103554621,0.006096727,0.005052476,0,gaussian
10,11,1,0.96383949,0.103502882,0.007014487,0.005839874,0.107386015,0.00727765,0.006058969,0,gaussian
10,12,1,0.961438741,0.098703866,0.006496642,0.004625141,0.102662668,0.006757208,0.004810646,0,gaussian
10,13,1,0.962895549,0.133481152,0.007812979,0.006643915,0.138624747,0.008114047,0.006899933,0,gaussian
10,14,1,0.962983437,0.145124455,0.008151455,0.006630592,0.15070296,0.008464792,0.006885469,0,gaussian
11,0,0,0.995584483,0.995577182,0.995577129,0.010972937,0.999992666,0.999992614,0.011021603,0,gaussian
11,1,0,0.995269986,0.995237996,0.995233938,0.07533066,0.999967858,0.999963781,0.075688668,0,gaussian
11,2,0,0.996090098,0.996030777,0.996038688,0.033210898,0.999940446,0.999948388,0.033341259,0,gaussian
11,3,0,0.997269838,0.997244598,0.997249309,0.053736422,0.999974691,0.999979415,0.053883532,0,gaussian
11,4,0,0.995686703,0.995670079,0.995674497,0.029351219,0.999983304,0.999987742,0.029478368,0,gaussian
11,5,0,0.995614529,0.99556451,0.995550913,0.02243482,0.999949761,0.999936104,0.022533641,0,gaussian
11,6,0,0.996032374,0.995958057,0.995985277,0.016783756,0.999925387,0.999952716,0.016850613,0,gaussian
11,7,0,0.994478355,0.994445864,0.994437214,0.030333733,0.999967328,0.99995863,0.030502155,0,gaussian
11,8,0,0.993160076,0.992986135,0.992941126,0.023934758,0.999824861,0.999779543,0.024099597,0,gaussian
11,9,1,0.963060279,0.106112392,0.006008866,0.004635527,0.110182503,0.006239346,0.00481333,0,gaussian
11,10,1,0.964559099,0.132465742,0.006884342,0.005402194,0.137332946,0.007137294,0.005600687,0,gaussian
11,11,1,0.968146969,0.159818084,0.008493404,0.005870745,0.165076263,0.008772846,0.006063899,0,gaussian
11,12,1,0.965629122,0.098809618,0.004857792,0.003682677,0.102326676,0.005030702,0.003813759,0,gaussian
11,13,1,0.963272483,0.130412642,0.00732951,0.005904774,0.135384996,0.007608968,0.006129911,0,gaussian
11,14,0,0.999208277,0.998826718,0.998913955,0.02065856,0.999618139,0.999705444,0.020674929,0,gaussian
12,0,0,0.997161801,0.9971375,0.997144953,0.019779166,0.99997563,0.999983103,0.019835463,0,gaussian
12,1,0,0.994446971,0.994432148,0.994426169,0.124817782,0.999985095,0.999979082,0.125514769,0,gaussian
12,2,0,0.995625718,0.995602702,0.995610661,0.071031862,0.999976883,0.999984877,0.071343941,0,gaussian
12,3,0,0.994416952,0.994404316,0.994406972,0.081712763,0.999987293,0.999989964,0.08217153,0,gaussian
12,4,0,0.997100481,0.997090195,0.997082427,0.021578248,0.999989684,0.999981893,0.021640996,0,gaussian
12,5,0,0.993147292,0.99312868,0.993123439,0.074540389,0.99998126,0.999975982,0.075054717,0,gaussian
12,6,0,0.995240753,0.995177494,0.995196013,0.023185126,0.999936438,0.999955046,0.023295997,0,gaussian
12,7,0,0.992119368,0.992077793,0.991989602,0.058805185,0.999958095,0.999869203,0.059272288,0,gaussian
12,8,0,0.99774494,0.997662324,0.997626074,0.022197597,0.999917198,0.999880866,0.022247767,0,gaussian
12,9,0,0.993828125,0.992058391,0.991403002,0.019353342,0.998219275,0.997559816,0.01947353,0,gaussian
12,10,1,0.963954174,0.086554988,0.004846637,0.003992378,0.089791601,0.00502787,0.004141667,0,gaussian
12,11,1,0.964930266,0.118925454,0.006947296,0.003641405,0.123247719,0.007199791,0.003773749,0,gaussian
12,12,1,0.963033846,0.123185433,0.007524056,0.005687967,0.127913919,0.007812867,0.005906301,0,gaussian
12,13,1,0.967005741,0.13020472,0.008117548,0.004848377,0.134647308,0.008394519,0.005013804,0,gaussian
12,14,1,0.965568671,0.127222866,0.008070425,0.005402428,0.131759521,0.00835821,0.005595074,0,gaussian
13,0,0,0.998962341,0.998952397,0.998952185,0.021317322,0.999990046,0.999989834,0.021339465,0,gaussian
13,1,0,0.994333976,0.994283002,0.994255047,0.076903558,0.999948736,0.999920621,0.077341778,0,gaussian
13,2,0,0.993940783,0.993907081,0.993929355,0.095499673,0.999966093,0.999988502,0.096081853,0,gaussian
13,3,0,0.994176642,0.994157221,0.994150132,0.034791685,0.999980466,0.999973335,0.034995476,0,gaussian
13,4,0,0.991407968,0.991370799,0.991392862,0.167424588,0.999962509,0.999984763,0.168875572,0,gaussian
13,5,0,0.988925741,0.988888061,0.988905084,0.305244289,0.999961898,0.999979112,0.308662497,0,gaussian
13,6,0,0.996191803,0.996137855,0.996139773,0.047648114,0.999945846,0.999947771,0.047830261,0,gaussian
13,7,0,0.994999852,0.994940464,0.994904455,0.027320221,0.999940314,0.999904124,0.027457512,0,gaussian
13,8,0,0.992758849,0.992539759,0.992675433,0.26141918,0.999779313,0.999915976,0.263325963,0,gaussian
13,9,0,0.993807742,0.993561274,0.99358143,0.069277328,0.999751997,0.999772278,0.069708984,0,gaussian
13,10,1,0.961966092,0.120271722,0.007188441,0.005676726,0.125026987,0.007472655,0.005901171,0,gaussian
13,11,1,0.963206569,0.101044726,0.007749237,0.005096452,0.104904524,0.008045249,0.005291131,0,gaussian
13,12,1,0.96531244,0.128943009,0.008810212,0.006492689,0.13357645,0.009126798,0.006725998,0,gaussian
13,13,1,0.968284205,0.147545403,0.009505658,0.005197006,0.152378199,0.009817012,0.005367232,0,gaussian
13,14,1,0.967428294,0.147347991,0.012274194,0.007058716,0.152308954,0.012687446,0.007296371,0,gaussian
14,0,0,0.994283319,0.994238889,0.994257671,0.036343798,0.999955315,0.999974205,0.036552759,0,gaussian
14,1,0,0.995542629,0.995501314,0.995502311,0.042438843,0.999958501,0.999959501,0.042628855,0,gaussian
14,2,0,0.996938961,0.996919841,0.996919841,0.025809911,0.999980821,0.999980821,0.025889159,0,gaussian
14,3,0,0.987471718,0.987250566,0.987403486,0.822810721,0.999776042,0.999930902,0.833249911,0,gaussian
14,4,0,0.997833307,0.997776101,0.997781548,0.051906979,0.99994267,0.999948129,0.05201969,0,gaussian
14,5,0,0.997363558,0.997295466,0.997306471,0.077778812,0.999931728,0.999942762,0.077984413,0,gaussian
14,6,0,0.997385672,0.99722915,0.997134786,0.009590101,0.999843068,0.999748457,0.009615238,0,gaussian
14,7,0,0.997295916,0.997223523,0.9971096,0.01427731,0.999927411,0.999813178,0.014316021,0,gaussian
14,8,0,0.996470554,0.996089975,0.99625714,0.013592239,0.999618073,0.99978583,0.013640382,0,gaussian
14,9,0,0.995345757,0.994327308,0.994743399,0.030430346,0.998976789,0.999394825,0.030572638,0,gaussian
14,10,1,0.962295024,0.11087577,0.005360573,0.00506894,0.115220142,0.005570613,0.005267553,0,gaussian
14,11,1,0.96411664,0.129548481,0.007570603,0.006743743,0.134370132,0.007852372,0.006994738,0,gaussian
14,12,1,0.96765652,0.109398263,0.00752494,0.004063794,0.11305485,0.007776457,0.004199625,0,gaussian
14,13,1,0.966660869,0.113666195,0.007435212,0.005843437,0.117586424,0.007691645,0.006044971,0,gaussian
14,14,1,0.966141008,0.143001575,0.009229534,0.006395568,0.148013151,0.009552989,0.006619704,0,gaussian
15,0,0,0.995806363,0.995770468,0.995768321,0.045821233,0.999963954,0.999961798,0.0460142,0,gaussian
15,1,0,0.995939447,0.995898341,0.995893801,0.017998423,0.999958726,0.999954168,0.018071804,0,gaussian
15,2,0,0.996845204,0.996827015,0.996833664,0.035236969,0.999981753,0.999988423,0.035348486,0,gaussian
15,3,0,0.992396699,0.992386593,0.99238078,0.240722786,0.999989817,0.999983959,0.242567097,0,gaussian
15,4,0,0.99501622,0.995005925,0.994997647,0.080165144,0.999989653,0.999981334,0.080566671,0,gaussian
15,5,0,0.997775252,0.997764465,0.997750578,0.030360032,0.99998919,0.999975272,0.030427726,0,gaussian
15,6,0,0.990946203,0.990892828,0.990868109,0.186004097,0.999946138,0.999921193,0.187703527,0,gaussian
15,7,0,0.988424292,0.988283705,0.988243966,0.370770409,0.999857766,0.999817561,0.375112602,0,gaussian
15,8,0,0.986211912,0.985858296,0.985881257,0.662948845,0.99964144,0.999664722,0.672217439,0,gaussian
15,9,1,0.964196138,0.105822087,0.007924282,0.00482847,0.109751619,0.008218537,0.005007767,0,gaussian
15,10,0,0.992802457,0.989860102,0.987305215,0.10497905,0.997036313,0.994462904,0.105740119,0,gaussian
15,11,1,0.965861942,0.161697322,0.03347559,0.00503743,0.167412458,0.034658774,0.005215477,0,gaussian
15,12,1,0.966017076,0.156332298,0.012390157,0.007015974,0.161831817,0.012826023,0.007262784,0,gaussian
15,13,1,0.961176852,0.179204336,0.021189985,0.008065019,0.186442626,0.022045875,0.008390775,0,gaussian
15,14,1,0.964215309,0.196482042,0.015609866,0.007637037,0.203774033,0.016189192,0.007920468,0,gaussian
16,0,1,0.963668769,0.099013378,0.004649384,0.003961287,0.102746277,0.00482467,0.004110631,0,gaussian
16,1,1,0.966373875,0.083823356,0.003944803,0.003429563,0.08674009,0.004082067,0.003548899,0,gaussian
16,2,1,0.964606099,0.140087274,0.006585631,0.005531196,0.14522744,0.006827275,0.00573415,0,gaussian
16,3,1,0.966417787,0.141832573,0.006165813,0.00534929,0.146761136,0.00638007,0.005535173,0,gaussian
16,4,1,0.965075105,0.109613144,0.005236939,0.004954783,0.11357991,0.005426457,0.005134091,0,gaussian
16,5,0,0.994946308,0.994920258,0.994926554,0.068397009,0.999973817,0.999980145,0.068744422,0,gaussian
16,6,0,0.993838127,0.993799331,0.99380617,0.068947952,0.999960963,0.999967844,0.069375435,0,gaussian
16,7,0,0.992802335,0.992792555,0.992785072,0.100793563,0.999990149,0.999982612,0.101524301,0,gaussian
16,8,0,0.995162212,0.995127186,0.995072946,0.016936256,0.999964804,0.9999103,0.017018588,0,gaussian
16,9,0,0.989571,0.989527501,0.989531561,0.201213242,0.999956043,0.999960146,0.203333811,0,gaussian
16,10,0,0.996850148,0.99683779,0.996834908,0.023066491,0.999987603,0.999984712,0.023139376,0,gaussian
16,11,0,0.995663798,0.995651849,0.995656021,0.03870224,0.999987998,0.999992189,0.038870791,0,gaussian
16,12,0,0.997891983,0.997866926,0.997864295,0.020023411,0.99997489,0.999972253,0.02006571,0,gaussian
16,13,0,0.995056116,0.995038797,0.995037235,0.020420422,0.999982595,0.999981025,0.02052188,0,gaussian
16,14,0,0.994944724,0.994935575,0.994934447,0.144723904,0.999990805,0.999989671,0.14545924,0,gaussian
17,0,0,0.995760665,0.995721509,0.995725971,0.077971685,0.999960678,0.999965159,0.078303641,0,gaussian
17,1,0,0.997074017,0.997044093,0.997038867,0.00552382,0.999969988,0.999964747,0.00554003,0,gaussian
17,2,0,1.00036925,1.000330035,1.000340935,0.012590889,0.999960799,0.999971696,0.012586241,0,gaussian
17,3,0,0.993392425,0.993331755,0.993377228,0.232293076,0.999938927,0.999984702,0.233838179,0,gaussian
17,4,0,0.99664428,0.996622578,0.996622136,0.011754326,0.999978225,0.999977782,0.011793903,0,gaussian
17,5,0,0.997732584,0.997698416,0.997703899,0.02558191,0.999965754,0.99997125,0.025640046,0,gaussian
17,6,0,0.995118862,0.995074718,0.995070949,0.05004448,0.99995564,0.999951852,0.050289952,0,gaussian
17,7,0,0.996349726,0.996316843,0.996303013,0.021121782,0.999966997,0.999953116,0.021199164,0,gaussian
17,8,0,0.998337813,0.998127187,0.998101245,0.045571083,0.999789023,0.999763038,0.045646957,0,gaussian
17,9,0,0.997191393,0.995071307,0.996025862,0.013424071,0.997873943,0.998831186,0.01346188,0,gaussian
17,10,1,0.963066724,0.096305886,0.004918168,0.004205324,0.099999183,0.005106778,0.004366596,0,gaussian
17,11,1,0.967159352,0.14464702,0.007140543,0.005380455,0.149558622,0.007383005,0.005563153,0,gaussian
17,12,1,0.967823276,0.099505813,0.005537835,0.003445511,0.102814031,0.005721949,0.003560062,0,gaussian
17,13,1,0.965042895,0.131089689,0.008493742,0.006198495,0.135838199,0.008801414,0.006423025,0,gaussian
17,14,1,0.966024678,0.105292221,0.006571528,0.004900694,0.108995374,0.006802651,0.005073053,0,gaussian
18,0,0,0.994273959,0.99425612,0.994241312,0.024273365,0.999982059,0.999967165,0.024413156,0,gaussian
18,1,0,0.995086699,0.995058786,0.995046733,0.023598818,0.999971949,0.999959836,0.023715339,0,gaussian
18,2,0,0.996579507,0.996565883,0.996567895,0.031675826,0.999986329,0.999988349,0.031784545,0,gaussian
18,3,0,0.997708821,0.997696766,0.99767988,0.01251129,0.999987917,0.999970992,0.012540022,0,gaussian
18,4,0,0.996736577,0.996708859,0.99671245,0.051330683,0.999972191,0.999975794,0.051498745,0,gaussian
18,5,0,0.998210757,0.998174066,0.998173621,0.013265375,0.999963243,0.999962798,0.013289152,0,gaussian
18,6,0,0.996362479,0.996343421,0.996338899,0.035474286,0.999980872,0.999976334,0.035603796,0,gaussian
18,7,0,0.994628323,0.994524084,0.994512302,0.092758821,0.999895198,0.999883352,0.093259783,0,gaussian
18,8,0,0.996981165,0.996731751,0.996787872,0.016150621,0.999749831,0.999806122,0.016199525,0,gaussian
18,9,0,0.999304255,0.998857069,0.998906386,0.006454155,0.999552503,0.999601854,0.006458649,0,gaussian
18,10,1,0.962832339,0.110947607,0.005374047,0.004823029,0.115230454,0.005581498,0.005009209,0,gaussian
18,11,1,0.965706958,0.127656162,0.00593976,0.005547751,0.132189336,0.006150686,0.005744757,0,gaussian
18,12,1,0.962090209,0.113169806,0.005183581,0.004503016,0.1176291,0.005387832,0.004680451,0,gaussian
18,13,1,0.965560348,0.15613698,0.00705421,0.006723492,0.161706081,0.007305819,0.006963306,0,gaussian
18,14,1,0.964121027,0.160684403,0.006627311,0.00610255,0.166664142,0.00687394,0.006329652,0,gaussian
19,0,0,0.995325483,0.995284949,0.995294687,0.035282527,0.999959275,0.999969059,0.03544823,0,gaussian
19,1,0,0.99747607,0.997442145,0.997451035,0.028717115,0.999965989,0.999974901,0.028789778,0,gaussian
19,2,0,0.995452298,0.995382756,0.995399796,0.063991921,0.999930141,0.999947259,0.064284267,0,gaussian
19,3,0,0.995098487,0.995080892,0.995079244,0.039771703,0.999982319,0.999980663,0.039967604,0,gaussian
19,4,0,0.99461468,0.994587992,0.994590321,0.066609947,0.999973168,0.99997551,0.066970605,0,gaussian
19,5,0,0.986878172,0.986838706,0.986860942,0.440564459,0.99996001,0.999982542,0.446422336,0,gaussian
19,6,0,0.997067956,0.997023532,0.997031571,0.034201652,0.999955445,0.999963508,0.034302228,0,gaussian
19,7,0,0.985242621,0.985038375,0.985050408,0.769145456,0.999792694,0.999804908,0.780666041,0,gaussian
19,8,0,0.997319398,0.997121349,0.997147363,0.082285112,0.999801419,0.999827503,0.082506278,0,gaussian
19,9,0,0.99443756,0.993618086,0.993689426,0.06998129,0.999175942,0.999247681,0.070372734,0,gaussian
19,10,1,0.963063586,0.0922043,0.00417722,0.003763182,0.095740615,0.004337429,0.003907512,0,gaussian
19,11,1,0.963028336,0.095159362,0.005563676,0.004160642,0.098812629,0.005777272,0.004320373,0,gaussian
19,12,1,0.96630315,0.129734564,0.005527466,0.004810314,0.134258658,0.005720219,0.004978059,0,gaussian
19,13,1,0.965814162,0.146598232,0.006509015,0.004763621,0.151787204,0.006739407,0.004932233,0,gaussian
19,14,1,0.963621285,0.132762384,0.007123042,0.006300024,0.137774442,0.007391952,0.006537863,0,gaussian
20,0,0,0.996723201,0.996702227,0.996698642,0.012856868,0.999978957,0.99997536,0.012899136,0,gaussian
20,1,0,0.997954592,0.997941137,0.997943247,0.023835133,0.999986517,0.999988632,0.023883985,0,gaussian
20,2,0,0.993351155,0.993329812,0.993329235,0.253597925,0.999978514,0.999977934,0.255295344,0,gaussian
20,3,0,0.993193938,0.993140952,0.993164239,0.364594308,0.99994665,0.999970098,0.367092764,0,gaussian
20,4,0,0.995484916,0.995412405,0.995435644,0.070915989,0.99992716,0.999950504,0.071237633,0,gaussian
20,5,0,0.9929148,0.992850927,0.992891989,0.287088352,0.999935671,0.999977027,0.289136945,0,gaussian
20,6,0,0.997747571,0.997640405,0.997668293,0.050899912,0.999892592,0.999920542,0.051014819,0,gaussian
20,7,0,0.992510571,0.992439553,0.992455746,0.070761094,0.999928446,0.999944761,0.071295053,0,gaussian
20,8,0,0.99596909,0.995909636,0.995886814,0.019246157,0.999940305,0.999917391,0.01932405,0,gaussian
20,9,0,0.996521816,0.99622937,0.996335078,0.021927962,0.999706534,0.99981261,0.022004498,0,gaussian
20,10,1,0.967938564,0.088870778,0.00534208,0.003734549,0.091814482,0.005519028,0.00385825,0,gaussian
20,11,1,0.9674263,0.106479531,0.005426942,0.003845682,0.110064747,0.005609669,0.003975168,0,gaussian
20,12,1,0.965935799,0.126415745,0.007211852,0.005538433,0.130873859,0.007466182,0.005733749,0,gaussian
20,13,1,0.965338037,0.109353557,0.007310264,0.005861159,0.113280067,0.007572751,0.006071613,0,gaussian
20,14,1,0.963561112,0.133846177,0.008692305,0.007040025,0.138907824,0.009021021,0.007306257,0,gaussian
21,0,0,0.997380094,0.997368912,0.99736861,0.027676712,0.999988789,0.999988486,0.027749413,0,gaussian
21,1,0,0.995228222,0.995194996,0.995203418,0.055992571,0.999966615,0.999975076,0.056261036,0,gaussian
21,2,0,0.995772561,0.995730824,0.995739439,0.125629412,0.999958086,0.999966737,0.126162758,0,gaussian
21,3,0,0.997156391,0.997140482,0.997135015,0.056946593,0.999984046,0.999978563,0.057108989,0,gaussian
21,4,0,0.995143937,0.995103825,0.995104723,0.111374707,0.999959691,0.999960594,0.111918189,0,gaussian
21,5,0,0.996543265,0.996492382,0.996488044,0.028339653,0.99994894,0.999944587,0.028437955,0,gaussian
21,6,0,0.994965718,0.994890349,0.994917019,0.060408269,0.999924249,0.999951054,0.06071392,0,gaussian
21,7,0,0.996925683,0.996694403,0.99662939,0.015197277,0.999768007,0.999702794,0.015244143,0,gaussian
21,8,0,0.999375354,0.99923485,0.99920077,0.012372905,0.999859408,0.999825307,0.012380638,0,gaussian
21,9,0,0.996923131,0.995724644,0.994876023,0.034446435,0.998797815,0.997946574,0.03455275,0,gaussian
21,10,1,0.964519559,0.092456249,0.00411898,0.003586525,0.095857308,0.004270499,0.003718457,0,gaussian
21,11,1,0.962640066,0.116425389,0.00699279,0.004204249,0.120943843,0.00726418,0.004367416,0,gaussian
21,12,1,0.966741695,0.131771285,0.007636611,0.005314861,0.136304544,0.007899329,0.005497705,0,gaussian
21,13,1,0.965861976,0.136788845,0.005631477,0.004702797,0.141623594,0.00583052,0.004869016,0,gaussian
21,14,1,0.964152305,0.108464157,0.006746668,0.005416606,0.112496912,0.006997513,0.005617998,0,gaussian
22,0,0,0.996731831,0.996708751,0.996705975,0.016241575,0.999976844,0.999974058,0.016294829,0,gaussian
22,1,0,0.997863054,0.997850187,0.997855038,0.014907972,0.999987105,0.999991966,0.014939898,0,gaussian
22,2,0,0.996114525,0.996052711,0.996057767,0.014953495,0.999937946,0.99994302,0.015011823,0,gaussian
22,3,0,0.993050995,0.992975888,0.992958435,0.069340235,0.999924368,0.999906793,0.069825453,0,gaussian
22,4,0,0.992943327,0.992821366,0.992772914,0.017697218,0.999877172,0.999828376,0.017822989,0,gaussian
22,5,0,0.994843139,0.994678772,0.994740732,0.092629724,0.999834782,0.999897063,0.093109879,0,gaussian
22,6,0,0.990894885,0.990628989,0.990867866,0.204393297,0.999731661,0.999972733,0.206271422,0,gaussian
22,7,0,0.996987932,0.996878273,0.996872002,0.024884518,0.99989001,0.99988372,0.024959699,0,gaussian
22,8,0,0.997183041,0.996839538,0.9969422,0.017762106,0.999655526,0.999758479,0.017812282,0,gaussian
22,9,1,0.96397018,0.116462013,0.007168427,0.004498552,0.120814954,0.007436358,0.004666692,0,gaussian
22,10,0,0.993138913,0.987865415,0.985694688,0.054597206,0.99469007,0.992504346,0.05497439,0,gaussian
22,11,1,0.964221964,0.165176559,0.011144587,0.00632206,0.171305535,0.011558113,0.006556643,0,gaussian
22,12,1,0.96997342,0.131401974,0.02248027,0.004270741,0.135469665,0.023176171,0.004402947,0,gaussian
22,13,1,0.963391397,0.1901318,0.014219486,0.007317204,0.197356755,0.014759823,0.007595255,0,gaussian
22,14,1,0.965832244,0.125016581,0.015494404,0.005822932,0.129439229,0.016042541,0.006028927,0,gaussian
23,0,0,0.996145106,0.996114002,0.996111107,0.035348716,0.999968776,0.999965869,0.035485509,0,gaussian
23,1,0,0.996946245,0.996922643,0.996921819,0.02197998,0.999976326,0.9999755,0.022047308,0,gaussian
23,2,0,0.992584302,0.992554002,0.992551213,0.089404693,0.999969473,0.999966663,0.090072645,0,gaussian
23,3,0,0.993832018,0.99381911,0.993826529,0.032587572,0.999987012,0.999994477,0.032789819,0,gaussian
23,4,0,0.989650948,0.989552992,0.989582715,0.119535809,0.999901019,0.999931054,0.120785828,0,gaussian
23,5,0,0.991719169,0.991565374,0.991589972,0.077019927,0.99984492,0.999869724,0.077663042,0,gaussian
23,6,0,0.996180199,0.996136407,0.996129771,0.06515936,0.99995604,0.999949379,0.06540921,0,gaussian
23,7,0,0.991617363,0.991069034,0.991271125,0.096845924,0.999447035,0.999650835,0.097664611,0,gaussian
23,8,0,0.998655817,0.997940253,0.998006863,0.007905636,0.999283472,0.999350172,0.007916277,0,gaussian
23,9,0,0.990885717,0.988519172,0.988702069,0.530590977,0.997611688,0.997796267,0.535471415,0,gaussian
23,10,1,0.966459914,0.105617466,0.008470297,0.005508942,0.109282821,0.008764251,0.005700125,0,gaussian
23,11,1,0.967502738,0.104443996,0.009080246,0.005261496,0.107952145,0.00938524,0.005438223,0,gaussian
23,12,1,0.968673469,0.128926953,0.010869696,0.007027457,0.133096401,0.011221217,0.007254722,0,gaussian
23,13,1,0.960510156,0.153255318,0.01400005,0.009357708,0.159556167,0.014575639,0.009742436,0,gaussian
23,14,1,0.964062945,0.155722036,0.011027995,0.007987221,0.161526835,0.011439082,0.008284958,0,gaussian
24,0,0,0.996180474,0.996155013,0.996135748,0.0177104,0.999974441,0.999955102,0.017778305,0,gaussian
24,1,0,0.993037572,0.993010357,0.993004088,0.089875845,0.999972594,0.999966281,0.090505987,0,gaussian
24,2,0,0.998756868,0.99874088,0.998729821,0.044388746,0.999983992,0.999972919,0.044443995,0,gaussian
24,3,0,0.995912281,0.995887507,0.995886056,0.054117789,0.999975124,0.999973668,0.054339915,0,gaussian
24,4,0,0.991717621,0.99167779,0.991686823,0.042686314,0.999959836,0.999968944,0.04304281,0,gaussian
24,5,0,0.992703687,0.992683788,0.992654167,0.04288134,0.999979954,0.999950116,0.043196515,0,gaussian
24,6,0,0.995828386,0.99575077,0.995772624,0.057206845,0.999922059,0.999944004,0.057446489,0,gaussian
24,7,0,0.998564734,0.998471783,0.998493446,0.025380646,0.999906915,0.999928609,0.025417127,0,gaussian
24,8,0,0.996236669,0.996084265,0.996047237,0.032005966,0.999847021,0.999809853,0.03212687,0,gaussian
24,9,0,0.990146576,0.988442715,0.988391469,0.205146488,0.998279183,0.998227427,0.207187999,0,gaussian
24,10,1,0.963751931,0.080269479,0.005528413,0.00395915,0.083288527,0.005736345,0.004108059,0,gaussian
24,11,1,0.965642098,0.090990473,0.00537862,0.003828309,0.094227947,0.005569993,0.003964521,0,gaussian
24,12,1,0.967849489,0.119463357,0.006589012,0.004758075,0.123431751,0.006807889,0.004916131,0,gaussian
24,13,1,0.965130563,0.149507688,0.008152571,0.005904275,0.154909288,0.008447118,0.006117592,0,gaussian
24,14,1,0.966220939,0.130917007,0.007228052,0.005366197,0.135493863,0.007480745,0.005553799,0,gaussian
25,0,0,0.99553181,0.995498183,0.995497171,0.047744574,0.999966222,0.999965206,0.047958863,0,gaussian
25,1,0,0.995016388,0.995000686,0.9950055,0.018219696,0.99998422,0.999989058,0.018310951,0,gaussian
25,2,0,0.993988411,0.993937956,0.993935088,0.036990071,0.99994924,0.999946354,0.037213785,0,gaussian
25,3,0,0.98899016,0.988926346,0.988949567,0.354607357,0.999935476,0.999958955,0.35855499,0,gaussian
25,4,0,0.996258847,0.996236425,0.996239747,0.020894923,0.999977493,0.999980827,0.020973387,0,gaussian
25,5,0,0.996991415,0.99693502,0.996944861,0.01585162,0.999943435,0.999953306,0.015899455,0,gaussian
25,6,0,0.995750195,0.995579602,0.995548347,0.01825481,0.999828678,0.99979729,0.01833272,0,gaussian
25,7,0,0.997599486,0.997531049,0.997504423,0.040947236,0.999931399,0.999904708,0.041045767,0,gaussian
25,8,0,0.996465716,0.995984947,0.995897824,0.020535738,0.999517526,0.999430094,0.020608575,0,gaussian
25,9,0,0.993902405,0.993669112,0.993516715,0.052515554,0.999765276,0.999611944,0.052837737,0,gaussian
25,10,1,0.965183129,0.089633457,0.005156362,0.003958927,0.092866788,0.005342366,0.004101737,0,gaussian
25,11,1,0.962530058,0.104945414,0.005264353,0.004199927,0.109030791,0.005469287,0.004363424,0,gaussian
25,12,1,0.965333505,0.12959248,0.007436268,0.005708212,0.13424633,0.007703315,0.005913202,0,gaussian
25,13,1,0.964553052,0.162612676,0.008213601,0.006339336,0.168588629,0.008515447,0.006572304,0,gaussian
25,14,1,0.967970587,0.129191328,0.0065307,0.004955485,0.133466171,0.006746796,0.005119458,0,gaussian
26,0,0,0.998672275,0.998656457,0.9986638,0.081984346,0.999984161,0.999991513,0.082093344,0,gaussian
26,1,0,0.995817667,0.995787463,0.995793946,0.027665399,0.99996967,0.99997618,0.027781591,0,gaussian
26,2,0,0.997301357,0.997282299,0.997284726,0.027402491,0.999980891,0.999983323,0.02747664,0,gaussian
26,3,0,0.995673463,0.99566373,0.995668737,0.017583257,0.999990224,0.999995254,0.017659662,0,gaussian
26,4,0,0.996467108,0.996446188,0.99644776,0.019267758,0.999979006,0.999980584,0.01933607,0,gaussian
26,5,0,0.995026398,0.994962189,0.994991537,0.061011817,0.99993547,0.999964964,0.061316782,0,gaussian
26,6,0,0.993975579,0.993855085,0.993860219,0.04700073,0.999878776,0.999883941,0.047285598,0,gaussian
26,7,0,0.992265136,0.99218237,0.992097328,0.035649942,0.999916588,0.999830884,0.035927838,0,gaussian
26,8,0,0.995362517,0.995187646,0.995217581,0.076784,0.999824314,0.999854388,0.077141744,0,gaussian
26,9,1,0.96477936,0.087485713,0.004336498,0.003965681,0.090679503,0.004494808,0.004110454,0,gaussian
26,10,1,0.965350933,0.113492161,0.005811058,0.005212899,0.117565703,0.006019633,0.005400004,0,gaussian
26,11,1,0.966970415,0.121400647,0.006906019,0.005490491,0.125547427,0.007141913,0.005678034,0,gaussian
26,12,1,0.964493075,0.074958365,0.004910552,0.003912579,0.077717888,0.00509133,0.004056617,0,gaussian
26,13,1,0.962351062,0.13741037,0.008055258,0.006614551,0.142786116,0.008370395,0.006873324,0,gaussian
26,14,0,0.996529468,0.995823552,0.995906324,0.027470797,0.999291625,0.999374685,0.027566467,0,gaussian
27,0,0,1.000295773,1.000281504,1.000282595,0.013969087,0.999985735,0.999986826,0.013964957,0,gaussian
27,1,0,0.992575046,0.992528233,0.992520692,0.05598665,0.999952837,0.99994524,0.056405458,0,gaussian
27,2,0,0.988779668,0.988742232,0.988756246,0.52855291,0.999962139,0.999976312,0.534550747,0,gaussian
27,3,0,0.992978579,0.992853409,0.992915188,0.22119043,0.999873944,0.99993616,0.222754483,0,gaussian
27,4,0,0.994903381,0.994846499,0.994849371,0.252172035,0.999942826,0.999945714,0.253463843,0,gaussian
27,5,0,0.991923043,0.991834135,0.991792735,0.074572343,0.999910368,0.99986863,0.075179565,0,gaussian
27,6,0,0.985812296,0.985606264,0.985717471,0.378062747,0.999791002,0.999903811,0.383503785,0,gaussian
27,7,0,0.991434757,0.991339319,0.991384125,0.106623147,0.999903738,0.99994893,0.10754429,0,gaussian
27,8,0,0.996169733,0.995759012,0.995691301,0.022121954,0.999587699,0.999519729,0.022207012,0,gaussian
27,9,0,0.985128078,0.984365128,0.984341571,0.425826634,0.999225532,0.999201619,0.432255098,0,gaussian
27,10,1,0.963405472,0.098293679,0.006256054,0.004720337,0.102027321,0.006493688,0.004899637,0,gaussian
27,11,1,0.96258396,0.100153372,0.007809471,0.004803322,0.104046375,0.008113028,0.00499003,0,gaussian
27,12,1,0.967156848,0.116206813,0.00684102,0.004847958,0.120153017,0.00707333,0.005012587,0,gaussian
27,13,1,0.963701373,0.132350725,0.010117071,0.005902734,0.137335827,0.010498139,0.006125066,0,gaussian
27,14,1,0.96525406,0.123836319,0.009519495,0.00631751,0.128294015,0.009862165,0.006544919,0,gaussian
28,0,0,0.998496581,0.998473638,0.998476198,0.006976704,0.999977023,0.999979586,0.006987208,0,gaussian
28,1,0,0.994719186,0.994704212,0.994703451,0.029761644,0.999984947,0.999984182,0.029919644,0,gaussian
28,2,0,0.987637799,0.987608856,0.987604208,0.20009781,0.999970695,0.999965989,0.202602422,0,gaussian
28,3,0,0.996586481,0.996569258,0.99656387,0.023226688,0.999982718,0.999977311,0.023306245,0,gaussian
28,4,0,0.988356756,0.988315044,0.988335787,0.792497756,0.999957797,0.999978784,0.801833702,0,gaussian
28,5,0,0.992642671,0.992579511,0.99258102,0.067432134,0.999936372,0.999937893,0.067931932,0,gaussian
28,6,0,0.998000296,0.997904972,0.997920462,0.013463723,0.999904485,0.999920006,0.0134907,0,gaussian
28,7,0,0.994639064,0.99442621,0.994430889,0.09020046,0.999785999,0.999790703,0.090686626,0,gaussian
28,8,0,0.993286066,0.993124226,0.993103389,0.083163464,0.999837066,0.999816088,0.083725593,0,gaussian
28,9,0,0.992255239,0.991248442,0.990944776,0.15357023,0.998985344,0.998679308,0.154768878,0,gaussian
28,10,1,0.964528387,0.098026236,0.006226652,0.004424387,0.101631261,0.006455644,0.004587099,0,gaussian
28,11,1,0.96532966,0.121700715,0.006197207,0.0042832,0.126071662,0.006419783,0.004437034,0,gaussian
28,12,1,0.962016855,0.162974416,0.009044235,0.007178753,0.169409107,0.009401327,0.00746219,0,gaussian
28,13,1,0.964862609,0.145225124,0.009458908,0.006340793,0.150513786,0.009803373,0.006571705,0,gaussian
28,14,1,0.963027621,0.167596451,0.009703078,0.007571851,0.174030783,0.010075597,0.007862548,0,gaussian
29,0,0,0.995658047,0.995649157,0.995640472,0.025496123,0.999991072,0.999982349,0.025607309,0,gaussian
29,1,0,0.998175353,0.998161075,0.998158322,0.006683681,0.999985696,0.999982938,0.006695898,0,gaussian
29,2,0,0.991788494,0.991747193,0.99175347,0.401451588,0.999958358,0.999964687,0.404775404,0,gaussian
29,3,0,0.99545454,0.995424169,0.995432549,0.052926622,0.99996949,0.999977908,0.053168296,0,gaussian
29,4,0,1.002244222,1.002227133,1.002235684,0.060751948,0.999982949,0.999991481,0.060615912,0,gaussian
29,5,0,1.000144997,1.000096892,1.000103096,0.021072146,0.999951901,0.999958104,0.021069091,0,gaussian
29,6,0,0.996109736,0.99606171,0.996076697,0.057938741,0.999951787,0.999966832,0.058165018,0,gaussian
29,7,0,0.997431965,0.997395271,0.997389117,0.069879604,0.999963211,0.999957041,0.070059519,0,gaussian
29,8,0,0.997474709,0.99741098,0.99738538,0.036469709,0.99993611,0.999910445,0.036562039,0,gaussian
29,9,0,0.996029604,0.995774555,0.995797118,0.033797945,0.999743934,0.999766587,0.033932672,0,gaussian
29,10,1,0.963367424,0.097462726,0.004569679,0.003765133,0.1011688,0.004743444,0.003908304,0,gaussian
29,11,1,0.96405809,0.125312579,0.00596883,0.005050899,0.129984469,0.006191359,0.005239206,0,gaussian
29,12,1,0.965542965,0.088745417,0.003489654,0.003157463,0.091912447,0.003614188,0.003270142,0,gaussian
29,13,1,0.962971825,0.125901897,0.005939994,0.005354818,0.130743074,0.006168399,0.005560722,0,gaussian
29,14,1,0.964395262,0.138694633,0.005854874,0.005417592,0.143815133,0.006071031,0.005617605,0,gaussian
30,0,0,0.993609283,0.993587233,0.993590049,0.058282536,0.999977808,0.999980643,0.058657399,0,gaussian
30,1,0,0.990406137,0.990375593,0.990392652,0.317600435,0.99996916,0.999986384,0.320676966,0,gaussian
30,2,0,0.99919014,0.999175242,0.9991741,0.009185972,0.99998509,0.999983947,0.009193418,0,gaussian
30,3,0,1.000250671,1.000230373,1.000233062,0.156121612,0.999979707,0.999982396,0.156082487,0,gaussian
30,4,0,0.996956333,0.996943108,0.996951987,0.025135533,0.999986734,0.999995641,0.025212271,0,gaussian
30,5,0,0.990512182,0.990474327,0.99048829,0.550190977,0.999961782,0.999975879,0.555461091,0,gaussian
30,6,0,0.992924683,0.992814237,0.992837017,0.085108834,0.999888767,0.99991171,0.085715297,0,gaussian
30,7,0,0.994638566,0.994593956,0.994579226,0.026617006,0.999955149,0.99994034,0.026760481,0,gaussian
30,8,0,0.990692135,0.990643333,0.990633249,0.426563679,0.999950739,0.999940561,0.43057138,0,gaussian
30,9,0,0.99419224,0.993308604,0.993498475,0.252469422,0.999111202,0.999302182,0.25394427,0,gaussian
30,10,1,0.963241069,0.087277898,0.004806186,0.00405295,0.090608572,0.004989598,0.004207617,0,gaussian
30,11,1,0.96461047,0.160315863,0.006730827,0.005781239,0.166197515,0.006977767,0.00599334,0,gaussian
30,12,1,0.966137328,0.12033378,0.005616639,0.004053284,0.124551424,0.0058135,0.004195349,0,gaussian
30,13,1,0.964807307,0.139192017,0.006425033,0.005541611,0.14426924,0.006659395,0.005743749,0,gaussian
30,14,1,0.962841735,0.140257494,0.006933674,0.005766369,0.145670351,0.00720126,0.005988906,0,gaussian
31,0,0,0.990279439,0.990269059,0.990269298,0.154342412,0.999989518,0.99998976,0.155857434,0,gaussian
31,1,0,0.992749434,0.992715357,0.99271501,0.060499969,0.999965674,0.999965324,0.060941832,0,gaussian
31,2,0,0.996925775,0.996900722,0.996907456,0.01504096,0.99997487,0.999981625,0.015087342,0,gaussian
31,3,0,0.997082954,0.997071041,0.997067197,0.018408866,0.999988053,0.999984197,0.018462722,0,gaussian
31,4,0,0.993676238,0.993656306,0.993660069,0.139944834,0.999979942,0.999983729,0.140835444,0,gaussian
31,5,0,0.995899886,0.995775603,0.995812263,0.121389592,0.999875205,0.999912016,0.121889352,0,gaussian
31,6,0,0.993898136,0.99387641,0.993878523,0.063429602,0.999978141,0.999980267,0.063819017,0,gaussian
31,7,0,0.990524002,0.990470226,0.990492673,0.186819007,0.99994571,0.999968371,0.188606239,0,gaussian
31,8,0,0.994829585,0.994720206,0.994756452,0.038888122,0.999890053,0.999926488,0.039090235,0,gaussian
31,9,0,0.995942559,0.995759025,0.995793699,0.020477908,0.999815718,0.999850533,0.020561335,0,gaussian
31,10,1,0.963625032,0.110545884,0.005208183,0.005033405,0.114718775,0.005404782,0.005223407,0,gaussian
31,11,1,0.966282134,0.113889149,0.006642439,0.004469935,0.117863246,0.006874223,0.004625911,0,gaussian
31,12,1,0.966382314,0.135002693,0.007712674,0.006996319,0.139699052,0.007980976,0.007239701,0,gaussian
31,13,1,0.96668304,0.148061977,0.008036868,0.005887557,0.153164968,0.008313861,0.006090473,0,gaussian
31,14,1,0.969143653,0.186724316,0.007627937,0.006366805,0.19266939,0.007870801,0.006569516,0,gaussian
32,0,0,0.996440191,0.996401249,0.996414061,0.085862716,0.999960918,0.999973777,0.086169463,0,gaussian
32,1,0,0.994891889,0.99487623,0.994878111,0.030719555,0.99998426,0.999986151,0.030877279,0,gaussian
32,2,0,0.99881729,0.998796247,0.998796322,0.008947525,0.999978932,0.999979007,0.00895812,0,gaussian
32,3,0,1.001930341,1.001903388,1.001877387,0.004685283,0.999973099,0.999947148,0.004676256,0,gaussian
32,4,0,0.996006655,0.995881142,0.995883392,0.026999771,0.999873984,0.999876243,0.027108022,0,gaussian
32,5,0,0.997576751,0.997510406,0.997517669,0.016304769,0.999933494,0.999940775,0.016344375,0,gaussian
32,6,0,0.996638935,0.996593144,0.996570678,0.026110335,0.999954055,0.999931513,0.02619839,0,gaussian
32,7,0,0.993601731,0.993536599,0.993554813,0.123891843,0.999934449,0.99995278,0.12468964,0,gaussian
32,8,0,0.992654364,0.991407721,0.991460983,0.045492876,0.998744133,0.998797788,0.045829523,0,gaussian
32,9,1,0.96389903,0.12246361,0.00526472,0.004281581,0.127050247,0.0054619,0.004441939,0,gaussian
32,10,1,0.963727084,0.146413351,0.008099952,0.005417866,0.15192408,0.008404819,0.005621784,0,gaussian
32,11,1,0.96532391,0.118697712,0.009096587,0.004008035,0.122961537,0.009423352,0.00415201,0,gaussian
32,12,1,0.968457235,0.162063121,0.010045845,0.004973123,0.167341536,0.010373039,0.005135098,0,gaussian
32,13,1,0.963370664,0.117561125,0.013764755,0.006145482,0.122031041,0.014288119,0.006379145,0,gaussian
32,14,0,0.992165628,0.985918593,0.986561583,0.21798402,0.993703637,0.994351705,0.219705273,0,gaussian
33,0,0,0.995296148,0.995273809,0.995271486,0.060903902,0.999977556,0.999975222,0.061191738,0,gaussian
33,1,0,0.993800266,0.993778563,0.993778867,0.021330634,0.999978162,0.999978468,0.021463703,0,gaussian
33,2,0,0.992953881,0.992936799,0.992937322,0.065919863,0.999982797,0.999983324,0.066387638,0,gaussian
33,3,0,0.997879934,0.997865237,0.997866132,0.011010059,0.999985272,0.999986168,0.01103345,0,gaussian
33,4,0,0.995465493,0.995366294,0.995384963,0.117727916,0.999900349,0.999919103,0.118264186,0,gaussian
33,5,0,0.994720262,0.994489151,0.99448683,0.126948568,0.999767662,0.999765329,0.127622381,0,gaussian
33,6,0,0.996146177,0.995804787,0.995783335,0.041297715,0.99965729,0.999635755,0.041457485,0,gaussian
33,7,0,0.995196684,0.994704088,0.995002035,0.014172492,0.999505027,0.999804412,0.014240895,0,gaussian
33,8,0,0.994618813,0.994332571,0.994321709,0.089045152,0.99971221,0.999701289,0.089526913,0,gaussian
33,9,1,0.962138124,0.083901186,0.005023879,0.004319398,0.087202849,0.005221577,0.004489374,0,gaussian
33,10,1,0.962558632,0.116964312,0.006303465,0.005509897,0.121513961,0.006548656,0.005724219,0,gaussian
33,11,1,0.962606186,0.137064754,0.007132162,0.006101451,0.14238923,0.007409221,0.006338471,0,gaussian
33,12,1,0.965406474,0.124946094,0.006991279,0.005288555,0.129423303,0.007241799,0.005478061,0,gaussian
33,13,1,0.964858876,0.081331117,0.005763534,0.003633205,0.084293277,0.005973448,0.00376553,0,gaussian
33,14,0,0.996780583,0.992013287,0.991802527,0.033063728,0.995217307,0.995005865,0.033170518,0,gaussian
34,0,0,0.992498522,0.992480343,0.992476311,0.153725981,0.999981683,0.999977621,0.154887869,0,gaussian
34,1,0,0.989076892,0.988968883,0.989040362,0.562955568,0.999890798,0.999963066,0.569172702,0,gaussian
34,2,0,0.999230947,0.999218331,0.999219189,0.016750011,0.999987375,0.999988233,0.016762903,0,gaussian
34,3,0,0.995169217,0.995111375,0.99512458,0.079034444,0.999941877,0.999955147,0.079418096,0,gaussian
34,4,0,0.996841185,0.996817692,0.996804742,0.027497669,0.999976433,0.999963442,0.027584804,0,gaussian
34,5,0,0.992417377,0.992322085,0.992389079,0.170315967,0.99990398,0.999971486,0.171617276,0,gaussian
34,6,0,0.991479456,0.991315045,0.991415943,0.090164953,0.999834176,0.999935942,0.09093981,0,gaussian
34,7,0,0.992930493,0.992738072,0.992792827,0.112783446,0.999806209,0.999861353,0.113586446,0,gaussian
34,8,0,0.993794191,0.992744281,0.993117109,0.038513946,0.998943533,0.999318689,0.038754448,0,gaussian
34,9,0,0.990716492,0.989409791,0.99006989,0.139523987,0.998681055,0.999347339,0.140831397,0,gaussian
34,10,1,0.963992622,0.116925303,0.008868422,0.004652901,0.121292737,0.009199679,0.004826698,0,gaussian
34,11,1,0.965859911,0.100312715,0.006714005,0.004118204,0.103858452,0.006951324,0.004263769,0,gaussian
34,12,1,0.966603771,0.145748459,0.010060112,0.006277321,0.150784079,0.010407689,0.006494203,0,gaussian
34,13,1,0.966785264,0.155932558,0.011025294,0.0061583,0.161289755,0.011404077,0.006369874,0,gaussian
34,14,1,0.966949299,0.156402373,0.010473899,0.005922516,0.161748266,0.010831901,0.00612495,0,gaussian
35,0,0,0.994166361,0.994114138,0.994116685,0.059483641,0.999947471,0.999950033,0.059832684,0,gaussian
35,1,0,0.991417034,0.991409704,0.991408329,0.307744405,0.999992606,0.99999122,0.310408632,0,gaussian
35,2,0,0.994642081,0.994596245,0.994593618,0.020589273,0.999953917,0.999951276,0.020700183,0,gaussian
35,3,0,0.994753672,0.994713925,0.994712375,0.068372554,0.999960044,0.999958486,0.06873315,0,gaussian
35,4,0,0.989012282,0.988980962,0.988987713,0.403338019,0.999968332,0.999975157,0.407819019,0,gaussian
35,5,0,0.996185628,0.996156095,0.99615362,0.048912247,0.999970354,0.999967869,0.049099531,0,gaussian
35,6,0,0.991377146,0.991359862,0.991357113,0.248774009,0.999982566,0.999979793,0.250937809,0,gaussian
35,7,0,0.997496675,0.997414877,0.997451821,0.03884769,0.999917997,0.999955034,0.038945183,0,gaussian
35,8,0,0.996832477,0.996767152,0.996761424,0.010951379,0.999934468,0.999928722,0.010986178,0,gaussian
35,9,0,0.995854366,0.9949997,0.995013203,0.022278778,0.999141776,0.999155336,0.022371522,0,gaussian
35,10,1,0.964937892,0.103450929,0.004451445,0.003891934,0.107209935,0.004613194,0.004033352,0,gaussian
35,11,1,0.96602528,0.106887345,0.005267085,0.003869357,0.11064653,0.005452326,0.004005441,0,gaussian
35,12,1,0.966106933,0.110058527,0.00569693,0.004958657,0.113919612,0.005896791,0.005132618,0,gaussian
35,13,1,0.967106253,0.127310359,0.006835851,0.004977135,0.131640509,0.007068355,0.00514642,0,gaussian
35,14,1,0.964586765,0.129613288,0.00718803,0.006349149,0.134371829,0.007451927,0.006582248,0,gaussian
36,0,0,0.997904399,0.997884401,0.997891946,0.018366324,0.99997996,0.999987521,0.018404894,0,gaussian
36,1,0,0.994432063,0.994329701,0.994360514,0.044184917,0.999897065,0.999928051,0.044432314,0,gaussian
36,2,0,0.996744155,0.996723096,0.996715683,0.018627514,0.999978872,0.999971434,0.01868836,0,gaussian
36,3,0,0.996177723,0.996171409,0.996175207,0.030241802,0.999993662,0.999997474,0.030357838,0,gaussian
36,4,0,0.99651092,0.996503874,0.996502352,0.018724099,0.99999293,0.999991403,0.018789657,0,gaussian
36,5,0,0.998483465,0.998459497,0.998462584,0.018468406,0.999975996,0.999979088,0.018496456,0,gaussian
36,6,0,0.994537878,0.994529448,0.994533703,0.192751173,0.999991524,0.999995803,0.193809785,0,gaussian
36,7,0,0.988823592,0.988813062,0.988814869,0.517467996,0.999989351,0.999991178,0.523316798,0,gaussian
36,8,0,0.996817211,0.996702542,0.996729994,0.036911183,0.999884964,0.999912504,0.037029039,0,gaussian
36,9,0,0.996283707,0.996210663,0.996144206,0.01267428,0.999926684,0.999859979,0.012721557,0,gaussian
36,10,1,0.964030449,0.113470639,0.004606841,0.004124274,0.117704413,0.00477873,0.004278157,0,gaussian
36,11,1,0.964775178,0.109436421,0.00454681,0.004215426,0.113432044,0.004712818,0.004369335,0,gaussian
36,12,1,0.964881706,0.136016387,0.00641295,0.005843549,0.140966905,0.006646359,0.006056234,0,gaussian
36,13,1,0.964323608,0.144967323,0.006808318,0.006347059,0.150330575,0.0070602,0.006581877,0,gaussian
36,14,1,0.968553893,0.127307662,0.006080764,0.005061402,0.131440969,0.006278189,0.005225731,0,gaussian
37,0,0,0.995681764,0.995651051,0.995664597,0.122022696,0.999969154,0.999982759,0.122551904,0,gaussian
37,1,0,0.995867393,0.995859319,0.995855791,0.023386443,0.999991893,0.99998835,0.023483491,0,gaussian
37,2,0,0.997611941,0.997589013,0.997580541,0.010122895,0.999977016,0.999968524,0.010147127,0,gaussian
37,3,0,0.997555538,0.997521281,0.997519319,0.041543546,0.99996566,0.999963693,0.041645347,0,gaussian
37,4,0,0.993607791,0.993550026,0.9935096,0.045781901,0.999941863,0.999901177,0.046076432,0,gaussian
37,5,0,0.992917026,0.992857462,0.992856119,0.111612653,0.999940012,0.999938659,0.112408842,0,gaussian
37,6,0,0.981578725,0.981513382,0.98153332,0.945399849,0.999933431,0.999953743,0.963142155,0,gaussian
37,7,0,0.993785262,0.993737571,0.993727188,0.047031036,0.999952011,0.999941563,0.047325149,0,gaussian
37,8,0,0.994735527,0.994496401,0.994555897,0.055042955,0.999759608,0.999819419,0.055334261,0,gaussian
37,9,0,0.995461905,0.994441939,0.994817244,0.130781747,0.998975384,0.999352401,0.131377952,0,gaussian
37,10,1,0.964257216,0.12275953,0.004448619,0.004032938,0.127309941,0.004613519,0.00418243,0,gaussian
37,11,1,0.962625101,0.111008062,0.005686884,0.004746574,0.115318063,0.005907683,0.004930865,0,gaussian
37,12,1,0.96476276,0.121901856,0.006041412,0.005482782,0.12635423,0.00626207,0.005683036,0,gaussian
37,13,1,0.963436148,0.150896992,0.007228261,0.006358848,0.15662376,0.007502585,0.006600176,0,gaussian
37,14,1,0.96665944,0.166587591,0.006976964,0.006057144,0.172333279,0.007217603,0.006266058,0,gaussian
38,0,0,0.99589775,0.995861248,0.99585877,0.023461473,0.999963348,0.999960859,0.023558114,0,gaussian
38,1,0,0.995141602,0.995132514,0.995121712,0.070757655,0.999990868,0.999980013,0.071103102,0,gaussian
38,2,0,0.995300876,0.995276878,0.995264174,0.02302036,0.999975889,0.999963125,0.023129046,0,gaussian
38,3,0,0.997103841,0.997025046,0.997048821,0.021177417,0.999920976,0.99994482,0.021238928,0,gaussian
38,4,0,0.997740551,0.997618025,0.997613179,0.030666938,0.999877197,0.999872339,0.030736385,0,gaussian
38,5,0,0.99376461,0.993497354,0.993667249,0.154729439,0.999731067,0.999902028,0.155700291,0,gaussian
38,6,0,0.993844012,0.993600241,0.993521755,0.023225286,0.999754719,0.999675747,0.023369146,0,gaussian
38,7,0,0.992202456,0.991903609,0.991939874,0.116480314,0.999698804,0.999735355,0.117395712,0,gaussian
38,8,0,0.995694929,0.995323037,0.995377524,0.024872085,0.9996265,0.999681223,0.024979624,0,gaussian
38,9,0,0.997873627,0.997517834,0.997303101,0.014953337,0.999643449,0.999428259,0.014985201,0,gaussian
38,10,1,0.968228942,0.109293046,0.005748007,0.003480905,0.112879342,0.00593662,0.003595125,0,gaussian
38,11,1,0.962720295,0.113064491,0.005197163,0.004437084,0.117442721,0.005398414,0.004608903,0,gaussian
38,12,1,0.966659761,0.160741822,0.008626736,0.005605771,0.166285831,0.008924274,0.005799115,0,gaussian
38,13,1,0.963308831,0.13690549,0.006571827,0.006157007,0.142120041,0.00682214,0.006391519,0,gaussian
38,14,1,0.964368121,0.131839874,0.007877998,0.006100762,0.136711149,0.008169077,0.006326175,0,gaussian
39,0,0,0.995805378,0.995792316,0.995799627,0.032763847,0.999986883,0.999994225,0.032901858,0,gaussian
39,1,0,0.995817716,0.995779349,0.99577721,0.01891049,0.999961471,0.999959323,0.018989911,0,gaussian
39,2,0,0.992897107,0.992848471,0.99286107,0.155746846,0.999951016,0.999963705,0.156861013,0,gaussian
39,3,0,0.995121528,0.995093422,0.995106645,0.0533116,0.999971757,0.999985044,0.053572955,0,gaussian
39,4,0,0.993148495,0.993020108,0.99304552,0.052834346,0.999870728,0.999896315,0.053198838,0,gaussian
39,5,0,0.993428415,0.993136457,0.992909282,0.069350549,0.999706111,0.999477433,0.069809307,0,gaussian
39,6,1,0.962915761,0.112791228,0.005108933,0.004325076,0.117135094,0.005305691,0.004491645,0,gaussian
39,7,1,0.965774109,0.113337022,0.005496299,0.004847087,0.117353552,0.005691081,0.005018862,0,gaussian
39,8,1,0.96171182,0.0993506,0.004615167,0.004350219,0.103305998,0.004798908,0.004523413,0,gaussian
39,9,1,0.965452295,0.130391798,0.006024066,0.005624689,0.135057732,0.006239631,0.005825963,0,gaussian
39,10,1,0.965439469,0.132579635,0.005817461,0.005520784,0.137325683,0.006025713,0.005718415,0,gaussian
39,11,0,0.993341782,0.993307406,0.993316753,0.210101763,0.999965394,0.999974803,0.211510043,0,gaussian
39,12,0,0.996956759,0.996871517,0.996882629,0.05391227,0.999914498,0.999925643,0.054076839,0,gaussian
39,13,0,0.993711791,0.993684897,0.993678549,0.045381229,0.999972936,0.999966548,0.045668402,0,gaussian
39,14,0,1.000333282,1.000279779,1.000285526,0.013010427,0.999946515,0.99995226,0.013006092,0,gaussian
40,0,0,0.998023255,0.998006823,0.997995154,0.013964771,0.999983536,0.999971844,0.01399243,0,gaussian
40,1,0,0.999912781,0.99989076,0.999894722,0.026179541,0.999977978,0.99998194,0.026181825,0,gaussian
40,2,0,0.997605021,0.997581756,0.99757137,0.021793031,0.99997668,0.999966269,0.021845351,0,gaussian
40,3,0,0.992696931,0.99263139,0.992635455,0.148582878,0.999933977,0.999938073,0.149675972,0,gaussian
40,4,0,0.986964387,0.986920152,0.986938328,0.581421953,0.999955181,0.999973597,0.589101249,0,gaussian
40,5,0,0.995000163,0.994945603,0.994958897,0.019997071,0.999945165,0.999958527,0.020097555,0,gaussian
40,6,0,0.998174839,0.998059044,0.998075078,0.014281838,0.999883993,0.999900056,0.014307953,0,gaussian
40,7,0,0.995376772,0.995278881,0.995308347,0.047643658,0.999901654,0.999931257,0.047864949,0,gaussian
40,8,0,0.994497331,0.994151859,0.994224252,0.022198112,0.999652616,0.999725411,0.022320937,0,gaussian
40,9,0,0.994605162,0.994245282,0.994391994,0.042460911,0.999638168,0.999785676,0.042691223,0,gaussian
40,10,1,0.963710175,0.114976281,0.004954221,0.004117871,0.11930587,0.005140779,0.004272935,0,gaussian
40,11,1,0.963955813,0.109585245,0.004882435,0.004244412,0.113682851,0.005064999,0.004403119,0,gaussian
40,12,1,0.965851674,0.149647795,0.006104765,0.005169086,0.154938692,0.006320603,0.005351842,0,gaussian
40,13,1,0.963050328,0.143900701,0.007018261,0.006089011,0.149421787,0.007287533,0.00632263,0,gaussian
40,14,1,0.965746125,0.146181883,0.006074287,0.005271182,0.151366782,0.006289735,0.005458145,0,gaussian
41,0,0,0.994284809,0.994261115,0.994262126,0.051099323,0.99997617,0.999977187,0.051393044,0,gaussian
41,1,0,0.991671687,0.991649578,0.991647213,0.112870235,0.999977705,0.99997532,0.113818149,0,gaussian
41,2,0,0.995141542,0.99510955,0.995100256,0.023431295,0.999967851,0.999958512,0.02354569,0,gaussian
41,3,0,0.991237909,0.991181138,0.991211032,0.335604418,0.999942728,0.999972885,0.338571008,0,gaussian
41,4,0,0.996937364,0.996890561,0.996892704,0.024305211,0.999953053,0.999955203,0.024379877,0,gaussian
41,5,0,0.99436901,0.994287646,0.994301517,0.064973033,0.999918175,0.999932125,0.065340967,0,gaussian
41,6,0,0.994434299,0.994409249,0.994423903,0.183848139,0.99997481,0.999989545,0.184877109,0,gaussian
41,7,0,0.991011782,0.990876387,0.990951977,0.233476645,0.999863377,0.999939652,0.235594217,0,gaussian
41,8,0,0.994522447,0.99435458,0.99436238,0.035480708,0.999831208,0.999839051,0.035676126,0,gaussian
41,9,0,0.995439614,0.995255095,0.995219,0.041695758,0.999814636,0.999778376,0.041886778,0,gaussian
41,10,1,0.960772982,0.092870154,0.004801001,0.004416504,0.096661913,0.00499702,0.004596824,0,gaussian
41,11,1,0.964519391,0.111918603,0.004449605,0.003864392,0.116035618,0.004613287,0.004006547,0,gaussian
41,12,1,0.96813462,0.128181986,0.005971223,0.004867542,0.132400994,0.006167761,0.005027753,0,gaussian
41,13,1,0.961199944,0.136655489,0.006603233,0.00647374,0.142171761,0.006869781,0.006735061,0,gaussian
41,14,1,0.965136646,0.123692621,0.006159018,0.00548404,0.128160734,0.006381498,0.005682138,0,gaussian
42,0,0,0.991451288,0.991368033,0.99133834,0.114869757,0.999916028,0.999886078,0.115860212,0,gaussian
42,1,0,0.994503068,0.994471535,0.994477062,0.055314858,0.999968293,0.999973851,0.055620601,0,gaussian
42,2,0,0.994058162,0.994037231,0.994032052,0.064201659,0.999978944,0.999973734,0.064585415,0,gaussian
42,3,0,0.992229296,0.992204153,0.992207883,0.371047503,0.99997466,0.99997842,0.373953384,0,gaussian
42,4,0,0.994061938,0.994032515,0.994032047,0.171496109,0.999970401,0.999969931,0.172520546,0,gaussian
42,5,0,0.996057746,0.996029675,0.996040646,0.035169636,0.999971818,0.999982833,0.035308832,0,gaussian
42,6,0,0.996572232,0.99654651,0.99655412,0.035940728,0.999974189,0.999981826,0.036064348,0,gaussian
42,7,0,0.995222775,0.995185916,0.995178152,0.054261482,0.999962964,0.999955163,0.054521945,0,gaussian
42,8,0,0.995227274,0.995177896,0.995202354,0.154562941,0.999950386,0.999974961,0.155304166,0,gaussian
42,9,0,0.993871914,0.992706785,0.992582667,0.06970918,0.998827687,0.998702804,0.070138998,0,gaussian
42,10,1,0.964482613,0.089425458,0.004978256,0.003716198,0.09271858,0.005161581,0.003853048,0,gaussian
42,11,1,0.964467129,0.104002361,0.007969782,0.003749146,0.107834013,0.008263404,0.003887272,0,gaussian
42,12,1,0.965601625,0.14056908,0.008551685,0.005268949,0.145576681,0.008856328,0.005456649,0,gaussian
42,13,1,0.9641565,0.134760696,0.00908965,0.005309296,0.139770562,0.009427567,0.005506675,0,gaussian
42,14,1,0.966799387,0.157934837,0.010091206,0.00562364,0.163358437,0.010437746,0.00581676,0,gaussian
43,0,0,0.997339201,0.997325922,0.99732928,0.075982981,0.999986685,0.999990052,0.076185696,0,gaussian
43,1,0,1.000735213,1.000716531,1.000723643,0.006351457,0.999981332,0.999988438,0.006346791,0,gaussian
43,2,0,0.99632458,0.996293959,0.996291364,0.031486888,0.999969266,0.999966661,0.031603042,0,gaussian
43,3,0,0.99607412,0.99603445,0.996050331,0.013853455,0.999960174,0.999976117,0.013908056,0,gaussian
43,4,0,0.996415309,0.996397674,0.996410269,0.094063599,0.999982302,0.999994941,0.094402001,0,gaussian
43,5,0,0.997122303,0.997051677,0.997074127,0.019246058,0.999929171,0.999951685,0.019301602,0,gaussian
43,6,0,0.997008465,0.996887681,0.996899765,0.072146091,0.999878854,0.999890974,0.072362566,0,gaussian
43,7,0,0.995326809,0.995299543,0.995302506,0.02759968,0.999972606,0.999975583,0.027729264,0,gaussian
43,8,0,1.00049326,1.00040419,1.000438609,0.045644538,0.999910974,0.999945376,0.045622034,0,gaussian
43,9,0,0.995094145,0.994881133,0.994941751,0.038058945,0.999785938,0.999846854,0.038246577,0,gaussian
43,10,1,0.966261989,0.08964629,0.003890472,0.003074188,0.09277638,0.004026312,0.003181526,0,gaussian
43,11,1,0.962648095,0.084900453,0.004411619,0.003685007,0.088194693,0.004582796,0.00382799,0,gaussian
43,12,1,0.962630969,0.140489543,0.007010262,0.005347386,0.145943302,0.007282398,0.00555497,0,gaussian
43,13,1,0.967785415,0.128977983,0.00664304,0.004280733,0.133271261,0.006864166,0.004423225,0,gaussian
43,14,1,0.966146178,0.153222552,0.006832108,0.004801739,0.15859148,0.007071505,0.004969992,0,gaussian
44,0,0,0.997765336,0.997745933,0.997748857,0.03661805,0.999980554,0.999983484,0.036700062,0,gaussian
44,1,0,0.996107619,0.996089657,0.996099209,0.0767836,0.999981969,0.999991557,0.077083639,0,gaussian
44,2,0,0.99576257,0.995741962,0.995737754,0.066652083,0.999979304,0.999975078,0.066935719,0,gaussian
44,3,0,0.997052662,0.997031828,0.997040995,0.028229576,0.999979105,0.999988299,0.028313024,0,gaussian
44,4,0,0.992613611,0.99245224,0.992409374,0.076524188,0.999837429,0.999794243,0.077093631,0,gaussian
44,5,0,0.998128834,0.998083445,0.998080821,0.038770026,0.999954526,0.999951897,0.038842708,0,gaussian
44,6,0,0.994292847,0.994115337,0.994128096,0.092116135,0.999821471,0.999834303,0.092644873,0,gaussian
44,7,0,0.998415982,0.998256039,0.998235416,0.007575425,0.999839804,0.999819148,0.007587443,0,gaussian
44,8,0,0.999321508,0.999106901,0.998974745,0.019579572,0.999785247,0.999653001,0.019592866,0,gaussian
44,9,0,0.998245637,0.997543683,0.997412451,0.019487357,0.999296812,0.99916535,0.019521605,0,gaussian
44,10,1,0.966269855,0.096863186,0.006202181,0.003859044,0.100244446,0.006418684,0.003993754,0,gaussian
44,11,1,0.963379458,0.1115338,0.005904001,0.004900143,0.115773488,0.006128427,0.005086411,0,gaussian
44,12,1,0.969543773,0.150798302,0.007190583,0.004723064,0.155535321,0.00741646,0.004871429,0,gaussian
44,13,1,0.966581845,0.168427691,0.007353329,0.005276051,0.174250833,0.00760756,0.005458462,0,gaussian
44,14,1,0.964828391,0.153568297,0.007550418,0.006296207,0.159166436,0.007825659,0.006525727,0,gaussian
45,0,0,0.99759664,0.997581672,0.997581663,0.021417849,0.999984996,0.999984987,0.021469448,0,gaussian
45,1,0,0.998818922,0.998771728,0.998789585,0.07069172,0.999952751,0.999970628,0.070775312,0,gaussian
45,2,0,0.996459181,0.996449843,0.99644749,0.035410164,0.999990629,0.999988268,0.03553599,0,gaussian
45,3,0,0.996560485,0.996518591,0.996530029,0.043066545,0.999957961,0.999969439,0.043215184,0,gaussian
45,4,0,0.997612065,0.997591647,0.99759542,0.027099833,0.999979534,0.999983315,0.027164701,0,gaussian
45,5,0,0.994902623,0.994884331,0.994891199,0.030281267,0.999981615,0.999988517,0.030436413,0,gaussian
45,6,0,0.990306721,0.990276393,0.99027543,0.113495004,0.999969375,0.999968402,0.114605911,0,gaussian
45,7,0,0.993595542,0.993452119,0.993412091,0.061826186,0.999855653,0.999815367,0.062224702,0,gaussian
45,8,0,0.997219454,0.997036959,0.997054845,0.068783793,0.999816997,0.999834932,0.068975583,0,gaussian
45,9,1,0.964125311,0.093031776,0.00508533,0.004292795,0.096493449,0.005274553,0.004452528,0,gaussian
45,10,1,0.965192672,0.114859322,0.00598657,0.005368973,0.119001444,0.006202462,0.005562592,0,gaussian
45,11,1,0.966206896,0.101956068,0.005712295,0.005276353,0.105521983,0.005912082,0.005460894,0,gaussian
45,12,1,0.96402954,0.093742246,0.004423122,0.004011656,0.097240014,0.00458816,0.004161341,0,gaussian
45,13,1,0.968060048,0.126665298,0.006291414,0.00527683,0.130844463,0.006498991,0.005450933,0,gaussian
45,14,0,0.997364233,0.996864902,0.996936485,0.013848204,0.99949935,0.999571122,0.013884802,0,gaussian
46,0,0,0.996495214,0.996481885,0.996487057,0.02668108,0.999986624,0.999991814,0.02677492,0,gaussian
46,1,0,0.992838055,0.992818023,0.992821261,0.164110971,0.999979823,0.999983085,0.165294803,0,gaussian
46,2,0,0.996754777,0.996733881,0.996731565,0.022901256,0.999979036,0.999976713,0.022975817,0,gaussian
46,3,0,0.995285861,0.995268977,0.995270367,0.02620085,0.999983036,0.999984433,0.026324949,0,gaussian
46,4,0,0.992052697,0.992038119,0.99203427,0.064622335,0.999985305,0.999981425,0.065140023,0,gaussian
46,5,0,0.998983754,0.998922515,0.99893801,0.0081212,0.999938698,0.999954209,0.008129462,0,gaussian
46,6,0,0.997692215,0.997622258,0.997625898,0.024647874,0.999929881,0.99993353,0.024704888,0,gaussian
46,7,0,0.994818306,0.994746717,0.994756476,0.031811576,0.999928038,0.999937848,0.031977273,0,gaussian
46,8,0,0.994020278,0.993961632,0.993982562,0.107091648,0.999941001,0.999962057,0.107735879,0,gaussian
46,9,0,0.995867463,0.995561949,0.995502527,0.038204551,0.999693219,0.99963355,0.038363088,0,gaussian
46,10,1,0.964521754,0.106353409,0.005191185,0.004511692,0.110265434,0.005382133,0.004677647,0,gaussian
46,11,1,0.967349797,0.099268714,0.00418966,0.003427124,0.102619254,0.004331071,0.003542797,0,gaussian
46,12,1,0.965398585,0.117780304,0.005960186,0.005416306,0.122001737,0.006173809,0.005610435,0,gaussian
46,13,1,0.964492448,0.124862983,0.00573503,0.005259432,0.129459783,0.005946164,0.005453057,0,gaussian
46,14,1,0.96777082,0.120222666,0.005611589,0.005090052,0.12422638,0.005798468,0.005259563,0,gaussian
47,0,0,0.994988836,0.994980173,0.994981414,0.057353242,0.999991294,0.999992541,0.057642096,0,gaussian
47,1,0,0.994016848,0.99399897,0.993989532,0.053531795,0.999982015,0.99997252,0.053854012,0,gaussian
47,2,0,0.997785383,0.997733104,0.997732794,0.025533637,0.999947605,0.999947294,0.02559031,0,gaussian
47,3,0,0.996971525,0.996944672,0.9969524,0.009701893,0.999973065,0.999980817,0.009731365,0,gaussian
47,4,0,1.000202936,1.000174473,1.000175819,0.007272458,0.999971543,0.999972888,0.007270982,0,gaussian
47,5,0,0.997501504,0.997486753,0.997480383,0.012312272,0.999985212,0.999978826,0.012343112,0,gaussian
47,6,0,0.994286854,0.994269397,0.994272667,0.065695288,0.999982443,0.999985732,0.066072772,0,gaussian
47,7,0,0.992519604,0.992491359,0.992485004,0.15892194,0.999971542,0.999965139,0.160119698,0,gaussian
47,8,0,0.996626718,0.996569333,0.996580079,0.021385943,0.99994242,0.999953203,0.021458328,0,gaussian
47,9,0,0.995909154,0.995670284,0.995717112,0.041857028,0.999760148,0.999807169,0.042028962,0,gaussian
47,10,1,0.963503079,0.097728655,0.005207268,0.004593368,0.101430558,0.005404516,0.004767363,0,gaussian
47,11,1,0.966217503,0.108258912,0.005375234,0.004806195,0.112044039,0.005563172,0.004974237,0,gaussian
47,12,1,0.963945449,0.103872365,0.005033109,0.004583399,0.107757513,0.005221363,0.004754833,0,gaussian
47,13,1,0.969831552,0.152143865,0.006585437,0.005142502,0.156876588,0.006790289,0.005302469,0,gaussian
47,14,1,0.963193317,0.129608046,0.007245613,0.005928693,0.134560782,0.007522491,0.006155247,0,gaussian
48,0,0,0.999692323,0.999683374,0.999683121,0.019923038,0.999991048,0.999990795,0.01992917,0,gaussian
48,1,0,0.994769035,0.99476077,0.994758969,0.030925457,0.999991691,0.999989881,0.031088077,0,gaussian
48,2,0,0.993782622,0.993770088,0.993764144,0.019765659,0.999987388,0.999981407,0.019889318,0,gaussian
48,3,0,0.997149131,0.997113183,0.997109212,0.013162909,0.999963949,0.999959967,0.013200542,0,gaussian
48,4,0,0.992931368,0.992918046,0.992915581,0.135991072,0.999986584,0.999984101,0.136959186,0,gaussian
48,5,0,0.996080465,0.996049337,0.996046864,0.019261686,0.999968749,0.999966267,0.01933748,0,gaussian
48,6,0,0.999636179,0.999623119,0.999620958,0.170984111,0.999986936,0.999984773,0.171046341,0,gaussian
48,7,0,0.99701059,0.996916101,0.99689168,0.112469232,0.999905227,0.999880734,0.112806456,0,gaussian
48,8,0,0.996082785,0.995863059,0.995874437,0.05867557,0.99977941,0.999790833,0.058906318,0,gaussian
48,9,0,0.992776754,0.991903323,0.991273135,0.110501949,0.999120213,0.99848544,0.111305939,0,gaussian
48,10,1,0.965115133,0.083757542,0.005219527,0.004067352,0.086785026,0.005408191,0.00421437,0,gaussian
48,11,1,0.966418602,0.109489811,0.006743292,0.00379881,0.113294395,0.00697761,0.003930812,0,gaussian
48,12,1,0.970088152,0.128250359,0.006890706,0.004593309,0.13220485,0.007103175,0.00473494,0,gaussian
48,13,1,0.966375729,0.160863579,0.008233387,0.005464487,0.166460699,0.008519861,0.005654619,0,gaussian
48,14,1,0.966150425,0.16382538,0.00857742,0.005951886,0.169565086,0.008877935,0.006160413,0,gaussian
49,0,0,0.995639464,0.99561475,0.995621179,0.043691671,0.999975178,0.999981635,0.043883025,0,gaussian
49,1,0,0.996095305,0.996080627,0.996080622,0.028494379,0.999985264,0.999985259,0.028606077,0,gaussian
49,2,0,0.995389454,0.995365884,0.995370187,0.038866252,0.999976321,0.999980643,0.039046277,0,gaussian
49,3,0,0.999001893,0.998961589,0.998967101,0.021249101,0.999959656,0.999965173,0.021270331,0,gaussian
49,4,0,0.992962541,0.99290504,0.992892758,0.10018418,0.999942091,0.999929723,0.100894219,0,gaussian
49,5,0,1.000112521,1.000038481,0.99994137,0.018643037,0.999925968,0.999828868,0.01864094,0,gaussian
49,6,0,0.992472894,0.992335469,0.992351147,0.125906569,0.999861533,0.999877329,0.126861468,0,gaussian
49,7,0,0.996706493,0.996621286,0.996653573,0.015679368,0.999914512,0.999946905,0.015731179,0,gaussian
49,8,0,0.999427405,0.999326431,0.999338424,0.041692802,0.999898968,0.999910968,0.041716689,0,gaussian
49,9,0,0.996163625,0.996052911,0.995999797,0.035528572,0.999888859,0.999835541,0.035665398,0,gaussian
49,10,1,0.964277312,0.092762312,0.005191801,0.004368269,0.096198791,0.005384137,0.004530096,0,gaussian
49,11,1,0.966821318,0.110563569,0.005863699,0.003975771,0.114357811,0.006064925,0.004112209,0,gaussian
49,12,1,0.967519745,0.134078218,0.006826309,0.005344029,0.138579309,0.007055472,0.005523432,0,gaussian
49,13,1,0.966559486,0.122120156,0.006732708,0.005428848,0.126345204,0.006965643,0.005616673,0,gaussian
49,14,1,0.963871985,0.152776995,0.008114416,0.007210074,0.158503408,0.008418562,0.007480324,0,gaussian
50,0,0,0.996508999,0.996481903,0.996484869,0.029411797,0.999972809,0.999975785,0.029514833,0,gaussian
50,1,0,0.992994652,0.992960091,0.992940644,0.025089948,0.999965195,0.999945611,0.025266952,0,gaussian
50,2,0,0.99557666,0.995552007,0.995556404,0.018770906,0.999975238,0.999979654,0.018854305,0,gaussian
50,3,0,0.995230872,0.995220945,0.995221102,0.048303259,0.999990026,0.999990184,0.048534728,0,gaussian
50,4,0,0.996325056,0.996291388,0.996301206,0.022940696,0.999966208,0.999976062,0.023025313,0,gaussian
50,5,0,0.996474012,0.996433556,0.996441594,0.017259247,0.9999594,0.999967467,0.017320318,0,gaussian
50,6,0,0.997053518,0.997033287,0.997008615,0.047148477,0.999979709,0.999954964,0.047287809,0,gaussian
50,7,0,0.997438549,0.997353878,0.997357907,0.012841977,0.999915111,0.999919151,0.012874955,0,gaussian
50,8,0,1.000228912,0.999858487,0.999879301,0.011438843,0.99962966,0.99965047,0.011436225,0,gaussian
50,9,0,0.995959792,0.994796948,0.995290364,0.040614736,0.998832439,0.999327857,0.040779493,0,gaussian
50,10,1,0.963197406,0.109869806,0.005159409,0.004261932,0.114067797,0.005356543,0.004424775,0,gaussian
50,11,1,0.965569931,0.091991639,0.006247606,0.004010297,0.095271856,0.006470382,0.004153295,0,gaussian
50,12,1,0.965365478,0.124993035,0.00763675,0.006124433,0.129477423,0.007910735,0.00634416,0,gaussian
50,13,1,0.965640007,0.119296462,0.007184448,0.005014205,0.123541342,0.00744009,0.005192623,0,gaussian
50,14,1,0.966341213,0.114689178,0.007699651,0.005819725,0.118683936,0.007967839,0.006022433,0,gaussian
51,0,0,0.994639261,0.994631905,0.994627733,0.037384807,0.999992604,0.99998841,0.037586298,0,gaussian
51,1,0,0.994451757,0.994425144,0.994422879,0.04253315,0.999973239,0.999970961,0.042770451,0,gaussian
51,2,0,0.992720816,0.992697106,0.992688823,0.047974352,0.999976116,0.999967773,0.048326127,0,gaussian
51,3,0,0.996273593,0.996264167,0.996265805,0.021392109,0.999990539,0.999992183,0.021472123,0,gaussian
51,4,0,0.994026821,0.994008327,0.99400154,0.098280397,0.999981395,0.999974567,0.098870971,0,gaussian
51,5,0,0.994136497,0.994102608,0.994102173,0.148757975,0.999965911,0.999965474,0.149635362,0,gaussian
51,6,0,0.994496237,0.994451557,0.994445601,0.328266295,0.999955073,0.999949084,0.330082994,0,gaussian
51,7,0,0.992306225,0.992164871,0.99211719,0.034163238,0.99985755,0.999809499,0.03442812,0,gaussian
51,8,0,0.994212531,0.993997325,0.993742827,0.052442629,0.999783542,0.999527562,0.052747906,0,gaussian
51,9,0,0.992769947,0.992369136,0.992437163,0.13094316,0.99959627,0.999664792,0.131896781,0,gaussian
51,10,1,0.967071549,0.100546598,0.005564932,0.003643114,0.103970175,0.005754416,0.003767161,0,gaussian
51,11,1,0.962344498,0.102750607,0.005635062,0.004278136,0.106771128,0.005855556,0.004445534,0,gaussian
51,12,1,0.966430518,0.147745178,0.006799878,0.004989036,0.152877186,0.007036076,0.005162333,0,gaussian
51,13,1,0.966006835,0.145832737,0.006908343,0.005237017,0.150964499,0.007151443,0.005421304,0,gaussian
51,14,1,0.96420636,0.152199518,0.008763162,0.006534012,0.157849527,0.009088471,0.00677657,0,gaussian
52,0,0,0.996994226,0.996952495,0.996962193,0.020093301,0.999958143,0.99996787,0.020153879,0,gaussian
52,1,0,0.997091913,0.997076665,0.997070249,0.017996816,0.999984708,0.999978273,0.018049305,0,gaussian
52,2,0,0.993306809,0.993291711,0.993291627,0.137476785,0.9999848,0.999984716,0.138403144,0,gaussian
52,3,0,0.994264269,0.994192216,0.994097719,0.040441141,0.999927531,0.999832489,0.040674439,0,gaussian
52,4,0,0.990990832,0.990940561,0.990936544,0.419634201,0.999949272,0.999945218,0.423449125,0,gaussian
52,5,0,0.990986892,0.990968926,0.990968077,0.599927734,0.99998187,0.999981014,0.605384126,0,gaussian
52,6,0,0.993707049,0.993673914,0.993646674,0.112923609,0.999966655,0.999939242,0.113638732,0,gaussian
52,7,0,0.993876049,0.993772059,0.99376033,0.059496298,0.999895369,0.999883567,0.059862895,0,gaussian
52,8,0,0.996480355,0.996442249,0.996439165,0.031233362,0.999961759,0.999958664,0.031343681,0,gaussian
52,9,0,0.998130107,0.997729084,0.997766423,0.021244501,0.999598226,0.999635635,0.021284301,0,gaussian
52,10,1,0.967161819,0.11070851,0.005030233,0.003570402,0.114467411,0.005201025,0.003691629,0,gaussian
52,11,1,0.96459796,0.088519095,0.004614225,0.004213275,0.091767864,0.004783573,0.004367908,0,gaussian
52,12,1,0.965429025,0.133566335,0.006947113,0.005356972,0.138349202,0.007195882,0.0055488,0,gaussian
52,13,1,0.964074658,0.133224969,0.006866402,0.00629281,0.138189473,0.007122272,0.006527306,0,gaussian
52,14,1,0.964097693,0.125800229,0.007074709,0.006416626,0.130484939,0.007338166,0.006655577,0,gaussian
53,0,0,0.99758649,0.997577374,0.997581087,0.025837776,0.999990862,0.999994583,0.025900286,0,gaussian
53,1,0,0.998898032,0.998865418,0.998870483,0.01609048,0.99996735,0.999972421,0.016108231,0,gaussian
53,2,0,0.994805399,0.9947743,0.994756715,0.040326173,0.999968739,0.999951062,0.040536745,0,gaussian
53,3,0,0.997506154,0.997481179,0.997478852,0.018748124,0.999974963,0.999972629,0.018794996,0,gaussian
53,4,0,0.996131232,0.996117818,0.996115214,0.026608748,0.999986534,0.99998392,0.026712091,0,gaussian
53,5,0,0.994689587,0.994646441,0.994670746,0.037367461,0.999956624,0.999981059,0.037566957,0,gaussian
53,6,0,0.99608259,0.996065512,0.996067269,0.058756123,0.999982855,0.999984619,0.0589872,0,gaussian
53,7,0,0.993350094,0.993189214,0.993220518,0.080722925,0.999838044,0.999869557,0.081263319,0,gaussian
53,8,0,0.995254001,0.99506566,0.995172796,0.1403001,0.999810761,0.999918408,0.140969139,0,gaussian
53,9,0,0.995583965,0.995298392,0.995125932,0.025014874,0.99971316,0.999539935,0.02512583,0,gaussian
53,10,1,0.962980994,0.113582638,0.004986193,0.004507823,0.117948992,0.005177873,0.004681113,0,gaussian
53,11,1,0.965673575,0.108136179,0.005151463,0.003831867,0.111980053,0.00533458,0.003968077,0,gaussian
53,12,1,0.96481262,0.124767286,0.006534286,0.005658942,0.129317635,0.006772595,0.005865328,0,gaussian
53,13,1,0.966107322,0.155864124,0.007595218,0.005434414,0.1613321,0.007861671,0.005625062,0,gaussian
53,14,1,0.969449415,0.172356109,0.008803445,0.005773609,0.177787625,0.009080871,0.005955555,0,gaussian
54,0,0,0.996302417,0.996279353,0.99625762,0.013180484,0.99997685,0.999955036,0.0132294,0,gaussian
54,1,0,0.997425612,0.997402371,0.99739824,0.065669625,0.9999767,0.999972557,0.065839121,0,gaussian
54,2,0,0.995897884,0.995874834,0.995870085,0.060215596,0.999976855,0.999972087,0.060463625,0,gaussian
54,3,0,0.999535306,0.999496905,0.999514044,0.010727432,0.999961581,0.999978728,0.010732419,0,gaussian
54,4,0,0.997334126,0.997310852,0.997313352,0.014704287,0.999976664,0.999979171,0.014743592,0,gaussian
54,5,0,0.995161284,0.99511301,0.995128434,0.024174809,0.999951491,0.99996699,0.024292352,0,gaussian
54,6,0,0.99561626,0.995495017,0.995494326,0.045656627,0.999878223,0.999877529,0.045857655,0,gaussian
54,7,0,0.996725364,0.996687254,0.996704479,0.024584114,0.999961764,0.999979046,0.024664883,0,gaussian
54,8,0,0.990117223,0.989978765,0.990004291,0.21113103,0.99986016,0.999885941,0.213238417,0,gaussian
54,9,0,0.996334919,0.996179003,0.996218021,0.057534275,0.99984351,0.999882672,0.057745918,0,gaussian
54,10,1,0.961473957,0.09054482,0.004980301,0.00433626,0.09417293,0.005179861,0.004510013,0,gaussian
54,11,1,0.966354852,0.090326638,0.004816731,0.003537893,0.093471501,0.004984433,0.00366107,0,gaussian
54,12,1,0.964033951,0.121987594,0.00696151,0.005928322,0.126538691,0.007221229,0.006149495,0,gaussian
54,13,1,0.965705838,0.122094246,0.00685989,0.005321817,0.126430059,0.007103499,0.005510805,0,gaussian
54,14,1,0.962633428,0.126735169,0.007331774,0.006414678,0.131654651,0.007616372,0.006663677,0,gaussian
55,0,0,0.995488472,0.99548055,0.995479924,0.031491248,0.999992042,0.999991413,0.031633965,0,gaussian
55,1,0,0.997429606,0.997406638,0.997405193,0.024596979,0.999976972,0.999975524,0.024660366,0,gaussian
55,2,0,0.994828719,0.994757723,0.994740925,0.038351486,0.999928635,0.99991175,0.038550843,0,gaussian
55,3,0,0.995982055,0.995960456,0.995961627,0.030799888,0.999978314,0.999979489,0.03092414,0,gaussian
55,4,0,0.996492235,0.996422832,0.996421184,0.04941929,0.999930353,0.999928699,0.049593252,0,gaussian
55,5,0,0.996294229,0.996272593,0.99626952,0.025785511,0.999978283,0.999975199,0.025881422,0,gaussian
55,6,0,0.997546118,0.997466108,0.997470152,0.015726483,0.999919793,0.999923847,0.015765169,0,gaussian
55,7,0,0.989732292,0.989599201,0.98955359,0.266451937,0.999865528,0.999819444,0.26921617,0,gaussian
55,8,0,0.997759979,0.997703151,0.997680927,0.045032,0.999943045,0.99992077,0.045133099,0,gaussian
55,9,0,0.996558691,0.996031411,0.996029516,0.049545704,0.9994709,0.999468998,0.049716795,0,gaussian
55,10,1,0.96574657,0.100403474,0.005325574,0.004391902,0.103964619,0.005514463,0.004547675,0,gaussian
55,11,1,0.962488942,0.119758521,0.008055311,0.007283895,0.124425867,0.00836925,0.00756777,0,gaussian
55,12,1,0.96824256,0.131626427,0.007182978,0.005689379,0.135943649,0.007418573,0.005875985,0,gaussian
55,13,1,0.963867631,0.111311993,0.005215521,0.004970842,0.11548473,0.005411035,0.005157183,0,gaussian
55,14,1,0.962998694,0.152160493,0.00781484,0.006855391,0.158006957,0.008115109,0.007118795,0,gaussian
56,0,0,0.997743511,0.997720829,0.997721509,0.028518258,0.999977267,0.999977948,0.028582755,0,gaussian
56,1,0,0.994629399,0.99460763,0.994612685,0.067360057,0.999978113,0.999983195,0.067723775,0,gaussian
56,2,0,0.995569914,0.995562266,0.995563472,0.046610627,0.999992318,0.999993529,0.046818035,0,gaussian
56,3,0,0.992919405,0.992900692,0.992904534,0.495307346,0.999981154,0.999985023,0.498839426,0,gaussian
56,4,0,0.998351893,0.998322311,0.998324928,0.011439528,0.999970369,0.99997299,0.011458413,0,gaussian
56,5,0,0.994621873,0.994577223,0.99459099,0.054053522,0.999955108,0.999968949,0.054345801,0,gaussian
56,6,0,0.996826139,0.996792471,0.996803712,0.033271109,0.999966225,0.999977501,0.033377043,0,gaussian
56,7,0,0.9924908,0.992370139,0.992409614,0.324627542,0.999878426,0.9999182,0.327083679,0,gaussian
56,8,0,0.997225317,0.996915556,0.996944587,0.010525889,0.999689378,0.999718489,0.010555177,0,gaussian
56,9,0,0.996844599,0.996511956,0.996636198,0.064163153,0.999666304,0.999790939,0.064366255,0,gaussian
56,10,1,0.965653174,0.092109748,0.004421374,0.003704594,0.095385952,0.004578636,0.003836361,0,gaussian
56,11,1,0.963842525,0.103817673,0.005437403,0.004706078,0.107712277,0.005641381,0.004882621,0,gaussian
56,12,1,0.967397537,0.143858015,0.00742943,0.005162008,0.148706203,0.007679811,0.005335974,0,gaussian
56,13,1,0.967183888,0.182151281,0.007523313,0.005986237,0.188331591,0.007778575,0.006189347,0,gaussian
56,14,1,0.964632662,0.156387046,0.007096093,0.006168691,0.162120828,0.007356264,0.00639486,0,gaussian
57,0,0,0.996040567,0.995999763,0.995998971,0.135570692,0.999959033,0.999958239,0.136109609,0,gaussian
57,1,0,0.992702006,0.992630961,0.992658055,0.055969441,0.999928432,0.999955726,0.056380909,0,gaussian
57,2,0,0.999353597,0.999327193,0.999333825,0.039856027,0.999973579,0.999980216,0.039881807,0,gaussian
57,3,0,0.993815743,0.993795423,0.9937989,0.075979538,0.999979554,0.999983052,0.076452339,0,gaussian
57,4,0,0.988454369,0.988439945,0.988438944,0.322250931,0.999985407,0.999984395,0.32601498,0,gaussian
57,5,0,0.990347523,0.990327276,0.990337778,0.410964028,0.999979555,0.99999016,0.414969511,0,gaussian
57,6,0,0.99071286,0.990650362,0.990653989,0.131552419,0.999936916,0.999940577,0.132785618,0,gaussian
57,7,0,0.99302664,0.992984525,0.992981414,0.098208024,0.999957589,0.999954457,0.098897673,0,gaussian
57,8,0,0.994191276,0.99408211,0.994108858,0.116580125,0.999890196,0.999917101,0.117261264,0,gaussian
57,9,0,0.995751313,0.994813621,0.99464075,0.038041604,0.999058307,0.998884698,0.03820392,0,gaussian
57,10,1,0.964016703,0.103856824,0.00473494,0.004154931,0.107733428,0.004911678,0.00431002,0,gaussian
57,11,1,0.965053769,0.127107623,0.006263356,0.005426729,0.131710406,0.006490163,0.00562324,0,gaussian
57,12,1,0.965786199,0.116094665,0.005603888,0.004059821,0.120207418,0.00580241,0.004203644,0,gaussian
57,13,1,0.969222476,0.144309214,0.007483978,0.005245314,0.148891733,0.007721631,0.005411878,0,gaussian
57,14,1,0.96698765,0.13620417,0.007283091,0.005194923,0.140854094,0.007531731,0.005372275,0,gaussian
58,0,0,0.997429774,0.997400843,0.997404742,0.010444186,0.999970995,0.999974903,0.010471099,0,gaussian
58,1,0,0.997462333,0.997448672,0.997445202,0.013087975,0.999986304,0.999982826,0.013121273,0,gaussian
58,2,0,0.99688582,0.996848445,0.996851089,0.014416823,0.999962508,0.99996516,0.01446186,0,gaussian
58,3,0,0.993687187,0.993653617,0.993658733,0.081424053,0.999966217,0.999971365,0.081941334,0,gaussian
58,4,0,0.997389755,0.997370236,0.997369935,0.018426862,0.999980429,0.999980128,0.018475086,0,gaussian
58,5,0,0.995385373,0.995348069,0.995355177,0.050221262,0.999962523,0.999969664,0.050454089,0,gaussian
58,6,0,0.99370842,0.993673929,0.993622651,0.050170265,0.999965291,0.999913688,0.050487914,0,gaussian
58,7,0,0.993728046,0.993690125,0.993687536,0.288005133,0.999961839,0.999959234,0.289822889,0,gaussian
58,8,0,0.99773421,0.997670108,0.997652756,0.011700332,0.999935753,0.999918361,0.011726903,0,gaussian
58,9,0,0.991556138,0.991279472,0.991362243,0.100414328,0.999720978,0.999804454,0.101269433,0,gaussian
58,10,1,0.962165991,0.088027384,0.004269761,0.003504109,0.091488771,0.004437655,0.003641897,0,gaussian
58,11,1,0.964153048,0.090333797,0.004952525,0.003796076,0.093692383,0.005136658,0.003937213,0,gaussian
58,12,1,0.967354369,0.105225079,0.005987762,0.004242515,0.108776145,0.006189833,0.004385689,0,gaussian
58,13,1,0.964710945,0.105661875,0.006602351,0.005084475,0.109526979,0.006843864,0.005270465,0,gaussian
58,14,1,0.966611597,0.138054891,0.007280967,0.005387448,0.142823541,0.007532464,0.005573539,0,gaussian
59,0,0,0.993790542,0.993772935,0.99378025,0.065008984,0.999982283,0.999989644,0.065415177,0,gaussian
59,1,0,0.99286,0.992837697,0.992843952,0.045089888,0.999977536,0.999983836,0.045414145,0,gaussian
59,2,0,0.99987006,0.999841922,0.999837573,0.007918722,0.999971859,0.999967509,0.007919751,0,gaussian
59,3,0,0.996697396,0.996656242,0.996667661,0.026185299,0.99995871,0.999970167,0.026272065,0,gaussian
59,4,0,0.995737055,0.995706783,0.995711646,0.019593581,0.999969599,0.999974483,0.019677465,0,gaussian
59,5,0,0.994020407,0.993925281,0.993952612,0.182049359,0.999904301,0.999931796,0.183144488,0,gaussian
59,6,0,0.995510324,0.995485023,0.99547162,0.046769444,0.999974585,0.999961122,0.04698037,0,gaussian
59,7,0,0.994444688,0.994342789,0.994364837,0.120740327,0.999897531,0.999919703,0.121414824,0,gaussian
59,8,0,0.994455433,0.994269712,0.994171538,0.11694323,0.999813243,0.999714522,0.117595245,0,gaussian
59,9,0,0.991954767,0.9911279,0.991180359,0.152919643,0.999166428,0.999219312,0.154159895,0,gaussian
59,10,1,0.96157438,0.088685503,0.006174857,0.004430182,0.092229478,0.006421611,0.004607218,0,gaussian
59,11,1,0.964279079,0.093524606,0.004958187,0.003734406,0.096989148,0.005141859,0.003872744,0,gaussian
59,12,1,0.966916057,0.135396663,0.008019946,0.00474465,0.140029387,0.008294356,0.004906992,0,gaussian
59,13,1,0.966518605,0.160272184,0.008185623,0.005875979,0.16582421,0.008469183,0.00607953,0,gaussian
59,14,1,0.968703762,0.16546382,0.008595294,0.005513263,0.170809515,0.008872985,0.005691382,0,gaussian
60,0,0,0.991211444,0.991186119,0.991190105,0.150982639,0.999974451,0.999978472,0.152321323,0,gaussian
60,1,0,1.000110595,1.000084326,1.0000781,0.011606638,0.999973734,0.999967509,0.011605354,0,gaussian
60,2,0,0.994700203,0.994539756,0.994589002,0.053314445,0.999838698,0.999888207,0.053598506,0,gaussian
60,3,0,0.999941851,0.999931436,0.999930851,0.030191354,0.999989585,0.999989,0.030193109,0,gaussian
60,4,0,0.997004799,0.996992319,0.996990552,0.019093591,0.999987483,0.999985711,0.019150952,0,gaussian
60,5,0,0.992235093,0.992217459,0.99222281,0.086302413,0.999982228,0.999987621,0.086977787,0,gaussian
60,6,0,0.993468269,0.993390775,0.993386302,0.029609625,0.999921996,0.999917494,0.029804298,0,gaussian
60,7,0,0.995546011,0.995459623,0.99546024,0.050616847,0.999913225,0.999913845,0.050843303,0,gaussian
60,8,0,0.990395493,0.989658427,0.989670045,0.231285192,0.999255786,0.999267516,0.233528114,0,gaussian
60,9,0,0.993072917,0.992387053,0.992315651,0.027686435,0.999309352,0.999237451,0.027879559,0,gaussian
60,10,1,0.960239076,0.103135606,0.009101096,0.00494045,0.107406174,0.009477948,0.005145021,0,gaussian
60,11,1,0.965672124,0.106212716,0.006608186,0.003368562,0.109988383,0.006843095,0.003488308,0,gaussian
60,12,1,0.964558389,0.140380234,0.00901131,0.005157631,0.145538347,0.009342421,0.005347142,0,gaussian
60,13,1,0.967942985,0.111991289,0.008830815,0.004411871,0.115700296,0.009123281,0.004557987,0,gaussian
60,14,1,0.9657908,0.134244759,0.009787009,0.005690201,0.138999832,0.010133674,0.005891753,0,gaussian
61,0,0,0.995392815,0.995386471,0.995388486,0.021838123,0.999993626,0.99999565,0.021939201,0,gaussian
61,1,0,0.994879016,0.994871999,0.994873783,0.088258485,0.999992947,0.99999474,0.088712782,0,gaussian
61,2,0,0.99160095,0.991579454,0.991582378,0.063741962,0.999978322,0.999981271,0.064281869,0,gaussian
61,3,0,0.996030249,0.996020106,0.996021664,0.015984857,0.999989817,0.999991381,0.016048566,0,gaussian
61,4,0,0.99176567,0.991747396,0.991752038,0.121947568,0.999981574,0.999986255,0.122960061,0,gaussian
61,5,0,0.987746561,0.987635925,0.987667589,0.622247799,0.999887992,0.999920049,0.629967062,0,gaussian
61,6,0,0.994635569,0.99459187,0.994594239,0.116556047,0.999956066,0.999958447,0.117184676,0,gaussian
61,7,0,0.992819194,0.992797852,0.992798518,0.114968239,0.999978503,0.999979174,0.115799775,0,gaussian
61,8,0,0.992610825,0.992515538,0.992522075,0.212828208,0.999904003,0.99991059,0.21441254,0,gaussian
61,9,1,0.965669867,0.104634193,0.005169541,0.003934561,0.108354001,0.005353322,0.004074437,0,gaussian
61,10,1,0.966366357,0.150883719,0.007186358,0.005447742,0.156135111,0.007436474,0.005637346,0,gaussian
61,11,1,0.96546691,0.159747802,0.008541889,0.00698579,0.165461706,0.008847417,0.00723566,0,gaussian
61,12,1,0.968833878,0.117430987,0.006494625,0.004980633,0.121208589,0.006703548,0.005140853,0,gaussian
61,13,1,0.961949528,0.101228105,0.005960602,0.004835329,0.105232242,0.006196377,0.005026594,0,gaussian
61,14,0,0.9978663,0.99654884,0.996784687,0.025319957,0.998679723,0.998916075,0.025374098,0,gaussian
62,0,0,0.996267243,0.99624267,0.996241957,0.04215862,0.999975335,0.99997462,0.042316578,0,gaussian
62,1,0,0.996968072,0.996945571,0.996957551,0.030059753,0.99997743,0.999989446,0.030151169,0,gaussian
62,2,0,0.998932937,0.998921569,0.998911599,0.008918477,0.999988619,0.999978638,0.008928004,0,gaussian
62,3,0,0.996380818,0.996345163,0.996333326,0.013852193,0.999964216,0.999952335,0.013902509,0,gaussian
62,4,0,0.998303161,0.998289499,0.998285335,0.027566172,0.999986315,0.999982143,0.027613026,0,gaussian
62,5,0,0.98948814,0.989449738,0.989461305,0.424347416,0.99996119,0.99997288,0.428855484,0,gaussian
62,6,0,0.994384786,0.994281191,0.994293021,0.251078928,0.99989582,0.999907717,0.252496751,0,gaussian
62,7,0,0.995817482,0.995611577,0.995648087,0.05098641,0.99979323,0.999829893,0.051200557,0,gaussian
62,8,1,0.964439602,0.104323828,0.005218957,0.004105649,0.108170411,0.005411388,0.004257031,0,gaussian
62,9,1,0.963841422,0.134113938,0.008080571,0.00573387,0.139145232,0.008383714,0.005948977,0,gaussian
62,10,1,0.965033159,0.146242119,0.008788634,0.005747183,0.15154103,0.00910708,0.005955425,0,gaussian
62,11,1,0.966858358,0.144425259,0.009713587,0.005587201,0.149375819,0.010046546,0.005778717,0,gaussian
62,12,1,0.96427404,0.109381812,0.009063128,0.004210043,0.113434363,0.009398913,0.004366024,0,gaussian
62,13,0,0.992371565,0.992047999,0.992004164,0.057739566,0.999673946,0.999629774,0.058183415,0,gaussian
62,14,0,0.996236288,0.995116571,0.995301557,0.027691784,0.998876052,0.999061737,0.027796402,0,gaussian
63,0,0,0.99820823,0.998185326,0.998184939,0.017244512,0.999977055,0.999976667,0.017275466,0,gaussian
63,1,0,0.992764718,0.992691255,0.992689872,0.181207461,0.999926001,0.999924608,0.182528104,0,gaussian
63,2,0,0.996446923,0.996429565,0.996425535,0.038864114,0.99998258,0.999978536,0.039002693,0,gaussian
63,3,0,0.996582499,0.996565333,0.996562404,0.053628134,0.999982775,0.999979835,0.053812037,0,gaussian
63,4,0,0.99771122,0.997694097,0.99769625,0.010232525,0.999982838,0.999984996,0.010255998,0,gaussian
63,5,0,0.999957048,0.999940879,0.999952158,0.075630789,0.99998383,0.99999511,0.075634038,0,gaussian
63,6,0,0.995506042,0.995478649,0.995490457,0.076425576,0.999972483,0.999984344,0.076770579,0,gaussian
63,7,0,0.997043789,0.996999265,0.997019002,0.039955759,0.999955344,0.99997514,0.040074227,0,gaussian
63,8,0,0.995678471,0.995245822,0.995160516,0.021249485,0.999565473,0.999479797,0.021341714,0,gaussian
63,9,1,0.964848262,0.094884003,0.005136386,0.003892683,0.098340855,0.005323517,0.004034503,0,gaussian
63,10,1,0.968513777,0.126979423,0.007135953,0.004536474,0.131107503,0.007367941,0.004683954,0,gaussian
63,11,1,0.959443451,0.105735625,0.006854353,0.005886868,0.110205166,0.007144093,0.006135711,0,gaussian
63,12,1,0.966168528,0.120005005,0.007927019,0.006037483,0.124207115,0.008204592,0.006248892,0,gaussian
63,13,1,0.966843538,0.133428698,0.007637909,0.005823458,0.138004437,0.007899839,0.006023164,0,gaussian
63,14,0,0.998562248,0.997909444,0.997916259,0.02202605,0.999346256,0.99935308,0.022057764,0,gaussian
64,0,0,0.999389735,0.999379741,0.999380118,0.028960978,0.99999,0.999990377,0.028978663,0,gaussian
64,1,0,0.994528021,0.994511714,0.994509907,0.045593031,0.999983603,0.999981786,0.045843888,0,gaussian
64,2,0,0.99760112,0.997582305,0.997573622,0.008248051,0.99998114,0.999972435,0.008267885,0,gaussian
64,3,0,0.994942135,0.994920484,0.994904866,0.027385702,0.999978239,0.999962541,0.027524919,0,gaussian
64,4,0,0.993771284,0.993745125,0.993713722,0.053966575,0.999973676,0.999942077,0.054304824,0,gaussian
64,5,0,0.996227225,0.996177368,0.996191857,0.027627428,0.999949954,0.999964498,0.027732055,0,gaussian
64,6,0,0.995834209,0.995779231,0.995774644,0.022581809,0.999944792,0.999940185,0.022676274,0,gaussian
64,7,0,0.997355121,0.997287185,0.997230859,0.013377602,0.999931884,0.999875409,0.013413078,0,gaussian
64,8,0,0.992934603,0.99281837,0.992813723,0.22654345,0.99988294,0.99987826,0.228155459,0,gaussian
64,9,0,0.994507008,0.992431225,0.992180123,0.045537005,0.997912751,0.997660262,0.045788521,0,gaussian
64,10,1,0.96532813,0.095361348,0.004901958,0.004103046,0.098786459,0.005078022,0.004250416,0,gaussian
64,11,1,0.967442219,0.144655502,0.007016389,0.005523317,0.14952366,0.007252515,0.005709195,0,gaussian
64,12,1,0.961661578,0.103702335,0.005757186,0.004685577,0.107836621,0.005986707,0.004872376,0,gaussian
64,13,1,0.961923775,0.155534374,0.009050119,0.007636714,0.161690955,0.009408354,0.007939001,0,gaussian
64,14,1,0.967159203,0.154828137,0.007457224,0.005874234,0.160085472,0.007710441,0.006073699,0,gaussian
65,0,0,0.989925793,0.989882063,0.989884076,0.122599982,0.999955825,0.999957859,0.123847649,0,gaussian
65,1,0,0.994491206,0.994429343,0.994435028,0.084922831,0.999937795,0.999943511,0.085393245,0,gaussian
65,2,0,0.993066661,0.993049158,0.99303737,0.104103848,0.999982375,0.999970505,0.104830675,0,gaussian
65,3,0,0.993838232,0.993808435,0.993819072,0.083669001,0.999970019,0.999980721,0.084187747,0,gaussian
65,4,0,0.995595791,0.995514742,0.995542672,0.030834277,0.999918592,0.999946646,0.030970678,0,gaussian
65,5,0,0.994247756,0.99418913,0.994192555,0.053953306,0.999941035,0.99994448,0.054265454,0,gaussian
65,6,0,0.994257188,0.993923329,0.993956865,0.097185635,0.999664212,0.999697942,0.097746977,0,gaussian
65,7,0,0.998521065,0.99831926,0.998337656,0.05977227,0.999797896,0.999816319,0.0598608,0,gaussian
65,8,0,0.994423274,0.994030761,0.993980734,0.092012127,0.999605285,0.999554978,0.092528131,0,gaussian
65,9,0,0.994867928,0.993793398,0.993154611,0.076198343,0.998919927,0.998277845,0.076591416,0,gaussian
65,10,1,0.96398865,0.126339555,0.006021325,0.004480104,0.131059173,0.006246262,0.004647465,0,gaussian
65,11,1,0.965964748,0.138066507,0.007201893,0.005073406,0.142931206,0.007455648,0.005252165,0,gaussian
65,12,1,0.964048624,0.097383152,0.006175524,0.003881844,0.101014772,0.006405822,0.004026606,0,gaussian
65,13,1,0.968804703,0.112126228,0.006505743,0.004463156,0.115736668,0.006715226,0.004606868,0,gaussian
65,14,1,0.96592311,0.125200631,0.007037009,0.00483301,0.129617596,0.007285268,0.005003514,0,gaussian
66,0,0,0.992320828,0.992287776,0.992289366,0.067251874,0.999966692,0.999968295,0.067772309,0,gaussian
66,1,0,0.995422015,0.9953927,0.995405813,0.081862349,0.999970549,0.999983724,0.082238837,0,gaussian
66,2,0,0.993027592,0.992965662,0.992984351,0.391144866,0.999937635,0.999956455,0.393891237,0,gaussian
66,3,0,0.994390652,0.994362743,0.994340683,0.023434079,0.999971933,0.999949749,0.02356627,0,gaussian
66,4,0,0.996047367,0.996018587,0.996013231,0.020441973,0.999971105,0.999965729,0.020523093,0,gaussian
66,5,0,0.992554528,0.992524026,0.992526675,0.110730824,0.999969269,0.999971937,0.111561451,0,gaussian
66,6,0,0.992304357,0.992230982,0.992236007,0.140388712,0.999926056,0.99993112,0.141477472,0,gaussian
66,7,0,0.99095438,0.990839371,0.990830882,0.212473523,0.999883942,0.999875375,0.214413022,0,gaussian
66,8,0,0.992288305,0.992136551,0.992163793,0.116541223,0.999847067,0.999874521,0.117446938,0,gaussian
66,9,0,0.997635694,0.997238825,0.997451293,0.014458118,0.999602191,0.999815162,0.014492383,0,gaussian
66,10,1,0.959806876,0.124630228,0.009075964,0.00545083,0.129849276,0.009456032,0.00567909,0,gaussian
66,11,1,0.967598771,0.136112814,0.009562576,0.005301901,0.140670718,0.009882791,0.005479441,0,gaussian
66,12,1,0.964519356,0.11754583,0.005563395,0.003978074,0.121869851,0.005768049,0.004124411,0,gaussian
66,13,1,0.966182429,0.130467242,0.00713325,0.005092146,0.135033755,0.007382923,0.005270378,0,gaussian
66,14,1,0.965406446,0.156303701,0.008122304,0.005206593,0.161904555,0.008413352,0.005393162,0,gaussian
67,0,0,0.996501542,0.996468379,0.99646676,0.026590188,0.999966721,0.999965096,0.026683539,0,gaussian
67,1,0,0.99347455,0.993443038,0.993442527,0.03801749,0.999968281,0.999967767,0.038267201,0,gaussian
67,2,0,0.994139097,0.994105426,0.994113308,0.054750686,0.99996613,0.999974059,0.055073466,0,gaussian
67,3,0,0.9988398,0.998800367,0.998806248,0.137794777,0.999960521,0.999966409,0.137954833,0,gaussian
67,4,0,0.999567941,0.999555915,0.999553181,0.037781399,0.999987968,0.999985233,0.03779773,0,gaussian
67,5,0,0.998049822,0.99802584,0.99802426,0.045972927,0.999975972,0.999974389,0.046062757,0,gaussian
67,6,0,0.996223304,0.996204019,0.996205498,0.021060258,0.999980642,0.999982126,0.021140097,0,gaussian
67,7,0,0.992771097,0.992724389,0.992737244,0.180426589,0.999952952,0.999965901,0.181740372,0,gaussian
67,8,0,1.001228008,1.001168078,1.001141815,0.013128654,0.999940143,0.999913913,0.013112552,0,gaussian
67,9,0,0.996581041,0.99621196,0.995954841,0.032459534,0.999629652,0.999371652,0.032570893,0,gaussian
67,10,1,0.964286201,0.089557077,0.004634745,0.003909403,0.092873958,0.0048064,0.004054193,0,gaussian
67,11,1,0.962124925,0.09612079,0.004621201,0.003929759,0.099904688,0.004803119,0.004084458,0,gaussian
67,12,1,0.964610653,0.119718189,0.006809979,0.004911563,0.124110374,0.007059821,0.005091756,0,gaussian
67,13,1,0.964767986,0.130436924,0.005593867,0.004833465,0.135200303,0.005798147,0.005009976,0,gaussian
67,14,1,0.971010385,0.135707163,0.006362636,0.003810056,0.139758715,0.006552594,0.003923805,0,gaussian
68,0,0,0.996732832,0.996689054,0.996695487,0.022592108,0.999956079,0.999962532,0.022666162,0,gaussian
68,1,0,1.001649224,1.00163866,1.001636038,0.009643471,0.999989453,0.999986836,0.009627593,0,gaussian
68,2,0,0.996995012,0.996960639,0.996961551,0.017929695,0.999965523,0.999966438,0.017983736,0,gaussian
68,3,0,0.994879142,0.994845039,0.994851692,0.047804492,0.999965721,0.999972409,0.048050552,0,gaussian
68,4,0,0.992861283,0.992829077,0.992848445,0.296303184,0.999967562,0.999987069,0.298433617,0,gaussian
68,5,0,0.994714337,0.994690167,0.994689477,0.121601292,0.999975701,0.999975008,0.122247451,0,gaussian
68,6,0,0.996317879,0.996279429,0.996281349,0.044151759,0.999961409,0.999963336,0.044314932,0,gaussian
68,7,0,0.994317898,0.994111831,0.994075201,0.025117881,0.999792755,0.999755916,0.025261419,0,gaussian
68,8,0,0.99693532,0.996689323,0.996737579,0.01492691,0.999753247,0.999801652,0.014972797,0,gaussian
68,9,0,0.997740049,0.996873342,0.997253239,0.066613666,0.99913133,0.999512087,0.06676455,0,gaussian
68,10,1,0.961033226,0.108739236,0.004993323,0.004825532,0.113148259,0.005195786,0.005021192,0,gaussian
68,11,1,0.96358241,0.108389194,0.005654515,0.004611766,0.11248565,0.005868222,0.004786063,0,gaussian
68,12,1,0.966011443,0.144065868,0.007405048,0.005662516,0.149134743,0.00766559,0.005861748,0,gaussian
68,13,1,0.963285434,0.128917383,0.006384126,0.006109527,0.133830928,0.00662745,0.006342385,0,gaussian
68,14,1,0.966237726,0.145414638,0.006712617,0.006207557,0.150495716,0.006947169,0.006424461,0,gaussian
69,0,0,0.995473859,0.995464149,0.995461124,0.029564438,0.999990245,0.999987207,0.029698859,0,gaussian
69,1,0,0.99430252,0.994273838,0.994278879,0.030190196,0.999971153,0.999976224,0.03036319,0,gaussian
69,2,0,0.993190113,0.993177409,0.993177855,0.03740731,0.99998721,0.999987658,0.037663797,0,gaussian
69,3,0,0.997519278,0.997499665,0.997491423,0.011990949,0.999980338,0.999972076,0.012020769,0,gaussian
69,4,0,0.987915964,0.987877539,0.987900915,0.554938591,0.999961106,0.999984768,0.561726515,0,gaussian
69,5,0,0.991913579,0.991885833,0.991876439,0.120999456,0.999972027,0.999962557,0.121985885,0,gaussian
69,6,0,0.996944685,0.996871757,0.996884525,0.018202315,0.999926848,0.999939655,0.018258099,0,gaussian
69,7,0,0.992186246,0.992048477,0.992119471,0.308206109,0.999861145,0.999932699,0.310633322,0,gaussian
69,8,0,0.993229081,0.993057679,0.993124366,0.065435439,0.99982743,0.999894571,0.065881518,0,gaussian
69,9,0,0.995064882,0.994180901,0.994468691,0.031910837,0.999111634,0.999400851,0.032069102,0,gaussian
69,10,1,0.961530818,0.099619307,0.005627002,0.005117179,0.103604902,0.005852129,0.005321908,0,gaussian
69,11,1,0.96365305,0.103320042,0.006860152,0.004546857,0.107217055,0.007118903,0.004718355,0,gaussian
69,12,1,0.968166985,0.15149414,0.007964449,0.005201224,0.156475218,0.008226317,0.005372238,0,gaussian
69,13,1,0.96603686,0.13775231,0.005563811,0.005129853,0.142595294,0.005759419,0.005310204,0,gaussian
69,14,1,0.962393789,0.132749666,0.007748683,0.006285862,0.137936952,0.008051469,0.006531487,0,gaussian
70,0,0,0.993025379,0.993007441,0.99299472,0.068267218,0.999981936,0.999969126,0.0687467,0,gaussian
70,1,0,0.997834869,0.99780009,0.99780237,0.010218339,0.999965145,0.99996743,0.010240512,0,gaussian
70,2,0,0.993759299,0.99374648,0.9937356,0.048932328,0.9999871,0.999976153,0.049239618,0,gaussian
70,3,0,0.998975217,0.998928437,0.998907777,0.008188359,0.999953172,0.999932491,0.008196759,0,gaussian
70,4,0,0.999037615,0.999011514,0.999023677,0.015916602,0.999973874,0.999986049,0.015931935,0,gaussian
70,5,0,0.995955837,0.995821025,0.995896752,0.092371883,0.999864641,0.999940675,0.092746967,0,gaussian
70,6,0,0.992429127,0.992373605,0.992346432,0.036877524,0.999944055,0.999916674,0.037158849,0,gaussian
70,7,0,0.992737692,0.992675747,0.99268457,0.07757961,0.999937601,0.99994649,0.078147139,0,gaussian
70,8,0,0.994586078,0.994390996,0.994400515,0.029248329,0.999803857,0.999813427,0.029407539,0,gaussian
70,9,0,0.992928338,0.992177477,0.992565303,0.255310104,0.999243792,0.99963438,0.257128429,0,gaussian
70,10,1,0.966087963,0.100674998,0.005048666,0.003742948,0.104208935,0.005225886,0.003874334,0,gaussian
70,11,1,0.967358778,0.087921288,0.005035121,0.003541118,0.090887983,0.00520502,0.003660605,0,gaussian
70,12,1,0.967139168,0.138951699,0.006537789,0.005037704,0.143672911,0.006759926,0.005208872,0,gaussian
70,13,1,0.96417107,0.149483334,0.007401661,0.005784514,0.155038186,0.00767671,0.005999468,0,gaussian
70,14,1,0.967523261,0.158828441,0.00673619,0.005162256,0.164159817,0.006962303,0.005335536,0,gaussian
71,0,0,0.995444622,0.99542758,0.995430526,0.083263156,0.999982879,0.999985839,0.083644187,0,gaussian
71,1,0,0.993527055,0.9934644,0.993474741,0.062497051,0.999936936,0.999947346,0.062904227,0,gaussian
71,2,0,0.996523379,0.996489067,0.996483041,0.031156477,0.999965568,0.999959521,0.031265174,0,gaussian
71,3,0,0.997552056,0.997539854,0.997531654,0.029723617,0.999987769,0.999979548,0.029796557,0,gaussian
71,4,0,0.998240043,0.998176306,0.998184303,0.014116939,0.999936151,0.999944162,0.014141828,0,gaussian
71,5,0,0.992809807,0.992662285,0.992771802,0.10741773,0.99985141,0.99996172,0.108195678,0,gaussian
71,6,0,0.995883222,0.995738225,0.995774791,0.061700272,0.999854404,0.999891121,0.061955328,0,gaussian
71,7,0,0.998705628,0.998329492,0.998312873,0.00770415,0.999623377,0.999606736,0.007714134,0,gaussian
71,8,0,0.992779012,0.991184775,0.99212951,0.074927377,0.998394167,0.999345773,0.075472362,0,gaussian
71,9,0,0.994657336,0.991061472,0.990189215,0.071050612,0.996384821,0.995507879,0.071432251,0,gaussian
71,10,1,0.962667069,0.122723919,0.011004362,0.004306212,0.127483242,0.011431119,0.00447321,0,gaussian
71,11,1,0.966541431,0.118855407,0.014070495,0.003851014,0.122969801,0.01455757,0.003984323,0,gaussian
71,12,1,0.964615404,0.158133686,0.013129313,0.005909953,0.16393444,0.013610931,0.006126745,0,gaussian
71,13,1,0.969834513,0.143590302,0.010420128,0.00439948,0.148056499,0.010744233,0.004536321,0,gaussian
71,14,1,0.96791209,0.149718694,0.013463185,0.005320291,0.15468212,0.013909512,0.005496667,0,gaussian
72,0,0,1.001596187,1.001581627,1.001576624,0.010203347,0.999985463,0.999980468,0.010187086,0,gaussian
72,1,0,0.995299488,0.995278098,0.995264653,0.021758562,0.999978509,0.999965,0.021861321,0,gaussian
72,2,0,0.997383156,0.9973507,0.997359804,0.008255083,0.999967459,0.999976587,0.008276742,0,gaussian
72,3,0,0.994327677,0.994283441,0.994304016,0.112188543,0.999955512,0.999976204,0.112828543,0,gaussian
72,4,0,0.99590173,0.995843462,0.995833573,0.049467532,0.999941492,0.999931562,0.049671098,0,gaussian
72,5,0,0.992994839,0.992931235,0.992953097,0.114834828,0.999935947,0.999957963,0.115644939,0,gaussian
72,6,0,0.992186931,0.992097127,0.992093064,0.067332568,0.999909489,0.999905394,0.067862784,0,gaussian
72,7,0,1.000192933,0.999666484,0.999817242,0.008074563,0.999473653,0.999624381,0.008073005,0,gaussian
72,8,0,0.996448186,0.995828572,0.995844804,0.021468516,0.999378178,0.999394468,0.02154504,0,gaussian
72,9,0,0.993076679,0.992603228,0.992570329,0.168503942,0.999523249,0.999490121,0.169678682,0,gaussian
72,10,1,0.963205231,0.10231243,0.004295301,0.003564005,0.106220799,0.004459383,0.003700151,0,gaussian
72,11,1,0.964869969,0.090416563,0.004967127,0.003505525,0.093708547,0.005147976,0.003633158,0,gaussian
72,12,1,0.963351901,0.13332794,0.00680452,0.005214318,0.138400038,0.00706338,0.005412682,0,gaussian
72,13,1,0.965070582,0.135232164,0.006716695,0.004668672,0.140126708,0.006959797,0.004837648,0,gaussian
72,14,1,0.966770714,0.149454929,0.007277635,0.004903572,0.154591907,0.007527777,0.005072114,0,gaussian
73,0,0,0.997418861,0.997367721,0.997364186,0.007539439,0.999948728,0.999945184,0.00755895,0,gaussian
73,1,0,0.995034471,0.995012843,0.995015045,0.06149937,0.999978264,0.999980477,0.061806271,0,gaussian
73,2,0,0.996217886,0.99620791,0.996208166,0.086182671,0.999989986,0.999990244,0.086509861,0,gaussian
73,3,0,0.994760851,0.994744814,0.994727249,0.021249004,0.999983879,0.999966221,0.021360917,0,gaussian
73,4,0,0.994246473,0.994223964,0.994218356,0.07400423,0.999977361,0.999971721,0.07443248,0,gaussian
73,5,0,0.996274545,0.996245755,0.996242022,0.038660934,0.999971102,0.999967356,0.038805502,0,gaussian
73,6,0,0.994722657,0.994705949,0.994706247,0.045338663,0.999983204,0.999983503,0.0455792,0,gaussian
73,7,0,0.99568676,0.995597571,0.995597573,0.03407672,0.999910425,0.999910426,0.034224338,0,gaussian
73,8,0,0.996948928,0.996791781,0.996810016,0.021668319,0.999842372,0.999860663,0.021734633,0,gaussian
73,9,0,0.998119773,0.997888323,0.997971277,0.013705676,0.999768114,0.999851224,0.013731495,0,gaussian
73,10,1,0.966957458,0.094545345,0.005049311,0.003534549,0.097776117,0.005221855,0.003655331,0,gaussian
73,11,1,0.967505697,0.107806082,0.005168179,0.003722817,0.111426819,0.005341755,0.00384785,0,gaussian
73,12,1,0.967193559,0.118833467,0.006214722,0.004832726,0.122864204,0.00642552,0.004996648,0,gaussian
73,13,1,0.961787133,0.110026051,0.006621342,0.005563942,0.114397508,0.006884415,0.005785004,0,gaussian
73,14,1,0.964258213,0.093187918,0.006181421,0.005609092,0.096642079,0.006410545,0.005817002,0,gaussian
74,0,0,1.000771789,1.000728404,1.000737601,0.008952998,0.999956648,0.999965839,0.008946094,0,gaussian
74,1,0,0.999457531,0.999452378,0.999447949,0.01245988,0.999994844,0.999990413,0.012466642,0,gaussian
74,2,0,0.999274494,0.999225801,0.999236602,0.027233246,0.999951271,0.99996208,0.027253018,0,gaussian
74,3,0,0.996352997,0.996321975,0.996327465,0.021633219,0.999968864,0.999974375,0.021712404,0,gaussian
74,4,0,0.987800287,0.98757367,0.987783557,0.618647088,0.999770584,0.999983064,0.626287617,0,gaussian
74,5,0,0.99552354,0.995494576,0.995500975,0.109963453,0.999970906,0.999977334,0.110457913,0,gaussian
74,6,0,0.997022282,0.996988699,0.996984198,0.037256904,0.999966317,0.999961802,0.037368176,0,gaussian
74,7,0,0.997034522,0.99696982,0.996934888,0.015817271,0.999935106,0.99990007,0.015864317,0,gaussian
74,8,0,0.993821054,0.993498199,0.993604799,0.208833324,0.999675138,0.9997824,0.210131717,0,gaussian
74,9,0,0.995202015,0.993078065,0.994103142,0.02849454,0.99786581,0.998895829,0.028631915,0,gaussian
74,10,1,0.964030062,0.101781557,0.005687792,0.004804555,0.105579236,0.005900016,0.004983823,0,gaussian
74,11,1,0.96332133,0.135720674,0.008807334,0.00750467,0.140888268,0.009142675,0.007790412,0,gaussian
74,12,1,0.964127307,0.113609275,0.008766718,0.005395298,0.117836383,0.009092905,0.005596043,0,gaussian
74,13,1,0.965186888,0.140957415,0.008428157,0.006737268,0.146041577,0.008732151,0.006980273,0,gaussian
74,14,1,0.968219229,0.118914036,0.008187771,0.005536563,0.122817263,0.008456526,0.005718295,0,gaussian
75,0,0,0.997631754,0.997601545,0.997597667,0.013237414,0.999969719,0.999965832,0.013268838,0,gaussian
75,1,0,0.996965463,0.996942356,0.996950639,0.095221923,0.999976823,0.999985131,0.095511757,0,gaussian
75,2,0,0.992757099,0.992737489,0.992739679,0.094028408,0.999980247,0.999982453,0.094714415,0,gaussian
75,3,0,0.997739278,0.997695915,0.997712602,0.061272395,0.999956539,0.999973263,0.061411228,0,gaussian
75,4,0,0.996503868,0.996496601,0.996499714,0.010193899,0.999992708,0.999995832,0.010229663,0,gaussian
75,5,0,0.993121591,0.993084181,0.993082343,0.262824591,0.999962331,0.99996048,0.264644927,0,gaussian
75,6,0,0.99147475,0.991445051,0.99143124,0.135149786,0.999970046,0.999956116,0.136311879,0,gaussian
75,7,0,0.996077389,0.996046804,0.996038851,0.052433092,0.999969294,0.99996131,0.052639577,0,gaussian
75,8,0,0.993804256,0.993384268,0.993357702,0.060278745,0.999577393,0.999550662,0.060654545,0,gaussian
75,9,0,0.99268806,0.992314656,0.992156571,0.085689439,0.999623845,0.999464596,0.08632061,0,gaussian
75,10,1,0.964846643,0.089359766,0.00434866,0.003717258,0.092615512,0.004507099,0.003852693,0,gaussian
75,11,1,0.966359871,0.117628892,0.006076597,0.003599549,0.121723693,0.00628813,0.003724853,0,gaussian
75,12,1,0.968607544,0.105071013,0.006112093,0.004432362,0.108476352,0.006310185,0.004576014,0,gaussian
75,13,1,0.968145832,0.168959234,0.008806063,0.005199112,0.174518371,0.009095802,0.005370174,0,gaussian
75,14,1,0.962597083,0.143321765,0.008163764,0.005982193,0.148890712,0.008480978,0.006214639,0,gaussian
76,0,0,0.991187758,0.991166392,0.991164307,0.153905107,0.999978444,0.99997634,0.155273414,0,gaussian
76,1,0,0.996254984,0.996209342,0.99623762,0.157948285,0.999954186,0.99998257,0.158542028,0,gaussian
76,2,0,0.993218636,0.993137465,0.993167029,0.091108548,0.999918275,0.999948041,0.091730607,0,gaussian
76,3,0,1.00050105,1.000476083,1.000482074,0.010816984,0.999975046,0.999981033,0.010811567,0,gaussian
76,4,0,0.995351637,0.995305482,0.995299484,0.019873367,0.999953629,0.999947603,0.019966177,0,gaussian
76,5,0,0.995218221,0.995201167,0.995196758,0.051970134,0.999982864,0.999978435,0.052219838,0,gaussian
76,6,0,0.995377167,0.995368165,0.995362623,0.036057048,0.999990956,0.999985388,0.036224508,0,gaussian
76,7,0,0.993792158,0.993597236,0.993630858,0.134031526,0.99980386,0.999837693,0.13486877,0,gaussian
76,8,0,0.99485183,0.994712108,0.994711392,0.050165759,0.999859555,0.999858835,0.050425357,0,gaussian
76,9,0,0.990104444,0.988390142,0.9880272,0.415227766,0.998268565,0.997901995,0.419377742,0,gaussian
76,10,1,0.965159006,0.091481817,0.006342868,0.003873271,0.094784192,0.006571837,0.004013091,0,gaussian
76,11,1,0.962138161,0.110623795,0.007839914,0.005167815,0.114977037,0.008148428,0.005371177,0,gaussian
76,12,1,0.966443043,0.160779713,0.010582834,0.006434064,0.166362327,0.010950292,0.006657468,0,gaussian
76,13,1,0.964223904,0.13609262,0.011323276,0.006569329,0.141142135,0.011743409,0.006813074,0,gaussian
76,14,1,0.965646681,0.188586874,0.01246648,0.007415779,0.195295938,0.012909981,0.007679599,0,gaussian
77,0,0,0.995208647,0.995190235,0.995202187,0.042317253,0.9999815,0.999993509,0.042520987,0,gaussian
77,1,0,0.996592831,0.996552866,0.996547588,0.013866118,0.999959899,0.999954602,0.013913523,0,gaussian
77,2,0,0.991085588,0.991052979,0.991056732,0.040864382,0.999967097,0.999970884,0.04123194,0,gaussian
77,3,0,0.998414145,0.998364686,0.9983846,0.020070527,0.999950462,0.999970407,0.020102407,0,gaussian
77,4,0,0.99551531,0.995500763,0.995502675,0.054884758,0.999985387,0.999987308,0.055132007,0,gaussian
77,5,0,0.991767231,0.991662956,0.991704324,0.206148739,0.99989486,0.999936572,0.207860002,0,gaussian
77,6,0,0.998334999,0.998309679,0.998290561,0.016728381,0.999974638,0.999955488,0.016756281,0,gaussian
77,7,0,0.993878455,0.993661065,0.993561923,0.030333054,0.999781271,0.999681518,0.030519883,0,gaussian
77,8,0,0.994833464,0.994511377,0.994593171,0.046931179,0.99967624,0.999758459,0.04717491,0,gaussian
77,9,0,0.995844559,0.995155089,0.995400671,0.068593656,0.999307653,0.999554259,0.068879882,0,gaussian
77,10,1,0.963829193,0.087818297,0.004548801,0.003808747,0.091113962,0.00471951,0.003951682,0,gaussian
77,11,1,0.96440089,0.109986487,0.004879869,0.003552117,0.114046439,0.005060001,0.003683236,0,gaussian
77,12,1,0.964401574,0.121217276,0.006724357,0.004844057,0.125691703,0.00697257,0.005022864,0,gaussian
77,13,1,0.965643602,0.123997871,0.006230838,0.004635594,0.128409561,0.006452523,0.004800523,0,gaussian
77,14,1,0.96914037,0.117259828,0.006969475,0.004232017,0.120993647,0.007191399,0.004366774,0,gaussian
78,0,0,0.998729211,0.998708453,0.998707193,0.024169842,0.999979216,0.999977954,0.024200596,0,gaussian
78,1,0,0.994899745,0.994874349,0.994881465,0.032208919,0.999974474,0.999981627,0.032374035,0,gaussian
78,2,0,0.999232672,0.99921143,0.999209264,0.018402893,0.999978741,0.999976574,0.018417024,0,gaussian
78,3,0,0.991833516,0.991807307,0.991784086,0.04255616,0.999973576,0.999950163,0.042906556,0,gaussian
78,4,0,0.994085281,0.994033059,0.994049517,0.074609036,0.999947466,0.999964022,0.075052953,0,gaussian
78,5,0,0.993684354,0.99364764,0.993653201,0.031232951,0.999963053,0.999968649,0.031431461,0,gaussian
78,6,0,0.989400555,0.989319325,0.98937429,0.299823471,0.9999179,0.999973454,0.303035479,0,gaussian
78,7,0,0.997639173,0.997424802,0.997500983,0.02327473,0.999785122,0.999861483,0.023329808,0,gaussian
78,8,0,0.995319381,0.995105573,0.994996643,0.036621984,0.999785187,0.999675745,0.036794204,0,gaussian
78,9,0,0.98605464,0.985933042,0.98590744,0.593448542,0.999876682,0.999850718,0.601841438,0,gaussian
78,10,1,0.96270998,0.102826859,0.006008138,0.004961851,0.106809798,0.006240859,0.005154045,0,gaussian
78,11,1,0.964911338,0.100145298,0.005289431,0.00436474,0.103787046,0.00548178,0.004523462,0,gaussian
78,12,1,0.966733359,0.143045553,0.007585042,0.005697261,0.147967949,0.007846054,0.005893312,0,gaussian
78,13,1,0.965697793,0.14919189,0.007711441,0.006171274,0.154491282,0.007985356,0.006390482,0,gaussian
78,14,1,0.96777095,0.160040001,0.008136323,0.006215317,0.165369709,0.008407282,0.006422302,0,gaussian
79,0,0,0.996070096,0.996058322,0.996057043,0.033122436,0.99998818,0.999986895,0.033253117,0,gaussian
79,1,0,0.99814935,0.99813038,0.99813255,0.010543651,0.999980995,0.999983169,0.0105632,0,gaussian
79,2,0,0.994829935,0.994779259,0.994759927,0.037283592,0.999949061,0.999929628,0.037477353,0,gaussian
79,3,0,0.992482476,0.992453643,0.992466598,0.091861724,0.999970948,0.999984001,0.092557528,0,gaussian
79,4,0,0.99529222,0.995269409,0.995277182,0.079065098,0.999977081,0.999984891,0.07943908,0,gaussian
79,5,0,0.996603471,0.996538958,0.996562015,0.08384759,0.999935268,0.999958403,0.084133351,0,gaussian
79,6,0,1.000133509,1.000062048,1.000060965,0.01496146,0.999928549,0.999927466,0.014959463,0,gaussian
79,7,0,0.995292938,0.995172441,0.995194556,0.01621678,0.999878933,0.999901153,0.016293474,0,gaussian
79,8,0,0.995428492,0.99474234,0.994960111,0.109199777,0.999310697,0.999529469,0.109701277,0,gaussian
79,9,0,0.994983522,0.994087653,0.993634406,0.038835325,0.999099614,0.998644081,0.039031124,0,gaussian
79,10,1,0.962945452,0.112618959,0.005706273,0.004175449,0.116952584,0.005925852,0.004336122,0,gaussian
79,11,1,0.962443824,0.094124292,0.004768607,0.004324675,0.09779718,0.004954686,0.004493431,0,gaussian
79,12,1,0.96300818,0.14279171,0.006153366,0.005682693,0.148276736,0.006389734,0.005900981,0,gaussian
79,13,1,0.967429538,0.133052349,0.006211885,0.004746845,0.137531824,0.00642102,0.004906657,0,gaussian
79,14,1,0.965706459,0.170080457,0.006671215,0.005771109,0.176120244,0.006908118,0.005976049,0,gaussian
80,0,0,0.996194275,0.9961743,0.996172957,0.037696107,0.999979949,0.9999786,0.037840116,0,gaussian
80,1,0,0.995644607,0.995629861,0.995624825,0.033003894,0.999985189,0.999980131,0.033148268,0,gaussian
80,2,0,0.994173224,0.994150086,0.994156405,0.074256109,0.999976727,0.999983082,0.074691318,0,gaussian
80,3,0,0.993363029,0.993289523,0.993305375,0.056977144,0.999926002,0.99994196,0.057357826,0,gaussian
80,4,0,0.993528865,0.993498375,0.993505666,0.043513971,0.999969312,0.99997665,0.04379739,0,gaussian
80,5,0,0.991462907,0.99142392,0.991444239,0.127160569,0.999960677,0.999981172,0.128255499,0,gaussian
80,6,0,0.993561384,0.993483349,0.99348794,0.050261766,0.999921459,0.99992608,0.050587479,0,gaussian
80,7,0,0.996714489,0.996634682,0.996650597,0.012329431,0.99991993,0.999935897,0.012370073,0,gaussian
80,8,0,0.995650477,0.995589066,0.995567842,0.015131975,0.99993832,0.999917005,0.015198079,0,gaussian
80,9,0,0.991940396,0.991896188,0.991859834,0.160552032,0.999955433,0.999918783,0.161856531,0,gaussian
80,10,1,0.963001157,0.094167049,0.004693609,0.004300725,0.09778498,0.004873939,0.00446596,0,gaussian
80,11,1,0.964866651,0.093237132,0.005223551,0.004178549,0.096632143,0.005413755,0.004330701,0,gaussian
80,12,1,0.966696581,0.113112002,0.005753859,0.004904439,0.117008795,0.005952084,0.005073401,0,gaussian
80,13,1,0.965426462,0.125804931,0.006972171,0.005335251,0.130310216,0.007221856,0.005526315,0,gaussian
80,14,1,0.967424415,0.114910515,0.006208576,0.005049835,0.118779838,0.006417634,0.005219875,0,gaussian
81,0,0,0.997545905,0.997535137,0.997540798,0.016776092,0.999989205,0.999994881,0.016817364,0,gaussian
81,1,0,0.99148558,0.991420345,0.99146029,0.493904216,0.999934204,0.999974492,0.498145637,0,gaussian
81,2,0,1.001158824,1.001128121,1.001134624,0.023507447,0.999969332,0.999975829,0.023480238,0,gaussian
81,3,0,0.99495674,0.994921997,0.994928518,0.033456194,0.999965081,0.999971635,0.033625778,0,gaussian
81,4,0,0.996271702,0.99623385,0.996243376,0.017877049,0.999962006,0.999971568,0.01794395,0,gaussian
81,5,0,0.995688714,0.9956451,0.99566199,0.031167729,0.999956197,0.99997316,0.031302684,0,gaussian
81,6,0,0.994946076,0.994910066,0.994903838,0.019765052,0.999963807,0.999957547,0.019865451,0,gaussian
81,7,0,0.996416741,0.996204933,0.996284096,0.042959249,0.999787431,0.999866878,0.043113737,0,gaussian
81,8,0,0.992602879,0.991176763,0.992159713,0.108032955,0.998563256,0.999553532,0.108838043,0,gaussian
81,9,0,0.994607151,0.992001727,0.992200426,0.076235865,0.997380449,0.997580226,0.076649222,0,gaussian
81,10,1,0.966768234,0.088349267,0.006034189,0.003518258,0.091386191,0.006241608,0.003639195,0,gaussian
81,11,1,0.964370164,0.092901869,0.010585149,0.004064917,0.096334242,0.01097623,0.004215101,0,gaussian
81,12,1,0.964290099,0.122131577,0.009776718,0.00572324,0.126654393,0.010138773,0.005935184,0,gaussian
81,13,1,0.967620893,0.105329916,0.007039543,0.004513022,0.108854528,0.007275104,0.00466404,0,gaussian
81,14,1,0.965115901,0.115291272,0.008744708,0.005942221,0.119458473,0.009060785,0.006157002,0,gaussian
82,0,0,0.998749514,0.998736046,0.998734657,0.009774716,0.999986515,0.999985125,0.009786954,0,gaussian
82,1,0,0.996281084,0.996211664,0.996215594,0.020015904,0.999930321,0.999934265,0.020090619,0,gaussian
82,2,0,0.996116398,0.996091604,0.996089929,0.014725422,0.999975109,0.999973428,0.014782833,0,gaussian
82,3,0,0.994973729,0.994952887,0.994953797,0.050816378,0.999979053,0.999979967,0.051073085,0,gaussian
82,4,0,0.994554808,0.994522396,0.994503143,0.033775933,0.999967411,0.999948053,0.033960857,0,gaussian
82,5,0,0.997674714,0.997663021,0.997667384,0.019147893,0.99998828,0.999992653,0.019192521,0,gaussian
82,6,0,0.99597519,0.995961445,0.995963603,0.163012026,0.9999862,0.999988367,0.16367077,0,gaussian
82,7,0,0.993216595,0.99313821,0.993114359,0.206295446,0.99992108,0.999897066,0.20770439,0,gaussian
82,8,0,0.99994948,0.999805185,0.999853947,0.074303513,0.999855698,0.999904462,0.074307267,0,gaussian
82,9,1,0.961704341,0.081141768,0.004852582,0.004280457,0.084372883,0.005045814,0.004450907,0,gaussian
82,10,1,0.964543795,0.109147608,0.005724608,0.005126655,0.113159826,0.005935042,0.005315108,0,gaussian
82,11,1,0.965460109,0.116438403,0.005791931,0.005164749,0.120604054,0.00599914,0.00534952,0,gaussian
82,12,1,0.962173524,0.102176869,0.006128476,0.005702576,0.106193807,0.006369408,0.005926765,0,gaussian
82,13,1,0.962721079,0.099268373,0.004753847,0.004460882,0.103112288,0.004937928,0.004633618,0,gaussian
82,14,0,0.997057536,0.996332558,0.996551611,0.066739557,0.999272882,0.999492582,0.066936516,0,gaussian
83,0,0,0.991882745,0.991867796,0.991870579,0.129122882,0.999984928,0.999987734,0.130179583,0,gaussian
83,1,0,0.992986189,0.99296722,0.992958071,0.091518767,0.999980896,0.999971683,0.092165196,0,gaussian
83,2,0,0.997409622,0.997370489,0.997379289,0.068694567,0.999960766,0.999969588,0.068872974,0,gaussian
83,3,0,0.995056588,0.995031111,0.995044667,0.021410656,0.999974397,0.99998802,0.021517024,0,gaussian
83,4,0,0.995475747,0.995455869,0.995452656,0.021197875,0.999980032,0.999976805,0.021294216,0,gaussian
83,5,0,0.9996435,0.999622981,0.999623314,0.053684237,0.999979473,0.999979807,0.053703382,0,gaussian
83,6,0,0.995527395,0.9954963,0.995487804,0.037296897,0.999968765,0.99996023,0.037464461,0,gaussian
83,7,0,0.998203609,0.99814966,0.998145344,0.01748387,0.999945954,0.99994163,0.017515334,0,gaussian
83,8,0,0.995600516,0.995534306,0.995530465,0.037026653,0.999933498,0.99992964,0.037190271,0,gaussian
83,9,0,0.996223949,0.996024038,0.996027191,0.01487491,0.999799331,0.999802496,0.014931291,0,gaussian
83,10,1,0.965948834,0.090584308,0.004560689,0.003980932,0.093777543,0.00472146,0.004121266,0,gaussian
83,11,1,0.963362424,0.115116175,0.005066359,0.00471718,0.119494151,0.005259038,0.004896579,0,gaussian
83,12,1,0.964767345,0.126711177,0.006415677,0.005599967,0.131338584,0.006649973,0.005804474,0,gaussian
83,13,1,0.962901842,0.108579341,0.007828738,0.006512299,0.112762627,0.008130359,0.006763201,0,gaussian
83,14,1,0.967804904,0.126917351,0.007070151,0.00579487,0.131139396,0.007305348,0.005987642,0,gaussian
84,0,0,0.997447833,0.997400443,0.997425516,0.099497643,0.999952488,0.999977626,0.099752227,0,gaussian
84,1,0,0.994218868,0.994162113,0.994167596,0.057952363,0.999942915,0.99994843,0.058289342,0,gaussian
84,2,0,0.996066645,0.996045397,0.996052737,0.027930899,0.999978668,0.999986037,0.028041195,0,gaussian
84,3,0,0.994170151,0.994145885,0.994149699,0.043232358,0.999975592,0.999979429,0.043485874,0,gaussian
84,4,0,0.993613672,0.993584381,0.993589789,0.105469753,0.999970521,0.999975964,0.106147646,0,gaussian
84,5,0,0.994786153,0.994781504,0.9947747,0.023856691,0.999995327,0.999988487,0.023981728,0,gaussian
84,6,0,0.994970304,0.994943971,0.994953353,0.065655583,0.999973533,0.999982963,0.06598748,0,gaussian
84,7,0,0.99328196,0.993187294,0.993219987,0.117352928,0.999904694,0.999937608,0.118146642,0,gaussian
84,8,0,0.997720635,0.997524443,0.997576287,0.02036065,0.99980336,0.999855322,0.020407166,0,gaussian
84,9,0,0.99471363,0.993042973,0.993795976,0.078726951,0.998320465,0.99907747,0.079145343,0,gaussian
84,10,1,0.962899484,0.100065283,0.004636348,0.004344825,0.103920798,0.004814986,0.004512231,0,gaussian
84,11,1,0.965677064,0.104860244,0.005572332,0.003892642,0.108587279,0.005770389,0.004030998,0,gaussian
84,12,1,0.966611592,0.163448878,0.00686182,0.006170584,0.16909468,0.007098839,0.006383727,0,gaussian
84,13,1,0.968222069,0.146102311,0.007258656,0.005104214,0.150897522,0.007496891,0.005271739,0,gaussian
84,14,1,0.963503476,0.144266165,0.007794263,0.006338686,0.14973082,0.008089502,0.006578789,0,gaussian
85,0,0,0.992914014,0.992879975,0.992881763,0.167558277,0.999965718,0.999967519,0.168754066,0,gaussian
85,1,0,0.99649998,0.996452574,0.996441693,0.051565273,0.999952428,0.999941509,0.051746386,0,gaussian
85,2,0,0.99475173,0.994736672,0.994733828,0.156371723,0.999984862,0.999982004,0.157196734,0,gaussian
85,3,0,0.995039453,0.995008495,0.994976713,0.013436796,0.999968888,0.999936947,0.013503782,0,gaussian
85,4,0,0.996742104,0.99668668,0.996679845,0.008456801,0.999944395,0.999937537,0.008484443,0,gaussian
85,5,0,0.993258674,0.993228876,0.993233301,0.343258326,0.99997,0.999974454,0.345588048,0,gaussian
85,6,0,0.995276291,0.995240976,0.995248041,0.061999734,0.999964517,0.999971616,0.062293992,0,gaussian
85,7,0,0.994871309,0.994764562,0.994720408,0.021477897,0.999892703,0.999848322,0.021588618,0,gaussian
85,8,0,0.996641813,0.996474317,0.996498929,0.072974619,0.999831939,0.999856634,0.073220507,0,gaussian
85,9,0,0.998104368,0.997832634,0.99787049,0.025551207,0.99972775,0.999765679,0.025599734,0,gaussian
85,10,1,0.962098271,0.09029103,0.004339275,0.004146013,0.093848033,0.00451022,0.004309344,0,gaussian
85,11,1,0.965598314,0.127279622,0.00592254,0.004285352,0.131814254,0.006133545,0.004438028,0,gaussian
85,12,1,0.965180057,0.136850471,0.006159149,0.005629988,0.141787503,0.006381347,0.005833096,0,gaussian
85,13,1,0.964964948,0.167444039,0.006783974,0.005155151,0.173523442,0.00703028,0.00534232,0,gaussian
85,14,1,0.964532671,0.129628948,0.006281468,0.005482073,0.134395601,0.006512447,0.005683657,0,gaussian
86,0,1,0.963982376,0.116928093,0.004771521,0.004398963,0.12129692,0.004949801,0.004563323,0,gaussian
86,1,1,0.966681685,0.119867977,0.006005965,0.005303266,0.123999429,0.006212971,0.005486052,0,gaussian
86,2,1,0.962931566,0.116804273,0.005247122,0.004869478,0.1213007,0.005449112,0.00505693,0,gaussian
86,3,1,0.966992344,0.139512592,0.006662674,0.006073452,0.144274764,0.0068901,0.006280765,0,gaussian
86,4,1,0.965529715,0.133848111,0.006642695,0.006035785,0.13862661,0.006879846,0.006251268,0,gaussian
86,5,0,0.99435424,0.994324423,0.994304681,0.059031819,0.999970014,0.99995016,0.05936699,0,gaussian
86,6,0,0.9981795,0.998137354,0.998124714,0.017372759,0.999957778,0.999945115,0.017404444,0,gaussian
86,7,0,0.997057104,0.9969894,0.997023148,0.020759302,0.999932096,0.999965944,0.020820574,0,gaussian
86,8,0,0.998378459,0.998346007,0.998347564,0.004999397,0.999967496,0.999969054,0.005007517,0,gaussian
86,9,0,0.995287576,0.995255822,0.995258451,0.050519706,0.999968096,0.999970737,0.050758903,0,gaussian
86,10,0,0.99595693,0.995908637,0.995907286,0.068377872,0.999951511,0.999950154,0.068655451,0,gaussian
86,11,0,0.991545,0.99152788,0.991522828,0.085086359,0.999982734,0.999977639,0.085811899,0,gaussian
86,12,0,0.998200412,0.998194067,0.998181925,0.015543173,0.999993643,0.99998148,0.015571195,0,gaussian
86,13,0,0.99493484,0.994909392,0.994900926,0.034750551,0.999974423,0.999965913,0.034927464,0,gaussian
86,14,0,0.992518992,0.99250344,0.992497904,0.149812363,0.99998433,0.999978753,0.150941558,0,gaussian
87,0,0,0.991802588,0.991772181,0.991786868,0.118227379,0.999969341,0.99998415,0.119204548,0,gaussian
87,1,0,0.996062814,0.996021668,0.996030596,0.036784881,0.999958691,0.999967654,0.036930283,0,gaussian
87,2,0,1.000505374,1.00048831,1.000481611,0.009354417,0.999982944,0.999976249,0.009349692,0,gaussian
87,3,0,0.993048957,0.993026297,0.993026293,0.233001104,0.999977182,0.999977178,0.234632041,0,gaussian
87,4,0,0.996776751,0.996736521,0.996749078,0.063133409,0.999959639,0.999972237,0.063337562,0,gaussian
87,5,0,0.994982379,0.994944191,0.9949368,0.056968711,0.999961619,0.999954191,0.057256,0,gaussian
87,6,0,0.995662437,0.995540409,0.995548062,0.040418427,0.99987744,0.999885126,0.040594509,0,gaussian
87,7,0,0.994830697,0.994811341,0.994807039,0.060288863,0.999980543,0.999976219,0.060602133,0,gaussian
87,8,0,0.990745702,0.990688653,0.990649073,0.21064549,0.999942418,0.999902468,0.212613075,0,gaussian
87,9,0,0.99154878,0.991356502,0.991354563,0.15158279,0.999806084,0.999804128,0.152874769,0,gaussian
87,10,1,0.965646492,0.108773321,0.005073412,0.004048758,0.112643003,0.005253902,0.004192796,0,gaussian
87,11,1,0.964367853,0.087292931,0.005565188,0.00427079,0.090518292,0.005770814,0.00442859,0,gaussian
87,12,1,0.960989249,0.124265894,0.007136483,0.006189056,0.129310389,0.007426184,0.006440297,0,gaussian
87,13,1,0.965680571,0.11877867,0.00668299,0.005735728,0.122999958,0.006920497,0.005939571,0,gaussian
87,14,1,0.969150182,0.142172383,0.007562539,0.005683473,0.14669799,0.007803268,0.005864388,0,gaussian
88,0,0,0.990718377,0.990695954,0.990703036,0.266568962,0.999977367,0.999984516,0.269066335,0,gaussian
88,1,0,0.994583059,0.994564252,0.994566907,0.11719474,0.99998109,0.99998376,0.117833034,0,gaussian
88,2,0,0.994237917,0.994219971,0.994223595,0.033621515,0.99998195,0.999985595,0.033816367,0,gaussian
88,3,0,0.998300032,0.998256298,0.99826704,0.014656355,0.999956192,0.999966952,0.014681313,0,gaussian
88,4,0,0.996575309,0.996561688,0.996558344,0.050753273,0.999986332,0.999982976,0.050927685,0,gaussian
88,5,0,0.995471169,0.995421742,0.995427454,0.033444165,0.999950348,0.999956086,0.033596317,0,gaussian
88,6,0,0.997264223,0.997166533,0.9971787,0.058684714,0.999902042,0.999914243,0.058845702,0,gaussian
88,7,0,0.991521832,0.991427598,0.991341863,0.112175503,0.999904961,0.999818493,0.113134678,0,gaussian
88,8,0,0.995252165,0.994255522,0.993928117,0.021346829,0.998998603,0.998669636,0.021448664,0,gaussian
88,9,0,0.994985504,0.993318254,0.992967582,0.054111426,0.998324348,0.997971909,0.054384135,0,gaussian
88,10,1,0.963343082,0.095282272,0.006268003,0.003900857,0.098907932,0.006506512,0.004049292,0,gaussian
88,11,1,0.964356773,0.082434113,0.005331103,0.004026231,0.085480929,0.005528143,0.004175044,0,gaussian
88,12,1,0.961684517,0.13003723,0.007932153,0.005982733,0.135218179,0.008248187,0.006221098,0,gaussian
88,13,1,0.965817388,0.117476945,0.007031831,0.005271751,0.121634738,0.007280704,0.005458331,0,gaussian
88,14,1,0.964362397,0.131369106,0.007064795,0.005376784,0.136223795,0.007325872,0.005575481,0,gaussian
89,0,0,0.995393874,0.995373223,0.995369677,0.0222299,0.999979253,0.999975691,0.022332768,0,gaussian
89,1,0,0.995911978,0.995866866,0.995888053,0.028112361,0.999954703,0.999975977,0.028227757,0,gaussian
89,2,0,0.996181397,0.996131547,0.996118053,0.015552625,0.999949959,0.999936413,0.015612242,0,gaussian
89,3,0,0.994152286,0.994109547,0.994099731,0.047552692,0.999957009,0.999947136,0.047832402,0,gaussian
89,4,0,0.996901478,0.996842646,0.996870306,0.027441908,0.999940985,0.999968732,0.027527201,0,gaussian
89,5,0,0.995182736,0.9950243,0.995038586,0.082832426,0.999840796,0.999855152,0.083233384,0,gaussian
89,6,0,0.999209341,0.999119568,0.99907931,0.149389791,0.999910156,0.999869866,0.149508,0,gaussian
89,7,0,0.995865476,0.995266683,0.995087323,0.034711412,0.999398721,0.999218616,0.034855523,0,gaussian
89,8,0,0.997621668,0.996942605,0.997051619,0.007227217,0.999319319,0.999428592,0.007244447,0,gaussian
89,9,1,0.965369554,0.097632123,0.005409421,0.004162433,0.101134455,0.005603472,0.004311751,0,gaussian
89,10,1,0.963285942,0.108950866,0.00516269,0.003921798,0.113103349,0.005359458,0.004071271,0,gaussian
89,11,1,0.965129346,0.113197252,0.005790323,0.00486905,0.117287131,0.005999531,0.005044971,0,gaussian
89,12,1,0.966549002,0.115964626,0.006520568,0.005459072,0.119978011,0.006746237,0.005648003,0,gaussian
89,13,1,0.964146249,0.146120316,0.006757193,0.005634655,0.151554099,0.007008474,0.005844191,0,gaussian
89,14,0,0.995120528,0.992436721,0.991931804,0.396159419,0.997303033,0.996795641,0.398101946,0,gaussian
90,0,0,0.99718454,0.997162056,0.997161499,0.029409308,0.999977452,0.999976894,0.029492342,0,gaussian
90,1,0,0.994289504,0.994275124,0.994278384,0.09612144,0.999985537,0.999988816,0.096673493,0,gaussian
90,2,0,0.989745334,0.989729451,0.989731998,0.270521609,0.999983953,0.999986526,0.273324461,0,gaussian
90,3,0,0.989293686,0.989268342,0.989285915,0.26143243,0.999974382,0.999992144,0.264261699,0,gaussian
90,4,0,0.996019966,0.995985445,0.995979072,0.035794252,0.999965341,0.999958942,0.035937284,0,gaussian
90,5,0,0.997204789,0.997149757,0.997192362,0.033163308,0.999944814,0.999987538,0.033256266,0,gaussian
90,6,0,1.000187269,1.000026572,1.000023326,0.022611971,0.999839332,0.999836088,0.022607738,0,gaussian
90,7,0,0.997596623,0.997511865,0.997571848,0.018439116,0.999915039,0.999975166,0.018483538,0,gaussian
90,8,0,0.994427562,0.994148792,0.994215579,0.448581345,0.999719668,0.999786829,0.451095044,0,gaussian
90,9,0,0.997547415,0.997050146,0.997253227,0.016706893,0.999501509,0.999705089,0.016747968,0,gaussian
90,10,1,0.965556055,0.106795252,0.00518436,0.004231144,0.110604922,0.0053693,0.004382081,0,gaussian
90,11,1,0.966106939,0.117006695,0.005276746,0.004260789,0.121111536,0.005461866,0.004410266,0,gaussian
90,12,1,0.965416046,0.126812052,0.00686235,0.006069518,0.131354821,0.007108179,0.006286946,0,gaussian
90,13,1,0.964131076,0.13238286,0.007009881,0.006756501,0.137307948,0.007270672,0.007007866,0,gaussian
90,14,1,0.963921021,0.15319167,0.007685048,0.007296657,0.158925541,0.007972695,0.007569767,0,gaussian
91,0,0,1.001371375,1.001356044,1.001352903,0.006615957,0.99998469,0.999981553,0.006606896,0,gaussian
91,1,0,0.993377997,0.993349891,0.993350016,0.147649915,0.999971706,0.999971832,0.148634171,0,gaussian
91,2,0,0.994771589,0.994751715,0.994753719,0.110378169,0.999980022,0.999982037,0.110958305,0,gaussian
91,3,0,0.997223765,0.997172064,0.997211133,0.04382703,0.999948155,0.999987333,0.043949043,0,gaussian
91,4,0,0.992282689,0.992222898,0.992252282,0.035658768,0.999939744,0.999969356,0.035936098,0,gaussian
91,5,0,0.998620963,0.998445681,0.998482603,0.040345365,0.999824476,0.999861449,0.04040108,0,gaussian
91,6,0,0.993061115,0.993015486,0.993007581,0.047050214,0.999954053,0.999946092,0.047378972,0,gaussian
91,7,0,0.997859157,0.997785865,0.997792401,0.005980761,0.999926551,0.999933101,0.005993592,0,gaussian
91,8,0,0.99829405,0.998228481,0.998227856,0.01967547,0.999934319,0.999933693,0.019709093,0,gaussian
91,9,0,0.996170774,0.995161646,0.994967279,0.024371769,0.998986993,0.998791879,0.024465453,0,gaussian
91,10,1,0.965816212,0.130351318,0.005199174,0.004230457,0.13496493,0.005383191,0.004380189,0,gaussian
91,11,1,0.963163323,0.115098741,0.006103229,0.004653092,0.119500751,0.00633665,0.004831052,0,gaussian
91,12,1,0.966411882,0.155244604,0.007841555,0.006530935,0.160640207,0.008114092,0.006757921,0,gaussian
91,13,1,0.969236815,0.153378419,0.007277953,0.005365336,0.158246588,0.007508952,0.00553563,0,gaussian
91,14,1,0.963019572,0.14115576,0.008391274,0.00735296,0.146576211,0.008713503,0.007635317,0,gaussian
92,0,0,0.996521983,0.996506991,0.996509546,0.026808363,0.999984956,0.999987519,0.026901928,0,gaussian
92,1,0,0.994176354,0.994161345,0.994165096,0.053006272,0.999984903,0.999988676,0.05331677,0,gaussian
92,2,0,0.990953501,0.990926062,0.990922655,0.098853461,0.999972311,0.999968872,0.099755902,0,gaussian
92,3,0,0.996964033,0.996952986,0.996953719,0.017987357,0.999988919,0.999989655,0.018042132,0,gaussian
92,4,0,0.996268828,0.996222722,0.996211109,0.044549152,0.999953721,0.999942064,0.044715995,0,gaussian
92,5,0,0.993557215,0.993541802,0.99354195,0.034323561,0.999984487,0.999984636,0.034546134,0,gaussian
92,6,0,0.994913305,0.994885322,0.994871456,0.099050581,0.999971874,0.999957937,0.099556997,0,gaussian
92,7,0,0.999223285,0.999151254,0.999136413,0.008442713,0.999927913,0.999913061,0.008449275,0,gaussian
92,8,0,0.998340694,0.99827414,0.998282712,0.07414206,0.999933336,0.999941922,0.074265289,0,gaussian
92,9,0,0.997964284,0.997777658,0.997796785,0.020328602,0.999812994,0.99983216,0.02037007,0,gaussian
92,10,1,0.965363284,0.103769514,0.005224011,0.004347517,0.107492708,0.005411446,0.004503504,0,gaussian
92,11,1,0.963836407,0.105377133,0.00479533,0.00459198,0.109330932,0.004975253,0.004764273,0,gaussian
92,12,1,0.965035387,0.106086897,0.00702445,0.00604629,0.109930577,0.007278956,0.006265356,0,gaussian
92,13,1,0.960946928,0.149294797,0.007304102,0.006481595,0.155362167,0.007600942,0.006745008,0,gaussian
92,14,1,0.970756986,0.136872521,0.006934031,0.004875925,0.140995659,0.007142911,0.005022807,0,gaussian
93,0,0,0.989901997,0.989870139,0.989871681,0.212460641,0.999967817,0.999969375,0.214627954,0,gaussian
93,1,0,0.996630176,0.996608932,0.996600989,0.013454099,0.999978685,0.999970715,0.01349959,0,gaussian
93,2,0,0.995937855,0.995898097,0.995900723,0.018964883,0.99996008,0.999962717,0.019042235,0,gaussian
93,3,0,0.996619745,0.996533933,0.996556014,0.033885255,0.999913897,0.999936053,0.034000184,0,gaussian
93,4,0,0.997817071,0.997777687,0.99779301,0.021303694,0.99996053,0.999975887,0.0213503,0,gaussian
93,5,0,0.987242922,0.987207954,0.987226453,0.177445427,0.99996458,0.999983319,0.179738363,0,gaussian
93,6,0,0.996911754,0.996881907,0.996874684,0.007470346,0.99997006,0.999962815,0.007493488,0,gaussian
93,7,0,0.995307629,0.99521407,0.995205507,0.04101528,0.999906,0.999897396,0.041208647,0,gaussian
93,8,0,0.994222325,0.99402546,0.994109224,0.082752395,0.999801991,0.999886242,0.08323329,0,gaussian
93,9,0,0.990189509,0.990023535,0.990137922,0.216080427,0.999832382,0.999947902,0.218221285,0,gaussian
93,10,1,0.966535241,0.095151595,0.004926045,0.003413346,0.098446069,0.005096601,0.003531528,0,gaussian
93,11,1,0.965665395,0.116017042,0.005915815,0.003667335,0.120142073,0.006126154,0.003797729,0,gaussian
93,12,1,0.964782009,0.134772399,0.008350863,0.005605472,0.139692074,0.008655699,0.005810092,0,gaussian
93,13,1,0.965244311,0.125995123,0.007429246,0.005441689,0.130531847,0.007696752,0.005637629,0,gaussian
93,14,1,0.966218909,0.129780854,0.007575116,0.005357585,0.134318272,0.007839959,0.005544898,0,gaussian
94,0,0,0.995909826,0.995888182,0.99586108,0.01464148,0.999978266,0.999951054,0.014701612,0,gaussian
94,1,0,0.998580349,0.998540505,0.998548461,0.016378285,0.999960099,0.999968067,0.016401569,0,gaussian
94,2,0,0.994593434,0.994543738,0.994529212,0.040206612,0.999950034,0.999935429,0.040425173,0,gaussian
94,3,0,0.99556384,0.995535162,0.99554164,0.029065101,0.999971194,0.999977701,0.029194613,0,gaussian
94,4,0,0.995490171,0.995466026,0.995466657,0.032127844,0.999975746,0.99997638,0.032273392,0,gaussian
94,5,0,0.999260564,0.999241561,0.999226123,0.024090052,0.999980982,0.999965533,0.024107878,0,gaussian
94,6,0,0.993721631,0.993656347,0.99366873,0.072275589,0.999934303,0.999946764,0.072732229,0,gaussian
94,7,0,0.994843619,0.994751321,0.994803631,0.058154151,0.999907224,0.999959806,0.058455571,0,gaussian
94,8,0,0.994608894,0.994427432,0.994286291,0.071059997,0.999817554,0.999675648,0.071445166,0,gaussian
94,9,0,0.997768296,0.995657611,0.996482554,0.028812506,0.997884594,0.998711382,0.02887695,0,gaussian
94,10,1,0.964435385,0.090356467,0.004691546,0.003700531,0.093688461,0.004864552,0.003836992,0,gaussian
94,11,1,0.96153456,0.131729017,0.007035956,0.006167989,0.136998734,0.007317424,0.006414735,0,gaussian
94,12,1,0.963860134,0.150932245,0.007490416,0.005898399,0.156591439,0.007771269,0.006119559,0,gaussian
94,13,1,0.96442062,0.096236026,0.004949667,0.003546101,0.099786363,0.00513227,0.003676923,0,gaussian
94,14,1,0.965216833,0.126105831,0.007607173,0.005311221,0.130650261,0.00788131,0.00550262,0,gaussian
95,0,0,0.999886298,0.999859154,0.999855295,0.006745739,0.999972853,0.999968994,0.006746506,0,gaussian
95,1,0,0.999677883,0.999652161,0.999661696,0.022626853,0.99997427,0.999983808,0.022634144,0,gaussian
95,2,0,0.994325572,0.994272511,0.99429851,0.336794899,0.999946636,0.999972784,0.338716924,0,gaussian
95,3,0,0.996128827,0.996084811,0.996081109,0.093253616,0.999955812,0.999952096,0.09361602,0,gaussian
95,4,0,0.998041836,0.998027122,0.998016261,0.018637202,0.999985258,0.999974375,0.018673768,0,gaussian
95,5,0,0.996542079,0.996516866,0.996510872,0.026116936,0.9999747,0.999968685,0.02620756,0,gaussian
95,6,0,0.994693668,0.994579843,0.994583088,0.032210961,0.999885567,0.99988883,0.032382795,0,gaussian
95,7,0,1.000478175,1.00039061,1.000420474,0.081427798,0.999912478,0.999942327,0.08138888,0,gaussian
95,8,1,0.965514753,0.108650087,0.004996388,0.00366534,0.112530738,0.005174844,0.003796255,0,gaussian
95,9,1,0.965623349,0.125980338,0.007276456,0.005325719,0.130465298,0.007535501,0.005515317,0,gaussian
95,10,1,0.968068828,0.176418752,0.008494548,0.005980111,0.182237819,0.008774736,0.006177362,0,gaussian
95,11,1,0.961103044,0.144089198,0.009492923,0.006591966,0.149920655,0.009877112,0.00685875,0,gaussian
95,12,1,0.966792476,0.123052666,0.006413906,0.003587866,0.127279296,0.006634212,0.003711103,0,gaussian
95,13,0,0.996090959,0.995144098,0.994751576,0.018957302,0.999049423,0.998655361,0.019031698,0,gaussian
95,14,0,0.998490897,0.996767986,0.996717098,0.011434847,0.998274485,0.99822352,0.011452129,0,gaussian
96,0,0,0.997022752,0.996964333,0.996969456,0.012530514,0.999941406,0.999946544,0.012567932,0,gaussian
96,1,0,0.99454072,0.994518294,0.994512095,0.08070152,0.999977451,0.999971218,0.08114451,0,gaussian
96,2,0,0.999751408,0.999701599,0.999698698,0.010149044,0.999950179,0.999947277,0.010151567,0,gaussian
96,3,0,0.996165411,0.996152347,0.996148572,0.050598098,0.999986886,0.999983096,0.050792868,0,gaussian
96,4,0,0.996271858,0.996266964,0.996262938,0.145456257,0.999995088,0.999991046,0.146000568,0,gaussian
96,5,0,0.998413159,0.998371019,0.998370527,0.053627225,0.999957792,0.9999573,0.053712458,0,gaussian
96,6,0,0.996887196,0.996856801,0.996853864,0.011248398,0.99996951,0.999966563,0.011283521,0,gaussian
96,7,0,0.996074925,0.995963768,0.995943705,0.049810904,0.999888405,0.999868263,0.050007185,0,gaussian
96,8,0,0.995754171,0.995657125,0.995688016,0.09113994,0.99990254,0.999933563,0.091528555,0,gaussian
96,9,1,0.963831103,0.084504248,0.005609929,0.004275445,0.087675369,0.005820448,0.004435886,0,gaussian
96,10,1,0.968791353,0.111143333,0.006796934,0.004180681,0.114723705,0.00701589,0.004315357,0,gaussian
96,11,1,0.96514634,0.143134358,0.010604962,0.005515118,0.148303269,0.010987931,0.005714281,0,gaussian
96,12,1,0.96814606,0.119170463,0.016803875,0.004836876,0.123091409,0.017356756,0.004996019,0,gaussian
96,13,1,0.969364887,0.165149287,0.081771734,0.00539532,0.170368547,0.084355989,0.00556583,0,gaussian
96,14,0,0.987644901,0.8916391,0.89139276,0.057771005,0.9027932,0.902543779,0.0584937,0,gaussian
97,0,0,0.992448012,0.992397581,0.992404496,0.214235335,0.999949186,0.999956153,0.215865549,0,gaussian
97,1,0,0.996260845,0.996235813,0.996231289,0.022591581,0.999974874,0.999970333,0.022676371,0,gaussian
97,2,0,0.993479406,0.993472459,0.993457273,0.035075695,0.999993007,0.999977722,0.03530591,0,gaussian
97,3,0,0.992419183,0.992387517,0.992370815,0.05166913,0.999968093,0.999951263,0.052063817,0,gaussian
97,4,0,0.996304488,0.996291581,0.996293861,0.091770804,0.999987046,0.999989334,0.092111202,0,gaussian
97,5,0,0.995305701,0.995285467,0.995291898,0.176792054,0.999979671,0.999986132,0.177625883,0,gaussian
97,6,0,0.995408501,0.995300601,0.995161308,0.018229064,0.999891602,0.999751667,0.018313148,0,gaussian
97,7,0,0.99488343,0.994819011,0.994809504,0.040946005,0.99993525,0.999925695,0.041156585,0,gaussian
97,8,0,0.998900019,0.998821887,0.998830824,0.009594094,0.999921782,0.999930729,0.009604659,0,gaussian
97,9,0,0.998956606,0.998560888,0.998513072,0.014176459,0.999603868,0.999556003,0.014191266,0,gaussian
97,10,1,0.964931135,0.127609996,0.005495658,0.004437898,0.132247775,0.005695389,0.004599186,0,gaussian
97,11,1,0.961274717,0.126552402,0.007964732,0.006920842,0.131650609,0.008285594,0.00719965,0,gaussian
97,12,1,0.962935108,0.083659861,0.005416372,0.004596101,0.086880061,0.005624857,0.004773012,0,gaussian
97,13,1,0.964191636,0.152405717,0.008536236,0.007772968,0.158065795,0.008853257,0.008061643,0,gaussian
97,14,1,0.964298944,0.116384929,0.007522298,0.006242721,0.120693826,0.007800795,0.006473844,0,gaussian
98,0,0,0.995881606,0.995862641,0.995857132,0.017712444,0.999980957,0.999975425,0.017785693,0,gaussian
98,1,0,0.997296369,0.997268084,0.997267451,0.035661193,0.999971638,0.999971003,0.035757869,0,gaussian
98,2,0,0.994154788,0.994128318,0.994119971,0.028480307,0.999973374,0.999964978,0.02864776,0,gaussian
98,3,0,0.995045885,0.995035576,0.995032357,0.024867708,0.99998964,0.999986405,0.024991519,0,gaussian
98,4,0,0.996668245,0.996647007,0.996654531,0.049146026,0.999978691,0.99998624,0.049310316,0,gaussian
98,5,0,0.998630848,0.998615865,0.998619476,0.026453778,0.999984996,0.999988612,0.026490047,0,gaussian
98,6,0,0.995191156,0.995172452,0.995173909,0.060673462,0.999981206,0.99998267,0.060966641,0,gaussian
98,7,0,0.992372216,0.992323405,0.992320488,0.199221621,0.999950814,0.999947875,0.200752921,0,gaussian
98,8,0,0.998572944,0.998464951,0.998491943,0.026086876,0.999891853,0.999918884,0.026124156,0,gaussian
98,9,0,0.997047931,0.996715449,0.996666789,0.023875081,0.999666534,0.999617729,0.023945771,0,gaussian
98,10,1,0.963193999,0.097836434,0.004272419,0.004102377,0.101575003,0.004435679,0.004259138,0,gaussian
98,11,1,0.963745584,0.127014993,0.006555856,0.006120001,0.131793074,0.006802476,0.006350225,0,gaussian
98,12,1,0.963692134,0.116550945,0.005334689,0.003996087,0.120942095,0.005535678,0.004146643,0,gaussian
98,13,1,0.966671645,0.145762657,0.006817824,0.005558552,0.150788179,0.007052885,0.005750196,0,gaussian
98,14,1,0.965678254,0.148440471,0.007475228,0.005543085,0.153716282,0.00774091,0.005740095,0,gaussian
99,0,0,0.996843933,0.996635926,0.996674546,0.037372328,0.999791335,0.999830077,0.037490651,0,gaussian
99,1,1,0.959432088,0.108295035,0.005337834,0.004678645,0.112874101,0.005563535,0.004876473,0,gaussian
99,2,1,0.964928867,0.161789416,0.007204262,0.005876342,0.167669785,0.007466107,0.006089923,0,gaussian
99,3,1,0.96358216,0.093982168,0.004811756,0.004293786,0.097534151,0.004993613,0.004456066,0,gaussian
99,4,1,0.962545443,0.11339582,0.006458673,0.005811596,0.117808276,0.006709992,0.006037736,0,gaussian
99,5,1,0.965583529,0.138986782,0.006453821,0.005262295,0.143940713,0.006683856,0.00544986,0,gaussian
99,6,0,0.996270397,0.996249864,0.996242842,0.078784654,0.99997939,0.999972342,0.079079589,0,gaussian
99,7,0,0.994439514,0.994407882,0.994412359,0.050089948,0.999968191,0.999972693,0.05037003,0,gaussian
99,8,0,0.995101776,0.995057857,0.995049897,0.07010049,0.999955865,0.999947866,0.070445548,0,gaussian
99,9,0,0.996366099,0.996341534,0.996340834,0.018194487,0.999975345,0.999974643,0.018260845,0,gaussian
99,10,0,0.999767528,0.999753925,0.999748997,0.023176476,0.999986394,0.999981465,0.023181865,0,gaussian
99,11,0,0.989017012,0.988998,0.989003323,0.571110681,0.999980776,0.999986158,0.577452838,0,gaussian
99,12,0,0.990871309,0.990850722,0.990856837,0.17974595,0.999979223,0.999985395,0.181401912,0,gaussian
99,13,0,0.993178519,0.993151738,0.993156323,0.115840398,0.999973036,0.999977652,0.116636029,0,gaussian
99,14,0,0.995289121,0.995268794,0.995266425,0.037474028,0.999979577,0.999977197,0.0376514,0,gaussian
100,0,0,1.000011536,0.99999767,0.999998819,0.032663359,0.999986134,0.999987283,0.032662982,0,gaussian
100,1,0,0.99853618,0.99850819,0.998505408,0.027631127,0.999971969,0.999969183,0.027671633,0,gaussian
100,2,0,0.994337312,0.994301819,0.994303747,0.090022424,0.999964305,0.999966244,0.090535096,0,gaussian
100,3,0,0.996689301,0.996658031,0.996661447,0.023803937,0.999968627,0.999972053,0.023883006,0,gaussian
100,4,0,0.99496111,0.994894368,0.994905788,0.031405159,0.99993292,0.999944398,0.031564208,0,gaussian
100,5,0,0.996168313,0.996022144,0.99606997,0.110570222,0.999853269,0.999901279,0.110995522,0,gaussian
100,6,0,0.994388562,0.994265618,0.994290258,0.090242619,0.999876362,0.999901141,0.090751868,0,gaussian
100,7,0,0.991743175,0.991461989,0.991631551,0.527948992,0.999716473,0.999887447,0.532344467,0,gaussian
100,8,0,0.995939204,0.994626979,0.994374828,0.090263007,0.998682424,0.998429246,0.090631041,0,gaussian
100,9,1,0.965224374,0.093064528,0.004945683,0.003815493,0.096417507,0.005123868,0.00395296,0,gaussian
100,10,1,0.964492628,0.113793688,0.006802705,0.00522198,0.117982953,0.007053144,0.005414225,0,gaussian
100,11,1,0.966629819,0.128355734,0.008036402,0.005986442,0.132786855,0.008313836,0.006193107,0,gaussian
100,12,1,0.965796102,0.097774436,0.006425046,0.004734384,0.101237141,0.006652591,0.004902053,0,gaussian
100,13,1,0.963711629,0.079750129,0.005789389,0.003520738,0.082753104,0.006007387,0.00365331,0,gaussian
100,14,0,0.998283313,0.996621795,0.996390984,0.010283344,0.998335624,0.998104417,0.010301028,0,gaussian
101,0,0,0.994978186,0.994965015,0.994964753,0.050723544,0.999986762,0.9999865,0.050979554,0,gaussian
101,1,0,0.997357489,0.997337914,0.997344245,0.014869932,0.999980373,0.999986721,0.01490933,0,gaussian
101,2,0,0.995315171,0.995282393,0.995285899,0.092594339,0.999967068,0.99997059,0.093030169,0,gaussian
101,3,0,0.992196216,0.992150303,0.992149061,0.175441991,0.999953726,0.999952474,0.176821871,0,gaussian
101,4,0,0.99256798,0.992468409,0.992500495,0.197994319,0.999899683,0.99993201,0.199476835,0,gaussian
101,5,0,0.9952416,0.995177774,0.995188618,0.052093957,0.999935869,0.999946765,0.052343026,0,gaussian
101,6,0,0.996712944,0.996667869,0.996667618,0.014125625,0.999954776,0.999954525,0.01417221,0,gaussian
101,7,0,0.995070286,0.994973856,0.99499873,0.037652349,0.999903091,0.99992809,0.037838884,0,gaussian
101,8,0,0.998646106,0.998359149,0.998424608,0.101826853,0.999712654,0.999778201,0.101964903,0,gaussian
101,9,0,0.999984444,0.99980702,0.999844435,0.006202512,0.999822573,0.999859988,0.006202609,0,gaussian
101,10,1,0.963480763,0.120891367,0.006137676,0.004824014,0.125473566,0.006370315,0.005006861,0,gaussian
101,11,1,0.966897806,0.098511986,0.005554654,0.004209431,0.10188459,0.00574482,0.004353542,0,gaussian
101,12,1,0.963761754,0.130278267,0.007335957,0.006113339,0.135176838,0.007611795,0.006343206,0,gaussian
101,13,1,0.96152661,0.122712031,0.007498978,0.006333997,0.127622085,0.007799034,0.006587438,0,gaussian
101,14,1,0.965170232,0.143985418,0.007770361,0.006494444,0.149181371,0.008050767,0.006728807,0,gaussian
102,0,0,0.993705839,0.993683355,0.993685848,0.033821576,0.999977374,0.999979883,0.034035803,0,gaussian
102,1,0,0.996564981,0.996402813,0.996532676,0.24780935,0.999837273,0.999967584,0.248663514,0,gaussian
102,2,0,0.996925997,0.996847991,0.996890626,0.135750968,0.999921753,0.99996452,0.136169554,0,gaussian
102,3,0,0.998702628,0.998674729,0.998679493,0.010838357,0.999972065,0.999976835,0.010852437,0,gaussian
102,4,0,0.995028672,0.99498652,0.99498579,0.11523288,0.999957638,0.999956904,0.115808603,0,gaussian
102,5,0,0.9963304,0.996138123,0.996220586,0.049259097,0.999807015,0.999889782,0.049440524,0,gaussian
102,6,0,0.996295643,0.99599043,0.996061693,0.070237459,0.999693652,0.999765179,0.070498611,0,gaussian
102,7,0,0.997980375,0.99787534,0.997873421,0.016226436,0.999894752,0.999892829,0.016259274,0,gaussian
102,8,0,1.000330816,1.000045621,1.000060466,0.021335501,0.9997149,0.999729739,0.021328445,0,gaussian
102,9,0,0.994585737,0.994411939,0.994511035,0.022457887,0.999825256,0.999924891,0.022580142,0,gaussian
102,10,1,0.964883906,0.097575274,0.004238502,0.003732427,0.10112644,0.004392758,0.003868265,0,gaussian
102,11,1,0.965960634,0.086215635,0.00556347,0.004178122,0.089253776,0.00575952,0.004325355,0,gaussian
102,12,1,0.96598774,0.132343603,0.006436194,0.005470853,0.137003398,0.006662812,0.005663481,0,gaussian
102,13,1,0.963776937,0.122279813,0.006782118,0.005659561,0.126875637,0.007037021,0.005872273,0,gaussian
102,14,1,0.963672304,0.127592677,0.006859645,0.006088315,0.132402557,0.007118234,0.006317827,0,gaussian
103,0,0,0.998055361,0.998041184,0.998035297,0.029671537,0.999985795,0.999979896,0.02972935,0,gaussian
103,1,0,1.000073418,1.000065489,1.000067456,0.020324184,0.999992072,0.999994038,0.020322692,0,gaussian
103,2,0,0.994246486,0.994235864,0.994238482,0.057377643,0.999989317,0.99999195,0.057709676,0,gaussian
103,3,0,0.994280732,0.994248402,0.994246958,0.17782341,0.999967484,0.999966032,0.17884628,0,gaussian
103,4,0,0.993935889,0.993881224,0.993880309,0.1042306,0.999945002,0.999944081,0.104866523,0,gaussian
103,5,0,0.997964781,0.997858401,0.997884816,0.03629731,0.999893403,0.999919872,0.036371334,0,gaussian
103,6,0,0.994708954,0.994661983,0.994665192,0.035680281,0.999952779,0.999956005,0.035870071,0,gaussian
103,7,0,0.998006563,0.997923381,0.997874494,0.016296197,0.999916652,0.999867668,0.016328747,0,gaussian
103,8,0,0.998858612,0.998572967,0.998539598,0.014613741,0.999714029,0.999680621,0.01463044,0,gaussian
103,9,1,0.963645328,0.091667763,0.004944686,0.004516223,0.095126039,0.00513123,0.004686603,0,gaussian
103,10,1,0.967365921,0.141311001,0.006534387,0.005423065,0.146078126,0.006754824,0.005606012,0,gaussian
103,11,1,0.965627172,0.152849781,0.008086461,0.006712454,0.15829068,0.00837431,0.006951393,0,gaussian
103,12,1,0.966172776,0.146685683,0.006521757,0.005114054,0.151821378,0.006750093,0.005293105,0,gaussian
103,13,1,0.966614472,0.116891684,0.005985176,0.003996141,0.120928961,0.006191896,0.004134163,0,gaussian
103,14,0,0.998225513,0.996644167,0.995891481,0.016109185,0.998415843,0.997661819,0.016137821,0,gaussian
104,0,0,0.997523109,0.997510304,0.997509646,0.019029631,0.999987163,0.999986503,0.019076883,0,gaussian
104,1,0,0.994620761,0.994592844,0.99458478,0.044713048,0.999971932,0.999963825,0.044954871,0,gaussian
104,2,0,0.993105966,0.99309309,0.993100092,0.404783468,0.999987035,0.999994085,0.407593431,0,gaussian
104,3,0,0.995597335,0.995553554,0.995569976,0.059577096,0.999956026,0.999972521,0.059840554,0,gaussian
104,4,0,0.997934105,0.997903866,0.997903288,0.027588489,0.999969699,0.99996912,0.027645602,0,gaussian
104,5,0,0.994972471,0.994920576,0.994932102,0.184812864,0.999947842,0.999959426,0.185746711,0,gaussian
104,6,0,0.997439739,0.997272507,0.997300951,0.011897388,0.999832339,0.999860856,0.011927926,0,gaussian
104,7,0,0.997193229,0.997111091,0.997080321,0.010770645,0.999917631,0.999886775,0.010800961,0,gaussian
104,8,0,0.996708261,0.996536799,0.996542138,0.016786165,0.999827971,0.999833328,0.016841603,0,gaussian
104,9,0,0.996914276,0.9967177,0.996760368,0.0134811,0.999802815,0.999845615,0.013522828,0,gaussian
104,10,1,0.967470718,0.092167945,0.004621019,0.003297749,0.09526691,0.004776391,0.00340863,0,gaussian
104,11,1,0.965752403,0.114176882,0.005423752,0.004113801,0.118225832,0.00561609,0.004259685,0,gaussian
104,12,1,0.966247831,0.155602722,0.006727507,0.00573661,0.161038107,0.006962506,0.005936996,0,gaussian
104,13,1,0.964002669,0.137829472,0.006464235,0.005581916,0.142976235,0.006705619,0.005790354,0,gaussian
104,14,1,0.967995132,0.17076864,0.006634867,0.005422774,0.176414771,0.006854236,0.005602067,0,gaussian
105,0,0,0.995503897,0.995490647,0.995488512,0.037216043,0.99998669,0.999984545,0.037384126,0,gaussian
105,1,0,1.000887141,1.000858772,1.00085257,0.034735729,0.999971656,0.999965459,0.034704941,0,gaussian
105,2,0,0.99573526,0.995699716,0.99570203,0.03444661,0.999964304,0.999966629,0.034594145,0,gaussian
105,3,0,0.995246949,0.995181962,0.995178266,0.021683789,0.999934702,0.999930989,0.021787346,0,gaussian
105,4,0,0.996797482,0.996767672,0.996766891,0.010528109,0.999970094,0.999969311,0.010561934,0,gaussian
105,5,0,0.99761994,0.997589085,0.997584484,0.022560606,0.999969071,0.999964459,0.02261443,0,gaussian
105,6,0,0.995638095,0.995584253,0.995606172,0.025689404,0.999945922,0.999967937,0.02580195,0,gaussian
105,7,0,0.997672731,0.997610472,0.997595283,0.034495723,0.999937596,0.999922371,0.034576191,0,gaussian
105,8,0,0.992680794,0.992351394,0.992364497,0.037235763,0.999668172,0.999681371,0.037510309,0,gaussian
105,9,0,0.997984933,0.997564939,0.997582621,0.033586011,0.999579158,0.999596876,0.033653826,0,gaussian
105,10,1,0.963810242,0.107021225,0.005444617,0.004333619,0.111039725,0.005649055,0.004496341,0,gaussian
105,11,1,0.96414813,0.115756686,0.006267732,0.00484625,0.120061101,0.006500797,0.005026457,0,gaussian
105,12,1,0.967105288,0.134265047,0.007717836,0.005877619,0.138831882,0.007980347,0.006077538,0,gaussian
105,13,1,0.966407787,0.161115464,0.007630057,0.005921858,0.166715817,0.007895276,0.006127701,0,gaussian
105,14,1,0.962129081,0.142243906,0.009022911,0.007647578,0.14784285,0.009378067,0.007948598,0,gaussian
106,0,0,0.994699008,0.99467527,0.994681161,0.063465979,0.999976135,0.999982058,0.063804205,0,gaussian
106,1,0,0.996801174,0.996779081,0.996779633,0.012329137,0.999977835,0.999978389,0.012368703,0,gaussian
106,2,0,0.997363559,0.997350983,0.997353735,0.016796334,0.999987391,0.999990151,0.016840733,0,gaussian
106,3,0,0.990086686,0.990053227,0.990063772,0.352674614,0.999966205,0.999976856,0.356205794,0,gaussian
106,4,0,0.993961962,0.99389882,0.993881641,0.058376613,0.999936475,0.999919191,0.058731234,0,gaussian
106,5,0,0.996914626,0.996843116,0.996863084,0.051893431,0.999928269,0.999948299,0.052054037,0,gaussian
106,6,0,0.99690964,0.996758154,0.996793394,0.01192144,0.999848044,0.999883394,0.011958395,0,gaussian
106,7,0,0.992748543,0.992373571,0.992495279,0.440651385,0.999622289,0.999744886,0.44387009,0,gaussian
106,8,0,0.993614114,0.9928183,0.991770691,0.03990925,0.999199071,0.998144729,0.040165744,0,gaussian
106,9,0,0.997105506,0.992065774,0.992272375,0.00932322,0.994945638,0.995152838,0.009350284,0,gaussian
106,10,1,0.963909642,0.080045225,0.004903778,0.003674195,0.08304225,0.005087384,0.003811763,0,gaussian
106,11,1,0.962370262,0.10209756,0.007137894,0.004115294,0.106089687,0.007416994,0.004276207,0,gaussian
106,12,1,0.966106702,0.146589269,0.008043572,0.005584539,0.151731965,0.00832576,0.005780458,0,gaussian
106,13,1,0.969675817,0.162942547,0.009903627,0.004637791,0.168038167,0.010213339,0.004782826,0,gaussian
106,14,1,0.966793499,0.163755643,0.009775738,0.005366203,0.169380166,0.010111506,0.005550517,0,gaussian
107,0,0,0.996807604,0.996786919,0.996789614,0.034755475,0.999979249,0.999981953,0.034866784,0,gaussian
107,1,0,0.995064529,0.9950447,0.99504213,0.061756571,0.999980073,0.99997749,0.06206288,0,gaussian
107,2,0,0.996473682,0.996440673,0.996442109,0.025700161,0.999966874,0.999968315,0.025791109,0,gaussian
107,3,0,0.998847311,0.998730659,0.99874143,0.020298261,0.999883213,0.999893997,0.020321686,0,gaussian
107,4,0,0.990865963,0.990837517,0.99083348,0.247919568,0.999971292,0.999967217,0.250204949,0,gaussian
107,5,0,0.998335809,0.998261253,0.99826692,0.023480991,0.99992532,0.999930997,0.023520133,0,gaussian
107,6,0,0.993676443,0.993578165,0.99357094,0.046045141,0.999901097,0.999893826,0.046338163,0,gaussian
107,7,0,0.997287055,0.99720691,0.997190061,0.01056704,0.999919638,0.999902742,0.010595785,0,gaussian
107,8,0,0.993997053,0.99376629,0.993673544,0.083632341,0.999767843,0.999674537,0.084137413,0,gaussian
107,9,1,0.96561053,0.099501671,0.005326123,0.003491773,0.103045346,0.005515809,0.003616129,0,gaussian
107,10,0,0.997876487,0.99637174,0.995740242,0.026764763,0.998492051,0.997859208,0.02682172,0,gaussian
107,11,1,0.966305335,0.157482263,0.00869678,0.005124885,0.162973604,0.009000034,0.005303588,0,gaussian
107,12,1,0.966749156,0.175416221,0.009943384,0.006083657,0.181449573,0.010285382,0.006292901,0,gaussian
107,13,1,0.964883629,0.155611814,0.008579117,0.005578824,0.161275215,0.008891349,0.005781862,0,gaussian
107,14,1,0.962368069,0.100419266,0.008594612,0.00454719,0.104346008,0.008930691,0.004725001,0,gaussian
108,0,0,0.996315349,0.996305558,0.996306897,0.018303007,0.999990173,0.999991517,0.018370697,0,gaussian
108,1,0,0.999551978,0.999493963,0.999489544,0.012612578,0.999941959,0.999937538,0.012618231,0,gaussian
108,2,0,0.99326396,0.993235997,0.993240955,0.0666365,0.999971847,0.999976839,0.06708841,0,gaussian
108,3,0,0.995986689,0.995966904,0.995964665,0.050740354,0.999980135,0.999977887,0.050944811,0,gaussian
108,4,0,0.995579512,0.995555395,0.995561839,0.178909848,0.999975776,0.999982249,0.179704228,0,gaussian
108,5,0,0.99111184,0.991046973,0.991069825,0.552041252,0.999934551,0.999957608,0.556991885,0,gaussian
108,6,0,0.990777779,0.99074576,0.99073533,0.22975324,0.999967684,0.999957156,0.231891797,0,gaussian
108,7,0,0.99099672,0.990947071,0.990956496,0.18601363,0.9999499,0.999959411,0.187703578,0,gaussian
108,8,0,0.998413892,0.998346833,0.99835618,0.026575992,0.999932834,0.999942196,0.026618211,0,gaussian
108,9,0,0.99787398,0.997682943,0.99772391,0.022157489,0.999808556,0.99984961,0.022204696,0,gaussian
108,10,1,0.964363088,0.099856403,0.00491148,0.004195749,0.10354648,0.005092978,0.004350798,0,gaussian
108,11,1,0.962794517,0.094628227,0.005141168,0.004506265,0.098284967,0.005339839,0.004680402,0,gaussian
108,12,1,0.965914909,0.11274875,0.006442839,0.005264029,0.116727414,0.006670193,0.005449786,0,gaussian
108,13,1,0.967137464,0.137185311,0.006696648,0.005278101,0.141846756,0.006924194,0.005457447,0,gaussian
108,14,1,0.962328291,0.130197605,0.008042726,0.006410578,0.135294375,0.00835757,0.006661529,0,gaussian
109,0,0,0.995084613,0.995065026,0.995065104,0.040391841,0.999980316,0.999980394,0.040591363,0,gaussian
109,1,0,0.997560051,0.997549572,0.997542343,0.022986133,0.999989495,0.999982248,0.023042355,0,gaussian
109,2,0,0.996741539,0.996702536,0.996702442,0.021100565,0.99996087,0.999960775,0.021169545,0,gaussian
109,3,0,0.994150053,0.994130847,0.994136583,0.072547635,0.999980681,0.999986451,0.072974532,0,gaussian
109,4,0,0.994873007,0.994845955,0.994847657,0.109361689,0.999972809,0.999974519,0.109925275,0,gaussian
109,5,0,0.995575982,0.995516602,0.99554375,0.045449268,0.999940355,0.999967625,0.04565123,0,gaussian
109,6,0,0.997505363,0.997427493,0.997463972,0.010909672,0.999921935,0.999958506,0.010936956,0,gaussian
109,7,0,0.996657617,0.996616039,0.996595536,0.019861804,0.999958282,0.999937711,0.019928412,0,gaussian
109,8,0,0.99747593,0.997358194,0.997371634,0.013944119,0.999881967,0.99989544,0.013979404,0,gaussian
109,9,0,0.997582136,0.997300713,0.997323408,0.019898441,0.999717895,0.999740645,0.019946669,0,gaussian
109,10,1,0.963762333,0.113256636,0.004823504,0.004758239,0.11751511,0.005004869,0.00493715,0,gaussian
109,11,1,0.965726884,0.097040981,0.004123144,0.00374353,0.100484912,0.004269473,0.003876385,0,gaussian
109,12,1,0.962871162,0.13951201,0.006059798,0.005986909,0.144891669,0.006293467,0.006217767,0,gaussian
109,13,1,0.966261723,0.122878183,0.005435339,0.004907448,0.127168633,0.005625121,0.005078798,0,gaussian
109,14,1,0.966961969,0.154340548,0.007221025,0.006337312,0.159613876,0.007467744,0.006553838,0,gaussian
110,0,0,0.994837787,0.994813937,0.994811104,0.046859859,0.999976026,0.999973178,0.047103015,0,gaussian
110,1,0,0.996578418,0.996489485,0.996524646,0.052598883,0.999910762,0.999946043,0.052779472,0,gaussian
110,2,0,0.993321958,0.993280298,0.993289003,0.089427127,0.99995806,0.999966824,0.09002834,0,gaussian
110,3,0,0.996717353,0.996696607,0.99670391,0.03170381,0.999979185,0.999986512,0.031808225,0,gaussian
110,4,0,0.995940479,0.995923657,0.995922092,0.035255438,0.999983109,0.999981538,0.035399141,0,gaussian
110,5,0,0.996539591,0.995349475,0.994059867,0.008623826,0.998805752,0.997511666,0.008653771,0,gaussian
110,6,1,0.966609917,0.097988715,0.00521708,0.003813259,0.101373588,0.005397296,0.003944982,0,gaussian
110,7,1,0.962717161,0.116643731,0.005669317,0.004668763,0.121160955,0.00588887,0.004849569,0,gaussian
110,8,1,0.96479254,0.154856019,0.007483763,0.00600483,0.160507065,0.007756862,0.00622396,0,gaussian
110,9,1,0.968470888,0.150184219,0.006983784,0.004872861,0.15507355,0.007211145,0.005031499,0,gaussian
110,10,1,0.96469019,0.140504817,0.008022027,0.006130509,0.145647606,0.008315651,0.006354899,0,gaussian
110,11,0,0.99742251,0.997397273,0.997404917,0.015729796,0.999974697,0.999982362,0.015770445,0,gaussian
110,12,0,0.993015353,0.992972482,0.992964182,0.09004504,0.999956827,0.999948469,0.090678396,0,gaussian
110,13,0,0.993816292,0.993776499,0.993767576,0.060384372,0.99995996,0.99995098,0.060760095,0,gaussian
110,14,0,1.000052775,0.999935237,0.999986224,0.033693853,0.999882468,0.999933452,0.033692074,0,gaussian
111,0,0,0.996957822,0.996921586,0.996934314,0.071465432,0.999963653,0.99997642,0.071683506,0,gaussian
111,1,0,0.991558422,0.991528794,0.991516792,0.04673358,0.99997012,0.999958016,0.047131444,0,gaussian
111,2,0,0.997365826,0.997353192,0.997353144,0.007450158,0.999987333,0.999987284,0.007469834,0,gaussian
111,3,0,0.996084778,0.996044052,0.996038732,0.034716477,0.999959114,0.999953773,0.034852933,0,gaussian
111,4,0,0.996044801,0.996027151,0.99603294,0.077741564,0.99998228,0.999988092,0.078050268,0,gaussian
111,5,0,0.998212084,0.998147253,0.998162644,0.024134991,0.999935052,0.999950471,0.024178219,0,gaussian
111,6,0,0.995125422,0.995007954,0.994946264,0.107223688,0.999881957,0.999819964,0.107748918,0,gaussian
111,7,0,0.99130649,0.991254677,0.991257188,0.118079128,0.999947733,0.999950265,0.119114653,0,gaussian
111,8,0,0.993895351,0.993790188,0.993789639,0.055708575,0.999894191,0.999893639,0.056050745,0,gaussian
111,9,0,0.994840228,0.994586983,0.994627876,0.05508929,0.999745441,0.999786546,0.055375012,0,gaussian
111,10,1,0.964944121,0.119201498,0.005355419,0.004353254,0.123532021,0.005549978,0.004511405,0,gaussian
111,11,1,0.964021745,0.118256565,0.005216681,0.004071631,0.122670018,0.005411372,0.004223588,0,gaussian
111,12,1,0.964021601,0.139369653,0.007811181,0.006155671,0.144571089,0.008102703,0.006385408,0,gaussian
111,13,1,0.966173358,0.163489692,0.00805164,0.0061338,0.169213621,0.008333536,0.00634855,0,gaussian
111,14,1,0.966854325,0.153135226,0.007669833,0.005775074,0.158385003,0.00793277,0.005973055,0,gaussian
112,0,0,0.995542466,0.995524321,0.995525469,0.265754298,0.999981774,0.999982927,0.266944211,0,gaussian
112,1,0,0.994849136,0.994835792,0.994830851,0.031660854,0.999986587,0.99998162,0.031824779,0,gaussian
112,2,0,0.994796997,0.994775418,0.994777203,0.073077446,0.999978308,0.999980103,0.073459657,0,gaussian
112,3,0,0.995993378,0.995964731,0.9959625,0.034929054,0.999971238,0.999968997,0.035069564,0,gaussian
112,4,0,0.99290526,0.992839326,0.992857923,0.178926606,0.999933595,0.999952325,0.180205115,0,gaussian
112,5,0,0.991807322,0.991745012,0.991758158,0.173090624,0.999937175,0.99995043,0.174520413,0,gaussian
112,6,0,0.998288707,0.99820762,0.998196659,0.016585412,0.999918774,0.999907794,0.016613843,0,gaussian
112,7,0,0.998136816,0.998032851,0.997979184,0.03246819,0.999895842,0.999842074,0.032528798,0,gaussian
112,8,0,0.995455871,0.995216522,0.995318255,0.137915442,0.999759559,0.999861756,0.138545009,0,gaussian
112,9,0,0.999174599,0.997733488,0.99780399,0.02190038,0.998557698,0.998628259,0.021918471,0,gaussian
112,10,1,0.964674597,0.103740624,0.0052662,0.004201101,0.1075395,0.005459043,0.004354941,0,gaussian
112,11,1,0.964988593,0.105346412,0.005840445,0.005490437,0.109168556,0.006052346,0.005689639,0,gaussian
112,12,1,0.962530348,0.113722189,0.005302199,0.004816818,0.118149198,0.005508604,0.005004329,0,gaussian
112,13,1,0.965824473,0.152887518,0.007091468,0.00626382,0.158297415,0.007342398,0.006485464,0,gaussian
112,14,1,0.966931882,0.161611417,0.006944794,0.005759274,0.167138368,0.007182299,0.005956236,0,gaussian
113,0,0,0.995728069,0.995708614,0.995716357,0.085772108,0.999980462,0.999988239,0.086140093,0,gaussian
113,1,0,0.9918855,0.991868024,0.991873331,0.250796041,0.99998238,0.999987731,0.252847774,0,gaussian
113,2,0,0.995287219,0.995243375,0.995247525,0.040903715,0.999955948,0.999960119,0.041097398,0,gaussian
113,3,0,0.99519079,0.99515293,0.995156496,0.128430047,0.999961957,0.999965541,0.129050679,0,gaussian
113,4,0,0.995869268,0.995841315,0.995845472,0.026482285,0.999971932,0.999976106,0.02659213,0,gaussian
113,5,0,0.989224563,0.989169713,0.989198012,0.351882589,0.999944552,0.99997316,0.355715579,0,gaussian
113,6,0,0.992744938,0.992686066,0.99269663,0.128952759,0.999940697,0.999951339,0.129895157,0,gaussian
113,7,0,0.997444418,0.997343832,0.997357444,0.056052388,0.999899157,0.999912804,0.056196001,0,gaussian
113,8,0,0.997540015,0.997060363,0.997068715,0.011438608,0.999519165,0.999527537,0.011466816,0,gaussian
113,9,0,1.000291713,0.999336766,0.999116653,0.036343006,0.999045332,0.998825283,0.036332407,0,gaussian
113,10,1,0.966289287,0.079689469,0.004676282,0.003665367,0.082469577,0.004839422,0.00379324,0,gaussian
113,11,1,0.963142121,0.095382499,0.005099044,0.00425047,0.099032632,0.005294176,0.004413128,0,gaussian
113,12,1,0.965782496,0.116876987,0.006821388,0.005759532,0.121017918,0.007063068,0.005963591,0,gaussian
113,13,1,0.965421681,0.130165126,0.007678811,0.005853017,0.134827225,0.007953842,0.006062653,0,gaussian
113,14,1,0.967089547,0.126523752,0.007985543,0.006251565,0.130829407,0.008257294,0.006464308,0,gaussian
114,0,0,0.99582838,0.995804301,0.995804273,0.031174957,0.99997582,0.999975792,0.031305552,0,gaussian
114,1,0,0.993179789,0.993139464,0.993125891,0.057610516,0.999959397,0.999945731,0.05800613,0,gaussian
114,2,0,1.000277516,1.000256309,1.000250595,0.009812993,0.9999788,0.999973086,0.00981027,0,gaussian
114,3,0,1.002305065,1.002262712,1.002263196,0.018363778,0.999957744,0.999958227,0.018321546,0,gaussian
114,4,0,0.993925402,0.993881259,0.993872797,0.072751993,0.999955587,0.999947074,0.073196633,0,gaussian
114,5,0,0.995402019,0.995356302,0.995355299,0.044745425,0.999954072,0.999953065,0.044952114,0,gaussian
114,6,0,0.995520364,0.99541215,0.995335232,0.045281467,0.9998913,0.999814036,0.045485225,0,gaussian
114,7,0,0.996478681,0.99639536,0.996406043,0.009944404,0.999916384,0.999927106,0.009979546,0,gaussian
114,8,0,0.997145029,0.997037586,0.997065352,0.012027047,0.999892249,0.999920095,0.012061483,0,gaussian
114,9,0,0.996535401,0.995794156,0.995828947,0.026919401,0.999256178,0.99929109,0.02701299,0,gaussian
114,10,1,0.968301918,0.109635266,0.005445976,0.003722865,0.113224258,0.005624254,0.003844736,0,gaussian
114,11,1,0.967476619,0.09510173,0.004935595,0.003654413,0.098298737,0.005101514,0.003777262,0,gaussian
114,12,1,0.965644348,0.145517342,0.007962702,0.006379519,0.150694551,0.008245999,0.00660649,0,gaussian
114,13,1,0.966088236,0.161978344,0.008287761,0.006117858,0.16766413,0.008578679,0.006332607,0,gaussian
114,14,1,0.967076669,0.16346604,0.008131486,0.006369505,0.169031107,0.008408316,0.00658635,0,gaussian
115,0,0,0.995758179,0.995730815,0.995721469,0.015196905,0.99997252,0.999963134,0.015261642,0,gaussian
115,1,0,0.988359496,0.988334107,0.988339778,0.586812118,0.999974312,0.99998005,0.593723357,0,gaussian
115,2,0,0.993446176,0.993414891,0.993412221,0.19015785,0.999968508,0.999965821,0.191412333,0,gaussian
115,3,0,0.996134719,0.996128081,0.99612349,0.017717265,0.999993336,0.999988728,0.017786013,0,gaussian
115,4,0,0.99325824,0.993193847,0.993201036,0.036434952,0.99993517,0.999942408,0.036682255,0,gaussian
115,5,0,0.995097015,0.995055688,0.995068801,0.046467081,0.999958469,0.999971646,0.046696031,0,gaussian
115,6,1,0.963663799,0.09313055,0.004668848,0.003736503,0.096642159,0.004844893,0.003877392,0,gaussian
115,7,1,0.966754502,0.141653548,0.008499689,0.005781888,0.146524839,0.008791982,0.00598072,0,gaussian
115,8,1,0.967484709,0.1546335,0.007795391,0.005441801,0.159830433,0.008057379,0.005624689,0,gaussian
115,9,1,0.963094578,0.079217285,0.004294917,0.003772491,0.082252862,0.004459497,0.003917051,0,gaussian
115,10,1,0.965124208,0.101063936,0.005862413,0.004681092,0.104715989,0.006074257,0.004850248,0,gaussian
115,11,0,1.000165228,0.999903021,0.999849879,0.012824194,0.999737836,0.999684703,0.012822075,0,gaussian
115,12,0,0.998622601,0.998559657,0.998553779,0.052600864,0.999936969,0.999931083,0.052673416,0,gaussian
115,13,0,0.988512803,0.988491363,0.988493544,0.359914285,0.99997831,0.999980517,0.364096735,0,gaussian
115,14,0,0.994398231,0.994358781,0.994369823,0.048467518,0.999960327,0.999971431,0.048740551,0,gaussian
116,0,0,0.996462583,0.996311959,0.996278238,0.01947084,0.999848841,0.999815,0.019539961,0,gaussian
116,1,0,0.996218002,0.996092753,0.996046967,0.03512734,0.999874275,0.999828316,0.035260696,0,gaussian
116,2,1,0.962625283,0.095018597,0.004232858,0.004073567,0.098707772,0.004397202,0.004231726,0,gaussian
116,3,1,0.964071172,0.096075376,0.004793977,0.003898327,0.099655895,0.004972638,0.004043609,0,gaussian
116,4,1,0.965105227,0.154229475,0.006177239,0.005327638,0.159805865,0.006400586,0.005520267,0,gaussian
116,5,1,0.966024494,0.125560593,0.005528772,0.005249342,0.129976615,0.005723221,0.005433963,0,gaussian
116,6,1,0.96270811,0.179286441,0.007102594,0.006944241,0.186231361,0.007377724,0.007213236,0,gaussian
116,7,0,0.994839447,0.994830134,0.994830856,0.043631075,0.999990639,0.999991365,0.043857404,0,gaussian
116,8,0,0.999432148,0.999424363,0.999427028,0.032190718,0.999992211,0.999994878,0.032209008,0,gaussian
116,9,0,0.994606515,0.994597772,0.994599429,0.035622169,0.999991209,0.999992876,0.035815338,0,gaussian
116,10,0,0.990508177,0.990492176,0.990482359,0.553658964,0.999983846,0.999973935,0.558964557,0,gaussian
116,11,0,0.994100389,0.994087192,0.994072584,0.176919737,0.999986725,0.99997203,0.177969689,0,gaussian
116,12,0,0.994451588,0.994428918,0.994419563,0.074126019,0.999977203,0.999967797,0.074539596,0,gaussian
116,13,0,0.994277976,0.994259728,0.994258254,0.129984155,0.999981646,0.999980165,0.130732208,0,gaussian
116,14,0,0.995427356,0.995416624,0.995414743,0.028674917,0.999989219,0.999987329,0.028806639,0,gaussian
117,0,0,0.997194294,0.997167268,0.997166717,0.040440337,0.999972898,0.999972345,0.04055412,0,gaussian
117,1,0,0.99521884,0.995187075,0.995173896,0.071659276,0.999968082,0.99995484,0.072003537,0,gaussian
117,2,0,0.997832192,0.99780852,0.997816597,0.031186484,0.999976276,0.999984371,0.031254238,0,gaussian
117,3,0,0.996796652,0.996772068,0.996770783,0.01276655,0.999975337,0.999974048,0.012807577,0,gaussian
117,4,0,0.996546996,0.996532846,0.996533988,0.040213961,0.999985801,0.999986947,0.040353301,0,gaussian
117,5,0,0.997384057,0.997353631,0.997347077,0.02887179,0.999969495,0.999962924,0.028947515,0,gaussian
117,6,0,0.995499241,0.995473636,0.99545814,0.058693022,0.999974279,0.999958714,0.058958379,0,gaussian
117,7,0,0.993102292,0.99307011,0.993078335,0.508767375,0.999967594,0.999975877,0.512301078,0,gaussian
117,8,0,0.995646656,0.994547503,0.994190794,0.045970737,0.998896041,0.998537772,0.046171739,0,gaussian
117,9,0,0.997344013,0.996365274,0.996365172,0.009448529,0.999018654,0.999018552,0.009473691,0,gaussian
117,10,1,0.9630885,0.099557335,0.004575257,0.004177345,0.103372987,0.004750609,0.004337447,0,gaussian
117,11,1,0.96493857,0.106140954,0.005519952,0.003845649,0.109997629,0.005720521,0.003985382,0,gaussian
117,12,1,0.96551085,0.132729035,0.006740851,0.005425279,0.137470268,0.006981642,0.005619076,0,gaussian
117,13,1,0.966477512,0.147499617,0.008018147,0.006106346,0.152615674,0.008296258,0.006318146,0,gaussian
117,14,1,0.966214279,0.142574209,0.006654484,0.005251406,0.147559617,0.006887172,0.005435032,0,gaussian
118,0,0,0.992243231,0.992197958,0.99221425,0.076423819,0.999954374,0.999970792,0.077021255,0,gaussian
118,1,0,0.995815326,0.995802213,0.995808966,0.119929775,0.999986831,0.999993613,0.120433751,0,gaussian
118,2,0,0.992518334,0.992499099,0.992505783,0.067828166,0.99998062,0.999987354,0.068339459,0,gaussian
118,3,0,0.998773498,0.998734246,0.998740712,0.011380792,0.999960699,0.999967174,0.011394768,0,gaussian
118,4,0,0.996905134,0.996846127,0.996854161,0.019187617,0.99994081,0.999948869,0.019247185,0,gaussian
118,5,0,0.997231931,0.997167172,0.99715804,0.016637983,0.999935062,0.999925904,0.016684166,0,gaussian
118,6,0,0.993995898,0.993954358,0.993951453,0.05385408,0.999958209,0.999955287,0.054179378,0,gaussian
118,7,0,0.995843689,0.995802586,0.995801071,0.019889155,0.999958726,0.999957204,0.019972166,0,gaussian
118,8,0,0.994957085,0.99447648,0.994533327,0.040240579,0.99951696,0.999574095,0.040444538,0,gaussian
118,9,1,0.965137051,0.110806602,0.005489129,0.004241344,0.114809189,0.005687408,0.004394551,0,gaussian
118,10,1,0.967312596,0.165291135,0.009276902,0.005743086,0.170876649,0.009590387,0.005937157,0,gaussian
118,11,1,0.964199749,0.173330853,0.009487635,0.005792304,0.179766541,0.009839906,0.00600737,0,gaussian
118,12,1,0.967208543,0.194110614,0.010953914,0.005646081,0.200691583,0.011325287,0.005837501,0,gaussian
118,13,1,0.964655712,0.125918179,0.01315265,0.004508381,0.13053173,0.013634553,0.004673565,0,gaussian
118,14,0,0.993039171,0.989621165,0.987291367,0.046158371,0.996558035,0.994211906,0.046481923,0,gaussian
119,0,0,0.993964345,0.993932821,0.993931498,0.074720096,0.999968284,0.999966954,0.075173819,0,gaussian
119,1,0,0.992281995,0.992255033,0.992248599,0.106808995,0.999972828,0.999966345,0.107639759,0,gaussian
119,2,0,0.992316059,0.992283259,0.992290806,0.128585503,0.999966945,0.999974551,0.129581197,0,gaussian
119,3,0,0.993885677,0.993861241,0.993855446,0.053606836,0.999975414,0.999969583,0.053936622,0,gaussian
119,4,0,0.997633153,0.997604176,0.997606759,0.015786394,0.999970954,0.999973543,0.015823846,0,gaussian
119,5,0,1.001882036,1.001839617,1.001815033,0.02025084,0.999957661,0.999933123,0.020212799,0,gaussian
119,6,0,0.995847654,0.995775024,0.99579891,0.043234933,0.999927067,0.999951052,0.043415208,0,gaussian
119,7,0,0.995400705,0.995332055,0.99532193,0.060775412,0.999931032,0.99992086,0.061056227,0,gaussian
119,8,0,0.993267725,0.99319313,0.993206521,0.086479532,0.999924899,0.99993838,0.087065682,0,gaussian
119,9,0,1.000087766,0.999859409,0.999987218,0.005817772,0.999771663,0.999899461,0.005817261,0,gaussian
119,10,1,0.963679684,0.118006642,0.005607928,0.005094745,0.122454218,0.005819287,0.005286762,0,gaussian
119,11,1,0.962407802,0.100824665,0.005976046,0.004959024,0.104762934,0.006209474,0.005152726,0,gaussian
119,12,1,0.966857549,0.153780337,0.00658029,0.006211387,0.159051701,0.006805853,0.006424304,0,gaussian
119,13,1,0.970489893,0.134507313,0.007203583,0.004957684,0.138597336,0.007422626,0.005108434,0,gaussian
119,14,1,0.966459201,0.165994902,0.008231251,0.007150044,0.171755727,0.008516915,0.007398186,0,gaussian
120,0,0,0.991770224,0.991746469,0.991731789,0.178974543,0.999976048,0.999961246,0.180459686,0,gaussian
120,1,0,0.993411333,0.993393714,0.993380276,0.053687066,0.999982264,0.999968737,0.054043138,0,gaussian
120,2,0,0.996250546,0.996222929,0.99622028,0.030685269,0.99997228,0.99996962,0.030800755,0,gaussian
120,3,0,0.992877664,0.992842129,0.992853003,0.084994464,0.99996421,0.999975161,0.085604166,0,gaussian
120,4,0,0.995501734,0.995470452,0.995479912,0.045270698,0.999968576,0.99997808,0.045475258,0,gaussian
120,5,0,0.993682944,0.993633146,0.993642315,0.10017292,0.999949886,0.999959113,0.100809741,0,gaussian
120,6,0,0.992503016,0.992483829,0.992474037,0.076709451,0.999980668,0.999970802,0.077288884,0,gaussian
120,7,0,0.99590143,0.995815835,0.995835288,0.089613558,0.999914053,0.999933587,0.089982357,0,gaussian
120,8,0,0.993112901,0.99294655,0.993007704,0.099032947,0.999832495,0.999894073,0.099719726,0,gaussian
120,9,0,0.995158961,0.994068546,0.993653534,0.030795857,0.99890428,0.99848725,0.030945666,0,gaussian
120,10,1,0.966154862,0.100028764,0.005109313,0.003910762,0.103532848,0.005288296,0.004047759,0,gaussian
120,11,1,0.967820059,0.148148801,0.007353783,0.005209879,0.153074737,0.007598296,0.005383107,0,gaussian
120,12,1,0.964686253,0.108190518,0.00522864,0.003861493,0.11215099,0.005420041,0.004002848,0,gaussian
120,13,1,0.967229653,0.161778114,0.008673325,0.005597958,0.167259258,0.008967183,0.00578762,0,gaussian
120,14,1,0.965626515,0.117413479,0.007914013,0.005379199,0.121593056,0.008195729,0.005570683,0,gaussian
121,0,0,0.99572108,0.995698041,0.995700745,0.06915776,0.999976862,0.999979578,0.069454952,0,gaussian
121,1,0,0.99672794,0.996718219,0.996716801,0.025485213,0.999990247,0.999988825,0.025568876,0,gaussian
121,2,0,0.992824352,0.992801992,0.992806013,0.095801061,0.999977478,0.999981528,0.096493464,0,gaussian
121,3,0,0.994523537,0.994402963,0.994399881,0.055647103,0.999878762,0.999875663,0.055953531,0,gaussian
121,4,0,0.995879601,0.995870382,0.995869747,0.069101647,0.999990743,0.999990105,0.069387552,0,gaussian
121,5,0,0.993883632,0.993860086,0.993855434,0.057641797,0.999976309,0.999971628,0.057996525,0,gaussian
121,6,0,0.992987072,0.99296239,0.992970993,0.26793986,0.999975143,0.999983807,0.269832174,0,gaussian
121,7,0,0.995336475,0.995301964,0.995298266,0.030278946,0.999965327,0.999961612,0.030420814,0,gaussian
121,8,0,0.995586822,0.995434067,0.995497304,0.03773016,0.999846568,0.999910086,0.037897408,0,gaussian
121,9,0,0.99523585,0.994784544,0.994938469,0.081432065,0.999546533,0.999701195,0.081821877,0,gaussian
121,10,1,0.966344238,0.095976938,0.004743604,0.004041947,0.099319615,0.004908814,0.00418272,0,gaussian
121,11,1,0.965711958,0.133604405,0.005202996,0.004108882,0.138348091,0.005387731,0.004254769,0,gaussian
121,12,1,0.968044148,0.134931617,0.006492752,0.004940396,0.139385809,0.006707082,0.005103482,0,gaussian
121,13,1,0.965347165,0.159134776,0.007627907,0.006178111,0.164847199,0.007901724,0.006399885,0,gaussian
121,14,1,0.966187202,0.140975947,0.006934397,0.005459328,0.145909558,0.007177074,0.005650383,0,gaussian
122,0,0,0.993313455,0.993229615,0.993259657,0.062317114,0.999915595,0.999945839,0.062736605,0,gaussian
122,1,0,0.992021958,0.991749432,0.991802967,0.130371433,0.999725283,0.999779248,0.131419906,0,gaussian
122,2,0,0.991537693,0.991520519,0.991514857,0.203422557,0.999982679,0.999976969,0.205158673,0,gaussian
122,3,0,0.996297336,0.996276959,0.996276398,0.015697502,0.999979547,0.999978984,0.015755841,0,gaussian
122,4,0,0.995148087,0.995124953,0.995131842,0.061624429,0.999976753,0.999983676,0.061924883,0,gaussian
122,5,0,0.99378112,0.993757202,0.993757835,0.091184748,0.999975932,0.999976569,0.091755364,0,gaussian
122,6,0,0.990357316,0.990339193,0.99034214,0.259929867,0.9999817,0.999984676,0.262460693,0,gaussian
122,7,0,0.990215506,0.990144858,0.990174449,0.256693341,0.999928653,0.999958536,0.259229773,0,gaussian
122,8,0,0.990950057,0.990843989,0.990785312,0.179536861,0.999892963,0.999833751,0.181176498,0,gaussian
122,9,0,0.994009893,0.993783224,0.993842676,0.08146419,0.999771964,0.999831775,0.081955109,0,gaussian
122,10,1,0.962390923,0.095351709,0.005015247,0.004345191,0.099077938,0.005211236,0.004514996,0,gaussian
122,11,1,0.966601516,0.11836633,0.006251975,0.004870585,0.122456181,0.006467997,0.005038876,0,gaussian
122,12,1,0.964413123,0.093767265,0.006212956,0.004494397,0.09722728,0.006442215,0.00466024,0,gaussian
122,13,1,0.964339896,0.131733183,0.00737481,0.006079764,0.136604514,0.007647521,0.006304586,0,gaussian
122,14,1,0.961741913,0.140785217,0.008860427,0.007708819,0.146385652,0.009212895,0.008015476,0,gaussian
123,0,0,0.994775673,0.99475396,0.994749914,0.072481321,0.999978173,0.999974105,0.072861975,0,gaussian
123,1,0,0.995257125,0.995233596,0.995224822,0.071801247,0.999976359,0.999967543,0.072143414,0,gaussian
123,2,0,0.994746676,0.99473155,0.994732318,0.052454662,0.999984794,0.999985566,0.052731679,0,gaussian
123,3,0,0.992254341,0.99224084,0.992238169,0.126000676,0.999986394,0.999983702,0.126984252,0,gaussian
123,4,0,0.991783686,0.991759856,0.991754861,0.10739591,0.999975973,0.999970936,0.108285619,0,gaussian
123,5,0,0.994661957,0.994641027,0.994625965,0.03805589,0.999978957,0.999963814,0.038260125,0,gaussian
123,6,0,0.995215908,0.995162686,0.995117143,0.134969329,0.999946523,0.99990076,0.135618139,0,gaussian
123,7,0,0.996451295,0.996388335,0.996392762,0.027009987,0.999936815,0.999941259,0.027106179,0,gaussian
123,8,0,0.996236665,0.996120465,0.996137366,0.024624035,0.999883361,0.999900325,0.024717054,0,gaussian
123,9,0,0.994743666,0.994446902,0.994263631,0.04466023,0.999701668,0.999517428,0.04489622,0,gaussian
123,10,1,0.963431128,0.126203287,0.005075852,0.004480743,0.130993575,0.005268515,0.004650818,0,gaussian
123,11,1,0.965842145,0.097613097,0.004982909,0.003987231,0.10106527,0.005159134,0.004128243,0,gaussian
123,12,1,0.966832191,0.135925746,0.006392133,0.005146551,0.140588768,0.00661142,0.005323107,0,gaussian
123,13,1,0.963375904,0.121573569,0.006714091,0.005763246,0.12619536,0.006969337,0.005982344,0,gaussian
123,14,1,0.965840709,0.132473524,0.007671958,0.006349899,0.13715877,0.007943295,0.006574479,0,gaussian
124,0,0,0.992920405,0.992903673,0.992898987,0.086765836,0.999983149,0.999978429,0.087384483,0,gaussian
124,1,0,0.999928866,0.99991794,0.999907318,0.032107501,0.999989073,0.99997845,0.032109786,0,gaussian
124,2,0,0.992233389,0.992205592,0.992200183,0.093680591,0.999971985,0.999966534,0.094413867,0,gaussian
124,3,0,0.993275509,0.993206429,0.993224727,0.07427457,0.999930452,0.999948874,0.07477741,0,gaussian
124,4,0,0.991305712,0.991242442,0.991248105,0.083250302,0.999936176,0.999941888,0.083980452,0,gaussian
124,5,0,0.999733664,0.999700888,0.999692323,0.035075792,0.999967215,0.999958648,0.035085136,0,gaussian
124,6,0,0.99916157,0.999105926,0.999111704,0.009189522,0.999944309,0.999950093,0.009197233,0,gaussian
124,7,0,0.995867022,0.995807131,0.995826391,0.049038239,0.999939861,0.999959201,0.049241754,0,gaussian
124,8,0,0.993945166,0.993705902,0.993622275,0.046715342,0.999759279,0.999675143,0.046999919,0,gaussian
124,9,0,0.998914619,0.998769653,0.998824125,0.031600273,0.999854876,0.999909408,0.031634609,0,gaussian
124,10,1,0.964400076,0.12595831,0.005248595,0.004640933,0.130607943,0.005442342,0.004812249,0,gaussian
124,11,1,0.964530447,0.165989268,0.007559642,0.006891958,0.172093342,0.00783764,0.007145402,0,gaussian
124,12,1,0.964641994,0.093874146,0.005178604,0.004291469,0.097315011,0.00536842,0.004448768,0,gaussian
124,13,1,0.966271879,0.178934612,0.009184054,0.007828285,0.185180399,0.009504628,0.008101534,0,gaussian
124,14,1,0.968041019,0.164231829,0.009113181,0.006426533,0.169653791,0.009414045,0.006638699,0,gaussian
125,0,0,0.9944881,0.994442236,0.994439885,0.100524511,0.999953882,0.999951519,0.101081664,0,gaussian
125,1,0,0.999515637,0.99949781,0.999499558,0.017961687,0.999982164,0.999983913,0.017970392,0,gaussian
125,2,0,0.995935144,0.995926553,0.995912275,0.039277148,0.999991374,0.999977038,0.039437456,0,gaussian
125,3,0,0.992532182,0.99249305,0.992491963,0.054951638,0.999960573,0.999959479,0.055365095,0,gaussian
125,4,0,0.998803984,0.998773123,0.99877888,0.053194784,0.999969102,0.999974865,0.053258482,0,gaussian
125,5,0,0.99348176,0.993437007,0.993451984,0.373802103,0.999954954,0.999970029,0.376254621,0,gaussian
125,6,0,0.995980633,0.99595993,0.995958603,0.100544114,0.999979214,0.999977881,0.100949868,0,gaussian
125,7,0,0.99302769,0.992959437,0.992945175,0.056630688,0.999931268,0.999916905,0.057028307,0,gaussian
125,8,0,0.993135093,0.992937182,0.99305363,0.292064712,0.999800721,0.999917974,0.294083569,0,gaussian
125,9,0,0.99097379,0.986108683,0.9860937,0.128879433,0.99509058,0.995075459,0.130053322,0,gaussian
125,10,1,0.963040525,0.097613896,0.005907634,0.004186862,0.101360113,0.006134356,0.004347545,0,gaussian
125,11,1,0.963922905,0.129210224,0.010400679,0.006474804,0.134046222,0.010789949,0.006717139,0,gaussian
125,12,1,0.96558607,0.116832117,0.017094599,0.003998472,0.120996067,0.017703858,0.00414098,0,gaussian
125,13,1,0.96303977,0.12627873,0.01215956,0.006159277,0.131125146,0.012626228,0.006395663,0,gaussian
125,14,1,0.965156892,0.117277478,0.014838577,0.005291801,0.12151131,0.015374264,0.00548284,0,gaussian
126,0,0,0.989924859,0.989872455,0.989880355,0.091600004,0.999947063,0.999955044,0.09253228,0,gaussian
126,1,0,0.994449632,0.994421429,0.994435659,0.04253335,0.99997164,0.999985949,0.042770743,0,gaussian
126,2,0,0.993734616,0.993709773,0.99371566,0.04417985,0.999975001,0.999980925,0.044458399,0,gaussian
126,3,0,0.994139396,0.994116977,0.994114245,0.048901735,0.999977449,0.999974701,0.049190018,0,gaussian
126,4,0,0.992487155,0.992460042,0.992464097,0.061919188,0.999972681,0.999976768,0.062387898,0,gaussian
126,5,0,0.996421382,0.996280118,0.996325435,0.028955676,0.999858229,0.999903709,0.029059669,0,gaussian
126,6,0,0.990755475,0.990710028,0.99072568,0.25602474,0.999954129,0.999969927,0.258413652,0,gaussian
126,7,0,0.991668,0.991598301,0.991594637,0.121810645,0.999929716,0.99992602,0.122834099,0,gaussian
126,8,0,0.999403281,0.999155686,0.999213382,0.02972738,0.999752257,0.999809988,0.029745129,0,gaussian
126,9,0,0.988834066,0.98852828,0.988521006,0.316475139,0.999690761,0.999683404,0.320048783,0,gaussian
126,10,1,0.963365832,0.099459868,0.00442056,0.004413369,0.103242055,0.004588662,0.004581198,0,gaussian
126,11,1,0.962039319,0.12343467,0.004737338,0.004435584,0.128305224,0.004924267,0.004610606,0,gaussian
126,12,1,0.964387077,0.137759212,0.006481377,0.00582171,0.142846389,0.006720721,0.006036695,0,gaussian
126,13,1,0.963548524,0.124159765,0.006522005,0.006051843,0.128856785,0.006768736,0.006280787,0,gaussian
126,14,1,0.963721426,0.144957869,0.00744089,0.006783258,0.1504147,0.007720997,0.007038609,0,gaussian
127,0,0,0.995041071,0.995022223,0.995026384,0.083728146,0.999981057,0.99998524,0.084145417,0,gaussian
127,1,0,0.994415749,0.994372473,0.994373563,0.074709444,0.999956481,0.999957577,0.075128984,0,gaussian
127,2,0,0.995192403,0.995140963,0.995151315,0.021765452,0.999948311,0.999958714,0.021870597,0,gaussian
127,3,0,0.995398386,0.995319969,0.995330721,0.077845297,0.99992122,0.999932022,0.078205167,0,gaussian
127,4,0,0.991673311,0.991625028,0.991626289,0.124752217,0.999951312,0.999952584,0.125799712,0,gaussian
127,5,0,0.993856849,0.993811737,0.993814723,0.075886482,0.999954609,0.999957614,0.076355545,0,gaussian
127,6,0,0.999358194,0.999310835,0.999315654,0.01775681,0.999952611,0.999957433,0.017768214,0,gaussian
127,7,0,0.996873007,0.996856544,0.99684508,0.011049949,0.999983485,0.999971985,0.011084611,0,gaussian
127,8,0,0.987244108,0.987216692,0.987211395,0.224963802,0.999972229,0.999966864,0.227870493,0,gaussian
127,9,0,0.995474919,0.994240986,0.993637944,0.019207928,0.998760458,0.998154675,0.019295241,0,gaussian
127,10,1,0.965498476,0.152880621,0.007933428,0.004672109,0.15834372,0.008216924,0.004839064,0,gaussian
127,11,1,0.966155729,0.112529335,0.006932124,0.004740111,0.116471218,0.007174955,0.004906156,0,gaussian
127,12,1,0.964368025,0.153423851,0.009041523,0.006014493,0.159092636,0.009375594,0.006236719,0,gaussian
127,13,1,0.960693741,0.167298675,0.010752083,0.007525606,0.174143608,0.011191999,0.007833512,0,gaussian
127,14,1,0.967315909,0.141146521,0.009264245,0.005755661,0.145915641,0.009577269,0.005950136,0,gaussian
128,0,0,0.999745405,0.999730882,0.999727282,0.005486653,0.999985473,0.999981872,0.005488051,0,gaussian
128,1,0,0.994168558,0.994140297,0.994143043,0.03945619,0.999971574,0.999974336,0.039687626,0,gaussian
128,2,0,0.997974901,0.99794835,0.997955984,0.093595809,0.999973395,0.999981044,0.093785734,0,gaussian
128,3,0,0.999422753,0.999412788,0.999414006,0.021961721,0.999990029,0.999991249,0.021974406,0,gaussian
128,4,0,0.990356267,0.990324818,0.990325506,0.215398028,0.999968246,0.99996894,0.217495496,0,gaussian
128,5,0,1.000046496,1.00000134,1.000018269,0.023231695,0.999954846,0.999971774,0.023230615,0,gaussian
128,6,0,0.993347309,0.993276981,0.993303631,0.203703991,0.999929201,0.99995603,0.205068247,0,gaussian
128,7,0,0.998309372,0.998226974,0.998250403,0.020738058,0.999917462,0.999940931,0.020773177,0,gaussian
128,8,0,0.992105103,0.991970876,0.991921812,0.197532361,0.999864705,0.999815251,0.199104269,0,gaussian
128,9,0,0.992560595,0.985252769,0.985136022,0.026788643,0.992637401,0.992519779,0.026989428,0,gaussian
128,10,1,0.964368146,0.098131133,0.005504683,0.004011328,0.101756921,0.005708072,0.00415954,0,gaussian
128,11,1,0.964705659,0.104630479,0.017157573,0.004354876,0.108458449,0.017785294,0.004514202,0,gaussian
128,12,1,0.964503719,0.144127586,0.007698805,0.005366369,0.149431861,0.007982142,0.005563865,0,gaussian
128,13,1,0.966816847,0.151233169,0.012760909,0.005646315,0.156423805,0.01319889,0.005840109,0,gaussian
128,14,1,0.965735639,0.163595945,0.010665023,0.00645639,0.169400339,0.011043419,0.006685463,0,gaussian
129,0,0,0.997014925,0.996998536,0.996995774,0.060399525,0.999983562,0.999980792,0.060580362,0,gaussian
129,1,0,0.996179532,0.996149093,0.996139645,0.038767298,0.999969444,0.99995996,0.038915975,0,gaussian
129,2,0,0.994880387,0.994818013,0.994789812,0.085662,0.999937305,0.999908959,0.086102813,0,gaussian
129,3,0,0.996308354,0.996274619,0.996279437,0.101481365,0.99996614,0.999970977,0.101857387,0,gaussian
129,4,0,0.996607548,0.996603552,0.99660217,0.020894539,0.999995991,0.999994603,0.020965664,0,gaussian
129,5,0,0.995747278,0.995709638,0.995709206,0.051935549,0.9999622,0.999961766,0.052157359,0,gaussian
129,6,0,0.997935958,0.997899471,0.997900708,0.03217841,0.999963437,0.999964677,0.032244965,0,gaussian
129,7,0,0.993570236,0.993497206,0.993508131,0.092509442,0.999926498,0.999937493,0.093108105,0,gaussian
129,8,0,0.990049848,0.98999346,0.990014993,0.512511958,0.999943046,0.999964796,0.517662781,0,gaussian
129,9,0,0.99625404,0.995527198,0.995841218,0.02198629,0.999270425,0.999585626,0.022068959,0,gaussian
129,10,1,0.962663878,0.125433884,0.005846106,0.005070396,0.130298734,0.006072843,0.005267047,0,gaussian
129,11,1,0.964324428,0.118089141,0.007343222,0.006165831,0.122457896,0.007614887,0.006393938,0,gaussian
129,12,1,0.964948997,0.094946836,0.005712447,0.004441296,0.098395704,0.005919947,0.004602623,0,gaussian
129,13,1,0.964948569,0.156611359,0.007409746,0.006569221,0.162300214,0.007678902,0.006807846,0,gaussian
129,14,1,0.962733313,0.135661379,0.008413443,0.00664958,0.14091273,0.008739122,0.00690698,0,gaussian
130,0,0,0.996861124,0.996844434,0.996844063,0.018238757,0.999983258,0.999982886,0.018296186,0,gaussian
130,1,0,0.995113889,0.995093767,0.995091297,0.088784006,0.999979779,0.999977296,0.089219944,0,gaussian
130,2,0,0.995073234,0.995034336,0.995032062,0.048450771,0.999960909,0.999958624,0.048690658,0,gaussian
130,3,0,0.99831258,0.998291938,0.998290435,0.012085584,0.999979323,0.999977817,0.012106012,0,gaussian
130,4,0,0.997686103,0.997655943,0.997657332,0.008828207,0.99996977,0.999971162,0.008848682,0,gaussian
130,5,0,0.996389431,0.996306045,0.996314591,0.027367199,0.999916312,0.999924889,0.027466369,0,gaussian
130,6,0,0.997721041,0.99770099,0.997705079,0.010094986,0.999979903,0.999984002,0.010118045,0,gaussian
130,7,0,0.998506502,0.998472053,0.998478153,0.007152458,0.999965499,0.999971609,0.007163157,0,gaussian
130,8,0,0.99613486,0.996082248,0.996065093,0.043895715,0.999947183,0.999929962,0.044066036,0,gaussian
130,9,0,0.996032995,0.995888384,0.995924762,0.067148233,0.999854813,0.999891335,0.067415671,0,gaussian
130,10,1,0.964467539,0.083910446,0.00464437,0.003784967,0.087001835,0.004815475,0.003924411,0,gaussian
130,11,1,0.96367135,0.08479569,0.00453286,0.004015263,0.087992332,0.00470374,0.004166631,0,gaussian
130,12,1,0.968534751,0.132477508,0.006342715,0.004401437,0.136781368,0.006548774,0.004544429,0,gaussian
130,13,1,0.965738341,0.147277949,0.005572555,0.004763941,0.152502953,0.005770254,0.004932952,0,gaussian
130,14,1,0.967248905,0.143789017,0.006741108,0.005347843,0.14865772,0.006969362,0.005528921,0,gaussian
131,0,0,0.996603948,0.996574683,0.996583635,0.070876245,0.999970636,0.999979619,0.071117765,0,gaussian
131,1,0,0.999921005,0.999901442,0.99990027,0.010534926,0.999980435,0.999979264,0.010535758,0,gaussian
131,2,0,1.000838861,1.000807746,1.00081916,0.020919381,0.999968911,0.999980315,0.020901847,0,gaussian
131,3,0,0.993308318,0.993279042,0.993282581,0.078226344,0.999970526,0.999974089,0.078753336,0,gaussian
131,4,0,0.994220009,0.99417243,0.994177686,0.121967017,0.999952144,0.999957431,0.122676083,0,gaussian
131,5,0,0.994053691,0.993939621,0.993990883,0.05631673,0.999885248,0.999936817,0.05665361,0,gaussian
131,6,0,0.993215311,0.9931575,0.993157799,0.380310501,0.999941794,0.999942095,0.382908415,0,gaussian
131,7,0,0.996547578,0.996406132,0.996445541,0.011129182,0.999858064,0.999897609,0.011167738,0,gaussian
131,8,0,0.993483872,0.993126239,0.992741316,0.029193676,0.999640021,0.999252574,0.029385153,0,gaussian
131,9,0,0.991510664,0.989772096,0.989943875,0.340966152,0.998246546,0.998419796,0.343885512,0,gaussian
131,10,1,0.964184468,0.102925228,0.006298018,0.004641182,0.106748481,0.006531964,0.004813583,0,gaussian
131,11,1,0.962981695,0.124674313,0.009834719,0.005084143,0.129466961,0.010212779,0.005279584,0,gaussian
131,12,1,0.967084992,0.125728423,0.009842082,0.005752682,0.130007625,0.01017706,0.005948477,0,gaussian
131,13,1,0.96540739,0.116023631,0.00921194,0.006786773,0.120181005,0.009542023,0.007029958,0,gaussian
131,14,1,0.96629965,0.104620768,0.008846189,0.006056559,0.108269488,0.009154706,0.006267786,0,gaussian
132,0,0,0.995142986,0.995084313,0.99509561,0.0495735,0.999941041,0.999952393,0.049815455,0,gaussian
132,1,0,0.991986947,0.991959263,0.991962003,0.403960839,0.999972092,0.999974855,0.407223946,0,gaussian
132,2,0,0.990241571,0.990221103,0.990220613,0.636168303,0.99997933,0.999978835,0.642437484,0,gaussian
132,3,0,0.994533676,0.994511274,0.994517684,0.22164957,0.999977475,0.999983921,0.222867838,0,gaussian
132,4,0,0.993694304,0.993667153,0.993668973,0.042597939,0.999972676,0.999974508,0.042868254,0,gaussian
132,5,0,0.995623241,0.995600792,0.995586867,0.027354434,0.999977452,0.999963466,0.027474684,0,gaussian
132,6,0,0.996482259,0.996404637,0.99643061,0.016023882,0.999922104,0.999948168,0.016080449,0,gaussian
132,7,0,0.995625864,0.995563696,0.99558934,0.036215254,0.999937559,0.999963315,0.036374361,0,gaussian
132,8,0,0.994716471,0.993933139,0.994084569,0.066476904,0.999212507,0.999364741,0.066830002,0,gaussian
132,9,0,0.997783652,0.996851769,0.996757495,0.008789785,0.999066047,0.998971564,0.008809309,0,gaussian
132,10,1,0.962549113,0.101204626,0.005357016,0.004520075,0.105142299,0.005565447,0.004695942,0,gaussian
132,11,1,0.965384013,0.109046454,0.005757944,0.004194293,0.112956557,0.005964408,0.004344689,0,gaussian
132,12,1,0.963433229,0.137611879,0.008237987,0.006293994,0.14283489,0.008550656,0.006532881,0,gaussian
132,13,1,0.964491323,0.14380407,0.007608549,0.00585479,0.149098355,0.007888665,0.00607034,0,gaussian
132,14,1,0.966549607,0.144245908,0.008342929,0.0056937,0.149237977,0.008631662,0.005890748,0,gaussian
133,0,0,0.99652966,0.99651293,0.996503371,0.07498451,0.999983213,0.99997362,0.075245638,0,gaussian
133,1,0,0.996168978,0.996133692,0.996142129,0.018474645,0.999964578,0.999973048,0.018545694,0,gaussian
133,2,0,0.994027967,0.994019185,0.994012813,0.031585526,0.999991166,0.999984755,0.031775289,0,gaussian
133,3,0,0.998384481,0.998379105,0.998378556,0.014260688,0.999994615,0.999994065,0.014283764,0,gaussian
133,4,0,0.996256036,0.996224559,0.996226018,0.021053597,0.999968404,0.999969869,0.021132718,0,gaussian
133,5,0,0.995407913,0.99533439,0.995353902,0.074975896,0.999926137,0.99994574,0.07532178,0,gaussian
133,6,1,0.965438143,0.090582921,0.004262889,0.003590795,0.093825712,0.004415497,0.003719342,0,gaussian
133,7,1,0.96497064,0.090380946,0.00482864,0.00395732,0.093661861,0.005003925,0.004100975,0,gaussian
133,8,1,0.967020387,0.125822702,0.005851596,0.00479906,0.130113805,0.006051161,0.004962729,0,gaussian
133,9,1,0.964763841,0.168721023,0.00673001,0.0058224,0.174883236,0.006975811,0.006035053,0,gaussian
133,10,1,0.963682001,0.129771712,0.007247334,0.006234134,0.134662381,0.007520462,0.006469078,0,gaussian
133,11,0,0.987158272,0.987111784,0.987128828,0.39473015,0.999952908,0.999970174,0.399865109,0,gaussian
133,12,0,0.997650522,0.997594013,0.997524041,0.010280573,0.999943358,0.999873221,0.010304784,0,gaussian
133,13,0,0.995484053,0.995447742,0.995435554,0.050315456,0.999963525,0.999951281,0.050543709,0,gaussian
133,14,0,0.996725946,0.996693874,0.996696494,0.023593652,0.999967822,0.999970451,0.023671153,0,gaussian
134,0,0,0.995821554,0.99580199,0.995807131,0.052732351,0.999980354,0.999985516,0.052953614,0,gaussian
134,1,0,0.989291679,0.989272477,0.98927428,0.2237989,0.99998059,0.999982413,0.226221351,0,gaussian
134,2,0,0.995463036,0.99544647,0.995429301,0.06277374,0.999983358,0.999966111,0.06305984,0,gaussian
134,3,0,0.996048211,0.99600314,0.996017555,0.102805253,0.99995475,0.999969222,0.103213129,0,gaussian
134,4,0,0.995983223,0.995972055,0.995967897,0.055607659,0.999988787,0.999984612,0.055831923,0,gaussian
134,5,0,0.991348907,0.991319471,0.991318734,0.13117595,0.999970307,0.999969564,0.132320668,0,gaussian
134,6,0,0.997164845,0.997128204,0.997119768,0.01304366,0.999963256,0.999954795,0.013080746,0,gaussian
134,7,0,0.992273965,0.992200444,0.992246805,0.295244264,0.999925907,0.999972629,0.297543092,0,gaussian
134,8,0,0.990402987,0.990300429,0.990288168,0.251272784,0.999896448,0.999884068,0.25370762,0,gaussian
134,9,0,0.99463815,0.994190321,0.994322692,0.069111372,0.999549757,0.999682842,0.069483934,0,gaussian
134,10,1,0.962244123,0.080541084,0.004916286,0.003867348,0.0837013,0.005109188,0.004019092,0,gaussian
134,11,1,0.963200521,0.101792694,0.004213175,0.003670181,0.105681726,0.004374141,0.003810402,0,gaussian
134,12,1,0.967082291,0.133456915,0.006256183,0.004661246,0.137999544,0.006469132,0.004819906,0,gaussian
134,13,1,0.963961286,0.103773578,0.005413146,0.004877766,0.107653263,0.005615522,0.005060126,0,gaussian
134,14,1,0.964622909,0.120663216,0.005668215,0.00481391,0.125088482,0.005876094,0.004990458,0,gaussian
135,0,0,0.992021525,0.991992273,0.991994154,0.288376332,0.999970512,0.999972409,0.29069564,0,gaussian
135,1,0,0.994168443,0.994132149,0.99412018,0.057083028,0.999963492,0.999951454,0.057417864,0,gaussian
135,2,0,0.99434917,0.994328143,0.994328702,0.02082637,0.999978854,0.999979416,0.020944725,0,gaussian
135,3,0,0.997007528,0.99697343,0.996969562,0.038552398,0.999965799,0.99996192,0.038668112,0,gaussian
135,4,0,0.995685485,0.995651411,0.995668032,0.042735947,0.999965778,0.999982471,0.042921131,0,gaussian
135,5,0,0.999180603,0.999115329,0.999130072,0.020974094,0.999934672,0.999949427,0.020991294,0,gaussian
135,6,0,0.987060594,0.987046092,0.987048192,0.593477143,0.999985308,0.999987436,0.601257053,0,gaussian
135,7,0,0.996203887,0.996139286,0.99615107,0.034887557,0.999935152,0.999946982,0.035020499,0,gaussian
135,8,0,0.998794113,0.99859478,0.99863996,0.017748273,0.999800426,0.999845661,0.017769701,0,gaussian
135,9,0,0.990404956,0.990174163,0.990212671,0.10653292,0.999766971,0.999805852,0.107565011,0,gaussian
135,10,1,0.964627708,0.094942402,0.005172085,0.003757325,0.09842388,0.005361742,0.003895103,0,gaussian
135,11,1,0.967369723,0.093905047,0.005094566,0.003605862,0.097072551,0.00526641,0.003727491,0,gaussian
135,12,1,0.966604388,0.119132054,0.007180553,0.004721949,0.123247996,0.007428636,0.00488509,0,gaussian
135,13,1,0.965195798,0.148245768,0.006731023,0.005117648,0.153591394,0.006973738,0.005302186,0,gaussian
135,14,1,0.968039539,0.122772213,0.007910872,0.005123197,0.126825619,0.008172054,0.005292343,0,gaussian
136,0,0,0.99435028,0.994332651,0.994324476,0.040962335,0.999982271,0.999974049,0.041195075,0,gaussian
136,1,0,0.995120311,0.995095794,0.99509976,0.026993937,0.999975363,0.999979348,0.027126305,0,gaussian
136,2,0,0.995742304,0.995715898,0.99571175,0.056145822,0.99997348,0.999969315,0.056385896,0,gaussian
136,3,0,0.996045385,0.996008641,0.996014473,0.019358006,0.99996311,0.999968966,0.019434863,0,gaussian
136,4,0,1.000149727,1.000130297,1.000130451,0.062597336,0.999980573,0.999980727,0.062587965,0,gaussian
136,5,0,0.995652732,0.995590777,0.995560962,0.020534889,0.999937775,0.99990783,0.020624549,0,gaussian
136,6,0,0.993180063,0.992948564,0.993105013,0.35268078,0.999766911,0.999924435,0.355102557,0,gaussian
136,7,0,0.996214907,0.996044129,0.996113182,0.088697449,0.999828572,0.999897889,0.089034453,0,gaussian
136,8,0,0.992525448,0.992400957,0.992410674,0.050501595,0.999874571,0.999884362,0.050881914,0,gaussian
136,9,0,0.993448505,0.993247103,0.993255359,0.08939215,0.99979727,0.99980558,0.089981664,0,gaussian
136,10,1,0.963574122,0.081641708,0.0057556,0.004036833,0.084728,0.005973178,0.004189437,0,gaussian
136,11,1,0.965799221,0.095214174,0.0046933,0.003652361,0.098585888,0.004859499,0.003781698,0,gaussian
136,12,1,0.964535713,0.119030176,0.008207938,0.005279024,0.123406707,0.008509729,0.005473124,0,gaussian
136,13,1,0.966723913,0.138594166,0.007860664,0.005277281,0.143364786,0.00813124,0.005458933,0,gaussian
136,14,1,0.96730423,0.140978494,0.008067929,0.005051417,0.145743696,0.008340632,0.00522216,0,gaussian
137,0,0,0.99441867,0.994402165,0.994409398,0.078234097,0.999983403,0.999990677,0.078673198,0,gaussian
137,1,0,0.999602708,0.999588636,0.99959357,0.074406492,0.999985922,0.999990858,0.074436065,0,gaussian
137,2,0,0.991193362,0.991165468,0.99115534,0.356544383,0.999971858,0.999961639,0.359712238,0,gaussian
137,3,0,0.990601756,0.990546262,0.990563095,0.316482547,0.99994398,0.999960973,0.319485147,0,gaussian
137,4,0,0.991522543,0.991447519,0.991462309,0.073483676,0.999924334,0.999939251,0.074111957,0,gaussian
137,5,0,0.995805309,0.995737284,0.995731351,0.055429286,0.999931689,0.999925731,0.055662774,0,gaussian
137,6,0,0.998166531,0.997979237,0.997944146,0.012929114,0.999812362,0.999777206,0.012952863,0,gaussian
137,7,0,0.995673422,0.9955877,0.995589005,0.014057912,0.999913906,0.999915216,0.014118999,0,gaussian
137,8,0,0.997056565,0.996985197,0.996970302,0.010966468,0.999928421,0.999913482,0.010998843,0,gaussian
137,9,0,0.995393891,0.995043944,0.995116457,0.028523369,0.999648434,0.999721283,0.028655358,0,gaussian
137,10,1,0.966559026,0.109686275,0.004659719,0.003912447,0.113481197,0.004820936,0.00404781,0,gaussian
137,11,1,0.964865471,0.102244418,0.005367776,0.004369932,0.105967537,0.005563238,0.004529058,0,gaussian
137,12,1,0.962303981,0.127579463,0.007383547,0.006376964,0.132577092,0.007672781,0.006626767,0,gaussian
137,13,1,0.967707955,0.144014059,0.007438985,0.004873649,0.148819753,0.007687221,0.00503628,0,gaussian
137,14,1,0.966381464,0.159749022,0.007930097,0.005335906,0.165306381,0.008205969,0.005521532,0,gaussian
138,0,0,0.994765136,0.994750206,0.994752687,0.031831607,0.999984992,0.999987486,0.031999119,0,gaussian
138,1,0,0.994508606,0.994492466,0.994494376,0.038754856,0.999983771,0.999985691,0.038968849,0,gaussian
138,2,0,0.996755518,0.996726433,0.996723471,0.030898081,0.999970821,0.999967849,0.030998656,0,gaussian
138,3,0,0.993420359,0.993399326,0.993404717,0.112123345,0.999978828,0.999984254,0.112865962,0,gaussian
138,4,0,0.989612872,0.98959353,0.989600137,0.405063956,0.999980455,0.999987131,0.409315569,0,gaussian
138,5,0,0.994911826,0.99472867,0.994724047,0.104480035,0.999815907,0.99981126,0.105014366,0,gaussian
138,6,0,0.997491824,0.997391772,0.997372951,0.013616008,0.999899697,0.999880828,0.013650245,0,gaussian
138,7,0,0.99468138,0.994587151,0.994605468,0.035637658,0.999905267,0.999923682,0.035828215,0,gaussian
138,8,0,0.996042261,0.995842482,0.995863368,0.013572007,0.999799427,0.999820396,0.013625934,0,gaussian
138,9,1,0.963614749,0.12776928,0.005282197,0.004092596,0.132593737,0.005481648,0.004247129,0,gaussian
138,10,1,0.967651968,0.11944233,0.005921963,0.0048294,0.123435216,0.006119931,0.004990844,0,gaussian
138,11,1,0.96565664,0.135269987,0.00576351,0.005460252,0.140080834,0.005968488,0.005654444,0,gaussian
138,12,1,0.965215254,0.074341919,0.004308114,0.003657786,0.077021077,0.004463371,0.003789606,0,gaussian
138,13,1,0.964868283,0.138821829,0.006679559,0.006146332,0.143876456,0.006922768,0.006370125,0,gaussian
138,14,0,0.997591195,0.996694892,0.996811573,0.027600103,0.999101533,0.999218495,0.027666746,0,gaussian
139,0,0,0.9939717,0.993918336,0.993913142,0.083099296,0.999946313,0.999941087,0.083603282,0,gaussian
139,1,0,1.000765113,1.000698661,1.000707629,0.015880682,0.999933599,0.99994256,0.015868541,0,gaussian
139,2,0,0.995198313,0.9951911,0.995190467,0.135949972,0.999992753,0.999992116,0.136605911,0,gaussian
139,3,0,0.996008087,0.995985814,0.995972586,0.052521245,0.999977637,0.999964356,0.052731745,0,gaussian
139,4,0,0.995971699,0.995954056,0.995957098,0.032765484,0.999982286,0.999985341,0.032898007,0,gaussian
139,5,0,0.992670411,0.992636591,0.992630554,0.067180668,0.999965931,0.999959849,0.067676711,0,gaussian
139,6,0,0.9969956,0.996974539,0.996967495,0.020873147,0.999978875,0.99997181,0.020936048,0,gaussian
139,7,0,0.990716414,0.990499282,0.990597825,0.405066246,0.999780834,0.9998803,0.408861951,0,gaussian
139,8,0,0.993161496,0.992893409,0.992936717,0.237660438,0.999730066,0.999773672,0.239296871,0,gaussian
139,9,0,0.999420567,0.998675641,0.998794453,0.01455838,0.999254642,0.999373523,0.01456682,0,gaussian
139,10,1,0.966236835,0.101970118,0.004693692,0.003796048,0.105533255,0.004857703,0.003928693,0,gaussian
139,11,1,0.965086053,0.148609017,0.006832205,0.005718942,0.15398525,0.007079374,0.005925836,0,gaussian
139,12,1,0.963272862,0.104056959,0.0066249,0.004601704,0.108024385,0.006877491,0.004777155,0,gaussian
139,13,1,0.965074443,0.140276301,0.007227112,0.005939864,0.14535283,0.007488657,0.006154825,0,gaussian
139,14,1,0.96722266,0.121526824,0.006794046,0.00507405,0.125645138,0.007024283,0.005246,0,gaussian
140,0,0,0.994596046,0.994559442,0.99455052,0.037808364,0.999963197,0.999954227,0.038013788,0,gaussian
140,1,0,0.994111044,0.994080735,0.994082974,0.049217232,0.999969511,0.999971763,0.049508787,0,gaussian
140,2,0,0.998494198,0.998470436,0.998465807,0.017920411,0.999976202,0.999971567,0.017947436,0,gaussian
140,3,0,0.995404295,0.995353159,0.995364052,0.032342438,0.999948628,0.999959571,0.03249176,0,gaussian
140,4,0,0.993665732,0.993636305,0.993608308,0.041537099,0.999970386,0.99994221,0.041801883,0,gaussian
140,5,0,0.998281041,0.998268264,0.998251034,0.058636095,0.9999872,0.999969941,0.058737062,0,gaussian
140,6,0,0.993992744,0.993928124,0.993970273,0.043548963,0.999934989,0.999977393,0.043812153,0,gaussian
140,7,0,0.996060995,0.994946292,0.995434204,0.018093018,0.998880888,0.99937073,0.018164568,0,gaussian
140,8,0,0.998385456,0.996425711,0.997556653,0.013891938,0.998037086,0.999169856,0.013914403,0,gaussian
140,9,0,0.993654305,0.991706599,0.989370475,0.020721083,0.998039856,0.995688813,0.020853412,0,gaussian
140,10,1,0.962107854,0.100605393,0.006240369,0.004281004,0.104567687,0.006486143,0.004449609,0,gaussian
140,11,1,0.961957587,0.102259126,0.011497113,0.004678168,0.106303154,0.011951788,0.004863175,0,gaussian
140,12,1,0.966330024,0.138381113,0.011813238,0.005178972,0.143202746,0.012224848,0.005359424,0,gaussian
140,13,1,0.966011603,0.174711912,0.008961527,0.004849629,0.18085902,0.009276832,0.00502026,0,gaussian
140,14,1,0.967672398,0.180437048,0.011086366,0.005017868,0.186465015,0.011456735,0.005185502,0,gaussian
141,0,0,0.995289661,0.995271869,0.995275099,0.034948526,0.999982125,0.999985369,0.035113924,0,gaussian
141,1,0,0.997708446,0.997677957,0.997678393,0.057153887,0.999969441,0.999969878,0.057285159,0,gaussian
141,2,0,0.995883218,0.995860369,0.995856366,0.017618512,0.999977056,0.999973036,0.017691343,0,gaussian
141,3,0,0.993179145,0.993171121,0.993168191,0.030003331,0.999991921,0.999988971,0.030209385,0,gaussian
141,4,0,0.997750187,0.997728594,0.997728682,0.018407022,0.999978358,0.999978447,0.018448528,0,gaussian
141,5,0,0.990176303,0.99014136,0.990150503,0.120905407,0.99996471,0.999973944,0.122104929,0,gaussian
141,6,0,0.994606385,0.994566961,0.994569138,0.07490508,0.999960363,0.999962551,0.075311281,0,gaussian
141,7,0,0.99471102,0.994668163,0.99464915,0.032574711,0.999956915,0.999937802,0.032747915,0,gaussian
141,8,0,0.995055164,0.994924119,0.994982245,0.119171246,0.999868304,0.999926718,0.119763456,0,gaussian
141,9,0,0.994478777,0.993168048,0.993449722,0.054303569,0.998681994,0.998965232,0.054605055,0,gaussian
141,10,1,0.96480507,0.094483759,0.004856591,0.004518679,0.097930413,0.005033754,0.004683515,0,gaussian
141,11,1,0.96489617,0.09297122,0.007977342,0.004637643,0.0963536,0.008267565,0.004806365,0,gaussian
141,12,1,0.964528935,0.139574001,0.007029696,0.006515304,0.144706909,0.007288217,0.006754908,0,gaussian
141,13,1,0.967306844,0.147370945,0.00926964,0.006158822,0.152351806,0.009582936,0.006366978,0,gaussian
141,14,1,0.963850161,0.147356383,0.009138944,0.007673895,0.152883082,0.009481706,0.00796171,0,gaussian
142,0,0,0.997959082,0.997944958,0.997947006,0.043748145,0.999985847,0.999987899,0.043837614,0,gaussian
142,1,0,0.997117959,0.997108022,0.997103852,0.016108204,0.999990035,0.999985852,0.016154762,0,gaussian
142,2,0,0.997903095,0.997858392,0.997856018,0.061841916,0.999955203,0.999952823,0.061971865,0,gaussian
142,3,0,0.996060193,0.996030927,0.996009425,0.076514711,0.999970618,0.999949031,0.076817357,0,gaussian
142,4,0,0.997503604,0.997472184,0.997467652,0.013692531,0.999968501,0.999963957,0.013726799,0,gaussian
142,5,0,0.998422355,0.998352399,0.998253341,0.020986872,0.999929934,0.999830719,0.021020034,0,gaussian
142,6,0,1.000171029,1.000071755,1.000045348,0.01846204,0.999900744,0.999874341,0.018458883,0,gaussian
142,7,0,0.991475619,0.990680055,0.990880825,0.189733625,0.999197597,0.999400093,0.191364892,0,gaussian
142,8,0,0.993589691,0.991234259,0.991064361,0.064578712,0.997629371,0.997458377,0.064995352,0,gaussian
142,9,0,0.997700957,0.991790478,0.987858959,0.021746091,0.994075902,0.990135323,0.021796202,0,gaussian
142,10,1,0.96540152,0.122035321,0.008572537,0.004295634,0.126408875,0.008879763,0.004449583,0,gaussian
142,11,1,0.96364304,0.107939569,0.010217811,0.004859129,0.112011984,0.010603315,0.005042458,0,gaussian
142,12,1,0.964224194,0.147504609,0.012661668,0.007118533,0.152977502,0.013131456,0.007382653,0,gaussian
142,13,1,0.964955604,0.157985815,0.012483465,0.006911163,0.163723403,0.012936828,0.007162157,0,gaussian
142,14,1,0.966803017,0.143605159,0.012727344,0.006843081,0.14853611,0.013164361,0.007078051,0,gaussian
143,0,0,0.99749534,0.997319477,0.997374171,0.016607383,0.999823695,0.999878527,0.016649083,0,gaussian
143,1,1,0.965331291,0.09477944,0.003616314,0.003090984,0.098183329,0.003746189,0.003201993,0,gaussian
143,2,1,0.963711702,0.09624555,0.004157616,0.003472682,0.099869649,0.00431417,0.003603444,0,gaussian
143,3,1,0.963151673,0.10664516,0.005857711,0.004997429,0.110725198,0.006081815,0.005188621,0,gaussian
143,4,1,0.963818991,0.130844954,0.006264132,0.005331838,0.135756771,0.006499282,0.005531991,0,gaussian
143,5,1,0.963106113,0.124453466,0.006026183,0.005690054,0.129220928,0.006257029,0.005908024,0,gaussian
143,6,0,0.997354331,0.997321278,0.997316551,0.018524744,0.999966859,0.99996212,0.018573884,0,gaussian
143,7,0,0.994855251,0.994598319,0.994739805,0.223524176,0.999741739,0.999883957,0.224680098,0,gaussian
143,8,0,0.991277678,0.990986889,0.991223011,0.738198869,0.999706653,0.999944853,0.744694333,0,gaussian
143,9,0,0.993114157,0.993081314,0.993086878,0.064742677,0.99996693,0.999972532,0.065191576,0,gaussian
143,10,0,0.99830488,0.998283937,0.998270886,0.029172143,0.999979022,0.999965949,0.029221677,0,gaussian
143,11,0,0.997122753,0.997113928,0.997114413,0.011125985,0.99999115,0.999991636,0.011158089,0,gaussian
143,12,0,0.991346897,0.991274095,0.991307841,0.234959493,0.999926562,0.999960603,0.237010368,0,gaussian
143,13,0,0.995498781,0.995489019,0.995490968,0.017455146,0.999990194,0.999992151,0.017534071,0,gaussian
143,14,0,0.992946138,0.992920341,0.99292669,0.112330895,0.99997402,0.999980414,0.113128891,0,gaussian
144,0,0,0.995985228,0.995971527,0.995974145,0.050759933,0.999986243,0.999988872,0.050964544,0,gaussian
144,1,0,0.991713332,0.991701385,0.99170456,0.082976361,0.999987953,0.999991155,0.083669704,0,gaussian
144,2,0,0.992866434,0.992841807,0.992842348,0.03834931,0.999975196,0.999975741,0.038624843,0,gaussian
144,3,0,0.995613259,0.995597477,0.995586064,0.043281126,0.999984148,0.999972685,0.043471826,0,gaussian
144,4,0,0.995089536,0.995055552,0.995052938,0.064624123,0.999965848,0.999963221,0.064943023,0,gaussian
144,5,0,0.9933974,0.993362008,0.993297578,0.025643201,0.999964373,0.999899515,0.025813638,0,gaussian
144,6,0,0.99487293,0.99475439,0.994689806,0.044227543,0.999880849,0.999815931,0.04445547,0,gaussian
144,7,0,0.991734758,0.991479576,0.991385668,0.028868195,0.999742692,0.999648,0.029108786,0,gaussian
144,8,0,0.996464007,0.996137984,0.996045124,0.026693786,0.99967282,0.99957963,0.02678851,0,gaussian
144,9,0,0.997957177,0.997547788,0.997469785,0.046658177,0.999589773,0.999511611,0.046753687,0,gaussian
144,10,1,0.964814249,0.0819498,0.005029009,0.003841445,0.084938422,0.005212411,0.003981538,0,gaussian
144,11,1,0.964061421,0.137964075,0.007740185,0.004274587,0.143107143,0.008028726,0.004433936,0,gaussian
144,12,1,0.965259545,0.134019201,0.007288458,0.005524714,0.138842658,0.007550775,0.005723553,0,gaussian
144,13,1,0.968691268,0.185900798,0.010394454,0.005658741,0.191909233,0.01073041,0.005841635,0,gaussian
144,14,1,0.964436184,0.194832863,0.010824365,0.007200528,0.202017372,0.011223516,0.007466049,0,gaussian
145,0,0,0.994746912,0.994701385,0.994716176,0.058854986,0.999954233,0.999969102,0.059165789,0,gaussian
145,1,0,0.996117309,0.996111331,0.996105395,0.013984451,0.999993998,0.999988039,0.01403896,0,gaussian
145,2,0,0.99734459,0.997325989,0.997330454,0.019814775,0.99998135,0.999985826,0.019867531,0,gaussian
145,3,0,0.999718958,0.999660108,0.999669765,0.062181547,0.999941133,0.999950794,0.062199027,0,gaussian
145,4,0,0.990413282,0.990373763,0.990367212,0.247465827,0.999960099,0.999953484,0.249861176,0,gaussian
145,5,0,0.99018892,0.990122217,0.990168118,0.442614388,0.999932635,0.999978992,0.44699994,0,gaussian
145,6,0,0.993296626,0.993249549,0.9932701,0.073364234,0.999952605,0.999973295,0.07385934,0,gaussian
145,7,0,0.995322153,0.995278692,0.995298245,0.017706628,0.999956335,0.99997598,0.017789846,0,gaussian
145,8,0,0.996180137,0.996120638,0.996128735,0.031247642,0.999940274,0.999948401,0.031367462,0,gaussian
145,9,0,0.990454703,0.990369026,0.990432622,0.640975164,0.999913497,0.999977706,0.647152427,0,gaussian
145,10,1,0.964762622,0.08117985,0.004495139,0.003816646,0.084144895,0.004659321,0.003956046,0,gaussian
145,11,1,0.963064967,0.091784745,0.003881008,0.003670199,0.095304833,0.00402985,0.003810957,0,gaussian
145,12,1,0.968229332,0.109031929,0.005993165,0.004457337,0.112609611,0.006189819,0.004603596,0,gaussian
145,13,1,0.962837348,0.111620514,0.006382506,0.005558086,0.115928734,0.006628851,0.005772611,0,gaussian
145,14,1,0.966701185,0.119339087,0.006834964,0.005238273,0.12344982,0.0070704,0.00541871,0,gaussian
146,0,0,0.997627089,0.997611576,0.997612082,0.008041607,0.99998445,0.999984958,0.008060734,0,gaussian
146,1,0,0.996402716,0.996378703,0.99638885,0.042215123,0.9999759,0.999986083,0.042367531,0,gaussian
146,2,0,0.995252925,0.995222765,0.995220209,0.082626675,0.999969696,0.999967128,0.083020781,0,gaussian
146,3,0,0.997454771,0.997432397,0.99743716,0.037880516,0.999977568,0.999982344,0.037977176,0,gaussian
146,4,0,0.996241786,0.996224609,0.996227532,0.01931942,0.999982758,0.999985692,0.019392301,0,gaussian
146,5,0,0.993519821,0.99341442,0.993473135,0.181806666,0.999893911,0.99995301,0.18299249,0,gaussian
146,6,0,0.996231148,0.996206916,0.996211253,0.056804326,0.999975676,0.999980029,0.057019222,0,gaussian
146,7,0,0.996086694,0.996031447,0.996045493,0.020925867,0.999944536,0.999958638,0.021008078,0,gaussian
146,8,0,0.99619008,0.995971199,0.996027372,0.064574512,0.999780281,0.99983667,0.064821477,0,gaussian
146,9,0,0.99981418,0.999289704,0.999399312,0.019067177,0.999475427,0.999585055,0.019070721,0,gaussian
146,10,1,0.964246228,0.112906279,0.004803732,0.003794056,0.117092788,0.004981852,0.003934737,0,gaussian
146,11,1,0.96399208,0.101485008,0.004671745,0.003895967,0.105275769,0.004846248,0.004041493,0,gaussian
146,12,1,0.965672342,0.149129963,0.006084995,0.005149833,0.154431225,0.006301304,0.005332899,0,gaussian
146,13,1,0.965653613,0.14235109,0.005794592,0.005024827,0.147414236,0.006000694,0.00520355,0,gaussian
146,14,1,0.966307799,0.130561959,0.006297401,0.005618827,0.135114255,0.006516972,0.005814738,0,gaussian
147,0,0,0.996665222,0.996658437,0.9966511,0.009590167,0.999993192,0.999985831,0.009622255,0,gaussian
147,1,0,0.994482472,0.994472091,0.994466917,0.064534392,0.999989561,0.999984359,0.064892437,0,gaussian
147,2,0,0.999418165,0.999400938,0.999402786,0.025367019,0.999982764,0.999984612,0.025381787,0,gaussian
147,3,0,0.993916535,0.993881825,0.993884716,0.081627792,0.999965078,0.999967986,0.082127411,0,gaussian
147,4,0,0.992168315,0.992142421,0.992156092,0.16084482,0.999973902,0.999987681,0.16211445,0,gaussian
147,5,0,0.994414425,0.99428574,0.99427202,0.036550377,0.999870592,0.999856795,0.036755678,0,gaussian
147,6,0,0.993312861,0.993279903,0.993280609,0.031996083,0.999966821,0.999967531,0.032211485,0,gaussian
147,7,0,0.996961193,0.996928662,0.996930588,0.028633871,0.999967369,0.999969302,0.028721149,0,gaussian
147,8,0,0.996342749,0.996006809,0.995727044,0.028380077,0.999662828,0.999382036,0.028484251,0,gaussian
147,9,0,0.995553293,0.992924615,0.994081952,0.063327839,0.99735958,0.998522087,0.063610697,0,gaussian
147,10,1,0.965471213,0.100831345,0.005202461,0.00413802,0.104437443,0.00538852,0.004286011,0,gaussian
147,11,1,0.966409377,0.132052159,0.006696301,0.005683236,0.136642051,0.006929052,0.005880775,0,gaussian
147,12,1,0.967984113,0.129241383,0.007202089,0.006121868,0.133516016,0.007440296,0.006324348,0,gaussian
147,13,1,0.963798899,0.092835364,0.005072394,0.004575388,0.096322339,0.005262918,0.004747244,0,gaussian
147,14,1,0.968277036,0.152625432,0.006195361,0.005470299,0.157625789,0.006398335,0.005649518,0,gaussian
148,0,0,0.996219993,0.996208986,0.996202488,0.022379966,0.999988951,0.999982428,0.022464883,0,gaussian
148,1,0,0.995217282,0.995198399,0.995199821,0.039696975,0.999981027,0.999982456,0.039887747,0,gaussian
148,2,0,0.996636475,0.996620429,0.996620541,0.030267337,0.9999839,0.999984013,0.030369486,0,gaussian
148,3,0,0.996135736,0.996091255,0.996092737,0.03876586,0.999955347,0.999956834,0.038916243,0,gaussian
148,4,0,0.994971568,0.994929123,0.994926953,0.031830006,0.999957341,0.99995516,0.03199087,0,gaussian
148,5,0,0.9930974,0.992996968,0.993005054,0.056870839,0.99989887,0.999907012,0.057266124,0,gaussian
148,6,0,0.999591781,0.999498163,0.999503295,0.011321531,0.999906343,0.999911477,0.011326155,0,gaussian
148,7,0,0.994018116,0.993565468,0.993604774,0.049084955,0.999544628,0.999584171,0.049380342,0,gaussian
148,8,0,0.997209739,0.996405751,0.996122266,0.033987232,0.999193763,0.998909484,0.034082331,0,gaussian
148,9,1,0.960443698,0.110792327,0.006601884,0.004657214,0.115355358,0.006873786,0.004849023,0,gaussian
148,10,1,0.968598824,0.095469537,0.008111737,0.004837134,0.098564581,0.008374713,0.00499395,0,gaussian
148,11,1,0.966642329,0.130276574,0.007312767,0.004824624,0.134772263,0.007565122,0.004991116,0,gaussian
148,12,1,0.966109247,0.132603235,0.006813876,0.00486497,0.137254907,0.007052904,0.005035632,0,gaussian
148,13,1,0.964626633,0.108891065,0.005727102,0.004037419,0.112884158,0.005937117,0.004185474,0,gaussian
148,14,0,0.998872439,0.997736736,0.997197401,0.009857781,0.998863015,0.998323072,0.009868909,0,gaussian
149,0,0,0.991191004,0.9911356,0.991161336,0.255258239,0.999944103,0.999970068,0.257526792,0,gaussian
149,1,0,0.989065157,0.988843706,0.988964155,0.738826322,0.999776101,0.999897881,0.74699459,0,gaussian
149,2,0,0.990497752,0.990409715,0.990436571,0.409348187,0.999911118,0.999938232,0.413275231,0,gaussian
149,3,0,0.996175884,0.996119413,0.996093869,0.026131788,0.999943312,0.99991767,0.026232102,0,gaussian
149,4,0,0.998091718,0.997975081,0.997986888,0.01301822,0.99988314,0.999894969,0.01304311,0,gaussian
149,5,0,0.997526488,0.997433641,0.997358027,0.060677893,0.999906923,0.999831121,0.060828353,0,gaussian
149,6,0,0.995696434,0.995506267,0.995536582,0.030523052,0.999809011,0.999839457,0.030654978,0,gaussian
149,7,0,0.993897461,0.993569223,0.993730353,0.068139258,0.999669747,0.999831866,0.068557633,0,gaussian
149,8,0,0.996484617,0.996151256,0.996157702,0.019133052,0.999665463,0.999671931,0.019200549,0,gaussian
149,9,0,0.993355247,0.992114798,0.992473415,0.411995377,0.998751253,0.999112269,0.414751296,0,gaussian
149,10,1,0.96268324,0.103523694,0.006610677,0.004898802,0.107536612,0.006866928,0.005088696,0,gaussian
149,11,1,0.965496479,0.116707545,0.004962613,0.003990585,0.120878271,0.005139959,0.004133195,0,gaussian
149,12,1,0.962910646,0.147568018,0.008968943,0.006953936,0.153252037,0.009314408,0.007221787,0,gaussian
149,13,1,0.965991303,0.122734061,0.007116772,0.005525365,0.127055038,0.007367325,0.005719891,0,gaussian
149,14,1,0.968383458,0.144168874,0.008473018,0.006135264,0.148875812,0.008749652,0.006335572,0,gaussian
150,0,0,0.996460607,0.996428754,0.996438642,0.008297248,0.999968034,0.999977957,0.00832672,0,gaussian
150,1,0,0.994949395,0.994934392,0.99492668,0.050623261,0.99998492,0.99997717,0.050880237,0,gaussian
150,2,0,0.991452054,0.991421516,0.991438288,0.33982986,0.999969199,0.999986115,0.342759752,0,gaussian
150,3,0,0.995924767,0.995903186,0.995895439,0.041165132,0.999978331,0.999970553,0.041333576,0,gaussian
150,4,0,0.996656671,0.996606467,0.996619325,0.028301959,0.999949627,0.999962529,0.0283969,0,gaussian
150,5,0,0.99017323,0.990149295,0.99014795,0.5637293,0.999975827,0.999974469,0.569323915,0,gaussian
150,6,0,0.9969184,0.996843482,0.996853244,0.038766786,0.999924851,0.999934642,0.038886619,0,gaussian
150,7,0,0.993876395,0.993473091,0.993253124,0.044052831,0.999594211,0.999372889,0.044324255,0,gaussian
150,8,0,0.998467317,0.998002407,0.998015166,0.049518413,0.999534376,0.999547155,0.049594426,0,gaussian
150,9,0,0.994070657,0.992985764,0.993252909,0.201759802,0.998908636,0.999177374,0.20296324,0,gaussian
150,10,1,0.967391086,0.093297791,0.006039902,0.003728454,0.096442682,0.006243496,0.003854134,0,gaussian
150,11,1,0.964507121,0.106872869,0.005813078,0.004264141,0.110805682,0.006026993,0.004421057,0,gaussian
150,12,1,0.965662964,0.146971804,0.007828154,0.005381584,0.152197827,0.008106507,0.005572942,0,gaussian
150,13,1,0.967787493,0.136913215,0.007238992,0.004825255,0.141470329,0.00747994,0.004985862,0,gaussian
150,14,1,0.967088724,0.130452458,0.007661286,0.005284952,0.134891923,0.00792201,0.005464805,0,gaussian
151,0,0,0.996982887,0.996954639,0.99695212,0.033882905,0.999971667,0.99996914,0.033985443,0,gaussian
151,1,0,0.996663129,0.996650853,0.996648767,0.022327144,0.999987683,0.99998559,0.022401897,0,gaussian
151,2,0,0.995820287,0.995803761,0.995808277,0.047754316,0.999983405,0.99998794,0.047954753,0,gaussian
151,3,0,0.996960932,0.996937429,0.996938886,0.114540759,0.999976425,0.999977886,0.114889918,0,gaussian
151,4,0,0.999446673,0.999430024,0.999418608,0.008550261,0.999983342,0.999971919,0.008554994,0,gaussian
151,5,0,0.994306839,0.994276573,0.994276927,0.048441856,0.999969561,0.999969917,0.048719222,0,gaussian
151,6,0,0.997027706,0.997008875,0.996995611,0.042401659,0.999981113,0.999967809,0.042528065,0,gaussian
151,7,0,0.995473074,0.995417017,0.995356053,0.02097355,0.999943688,0.999882447,0.021068927,0,gaussian
151,8,0,0.993560104,0.993032055,0.992971414,0.121102101,0.999468528,0.999407494,0.121887041,0,gaussian
151,9,0,0.994495534,0.994285854,0.994331823,0.052948457,0.999789159,0.999835383,0.053241523,0,gaussian
151,10,1,0.962729579,0.092588661,0.005027279,0.004104058,0.096173072,0.005221902,0.004262939,0,gaussian
151,11,1,0.962264177,0.11708148,0.006287748,0.004269344,0.121672907,0.006534326,0.004436769,0,gaussian
151,12,1,0.965569427,0.152220457,0.006482427,0.004918183,0.157648381,0.006713579,0.005093557,0,gaussian
151,13,1,0.965125218,0.123234837,0.007686935,0.005359503,0.127687926,0.007964702,0.005553168,0,gaussian
151,14,1,0.967179757,0.177266333,0.008098965,0.005654599,0.183281682,0.008373795,0.005846482,0,gaussian
152,0,0,0.992933558,0.992918766,0.992919545,0.090950379,0.999985103,0.999985888,0.091597648,0,gaussian
152,1,0,0.993337583,0.993313445,0.993301771,0.052085102,0.9999757,0.999963947,0.052434442,0,gaussian
152,2,0,0.993129092,0.993097564,0.993087557,0.079668132,0.999968253,0.999958178,0.080219312,0,gaussian
152,3,0,0.996114068,0.996096319,0.996100078,0.065241392,0.999982181,0.999985955,0.065495904,0,gaussian
152,4,0,0.996119538,0.996080645,0.996101275,0.051398594,0.999960956,0.999981666,0.051598822,0,gaussian
152,5,0,0.998490401,0.998433095,0.998417144,0.010889575,0.999942608,0.999926632,0.010906038,0,gaussian
152,6,0,0.998540059,0.998501277,0.998475751,0.036267969,0.999961161,0.999935598,0.036320996,0,gaussian
152,7,0,0.996208114,0.99611361,0.996121125,0.042953938,0.999905136,0.99991268,0.043117434,0,gaussian
152,8,0,0.995951986,0.995518488,0.995544404,0.037871413,0.99956474,0.999590761,0.03802534,0,gaussian
152,9,1,0.962663695,0.091472483,0.00459008,0.004436038,0.095020185,0.004768104,0.004608087,0,gaussian
152,10,1,0.963028498,0.124027947,0.005906281,0.005590634,0.128789487,0.006133028,0.005805263,0,gaussian
152,11,1,0.965340912,0.133011162,0.006862177,0.006339253,0.137786724,0.007108552,0.006566854,0,gaussian
152,12,1,0.965944898,0.143437402,0.006696107,0.005695112,0.148494394,0.006932183,0.005895898,0,gaussian
152,13,1,0.963719998,0.108941245,0.006533922,0.00463856,0.113042424,0.006779897,0.004813182,0,gaussian
152,14,0,0.998069185,0.996434658,0.99677421,0.016581371,0.998362311,0.998702519,0.016613448,0,gaussian
153,0,0,0.994662494,0.994621934,0.994625057,0.111157213,0.999959223,0.999962362,0.111753699,0,gaussian
153,1,0,0.99564603,0.995572909,0.995579256,0.028803175,0.99992656,0.999932934,0.028929131,0,gaussian
153,2,1,0.966270509,0.081525109,0.003975077,0.003103673,0.084370897,0.004113835,0.003212013,0,gaussian
153,3,1,0.964660878,0.084530318,0.003553848,0.003263247,0.087626979,0.003684039,0.003382792,0,gaussian
153,4,1,0.966308053,0.125715936,0.005730912,0.004651048,0.130099233,0.005930729,0.004813214,0,gaussian
153,5,1,0.96632747,0.109184784,0.004842073,0.004303732,0.112989424,0.005010799,0.0044537,0,gaussian
153,6,1,0.96554122,0.124572867,0.005856742,0.005164479,0.129018694,0.006065761,0.005348791,0,gaussian
153,7,0,0.993409251,0.993388582,0.993387349,0.084177545,0.999979194,0.999977952,0.084736019,0,gaussian
153,8,0,0.996189697,0.99615699,0.996160263,0.027161707,0.999967168,0.999970454,0.027265597,0,gaussian
153,9,0,1.000389421,1.00036861,1.000371939,0.033196224,0.999979197,0.999982525,0.033183302,0,gaussian
153,10,0,0.996007822,0.995985411,0.995990038,0.045032845,0.999977499,0.999982145,0.045213345,0,gaussian
153,11,0,0.989577628,0.989573085,0.989573065,0.384347222,0.999995409,0.999995389,0.388395222,0,gaussian
153,12,0,0.993102619,0.993084425,0.99308993,0.403145983,0.99998168,0.999987223,0.405945947,0,gaussian
153,13,0,0.999411281,0.999387421,0.999387813,0.013304903,0.999976126,0.999976518,0.013312741,0,gaussian
153,14,0,0.999190931,0.999157092,0.999162224,0.01499491,0.999966134,0.99997127,0.015007051,0,gaussian
154,0,0,0.997012026,0.996997291,0.996996596,0.032090027,0.999985221,0.999984524,0.032186198,0,gaussian
154,1,0,0.998139328,0.998128151,0.998127039,0.009152302,0.999988802,0.999987687,0.009169363,0,gaussian
154,2,0,0.999267939,0.999244058,0.999231453,0.086289509,0.999976102,0.999963487,0.086352724,0,gaussian
154,3,0,0.99728588,0.997269663,0.997268289,0.011887487,0.999983739,0.999982362,0.011919838,0,gaussian
154,4,0,0.998038102,0.99797368,0.997983482,0.041555856,0.999935452,0.999945272,0.041637545,0,gaussian
154,5,0,0.994195223,0.994120411,0.994134016,0.029924406,0.999924751,0.999938435,0.030099125,0,gaussian
154,6,0,0.996936033,0.996873616,0.996814955,0.013061828,0.999937391,0.999878549,0.013101972,0,gaussian
154,7,0,0.99749032,0.997380128,0.997390649,0.018125925,0.999889531,0.999900078,0.01817153,0,gaussian
154,8,0,0.996701623,0.996548021,0.996546605,0.034361003,0.999845889,0.999844469,0.034474713,0,gaussian
154,9,0,0.996646175,0.996299102,0.996468425,0.040987811,0.99965176,0.999821652,0.04112574,0,gaussian
154,10,1,0.961795987,0.123172257,0.004984287,0.004261786,0.128064849,0.00518227,0.004431071,0,gaussian
154,11,1,0.96465422,0.099868732,0.004289834,0.003684518,0.103528011,0.004447017,0.003819522,0,gaussian
154,12,1,0.963105221,0.150938439,0.006436078,0.006050503,0.156720612,0.006682632,0.006282287,0,gaussian
154,13,1,0.962624852,0.123552971,0.005909776,0.005775969,0.128350074,0.00613923,0.006000229,0,gaussian
154,14,1,0.963679694,0.137263941,0.005984854,0.005816006,0.142437308,0.006210418,0.006035206,0,gaussian
155,0,0,0.994914186,0.994899574,0.994904686,0.027557791,0.999985313,0.999990452,0.027698661,0,gaussian
155,1,0,0.995887414,0.995875997,0.995866596,0.018492063,0.999988535,0.999979096,0.018568428,0,gaussian
155,2,0,0.996622901,0.996611479,0.996612823,0.015158036,0.999988539,0.999989888,0.015209399,0,gaussian
155,3,0,0.992913307,0.99289167,0.992890068,0.081417905,0.999978208,0.999976595,0.081999007,0,gaussian
155,4,0,0.992243423,0.992193599,0.992200139,0.191607108,0.999949786,0.999956378,0.193104941,0,gaussian
155,5,0,0.991434674,0.991411035,0.991401297,0.048073661,0.999976157,0.999966334,0.048488985,0,gaussian
155,6,0,0.992953585,0.992929211,0.99292335,0.055494928,0.999975453,0.99996955,0.055888743,0,gaussian
155,7,0,0.997089722,0.996994089,0.997013713,0.017398731,0.999904088,0.99992377,0.017449514,0,gaussian
155,8,0,0.99075588,0.990149441,0.989893032,0.285073581,0.999387903,0.999129102,0.287733423,0,gaussian
155,9,0,0.996174542,0.994376464,0.995127795,0.03093408,0.998195016,0.998949233,0.031052872,0,gaussian
155,10,1,0.965246439,0.102268736,0.004798485,0.003450314,0.105950907,0.004971253,0.003574542,0,gaussian
155,11,1,0.963454439,0.0952231,0.006844927,0.00407403,0.098835084,0.007104567,0.004228566,0,gaussian
155,12,1,0.967191871,0.134243949,0.007265508,0.005070596,0.13879764,0.007511961,0.005242596,0,gaussian
155,13,1,0.963459912,0.101201316,0.008362449,0.005533467,0.105039468,0.008679602,0.005743328,0,gaussian
155,14,1,0.967087024,0.114940564,0.007830817,0.005181409,0.118852349,0.008097324,0.005357748,0,gaussian
156,0,0,0.992909714,0.992901478,0.99289601,0.148049376,0.999991705,0.999986198,0.149106584,0,gaussian
156,1,0,0.99391429,0.993889849,0.993877865,0.05102309,0.999975409,0.999963351,0.051335503,0,gaussian
156,2,0,0.995895834,0.995867253,0.995859819,0.039448,0.999971301,0.999963837,0.039610569,0,gaussian
156,3,0,0.999152937,0.999129076,0.999131039,0.020792547,0.999976119,0.999978083,0.020810175,0,gaussian
156,4,0,0.995468824,0.995428312,0.995429604,0.034026731,0.999959304,0.999960601,0.034181614,0,gaussian
156,5,0,0.993138946,0.993121831,0.993126925,0.176070381,0.999982766,0.999987896,0.177286755,0,gaussian
156,6,0,0.993265497,0.993195592,0.993217862,0.108697997,0.999929622,0.999952042,0.109434988,0,gaussian
156,7,0,0.996448223,0.996259727,0.996198164,0.079942776,0.999810833,0.99974905,0.080227727,0,gaussian
156,8,0,0.996385968,0.995860301,0.996010727,0.136530446,0.999472427,0.999623398,0.137025661,0,gaussian
156,9,0,0.992221967,0.985295245,0.987247813,0.097416341,0.99301898,0.994986854,0.098179988,0,gaussian
156,10,1,0.968798532,0.140231218,0.021909816,0.004083236,0.144747554,0.022615451,0.004214742,0,gaussian
156,11,1,0.96172045,0.099694902,0.008169801,0.005126885,0.103663078,0.008494985,0.005330951,0,gaussian
156,12,1,0.966271692,0.139013708,0.013961068,0.005726752,0.143866067,0.014448388,0.005926648,0,gaussian
156,13,1,0.96499762,0.127761256,0.009560179,0.006308023,0.13239541,0.009906946,0.006536827,0,gaussian
156,14,1,0.96399277,0.154619322,0.012776895,0.00745506,0.16039469,0.01325414,0.007733523,0,gaussian
157,0,0,0.997102262,0.997088502,0.99708695,0.028731975,0.999986199,0.999984643,0.028815475,0,gaussian
157,1,0,0.996124594,0.996093542,0.996084988,0.034240884,0.999968827,0.99996024,0.034374097,0,gaussian
157,2,0,0.999189006,0.999139761,0.999149319,0.008912741,0.999950714,0.999960281,0.008919975,0,gaussian
157,3,0,0.99623417,0.996213766,0.996190877,0.03678042,0.999979519,0.999956543,0.036919453,0,gaussian
157,4,0,0.993053843,0.992976323,0.993018973,0.218624356,0.999921938,0.999964886,0.220153577,0,gaussian
157,5,0,1.000470686,1.000409329,1.000380189,0.01213538,0.999938671,0.999909545,0.012129671,0,gaussian
157,6,0,0.995438948,0.994991544,0.99506045,0.04916503,0.999550546,0.999619768,0.049390302,0,gaussian
157,7,0,0.992723807,0.992465494,0.992361136,0.039236915,0.999739794,0.999634671,0.039524503,0,gaussian
157,8,0,0.994589045,0.994424218,0.994234343,0.044831904,0.999834276,0.999643368,0.045075807,0,gaussian
157,9,0,0.992969657,0.989581026,0.990644989,0.034860982,0.996587378,0.997658873,0.035107801,0,gaussian
157,10,1,0.965587027,0.125278475,0.005837283,0.004446952,0.129743329,0.006045321,0.004605439,0,gaussian
157,11,1,0.965152261,0.100624669,0.011676887,0.004425637,0.104257818,0.012098492,0.004585429,0,gaussian
157,12,1,0.967807545,0.148338743,0.009209737,0.006053412,0.153272976,0.009516083,0.006254769,0,gaussian
157,13,1,0.962481234,0.146086545,0.01244626,0.007183915,0.151781188,0.012931431,0.007463953,0,gaussian
157,14,1,0.963952414,0.165926362,0.012052341,0.007908742,0.172131279,0.012503045,0.008204495,0,gaussian
158,0,0,0.997284069,0.997256196,0.997261197,0.01922404,0.999972051,0.999977066,0.019276393,0,gaussian
158,1,0,0.995623324,0.995601824,0.995598605,0.012582042,0.999978405,0.999975172,0.012637352,0,gaussian
158,2,0,0.991567739,0.991526278,0.991525081,0.056066254,0.999958186,0.999956979,0.056543039,0,gaussian
158,3,0,0.995993208,0.995961015,0.99595737,0.066773396,0.999967677,0.999964018,0.067042019,0,gaussian
158,4,0,0.994693779,0.994670215,0.994667678,0.119456876,0.99997631,0.999973759,0.120094122,0,gaussian
158,5,0,0.994153181,0.994087715,0.994091645,0.019259516,0.999934149,0.999938102,0.019372785,0,gaussian
158,6,0,0.992482551,0.992451918,0.992442017,0.109600081,0.999969135,0.999959159,0.110430235,0,gaussian
158,7,0,0.992008074,0.991946825,0.991920827,0.090220084,0.999938258,0.99991205,0.090946925,0,gaussian
158,8,0,0.997421021,0.997349595,0.997330364,0.047589245,0.99992839,0.999909109,0.047712294,0,gaussian
158,9,1,0.966447765,0.103783187,0.006278895,0.003454838,0.107386235,0.006496879,0.00357478,0,gaussian
158,10,1,0.966838941,0.131684925,0.009299545,0.004474698,0.136201511,0.009618505,0.004628173,0,gaussian
158,11,1,0.962338813,0.114135349,0.010071295,0.004662649,0.118602043,0.010465435,0.004845123,0,gaussian
158,12,1,0.964527691,0.151773159,0.013374973,0.005251487,0.157354901,0.013866862,0.00544462,0,gaussian
158,13,1,0.965798215,0.147682065,0.018639023,0.00563528,0.152911925,0.019299086,0.005834842,0,gaussian
158,14,0,0.991595812,0.980660654,0.979493093,0.230683294,0.988972162,0.987794706,0.232638432,0,gaussian
159,0,0,0.993377872,0.993352332,0.993333263,0.039951545,0.99997429,0.999955093,0.040217872,0,gaussian
159,1,0,0.998183754,0.998164906,0.998166883,0.011937531,0.999981118,0.999983098,0.011959252,0,gaussian
159,2,0,0.995955075,0.995926618,0.995928583,0.028071275,0.999971428,0.999973401,0.028185283,0,gaussian
159,3,0,0.990191522,0.990159539,0.9901727,0.90555699,0.9999677,0.999980991,0.914527109,0,gaussian
159,4,0,0.994476395,0.994431806,0.994400494,0.01963296,0.999955163,0.999923677,0.019742007,0,gaussian
159,5,0,0.996216954,0.996124238,0.996140031,0.05923887,0.999906932,0.999922785,0.059463825,0,gaussian
159,6,0,0.999004505,0.998925009,0.99893022,0.022215433,0.999920425,0.999925641,0.02223757,0,gaussian
159,7,0,0.992948164,0.992792922,0.992732861,0.061356789,0.999843656,0.999783168,0.06179254,0,gaussian
159,8,0,0.996443881,0.996206628,0.996217399,0.014556603,0.999761901,0.99977271,0.014608553,0,gaussian
159,9,0,0.988205425,0.987721011,0.987776578,0.325485583,0.999509804,0.999566034,0.329370366,0,gaussian
159,10,1,0.963432016,0.095344048,0.005487038,0.004299228,0.098962923,0.005695303,0.004462409,0,gaussian
159,11,1,0.964932791,0.103556933,0.006624315,0.004263909,0.107320358,0.006865054,0.004418866,0,gaussian
159,12,1,0.966134877,0.153643589,0.006768358,0.005452652,0.15902913,0.007005604,0.005643779,0,gaussian
159,13,1,0.967032598,0.138010976,0.008493801,0.0050936,0.14271595,0.008783365,0.005267248,0,gaussian
159,14,1,0.964125754,0.158705337,0.008606664,0.006265658,0.164610619,0.00892691,0.006498797,0,gaussian
160,0,0,0.992458993,0.992410085,0.992421962,0.165196344,0.999950721,0.999962688,0.166451556,0,gaussian
160,1,0,0.997510156,0.997468028,0.997472923,0.082097945,0.999957767,0.999962674,0.082302867,0,gaussian
160,2,0,0.994109682,0.994087953,0.994086954,0.207825963,0.999978143,0.999977138,0.209057377,0,gaussian
160,3,0,0.992538385,0.992489246,0.992487058,0.1253925,0.999950491,0.999948288,0.126335164,0,gaussian
160,4,0,0.993432074,0.9934162,0.993399424,0.058513294,0.999984021,0.999967133,0.058900146,0,gaussian
160,5,0,0.997041176,0.997019838,0.997011183,0.027811679,0.999978599,0.999969917,0.027894213,0,gaussian
160,6,0,0.993542406,0.99345017,0.993484601,0.118441884,0.999907164,0.999941818,0.119211705,0,gaussian
160,7,0,0.996476558,0.996385076,0.996387031,0.034810031,0.999908194,0.999910157,0.034933116,0,gaussian
160,8,0,0.995775582,0.995456661,0.995587414,0.031188143,0.999679726,0.999811034,0.031320453,0,gaussian
160,9,0,0.994824893,0.993757611,0.993883989,0.099847165,0.998927166,0.999054201,0.100366572,0,gaussian
160,10,1,0.964605054,0.105267639,0.005657695,0.003903305,0.1091303,0.005865297,0.004046532,0,gaussian
160,11,1,0.968263525,0.114460219,0.006961061,0.003237727,0.118211846,0.007189222,0.003343849,0,gaussian
160,12,1,0.966439525,0.141605471,0.007743169,0.005056296,0.146522847,0.008012057,0.00523188,0,gaussian
160,13,1,0.961747763,0.157224033,0.010012319,0.007113716,0.16347741,0.010410546,0.007396655,0,gaussian
160,14,1,0.964534851,0.1499594,0.008315487,0.005232524,0.155473283,0.008621241,0.005424919,0,gaussian
161,0,0,0.995811888,0.995791006,0.995772525,0.084412703,0.999979031,0.999960472,0.08476772,0,gaussian
161,1,0,0.99635501,0.996342209,0.996344434,0.024268118,0.999987152,0.999989385,0.024356899,0,gaussian
161,2,0,0.998432776,0.998417925,0.998419137,0.014397357,0.999985126,0.99998634,0.014419956,0,gaussian
161,3,0,0.99303898,0.993015245,0.993007827,0.036412399,0.999976099,0.999968629,0.036667643,0,gaussian
161,4,0,0.99408619,0.994072913,0.994058721,0.038289228,0.999986643,0.999972368,0.03851701,0,gaussian
161,5,0,0.9960427,0.99602466,0.996015348,0.059606733,0.999981889,0.99997254,0.059843552,0,gaussian
161,6,0,0.989548564,0.989533135,0.989532006,0.617503559,0.999984407,0.999983267,0.624025521,0,gaussian
161,7,0,0.994841443,0.994789773,0.994822146,0.116261753,0.999948062,0.999980603,0.116864606,0,gaussian
161,8,0,0.994396477,0.994307406,0.994299475,0.047206338,0.999910427,0.999902452,0.04747235,0,gaussian
161,9,0,0.994473422,0.993246037,0.993967599,0.036281479,0.998765795,0.999491366,0.036483105,0,gaussian
161,10,1,0.961368007,0.099075195,0.005201145,0.004752826,0.103056472,0.00541015,0.004943816,0,gaussian
161,11,1,0.963497196,0.094529924,0.006044816,0.003808772,0.09811126,0.006273828,0.00395307,0,gaussian
161,12,1,0.96624604,0.140781204,0.005780309,0.00480273,0.145699127,0.005982233,0.004970505,0,gaussian
161,13,1,0.967623691,0.130081887,0.007767013,0.004617059,0.134434376,0.008026894,0.004771544,0,gaussian
161,14,1,0.963252365,0.15506445,0.00766209,0.005495205,0.160980087,0.007954395,0.005704845,0,gaussian
162,0,0,0.995573449,0.995525152,0.995532583,0.077306837,0.999951488,0.999958952,0.077650561,0,gaussian
162,1,0,0.997270976,0.997238122,0.997244341,0.032997155,0.999967056,0.999973292,0.033087451,0,gaussian
162,2,0,0.995078299,0.995062195,0.995054253,0.016429089,0.999983816,0.999975835,0.016510348,0,gaussian
162,3,0,0.993542932,0.993525005,0.993515843,0.056478223,0.999981957,0.999972736,0.056845277,0,gaussian
162,4,0,0.99531616,0.99526192,0.995281602,0.19372921,0.999945504,0.999965279,0.194640877,0,gaussian
162,5,0,0.99434737,0.994294826,0.994279553,0.114926185,0.999947158,0.999931797,0.115579513,0,gaussian
162,6,0,0.994009606,0.993874744,0.993892544,0.043859195,0.999864325,0.999882233,0.044123512,0,gaussian
162,7,0,0.992281561,0.992184439,0.992217366,0.436188617,0.999902122,0.999935305,0.4395815,0,gaussian
162,8,0,0.99745945,0.997209593,0.997164967,0.010439916,0.999749507,0.999704767,0.010466507,0,gaussian
162,9,0,0.99439128,0.994044906,0.994024625,0.044199332,0.999651673,0.999631277,0.044448632,0,gaussian
162,10,1,0.962802971,0.136109625,0.005528528,0.005032747,0.141368098,0.005742117,0.005227183,0,gaussian
162,11,1,0.96514959,0.103860458,0.005425993,0.00424314,0.107610736,0.00562192,0.004396355,0,gaussian
162,12,1,0.962202361,0.158386159,0.007742471,0.006996638,0.164607951,0.008046614,0.007271483,0,gaussian
162,13,1,0.966629027,0.158911702,0.008548323,0.006842977,0.164397818,0.008843437,0.007079217,0,gaussian
162,14,1,0.965979742,0.147628143,0.007263593,0.006275676,0.15282737,0.007519405,0.006496695,0,gaussian
163,0,0,0.994168375,0.994111298,0.994128235,0.050586554,0.999942588,0.999959624,0.050883286,0,gaussian
163,1,0,0.991100917,0.991081249,0.991041273,0.05092472,0.999980155,0.99993982,0.051381973,0,gaussian
163,2,0,0.998170685,0.998155853,0.998156273,0.013709078,0.999985141,0.999985562,0.013734203,0,gaussian
163,3,0,0.989950808,0.989901729,0.989918137,0.204417146,0.999950422,0.999966997,0.206492226,0,gaussian
163,4,0,0.99681298,0.996789186,0.996798685,0.073950603,0.99997613,0.99998566,0.074187038,0,gaussian
163,5,0,0.993809699,0.993785266,0.993772612,0.060136873,0.999975415,0.999962682,0.060511457,0,gaussian
163,6,0,0.993830395,0.993777352,0.993797544,0.201515404,0.999946628,0.999966945,0.202766393,0,gaussian
163,7,0,0.994336095,0.994306654,0.994311526,0.075965874,0.999970391,0.999975291,0.076398588,0,gaussian
163,8,1,0.961909028,0.087107152,0.005741488,0.004431218,0.090556539,0.005968847,0.004606691,0,gaussian
163,9,1,0.965706543,0.110113574,0.007490767,0.005319162,0.114023846,0.007756773,0.005508052,0,gaussian
163,10,1,0.966429362,0.146088528,0.00743602,0.005502407,0.151163172,0.007694324,0.005693543,0,gaussian
163,11,1,0.964116163,0.090363467,0.004872926,0.004072605,0.093726742,0.005054294,0.004224185,0,gaussian
163,12,1,0.967544853,0.128518709,0.005799394,0.004844414,0.132829717,0.005993928,0.005006914,0,gaussian
163,13,0,0.999105996,0.998944078,0.998797792,0.018039461,0.999837937,0.99969152,0.018055603,0,gaussian
163,14,0,0.995143891,0.995036856,0.995046771,0.024790305,0.999892442,0.999902407,0.024911277,0,gaussian
164,0,0,0.99550462,0.995483178,0.995478639,0.04530154,0.999978461,0.999973902,0.045506107,0,gaussian
164,1,0,0.997396194,0.997335355,0.997341968,0.051286343,0.999939002,0.999945633,0.051420232,0,gaussian
164,2,0,0.992613708,0.992581,0.992584569,0.10828093,0.999967049,0.999970645,0.109086676,0,gaussian
164,3,0,0.996829039,0.996810882,0.996814254,0.018398293,0.999981785,0.999985168,0.018456819,0,gaussian
164,4,0,0.996867462,0.996796473,0.996789712,0.021280316,0.999928788,0.999922006,0.021347187,0,gaussian
164,5,0,0.99583186,0.995645535,0.995707397,0.110523596,0.999812895,0.999875015,0.110986202,0,gaussian
164,6,0,0.997087267,0.997060385,0.997055999,0.027444459,0.99997304,0.999968641,0.027524631,0,gaussian
164,7,0,0.993528759,0.993294102,0.993345293,0.114426145,0.999763814,0.999815339,0.115171448,0,gaussian
164,8,0,0.99504406,0.994795023,0.994919425,0.102983447,0.999749723,0.999874744,0.103496368,0,gaussian
164,9,0,0.995076148,0.994200893,0.993346968,0.03077546,0.999120414,0.998262263,0.030927744,0,gaussian
164,10,1,0.965639815,0.079319479,0.005994035,0.003677297,0.082141889,0.006207319,0.003808146,0,gaussian
164,11,1,0.963540099,0.122722538,0.006463626,0.004600517,0.127366301,0.006708206,0.004774598,0,gaussian
164,12,1,0.964736635,0.131836717,0.008558447,0.005919704,0.136655655,0.008871278,0.006136083,0,gaussian
164,13,1,0.966152862,0.140729078,0.007487489,0.005418721,0.145659225,0.007749798,0.005608555,0,gaussian
164,14,1,0.965667442,0.112537202,0.008625629,0.005848741,0.116538259,0.008932297,0.006056682,0,gaussian
165,0,0,0.998263138,0.998245108,0.998250416,0.020683364,0.999981938,0.999987256,0.020719351,0,gaussian
165,1,0,0.997589204,0.997586846,0.997585386,0.01179998,0.999997637,0.999996173,0.011828496,0,gaussian
165,2,0,0.993862432,0.993845868,0.993833719,0.037652719,0.999983334,0.999971109,0.037885243,0,gaussian
165,3,0,0.994408897,0.994375349,0.994396012,0.03845164,0.999966263,0.999987043,0.038667836,0,gaussian
165,4,0,0.992726345,0.992670234,0.992686617,0.292467441,0.999943478,0.999959981,0.294610334,0,gaussian
165,5,0,0.996796614,0.996772985,0.996769156,0.012226774,0.999976295,0.999972453,0.012266067,0,gaussian
165,6,0,0.996117581,0.995996165,0.996012309,0.018354161,0.999878111,0.999894318,0.018425698,0,gaussian
165,7,0,0.99668732,0.99653331,0.996467076,0.01246832,0.999845479,0.999779024,0.012509761,0,gaussian
165,8,0,0.99545705,0.994425536,0.995294606,0.16864311,0.998963779,0.999836815,0.169412744,0,gaussian
165,9,0,0.997758672,0.99686543,0.996847327,0.010087765,0.999104752,0.999086608,0.010110426,0,gaussian
165,10,1,0.965738132,0.121661816,0.005890072,0.004133282,0.12597806,0.006099036,0.00427992,0,gaussian
165,11,1,0.966405702,0.116475952,0.005549657,0.003959708,0.120524901,0.005742575,0.004097356,0,gaussian
165,12,1,0.965977662,0.133208539,0.006934121,0.004935552,0.137900228,0.007178345,0.005109385,0,gaussian
165,13,1,0.96591616,0.143247253,0.008041523,0.005869223,0.148301953,0.00832528,0.006076328,0,gaussian
165,14,1,0.967441115,0.158353223,0.007145344,0.004896377,0.163682544,0.007385818,0.005061163,0,gaussian
166,0,0,0.996710778,0.996679518,0.996679243,0.012185403,0.999968637,0.999968361,0.012225616,0,gaussian
166,1,0,0.995561984,0.995541757,0.995534208,0.027639443,0.999979683,0.9999721,0.027762654,0,gaussian
166,2,0,0.99548863,0.995477,0.995474771,0.050605261,0.999988318,0.999986079,0.050834594,0,gaussian
166,3,0,0.997206964,0.997187809,0.997186863,0.013801209,0.999980791,0.999979843,0.013839864,0,gaussian
166,4,0,0.995742951,0.995726759,0.995725829,0.057933456,0.999983739,0.999982805,0.058181136,0,gaussian
166,5,0,0.992249434,0.992199965,0.992209207,0.151809371,0.999950144,0.999959458,0.152995171,0,gaussian
166,6,0,0.99416338,0.994092699,0.994059197,0.031888785,0.999928903,0.999895205,0.032076,0,gaussian
166,7,0,0.993698855,0.993614152,0.993607696,0.129872889,0.99991476,0.999908263,0.130696426,0,gaussian
166,8,0,0.996535581,0.995571422,0.99483702,0.019362737,0.999032489,0.998295534,0.019430051,0,gaussian
166,9,0,0.995565734,0.994798605,0.994594865,0.034777289,0.999229454,0.999024807,0.034932188,0,gaussian
166,10,1,0.964053356,0.111777972,0.005889521,0.004334654,0.115945836,0.006109124,0.00449628,0,gaussian
166,11,1,0.967361192,0.130196775,0.008015793,0.005241975,0.13458962,0.008286246,0.005418839,0,gaussian
166,12,1,0.967635518,0.145990387,0.007969859,0.005289945,0.150873324,0.008236426,0.005466877,0,gaussian
166,13,1,0.964957543,0.148539433,0.008451949,0.005992315,0.153933646,0.008758882,0.006209926,0,gaussian
166,14,1,0.9640489,0.096310989,0.007040509,0.004618251,0.099902598,0.007303063,0.004790474,0,gaussian
167,0,0,0.995860238,0.995823047,0.995815732,0.013533271,0.999962654,0.999955309,0.013589528,0,gaussian
167,1,0,0.992953125,0.992940845,0.99292807,0.036714432,0.999987633,0.999974768,0.03697499,0,gaussian
167,2,0,0.996265592,0.996224517,0.996235018,0.014104918,0.999958771,0.999969312,0.014157789,0,gaussian
167,3,0,0.991599463,0.991589198,0.991587562,0.535547127,0.999989648,0.999987998,0.540084124,0,gaussian
167,4,0,0.993601657,0.993570398,0.993565605,0.162198115,0.999968539,0.999963716,0.163242597,0,gaussian
167,5,0,0.99477588,0.994762627,0.994755512,0.029099246,0.999986677,0.999979525,0.029252063,0,gaussian
167,6,0,0.999102432,0.999067757,0.999069923,0.010788407,0.999965294,0.999967462,0.010798099,0,gaussian
167,7,0,0.997087154,0.997054005,0.997048184,0.026961886,0.999966755,0.999960917,0.027040651,0,gaussian
167,8,0,0.997662605,0.99763502,0.997630727,0.032968917,0.999972351,0.999968047,0.033046159,0,gaussian
167,9,0,0.996221775,0.996151406,0.996090783,0.032069738,0.999929365,0.999868511,0.032191365,0,gaussian
167,10,1,0.964207347,0.099698561,0.004640257,0.003813395,0.103399503,0.00481251,0.003954953,0,gaussian
167,11,1,0.96724138,0.131722512,0.00616443,0.004874427,0.136183702,0.006373207,0.005039514,0,gaussian
167,12,1,0.964196057,0.112129902,0.005514427,0.004425292,0.116293674,0.005719197,0.004589618,0,gaussian
167,13,1,0.965508113,0.111723756,0.006560711,0.005497786,0.115714984,0.006795087,0.00569419,0,gaussian
167,14,1,0.968025533,0.124181649,0.00688133,0.00505243,0.128283444,0.007108624,0.005219314,0,gaussian
168,0,0,0.994412687,0.994350189,0.994363465,0.051450972,0.999937151,0.999950502,0.05174006,0,gaussian
168,1,0,0.989949916,0.989903086,0.989922066,0.198300466,0.999952695,0.999971868,0.200313635,0,gaussian
168,2,0,0.989701606,0.989677777,0.989681832,0.222323096,0.999975923,0.99998002,0.224636491,0,gaussian
168,3,0,0.989434398,0.989391439,0.989403394,0.400890079,0.999956583,0.999968665,0.405170954,0,gaussian
168,4,0,1.000944814,1.000925482,1.00093675,0.027884479,0.999980686,0.999991944,0.027858158,0,gaussian
168,5,0,0.993204882,0.993192682,0.993190572,0.152751226,0.999987716,0.999985592,0.15379629,0,gaussian
168,6,0,0.992878022,0.992850848,0.992849257,0.061637188,0.999972631,0.999971029,0.062079315,0,gaussian
168,7,0,0.996481561,0.996464224,0.99647048,0.057569571,0.999982602,0.99998888,0.057772841,0,gaussian
168,8,1,0.963108962,0.099194128,0.00431022,0.004188558,0.102993671,0.00447532,0.004348997,0,gaussian
168,9,1,0.964685911,0.13124815,0.006623256,0.005668407,0.136052728,0.006865712,0.005875909,0,gaussian
168,10,1,0.963502214,0.131982121,0.007972368,0.007321277,0.136981648,0.008274364,0.00759861,0,gaussian
168,11,1,0.961822788,0.112457825,0.005326124,0.004909573,0.116921564,0.005537531,0.005104446,0,gaussian
168,12,1,0.964914001,0.141914561,0.0064091,0.005786645,0.147074828,0.006642146,0.005997058,0,gaussian
168,13,0,0.996434732,0.996260229,0.996299484,0.048437896,0.999824873,0.999864268,0.048611208,0,gaussian
168,14,0,0.997283957,0.997000348,0.996979355,0.004558924,0.999715619,0.999694568,0.00457134,0,gaussian
169,0,0,0.995954014,0.995939904,0.99593599,0.024347557,0.999985832,0.999981903,0.024446467,0,gaussian
169,1,0,0.996023071,0.995996997,0.996000113,0.324318618,0.999973822,0.99997695,0.32561356,0,gaussian
169,2,0,0.994604199,0.994543591,0.994536923,0.15988451,0.999939063,0.99993236,0.160751895,0,gaussian
169,3,0,0.995704019,0.995666869,0.995671155,0.027685919,0.99996269,0.999966995,0.02780537,0,gaussian
169,4,0,0.997294478,0.997278492,0.997280285,0.017550547,0.999983971,0.999985769,0.017598159,0,gaussian
169,5,0,0.9944627,0.994299736,0.994309793,0.066703101,0.999836128,0.999846242,0.067074513,0,gaussian
169,6,0,0.997278368,0.997073799,0.99717341,0.025226763,0.999794873,0.999894755,0.025295609,0,gaussian
169,7,0,0.998296279,0.998097916,0.997999552,0.006490942,0.999801298,0.999702767,0.00650202,0,gaussian
169,8,0,0.995605722,0.995298606,0.995277654,0.040582056,0.999691529,0.999670484,0.040761172,0,gaussian
169,9,0,0.995634788,0.993374956,0.993095584,0.10172992,0.99773026,0.997449664,0.10217594,0,gaussian
169,10,1,0.963005575,0.100948564,0.005469857,0.004581065,0.104826563,0.005679985,0.004757049,0,gaussian
169,11,1,0.966092075,0.105384701,0.007086345,0.003948693,0.109083496,0.007335062,0.004087285,0,gaussian
169,12,1,0.96318905,0.171222224,0.011002391,0.007677498,0.177765957,0.011422878,0.007970915,0,gaussian
169,13,1,0.967872343,0.148411909,0.007116649,0.005163338,0.15333831,0.00735288,0.00533473,0,gaussian
169,14,1,0.966167235,0.177904416,0.010115432,0.006669657,0.184134185,0.010469649,0.006903212,0,gaussian
170,0,0,0.996379917,0.996327151,0.996321107,0.015690009,0.999947042,0.999940976,0.015747015,0,gaussian
170,1,0,0.991446511,0.991440837,0.991425303,0.063467029,0.999994277,0.99997861,0.064014577,0,gaussian
170,2,0,0.995705929,0.99567536,0.995679821,0.031637793,0.999969299,0.999973779,0.031774234,0,gaussian
170,3,0,0.99220039,0.992164455,0.992158443,0.118931011,0.999963782,0.999957724,0.119865919,0,gaussian
170,4,0,0.994424312,0.994400153,0.994406849,0.047113477,0.999975706,0.999982439,0.04737764,0,gaussian
170,5,0,0.991569496,0.991534943,0.991552687,0.409640038,0.999965153,0.999983048,0.413122873,0,gaussian
170,6,0,0.996208594,0.996030055,0.996094873,0.027067977,0.999820782,0.999885846,0.027170993,0,gaussian
170,7,0,0.992477992,0.992329814,0.992333073,0.075385128,0.999850699,0.999853983,0.075956473,0,gaussian
170,8,0,0.996120956,0.995659187,0.995772464,0.035948058,0.999536433,0.99965015,0.036088045,0,gaussian
170,9,0,0.995664033,0.994561177,0.994799765,0.082248258,0.998892341,0.999131968,0.082606437,0,gaussian
170,10,1,0.961749862,0.086384669,0.006764178,0.004317853,0.089820309,0.007033198,0.00448958,0,gaussian
170,11,1,0.964473862,0.107762708,0.005405594,0.003744939,0.111732118,0.005604707,0.003882883,0,gaussian
170,12,1,0.963266349,0.120292955,0.008272757,0.00608352,0.124880263,0.008588234,0.006315512,0,gaussian
170,13,1,0.966883165,0.143621926,0.008532791,0.005792253,0.148541139,0.008825048,0.005990644,0,gaussian
170,14,1,0.966000826,0.18951439,0.008644774,0.006292905,0.196184501,0.008949034,0.006514389,0,gaussian
171,0,0,0.995710732,0.995693085,0.995684637,0.012541166,0.999982277,0.999973793,0.01259519,0,gaussian
171,1,0,0.996294676,0.996243679,0.99624549,0.035141775,0.999948812,0.99995063,0.035272471,0,gaussian
171,2,0,0.994952069,0.994919412,0.994920344,0.034142941,0.999967177,0.999968114,0.034316167,0,gaussian
171,3,0,0.997019773,0.996993758,0.996997163,0.058477609,0.999973907,0.999977323,0.058652406,0,gaussian
171,4,0,0.995736039,0.995674918,0.995687027,0.159712777,0.999938617,0.999950778,0.160396702,0,gaussian
171,5,0,0.993762298,0.993700691,0.993733598,0.202850852,0.999938006,0.999971119,0.204124117,0,gaussian
171,6,0,0.997022001,0.996984777,0.997005303,0.023505359,0.999962664,0.999983252,0.023575567,0,gaussian
171,7,0,0.993424505,0.993290842,0.99333252,0.090075784,0.999865452,0.999907406,0.090671998,0,gaussian
171,8,0,0.989291719,0.988807641,0.98886162,0.146465148,0.999510682,0.999565246,0.148050514,0,gaussian
171,9,1,0.964672067,0.137975042,0.005451489,0.004624518,0.143027923,0.005651131,0.004793876,0,gaussian
171,10,1,0.967177953,0.164979698,0.007384012,0.005496944,0.170578432,0.007634595,0.005683488,0,gaussian
171,11,1,0.965529111,0.167730996,0.008843135,0.00636507,0.173719253,0.009158849,0.006592313,0,gaussian
171,12,1,0.965897611,0.143403068,0.007300938,0.005557558,0.148466117,0.007558708,0.005753776,0,gaussian
171,13,1,0.966215483,0.096412176,0.005824436,0.004304078,0.099783307,0.006028092,0.004454574,0,gaussian
171,14,0,0.996468122,0.995306115,0.995327474,0.025822973,0.998833874,0.998855308,0.0259145,0,gaussian
172,0,0,0.995611364,0.995584755,0.99558185,0.037330645,0.999973273,0.999970356,0.037495198,0,gaussian
172,1,0,0.996972242,0.996958067,0.996955628,0.009712371,0.999985781,0.999983336,0.009741867,0,gaussian
172,2,0,0.993610168,0.993586982,0.993578212,0.078882674,0.999976665,0.999967839,0.079389963,0,gaussian
172,3,0,0.996307947,0.996288117,0.996293143,0.018759216,0.999980097,0.999985142,0.018828733,0,gaussian
172,4,0,0.996412237,0.996405993,0.996402128,0.020804891,0.999993734,0.999989855,0.020879802,0,gaussian
172,5,0,0.995843988,0.995822736,0.99582437,0.053460553,0.999978659,0.9999803,0.053683663,0,gaussian
172,6,0,0.992365317,0.992270033,0.992312331,0.132817529,0.999903983,0.999946606,0.13383935,0,gaussian
172,7,0,1.0006329,1.000533429,1.000551714,0.023401736,0.999900592,0.999918865,0.023386935,0,gaussian
172,8,0,0.99492936,0.994219462,0.994305015,0.044979695,0.999286484,0.999372473,0.045208933,0,gaussian
172,9,0,0.998656999,0.998275984,0.997970731,0.027166713,0.999618473,0.999312809,0.027203247,0,gaussian
172,10,1,0.964583986,0.101607921,0.00588329,0.004557937,0.105338595,0.006099303,0.004725288,0,gaussian
172,11,1,0.961923438,0.099009871,0.006261066,0.004492192,0.102929055,0.006508903,0.00467001,0,gaussian
172,12,1,0.963836049,0.148434474,0.009131753,0.007114286,0.154003862,0.009474384,0.00738122,0,gaussian
172,13,1,0.966588828,0.159939982,0.008852978,0.006358306,0.165468477,0.009158991,0.006578088,0,gaussian
172,14,1,0.965691523,0.177963184,0.008682751,0.00689976,0.184285747,0.008991226,0.007144891,0,gaussian
173,0,0,0.994025474,0.993961646,0.993963886,0.033087614,0.999935788,0.999938042,0.033286485,0,gaussian
173,1,0,0.994793627,0.994769291,0.994769551,0.102125407,0.999975537,0.999975799,0.102659893,0,gaussian
173,2,0,0.993886131,0.993857043,0.993859484,0.090388198,0.999970734,0.999973189,0.090944219,0,gaussian
173,3,0,0.995829914,0.99579805,0.995800521,0.024862191,0.999968003,0.999970484,0.024966303,0,gaussian
173,4,0,0.998805745,0.998795494,0.998777672,0.024459314,0.999989737,0.999971894,0.024488559,0,gaussian
173,5,0,0.989466779,0.989442763,0.989436442,0.764501363,0.999975728,0.99996934,0.772639748,0,gaussian
173,6,0,0.996551092,0.996455353,0.996466147,0.02385921,0.999903929,0.999914761,0.023941783,0,gaussian
173,7,0,0.991729021,0.991692205,0.991702683,0.080427936,0.999962877,0.999973442,0.081098701,0,gaussian
173,8,0,0.994965148,0.994884258,0.994815303,0.07150597,0.999918701,0.999849397,0.071867814,0,gaussian
173,9,0,0.999100021,0.998841383,0.998803555,0.018818912,0.99974113,0.999703267,0.018835864,0,gaussian
173,10,1,0.964544556,0.099944522,0.005065633,0.003986943,0.103618357,0.00525184,0.004133498,0,gaussian
173,11,1,0.964832351,0.102510233,0.004801856,0.003780259,0.106246679,0.004976881,0.003918048,0,gaussian
173,12,1,0.965305142,0.143891727,0.007077987,0.005382943,0.149063462,0.007332383,0.005576416,0,gaussian
173,13,1,0.964041643,0.157651877,0.00795469,0.006244783,0.163532228,0.008251396,0.006477711,0,gaussian
173,14,1,0.966028465,0.136710479,0.005963403,0.005001969,0.141518065,0.006173113,0.005177869,0,gaussian
174,0,0,0.996378068,0.996344584,0.996342445,0.221526018,0.999966395,0.999964248,0.222331286,0,gaussian
174,1,0,0.994538817,0.994524189,0.994527681,0.496049944,0.999985291,0.999988802,0.498773839,0,gaussian
174,2,0,0.99944094,0.999412943,0.999422406,0.041342003,0.999971988,0.999981456,0.041365129,0,gaussian
174,3,0,0.990376165,0.990348382,0.990365855,0.31593305,0.999971947,0.999989589,0.319003083,0,gaussian
174,4,0,0.997495901,0.997471821,0.997469522,0.026885754,0.999975859,0.999973554,0.026953248,0,gaussian
174,5,0,0.994650248,0.994583354,0.994584287,0.022641501,0.999932746,0.999933685,0.022763279,0,gaussian
174,6,0,0.993450172,0.993431395,0.993430333,0.030371485,0.9999811,0.999980031,0.030571725,0,gaussian
174,7,1,0.963667569,0.096100991,0.005184018,0.004312425,0.099724214,0.005379467,0.004475013,0,gaussian
174,8,1,0.966897468,0.145972661,0.006957719,0.005357423,0.150970155,0.007195922,0.005540839,0,gaussian
174,9,1,0.964770801,0.135551529,0.007555608,0.006061973,0.140501276,0.007831505,0.00628333,0,gaussian
174,10,1,0.964678931,0.100084896,0.005192857,0.004122288,0.103749437,0.00538299,0.004273223,0,gaussian
174,11,1,0.964330151,0.134863033,0.007012413,0.00556431,0.139851516,0.007271796,0.005770129,0,gaussian
174,12,0,0.991764556,0.991606785,0.991616715,0.039153281,0.999840918,0.999850931,0.039478403,0,gaussian
174,13,0,0.996568173,0.996423594,0.996443294,0.060323027,0.999854923,0.999874691,0.060530758,0,gaussian
174,14,0,0.997497473,0.997379997,0.997359349,0.006825217,0.999882229,0.999861529,0.00684234,0,gaussian
175,0,0,0.994867906,0.994852887,0.994843616,0.030031086,0.999984904,0.999975585,0.030186003,0,gaussian
175,1,0,0.990971244,0.990917598,0.990949644,0.124477597,0.999945865,0.999978203,0.125611714,0,gaussian
175,2,0,0.999184779,0.999159043,0.999161482,0.004734728,0.999974243,0.999976684,0.004738591,0,gaussian
175,3,0,0.9977823,0.997758665,0.997762917,0.025988262,0.999976313,0.999980575,0.026046025,0,gaussian
175,4,0,0.995167396,0.995160929,0.995158748,0.080418339,0.999993502,0.99999131,0.080808856,0,gaussian
175,5,0,0.994714841,0.994684921,0.994678537,0.023695442,0.99996992,0.999963502,0.023821341,0,gaussian
175,6,0,0.998378768,0.998357181,0.998355132,0.017007477,0.999978378,0.999976326,0.017035095,0,gaussian
175,7,0,0.991495818,0.99142676,0.991421948,0.651988715,0.999930349,0.999925496,0.657580903,0,gaussian
175,8,0,0.990669515,0.990484028,0.990493853,0.227585503,0.999812766,0.999822683,0.229728986,0,gaussian
175,9,0,0.996264016,0.996112528,0.995949637,0.013229391,0.999847943,0.999684442,0.013279001,0,gaussian
175,10,1,0.96383452,0.109290251,0.005575629,0.004495952,0.113391094,0.005784841,0.004664651,0,gaussian
175,11,1,0.965573352,0.115705364,0.006506695,0.004625297,0.119830735,0.006738685,0.004790208,0,gaussian
175,12,1,0.968409502,0.152774227,0.008499306,0.006026453,0.157757877,0.008776562,0.006223042,0,gaussian
175,13,1,0.961364595,0.161651565,0.009578668,0.007438523,0.168148033,0.009963616,0.007737463,0,gaussian
175,14,1,0.966438156,0.166590987,0.008324622,0.006719401,0.172376252,0.008613714,0.006952748,0,gaussian
176,0,0,0.992986482,0.992958046,0.992936632,0.03785032,0.999971362,0.999949797,0.038117658,0,gaussian
176,1,0,0.993273707,0.993223493,0.99322757,0.0644824,0.999949446,0.99995355,0.064919064,0,gaussian
176,2,0,0.998136257,0.998125065,0.998124142,0.01596538,0.999988788,0.999987862,0.015995191,0,gaussian
176,3,0,0.997182497,0.997169886,0.997172861,0.06218967,0.999987353,0.999990337,0.062365385,0,gaussian
176,4,0,0.990633282,0.990605155,0.990614145,0.880207593,0.999971608,0.999980682,0.888530205,0,gaussian
176,5,0,0.99495853,0.994921519,0.994902282,0.06348955,0.999962802,0.999943467,0.063811253,0,gaussian
176,6,0,0.995327603,0.995308805,0.995304117,0.033295023,0.999981114,0.999976403,0.033451321,0,gaussian
176,7,0,0.997222144,0.997180787,0.997158866,0.010003562,0.999958528,0.999936546,0.010031428,0,gaussian
176,8,0,0.996095337,0.996024492,0.995999269,0.038751832,0.999928877,0.999903556,0.038903738,0,gaussian
176,9,0,0.996774696,0.996170537,0.996057976,0.033080162,0.999393886,0.999280961,0.033187201,0,gaussian
176,10,1,0.964334414,0.089927753,0.004200996,0.003928222,0.0932537,0.004356368,0.004073506,0,gaussian
176,11,1,0.965260869,0.107780172,0.005535151,0.003955795,0.111659113,0.005734358,0.004098161,0,gaussian
176,12,1,0.963080393,0.17115243,0.006980993,0.006573514,0.177713544,0.007248609,0.00682551,0,gaussian
176,13,1,0.96664341,0.170917966,0.009337723,0.00611436,0.176815943,0.009659946,0.006325352,0,gaussian
176,14,1,0.962896138,0.177645104,0.008951554,0.007235305,0.184490411,0.00929649,0.007514108,0,gaussian
177,0,0,0.991910592,0.991818799,0.991827433,0.072312426,0.999907459,0.999916163,0.072902161,0,gaussian
177,1,0,0.988349036,0.988331307,0.988329896,0.284462493,0.999982063,0.999980634,0.287815825,0,gaussian
177,2,0,0.995970514,0.995957395,0.9959527,0.05358735,0.999986828,0.999982114,0.053804153,0,gaussian
177,3,0,0.99703622,0.997008181,0.997002309,0.029920253,0.999971878,0.999965988,0.030009194,0,gaussian
177,4,0,0.998957526,0.998933969,0.998932911,0.008153728,0.999976419,0.99997536,0.008162237,0,gaussian
177,5,0,0.99521353,0.995093783,0.995118319,0.025842022,0.999879677,0.999904332,0.025966308,0,gaussian
177,6,0,1.001362972,1.001310714,1.001300187,0.013439162,0.999947813,0.9999373,0.013420869,0,gaussian
177,7,0,0.994686644,0.994390163,0.994409966,0.025604425,0.999701935,0.999721844,0.025741198,0,gaussian
177,8,0,0.998263296,0.99796093,0.997964165,0.014744511,0.999697108,0.999700348,0.014770163,0,gaussian
177,9,0,0.9951817,0.994660308,0.994431228,0.035381619,0.999476084,0.999245894,0.035552923,0,gaussian
177,10,1,0.962916631,0.091978725,0.004428593,0.004006384,0.095520964,0.004599145,0.004160676,0,gaussian
177,11,1,0.964256076,0.129412554,0.006543249,0.005914127,0.134209737,0.006785801,0.006133357,0,gaussian
177,12,1,0.965448049,0.083810523,0.005724862,0.003902027,0.086809977,0.005929747,0.004041675,0,gaussian
177,13,1,0.963656052,0.122560005,0.006718965,0.005943922,0.127182313,0.006972369,0.006168094,0,gaussian
177,14,1,0.963283577,0.142101801,0.008223027,0.006478948,0.14751814,0.008536455,0.006725899,0,gaussian
178,0,0,0.993695694,0.99367644,0.993666433,0.029813453,0.999980624,0.999970553,0.030002598,0,gaussian
178,1,0,0.994863979,0.99485203,0.994851876,0.065102675,0.999987989,0.999987835,0.06543877,0,gaussian
178,2,0,0.997568076,0.997554926,0.997557707,0.010541874,0.999986818,0.999989606,0.010567573,0,gaussian
178,3,0,0.99458608,0.994575009,0.994579025,0.056139642,0.999988869,0.999992907,0.056445232,0,gaussian
178,4,0,0.994837072,0.994803286,0.99476931,0.053005272,0.999966038,0.999931886,0.053280354,0,gaussian
178,5,0,0.990408902,0.990289049,0.99032815,0.239009199,0.999878986,0.999918465,0.241323758,0,gaussian
178,6,0,0.990666804,0.990613439,0.990617395,0.269290132,0.999946132,0.999950126,0.271827148,0,gaussian
178,7,0,0.995570429,0.995475653,0.995466556,0.067563379,0.999904802,0.999895665,0.067863987,0,gaussian
178,8,0,0.995127421,0.995011142,0.995036154,0.09205672,0.999883151,0.999908286,0.09250747,0,gaussian
178,9,0,0.993886635,0.993555456,0.993645206,0.039443058,0.999666784,0.999757086,0.039685671,0,gaussian
178,10,1,0.964809997,0.078874622,0.004757466,0.003617012,0.081751456,0.004930987,0.003748937,0,gaussian
178,11,1,0.964677313,0.093444112,0.00398384,0.003286478,0.096865667,0.004129712,0.003406816,0,gaussian
178,12,1,0.96545878,0.12313855,0.006741314,0.005100443,0.127544078,0.006982498,0.005282921,0,gaussian
178,13,1,0.965874761,0.130710261,0.006174192,0.004810833,0.135328374,0.006392332,0.004980804,0,gaussian
178,14,1,0.966761104,0.138093422,0.006418919,0.00491562,0.142841309,0.006639613,0.005084627,0,gaussian
179,0,0,0.99651577,0.996488563,0.996490661,0.036816093,0.999972698,0.999974803,0.036944817,0,gaussian
179,1,0,0.99560997,0.995585907,0.995578569,0.029798709,0.999975831,0.999968461,0.029930103,0,gaussian
179,2,0,0.995325307,0.995302054,0.995296779,0.047377406,0.999976637,0.999971337,0.047599921,0,gaussian
179,3,0,0.994673593,0.994654909,0.994645937,0.067657446,0.999981216,0.999972196,0.068019746,0,gaussian
179,4,0,0.996131344,0.996089737,0.996096881,0.053076512,0.999958232,0.999965404,0.053282644,0,gaussian
179,5,0,0.993037744,0.993003939,0.993012981,0.150063885,0.999965958,0.999975063,0.151115993,0,gaussian
179,6,0,0.994144585,0.994124738,0.99411875,0.047641788,0.999980036,0.999974013,0.047922393,0,gaussian
179,7,0,0.993762122,0.99371962,0.993664455,0.035263055,0.99995723,0.99990172,0.035484402,0,gaussian
179,8,0,0.989858437,0.989839968,0.989836654,0.28812913,0.999981341,0.999977994,0.291081148,0,gaussian
179,9,0,0.997713,0.997658313,0.997628354,0.006187825,0.999945188,0.999915161,0.006202009,0,gaussian
179,10,1,0.964536991,0.084127216,0.005215502,0.003972329,0.087220311,0.00540726,0.004118379,0,gaussian
179,11,1,0.963735387,0.086514439,0.004757531,0.004279733,0.08976991,0.004936553,0.004440776,0,gaussian
179,12,1,0.964735928,0.132731729,0.006145343,0.005416349,0.137583483,0.006369974,0.005614333,0,gaussian
179,13,1,0.96851649,0.123377023,0.006705457,0.004794168,0.127387633,0.006923431,0.004950012,0,gaussian
179,14,1,0.965927609,0.145849222,0.007213564,0.005920781,0.150993946,0.007468017,0.006129632,0,gaussian
180,0,0,0.998497676,0.998480363,0.998477072,0.023556195,0.999982661,0.999979365,0.023591637,0,gaussian
180,1,0,0.996963162,0.996928721,0.9969255,0.026118097,0.999965454,0.999962223,0.026197655,0,gaussian
180,2,0,0.995874653,0.995865564,0.995854946,0.052845691,0.999990873,0.999980211,0.053064601,0,gaussian
180,3,0,0.993872073,0.993825336,0.993815601,0.037752305,0.999952974,0.999943179,0.037985074,0,gaussian
180,4,0,0.991507593,0.991434089,0.991443776,0.108213558,0.999925866,0.999935636,0.109140423,0,gaussian
180,5,0,0.997829066,0.997721657,0.997696765,0.116452115,0.999892357,0.999867411,0.116705475,0,gaussian
180,6,0,0.991192973,0.991140896,0.991136504,0.181570643,0.99994746,0.99994303,0.183183949,0,gaussian
180,7,0,0.997634665,0.997523429,0.997502938,0.043650284,0.9998885,0.999867961,0.043753776,0,gaussian
180,8,0,0.995640869,0.995520653,0.995474579,0.026331778,0.999879258,0.999832982,0.026447064,0,gaussian
180,9,1,0.96294569,0.104199485,0.004561701,0.003818732,0.108209098,0.004737236,0.003965678,0,gaussian
180,10,1,0.965592904,0.147463123,0.006014745,0.004945884,0.152717695,0.006229069,0.005122122,0,gaussian
180,11,1,0.965541887,0.15159977,0.007169433,0.006011968,0.15701004,0.007425294,0.006226523,0,gaussian
180,12,1,0.962937949,0.081234496,0.004228826,0.003700201,0.084361091,0.004391587,0.003842617,0,gaussian
180,13,1,0.966519774,0.121726155,0.006214795,0.005098524,0.125942747,0.006430076,0.005275137,0,gaussian
180,14,0,0.998976628,0.997881069,0.997426285,0.025649324,0.998903319,0.998448069,0.025675599,0,gaussian
181,0,0,0.99810503,0.998080885,0.998083035,0.018041521,0.999975809,0.999977963,0.018075774,0,gaussian
181,1,0,0.998540199,0.99851137,0.998518852,0.01031591,0.999971128,0.999978621,0.010330991,0,gaussian
181,2,0,0.995332494,0.995281668,0.995283646,0.020448738,0.999948936,0.999950923,0.02054463,0,gaussian
181,3,0,0.992300411,0.992286317,0.992281582,0.102632416,0.999985797,0.999981025,0.103428775,0,gaussian
181,4,0,0.994504839,0.994460684,0.994487574,0.020194832,0.999955601,0.999982639,0.02030642,0,gaussian
181,5,0,0.996339238,0.996303908,0.996307092,0.084561984,0.99996454,0.999967736,0.084872683,0,gaussian
181,6,0,0.9955175,0.99547661,0.995473673,0.033357158,0.999958926,0.999955975,0.033507355,0,gaussian
181,7,0,0.992577471,0.992466082,0.992491995,0.076160889,0.999887778,0.999913884,0.076730423,0,gaussian
181,8,0,0.991650985,0.991525384,0.991506292,0.28175678,0.999873342,0.999854089,0.284128977,0,gaussian
181,9,0,0.998586419,0.998515921,0.998492919,0.012583698,0.999929402,0.999906368,0.012601512,0,gaussian
181,10,1,0.967115173,0.109347891,0.005026907,0.003629941,0.113066049,0.005197837,0.003753369,0,gaussian
181,11,1,0.964874308,0.093518656,0.004881597,0.003833599,0.096923149,0.005059309,0.003973159,0,gaussian
181,12,1,0.965654916,0.133016942,0.007078711,0.005548613,0.137747905,0.007330476,0.005745959,0,gaussian
181,13,1,0.964456279,0.1128976,0.0067348,0.005527149,0.117058287,0.006983001,0.005730844,0,gaussian
181,14,1,0.961375993,0.136484383,0.008827356,0.007217608,0.141967747,0.009182002,0.007507581,0,gaussian
182,0,0,0.997340774,0.997329931,0.997331691,0.009194887,0.999989129,0.999990893,0.009219403,0,gaussian
182,1,0,0.997381626,0.997368085,0.997360796,0.024369858,0.999986424,0.999979116,0.024433835,0,gaussian
182,2,0,0.990534387,0.990477819,0.990487703,0.166322903,0.999942891,0.99995287,0.167912296,0,gaussian
182,3,0,0.990411429,0.990384033,0.990396155,0.343824882,0.999972339,0.999984579,0.347153589,0,gaussian
182,4,0,0.992858468,0.992826405,0.992837915,0.202639612,0.999967707,0.999979299,0.204097178,0,gaussian
182,5,0,0.99735967,0.997308033,0.997312467,0.031396324,0.999948227,0.999952672,0.03147944,0,gaussian
182,6,0,0.995764643,0.99565457,0.995667948,0.020162453,0.999889459,0.999902894,0.020248211,0,gaussian
182,7,0,0.996408385,0.99609465,0.996174083,0.018508465,0.999685134,0.999764853,0.01857518,0,gaussian
182,8,0,0.99663991,0.993928484,0.994545179,0.032492533,0.997279432,0.997898207,0.032602079,0,gaussian
182,9,1,0.965164059,0.099817299,0.007109199,0.004170507,0.103420033,0.007365794,0.004321035,0,gaussian
182,10,0,0.99028,0.988235197,0.986847631,0.073434329,0.997935127,0.996533941,0.074155117,0,gaussian
182,11,1,0.965868704,0.122795368,0.008931482,0.005633144,0.127134638,0.009247097,0.005832205,0,gaussian
182,12,1,0.965034805,0.152443024,0.013278424,0.007323767,0.157966348,0.013759528,0.007589122,0,gaussian
182,13,1,0.960048144,0.117151318,0.026978696,0.006689935,0.122026503,0.028101399,0.006968333,0,gaussian
182,14,1,0.963691757,0.178376654,0.018009625,0.007810401,0.185097208,0.01868816,0.008104667,0,gaussian
183,0,0,0.996583776,0.996568829,0.996561664,0.038117606,0.999985002,0.999977812,0.038248271,0,gaussian
183,1,0,0.993563228,0.993543225,0.993537103,0.073141386,0.999979867,0.999973706,0.07361523,0,gaussian
183,2,0,0.994026041,0.99401475,0.994021545,0.350034002,0.999988641,0.999995477,0.352137658,0,gaussian
183,3,0,0.991946432,0.991912311,0.991929539,0.364030315,0.999965602,0.99998297,0.36698586,0,gaussian
183,4,0,0.994821078,0.994606954,0.994611674,0.030947451,0.999784761,0.999789506,0.031108559,0,gaussian
183,5,0,0.994630039,0.994500671,0.994460762,0.026501387,0.999869934,0.999829809,0.026644467,0,gaussian
183,6,1,0.962573041,0.093902481,0.004751963,0.004463964,0.097553616,0.00493673,0.004637533,0,gaussian
183,7,1,0.964953825,0.127443938,0.006815333,0.006374585,0.132072577,0.007062859,0.006606104,0,gaussian
183,8,1,0.964040925,0.147288693,0.006962041,0.006511719,0.152782615,0.007221728,0.006754609,0,gaussian
183,9,1,0.96656446,0.135289239,0.006588356,0.005661185,0.139969185,0.006816262,0.005857018,0,gaussian
183,10,1,0.96353564,0.092826129,0.004673201,0.004107255,0.096339072,0.004850056,0.004262692,0,gaussian
183,11,0,0.992676023,0.992625315,0.992617041,0.199130663,0.999948918,0.999940583,0.200599852,0,gaussian
183,12,0,0.996183447,0.99603115,0.995970406,0.011534199,0.99984712,0.999786143,0.011578388,0,gaussian
183,13,0,0.997467799,0.997161698,0.997128533,0.024291353,0.999693122,0.999659872,0.024353019,0,gaussian
183,14,0,0.997299686,0.996853852,0.996796218,0.074684093,0.999552958,0.999495169,0.074886309,0,gaussian
184,0,0,0.992484562,0.992465442,0.992466469,0.115461142,0.999980735,0.99998177,0.116335454,0,gaussian
184,1,0,0.996284271,0.99626483,0.99626369,0.038719216,0.999980486,0.999979342,0.038863623,0,gaussian
184,2,0,0.995002819,0.994936654,0.994901548,0.028744541,0.999933502,0.999898221,0.028888904,0,gaussian
184,3,0,0.99111744,0.991104521,0.991108138,0.601269802,0.999986965,0.999990614,0.606658482,0,gaussian
184,4,0,0.999004796,0.998973524,0.998964545,0.01142183,0.999968697,0.999959709,0.011433208,0,gaussian
184,5,0,0.997124424,0.997024154,0.997060425,0.013531452,0.999899442,0.999935816,0.013570475,0,gaussian
184,6,0,0.998072468,0.997977266,0.997959141,0.034530751,0.999904615,0.999886454,0.034597439,0,gaussian
184,7,0,0.995486478,0.995218788,0.995303213,0.042737507,0.999731097,0.999815904,0.042931278,0,gaussian
184,8,0,0.996880546,0.996442404,0.996572056,0.039293979,0.999560487,0.999690545,0.039416938,0,gaussian
184,9,0,0.999513055,0.997133913,0.998181942,0.020850381,0.997619699,0.998668238,0.020860539,0,gaussian
184,10,1,0.96466718,0.101008859,0.0049688,0.004041319,0.104708506,0.005150792,0.00418934,0,gaussian
184,11,1,0.96665233,0.105684237,0.005600989,0.003443094,0.109330142,0.005794213,0.003561874,0,gaussian
184,12,1,0.965586076,0.114303398,0.006443664,0.004666205,0.118377223,0.006673319,0.004832511,0,gaussian
184,13,1,0.964976601,0.12484598,0.006840096,0.005247078,0.129377209,0.007088354,0.005437518,0,gaussian
184,14,1,0.963239333,0.124875359,0.006930221,0.005619172,0.12964105,0.007194703,0.00583362,0,gaussian
185,0,0,0.994842824,0.994825453,0.994827994,0.052066614,0.999982539,0.999985093,0.052336523,0,gaussian
185,1,0,0.999774095,0.999755014,0.999755886,0.011400516,0.999980914,0.999981787,0.011403092,0,gaussian
185,2,0,0.993024259,0.992895473,0.992935783,0.342408431,0.999870309,0.999910902,0.344813762,0,gaussian
185,3,0,0.996794023,0.996761315,0.996755299,0.032750408,0.999967188,0.999961152,0.032855743,0,gaussian
185,4,0,0.995794136,0.995785692,0.995777496,0.037071731,0.99999152,0.99998329,0.037228308,0,gaussian
185,5,0,0.986903093,0.986852177,0.986865212,0.164829091,0.999948409,0.999961617,0.167016491,0,gaussian
185,6,0,0.995094925,0.995055674,0.995058159,0.021032623,0.999960556,0.999963053,0.021136298,0,gaussian
185,7,0,0.994392277,0.994343698,0.994357325,0.048947453,0.999951146,0.99996485,0.049223484,0,gaussian
185,8,0,0.996349973,0.996288648,0.996293595,0.045035774,0.99993845,0.999943415,0.045200758,0,gaussian
185,9,0,0.992132845,0.992064566,0.99205744,0.115334216,0.999931179,0.999923997,0.116248763,0,gaussian
185,10,1,0.961454128,0.113875864,0.005535722,0.005198186,0.118441286,0.005757656,0.005406588,0,gaussian
185,11,1,0.968164123,0.110579303,0.005319461,0.003946357,0.114215452,0.005494379,0.004076123,0,gaussian
185,12,1,0.962739492,0.167155451,0.007820873,0.006965547,0.173624799,0.008123562,0.007235132,0,gaussian
185,13,1,0.9623549,0.144715052,0.007506718,0.006795715,0.15037597,0.007800363,0.007061548,0,gaussian
185,14,1,0.969038815,0.176295482,0.006984765,0.005822565,0.181928195,0.007207931,0.006008598,0,gaussian
186,0,0,0.994873932,0.994864216,0.994860057,0.018486828,0.999990234,0.999986053,0.018582081,0,gaussian
186,1,0,0.99494876,0.994904392,0.994921926,0.104023583,0.999955407,0.999973029,0.104551698,0,gaussian
186,2,0,0.996332879,0.996312754,0.996298789,0.016519197,0.999979801,0.999965785,0.016579998,0,gaussian
186,3,0,0.996935241,0.996928469,0.996923802,0.020898855,0.999993207,0.999988526,0.020963102,0,gaussian
186,4,0,0.989322704,0.989282855,0.989271418,0.209841348,0.999959721,0.99994816,0.212106067,0,gaussian
186,5,0,0.99697366,0.996961388,0.996958871,0.035341742,0.999987691,0.999985166,0.035449023,0,gaussian
186,6,0,0.987152883,0.98712701,0.9871289,0.188244992,0.99997379,0.999975705,0.190694871,0,gaussian
186,7,0,0.994612627,0.994581599,0.99458538,0.066698051,0.999968804,0.999972605,0.067059325,0,gaussian
186,8,0,0.995195134,0.995139004,0.995139824,0.028052509,0.999943599,0.999944424,0.028187949,0,gaussian
186,9,0,0.99624837,0.995717548,0.995552679,0.05868915,0.999467179,0.99930169,0.058910159,0,gaussian
186,10,1,0.966579132,0.122361317,0.004942719,0.004071834,0.126592137,0.005113621,0.004212624,0,gaussian
186,11,1,0.963255544,0.136307196,0.006529444,0.00508923,0.141506786,0.006778517,0.005283364,0,gaussian
186,12,1,0.965931506,0.174849453,0.006869784,0.005924587,0.18101641,0.007112082,0.006133548,0,gaussian
186,13,1,0.966173821,0.189435862,0.009456042,0.00719218,0.196068096,0.009787102,0.007443982,0,gaussian
186,14,1,0.965904368,0.14452197,0.007806744,0.006397382,0.149623477,0.008082316,0.006623205,0,gaussian
187,0,0,0.995467612,0.995464416,0.995456467,0.02597853,0.99999679,0.999988805,0.026096811,0,gaussian
187,1,0,0.995794652,0.995773859,0.995782698,0.03656113,0.999979118,0.999987995,0.036715531,0,gaussian
187,2,0,0.997527822,0.997518455,0.997516671,0.165057158,0.99999061,0.999988821,0.16546622,0,gaussian
187,3,0,0.991529984,0.991518708,0.991512922,0.279811459,0.999988628,0.999982792,0.282201712,0,gaussian
187,4,0,0.992374607,0.99236061,0.992352987,0.065571328,0.999985895,0.999978214,0.066075177,0,gaussian
187,5,0,0.998201719,0.998178874,0.998187804,0.041337907,0.999977114,0.99998606,0.041412378,0,gaussian
187,6,0,0.99683308,0.996793099,0.996783038,0.009867629,0.999959893,0.999949799,0.009898979,0,gaussian
187,7,0,0.997509571,0.997302814,0.997305268,0.04219108,0.999792726,0.999795187,0.042296416,0,gaussian
187,8,0,0.995867949,0.995614503,0.995706969,0.023441462,0.999745502,0.999838352,0.023538726,0,gaussian
187,9,0,0.993218495,0.992391366,0.992571768,0.097561786,0.999167224,0.999348857,0.098227919,0,gaussian
187,10,1,0.964081787,0.111620858,0.004607274,0.003754118,0.115779449,0.004778924,0.003893983,0,gaussian
187,11,1,0.967247566,0.091510447,0.005357704,0.003180868,0.094609126,0.005539124,0.003288577,0,gaussian
187,12,1,0.966189293,0.13703482,0.006129252,0.004662146,0.1418302,0.006343739,0.004825293,0,gaussian
187,13,1,0.966697013,0.118243345,0.007082887,0.00471861,0.122316862,0.007326895,0.004881167,0,gaussian
187,14,1,0.965958716,0.164822903,0.007280269,0.005417545,0.170631415,0.007536833,0.005608464,0,gaussian
188,0,0,0.99443677,0.994415681,0.994413498,0.025525066,0.999978794,0.999976598,0.025667863,0,gaussian
188,1,0,0.995128508,0.995094993,0.995091253,0.047704784,0.999966321,0.999962563,0.047938315,0,gaussian
188,2,0,0.998631748,0.998596588,0.998608271,0.009197766,0.999964792,0.99997649,0.009210368,0,gaussian
188,3,0,0.997844434,0.997818793,0.99782171,0.084945136,0.999974304,0.999977227,0.085128636,0,gaussian
188,4,0,0.993357028,0.993291213,0.993252134,0.133010828,0.999933745,0.999894405,0.133900324,0,gaussian
188,5,0,0.990570001,0.990459779,0.990452671,0.523522176,0.999888729,0.999881553,0.528505987,0,gaussian
188,6,0,0.991957227,0.991853462,0.991773984,0.069586861,0.999895394,0.999815272,0.07015107,0,gaussian
188,7,0,0.995070502,0.994931257,0.994842777,0.031602636,0.999860065,0.999771147,0.031759193,0,gaussian
188,8,0,0.989967957,0.988920564,0.988086498,0.203860435,0.998941993,0.998099475,0.205926297,0,gaussian
188,9,0,0.993323465,0.990353297,0.989263811,0.175887643,0.997009869,0.99591306,0.177069856,0,gaussian
188,10,1,0.965952926,0.101231355,0.006040393,0.004118491,0.10479947,0.0062533,0.004263656,0,gaussian
188,11,1,0.962124246,0.120755914,0.009449048,0.00513292,0.125509688,0.009821027,0.005334987,0,gaussian
188,12,1,0.965014351,0.147237986,0.008322472,0.00606065,0.152575954,0.008624195,0.006280373,0,gaussian
188,13,1,0.963475862,0.159570291,0.009971961,0.006999437,0.165619396,0.010349986,0.007264777,0,gaussian
188,14,1,0.963526573,0.155263893,0.009107658,0.006913992,0.161141267,0.00945242,0.007175715,0,gaussian
189,0,0,0.997669133,0.997643154,0.997648484,0.075513043,0.99997396,0.999979303,0.075689465,0,gaussian
189,1,0,0.991575593,0.991555587,0.991560765,0.185455066,0.999979824,0.999985046,0.187030689,0,gaussian
189,2,0,0.999234265,0.999200964,0.999204347,0.024480818,0.999966674,0.99997006,0.024499578,0,gaussian
189,3,0,0.981967564,0.981936624,0.981952602,0.691336939,0.999968491,0.999984763,0.704032357,0,gaussian
189,4,0,0.990556629,0.990518516,0.990532219,0.349285362,0.999961524,0.999975356,0.352615238,0,gaussian
189,5,0,0.996907133,0.996867955,0.996865494,0.038399109,0.999960701,0.999958232,0.038518241,0,gaussian
189,6,0,0.987827604,0.987752305,0.987753547,0.334546621,0.999923773,0.99992503,0.338669034,0,gaussian
189,7,0,0.994807781,0.994567309,0.99466151,0.050231347,0.999758274,0.999852966,0.050493521,0,gaussian
189,8,0,0.996227011,0.995705346,0.995608772,0.079446103,0.99947636,0.99937942,0.079746988,0,gaussian
189,9,0,0.995240783,0.994404362,0.994635745,0.058994249,0.999159579,0.999392068,0.059276358,0,gaussian
189,10,1,0.966651042,0.103002015,0.005566987,0.003897545,0.106555531,0.005759045,0.004032008,0,gaussian
189,11,1,0.963356643,0.101886429,0.006469037,0.00466687,0.1057619,0.006715101,0.004844385,0,gaussian
189,12,1,0.969181122,0.123153599,0.008551429,0.00534938,0.127069746,0.008823355,0.005519484,0,gaussian
189,13,1,0.966095792,0.142090477,0.009393015,0.006268317,0.147077006,0.009722654,0.006488298,0,gaussian
189,14,1,0.962133035,0.154725098,0.011855585,0.007184555,0.160814661,0.012322189,0.00746732,0,gaussian
190,0,0,0.989715927,0.989678935,0.989646462,0.215602757,0.999962623,0.999929812,0.217843071,0,gaussian
190,1,0,0.996918315,0.996898347,0.996896077,0.012540383,0.999979971,0.999977694,0.012579148,0,gaussian
190,2,0,0.996038102,0.996017687,0.996019383,0.047917432,0.999979503,0.999981207,0.048108031,0,gaussian
190,3,0,0.996027021,0.996004858,0.996003152,0.01612588,0.999977748,0.999976036,0.016190203,0,gaussian
190,4,0,0.994369366,0.994351756,0.994351962,0.090241423,0.99998229,0.999982497,0.090752416,0,gaussian
190,5,0,0.995771362,0.995760929,0.995757856,0.026800209,0.999989523,0.999986437,0.026914019,0,gaussian
190,6,0,0.995237457,0.995199077,0.995203385,0.050055831,0.999961436,0.999965764,0.050295365,0,gaussian
190,7,0,0.998257731,0.998219686,0.998221545,0.010522813,0.999961888,0.99996375,0.010541179,0,gaussian
190,8,0,0.997495905,0.99742409,0.997456124,0.031943388,0.999928005,0.999960119,0.032023578,0,gaussian
190,9,0,0.996001046,0.995881485,0.995752258,0.016791646,0.99987996,0.999750214,0.016859064,0,gaussian
190,10,1,0.96288492,0.132265601,0.005005533,0.004334401,0.137363872,0.005198475,0.004501474,0,gaussian
190,11,1,0.967219171,0.100638679,0.005078879,0.003589912,0.104049508,0.005251011,0.00371158,0,gaussian
190,12,1,0.966872322,0.150593483,0.00714941,0.005458879,0.155753225,0.007394368,0.005645915,0,gaussian
190,13,1,0.963139653,0.151073387,0.007332242,0.005983006,0.156855121,0.007612855,0.006211982,0,gaussian
190,14,1,0.966281879,0.145946834,0.007627364,0.006171565,0.151039606,0.007893519,0.00638692,0,gaussian
191,0,0,0.997295731,0.997274616,0.997248264,0.021897013,0.999978828,0.999952404,0.021956389,0,gaussian
191,1,0,0.996781586,0.996757387,0.996755521,0.011931983,0.999975723,0.999973851,0.011970509,0,gaussian
191,2,0,0.996230073,0.996191377,0.996203487,0.024405767,0.999961158,0.999973313,0.024498123,0,gaussian
191,3,0,0.994634805,0.994617921,0.994602906,0.12196729,0.999983025,0.999967929,0.122625198,0,gaussian
191,4,0,0.993304383,0.993281266,0.993285111,0.081516905,0.999976728,0.999980599,0.08206639,0,gaussian
191,5,0,0.99401449,0.993967536,0.993965668,0.047730672,0.999952763,0.999950884,0.048018085,0,gaussian
191,6,0,0.998350991,0.998240811,0.998237905,0.080726725,0.999889638,0.999886728,0.080860064,0,gaussian
191,7,0,0.997755998,0.997683168,0.997678811,0.011433284,0.999927006,0.999922639,0.011458998,0,gaussian
191,8,0,0.991026673,0.991000673,0.991002073,0.465074706,0.999973765,0.999975178,0.46928576,0,gaussian
191,9,0,0.993822069,0.993773099,0.993780706,0.35125757,0.999950725,0.99995838,0.353441104,0,gaussian
191,10,1,0.961370932,0.103976911,0.00531528,0.004579781,0.108154831,0.005528854,0.004763803,0,gaussian
191,11,1,0.965556562,0.099113613,0.005295443,0.004313219,0.102649204,0.005484342,0.004467081,0,gaussian
191,12,1,0.967278352,0.152780262,0.007056435,0.005138061,0.1579486,0.007295144,0.005311875,0,gaussian
191,13,1,0.966333833,0.165486314,0.007610015,0.006127481,0.171251702,0.007875141,0.006340957,0,gaussian
191,14,1,0.962543439,0.166336493,0.007205658,0.005906308,0.172809336,0.00748606,0.006136147,0,gaussian
192,0,0,0.99481151,0.994788677,0.994784171,0.088202945,0.999977049,0.999972519,0.088662972,0,gaussian
192,1,0,0.99660533,0.996592846,0.996587774,0.017492103,0.999987474,0.999982385,0.017551685,0,gaussian
192,2,0,0.995516511,0.995504558,0.995502018,0.028699329,0.999987993,0.999985442,0.028828582,0,gaussian
192,3,0,0.994643924,0.994619929,0.994625348,0.092587666,0.999975876,0.999981324,0.093086243,0,gaussian
192,4,0,0.992074517,0.992037164,0.992055053,0.144909388,0.999962349,0.99998038,0.14606704,0,gaussian
192,5,0,0.995155358,0.995125674,0.995128752,0.084793562,0.999970172,0.999973264,0.085206357,0,gaussian
192,6,0,0.986472766,0.986456847,0.986458194,0.783141208,0.999983863,0.999985228,0.793880212,0,gaussian
192,7,0,0.998887911,0.998802949,0.998783375,0.021203749,0.999914944,0.999895347,0.021227356,0,gaussian
192,8,0,0.994117215,0.993917788,0.993882582,0.058292674,0.999799393,0.999763979,0.058637627,0,gaussian
192,9,0,0.993659803,0.993567104,0.993576606,0.202414396,0.99990671,0.999916273,0.203705932,0,gaussian
192,10,1,0.963703076,0.09154814,0.005061049,0.00458924,0.09499621,0.005251668,0.004762089,0,gaussian
192,11,1,0.962994095,0.116676359,0.006838564,0.004902996,0.121159994,0.007101357,0.005091408,0,gaussian
192,12,1,0.962788419,0.117406608,0.007657146,0.00657973,0.12194435,0.007953093,0.006834035,0,gaussian
192,13,1,0.964899128,0.161420461,0.008593587,0.006158711,0.167292577,0.008906202,0.006382751,0,gaussian
192,14,1,0.96764577,0.144447625,0.009228123,0.006689921,0.14927738,0.009536675,0.006913605,0,gaussian
193,0,0,0.995688528,0.995658074,0.995654474,0.030502345,0.999969414,0.999965798,0.030634425,0,gaussian
193,1,0,0.996418435,0.996397315,0.996406854,0.028888029,0.999978804,0.999988377,0.028991865,0,gaussian
193,2,0,0.994128852,0.994111133,0.994103354,0.033569705,0.999982176,0.999974351,0.033767962,0,gaussian
193,3,0,0.997796195,0.997790332,0.997791473,0.026622631,0.999994124,0.999995267,0.026681431,0,gaussian
193,4,0,0.997511697,0.997501765,0.997505708,0.008420639,0.999990043,0.999993996,0.008441644,0,gaussian
193,5,0,0.994242901,0.99419394,0.994184369,0.037267566,0.999950755,0.999941129,0.037483361,0,gaussian
193,6,0,0.994418265,0.994296506,0.994336342,0.031494461,0.999877557,0.999917617,0.031671241,0,gaussian
193,7,0,0.99556765,0.995520412,0.995495502,0.047850922,0.999952551,0.999927531,0.048063958,0,gaussian
193,8,0,0.995514865,0.995008677,0.994854115,0.058578599,0.999491532,0.999336274,0.058842516,0,gaussian
193,9,1,0.965785411,0.097737134,0.005188085,0.003698442,0.101199638,0.005371882,0.003829465,0,gaussian
193,10,1,0.969099265,0.138325717,0.006630105,0.004427133,0.142736376,0.006841513,0.004568296,0,gaussian
193,11,1,0.967952989,0.14078146,0.006678461,0.005154469,0.145442456,0.006899572,0.005325123,0,gaussian
193,12,1,0.968690602,0.11993743,0.007085922,0.004738722,0.123813971,0.007314949,0.004891884,0,gaussian
193,13,1,0.962309991,0.106511324,0.00657575,0.004522169,0.110682966,0.006833297,0.004699285,0,gaussian
193,14,0,0.994750971,0.992936314,0.993007667,0.05732291,0.998175767,0.998247496,0.057625388,0,gaussian
194,0,0,0.993717206,0.993697275,0.993694411,0.19338979,0.999979943,0.999977061,0.194612501,0,gaussian
194,1,0,0.994644368,0.994608241,0.994605701,0.085930051,0.999963678,0.999961125,0.086392739,0,gaussian
194,2,0,0.995984673,0.995959229,0.995965323,0.033826084,0.999974454,0.999980572,0.033962454,0,gaussian
194,3,0,0.991942561,0.991917147,0.9919062,0.04177961,0.99997438,0.999963344,0.042118981,0,gaussian
194,4,0,0.99853237,0.998505355,0.998496371,0.041939273,0.999972946,0.999963948,0.042000915,0,gaussian
194,5,0,0.992361223,0.992321623,0.99231991,0.308872913,0.999960095,0.999958369,0.311250486,0,gaussian
194,6,0,0.996399317,0.996288248,0.996305605,0.050403961,0.999888529,0.999905949,0.050586106,0,gaussian
194,7,0,1.000453692,1.000391097,1.00040759,0.029514897,0.999937433,0.999953919,0.029501513,0,gaussian
194,8,0,0.996971289,0.996904959,0.996905585,0.017097668,0.999933468,0.999934096,0.017149609,0,gaussian
194,9,0,0.997072687,0.996857787,0.99689033,0.009470724,0.999784469,0.999817108,0.009498529,0,gaussian
194,10,1,0.965845162,0.115918309,0.004712829,0.004029895,0.120017487,0.004879487,0.004172403,0,gaussian
194,11,1,0.96676572,0.092369958,0.004087749,0.00358251,0.095545338,0.004228272,0.003705665,0,gaussian
194,12,1,0.964116073,0.126570274,0.006601006,0.006219373,0.131281157,0.006846692,0.006450855,0,gaussian
194,13,1,0.965319492,0.141751254,0.007034121,0.006346452,0.146843875,0.007286833,0.006574458,0,gaussian
194,14,1,0.963114131,0.150049542,0.007413504,0.007440388,0.155796221,0.007697431,0.007725344,0,gaussian
195,0,0,0.994687335,0.994647739,0.994648812,0.067322477,0.999960193,0.999961271,0.067682049,0,gaussian
195,1,0,0.99343735,0.993418154,0.993414887,0.085540557,0.999980677,0.999977389,0.086105638,0,gaussian
195,2,0,0.996246878,0.996222335,0.996217188,0.02204581,0.999975365,0.999970199,0.022128863,0,gaussian
195,3,0,0.9931933,0.993168146,0.99316481,0.476931822,0.999974674,0.999971315,0.480200402,0,gaussian
195,4,0,0.992308982,0.992271208,0.992292338,0.200457411,0.999961933,0.999983227,0.202011081,0,gaussian
195,5,0,0.997442405,0.997393919,0.997413614,0.012634756,0.999951389,0.999971135,0.012667153,0,gaussian
195,6,0,0.994257084,0.994139879,0.994090179,0.037245941,0.999882118,0.999832131,0.037461077,0,gaussian
195,7,0,0.99793057,0.997753172,0.997737079,0.011085586,0.999822234,0.999806107,0.011108574,0,gaussian
195,8,0,0.996380773,0.996302945,0.99629975,0.012855195,0.999921889,0.999918683,0.01290189,0,gaussian
195,9,0,0.998032123,0.997787422,0.997772663,0.014424334,0.999754817,0.999740029,0.014452776,0,gaussian
195,10,1,0.963502835,0.098817781,0.004468827,0.003834444,0.102560965,0.004638104,0.003979691,0,gaussian
195,11,1,0.96427271,0.105433536,0.00485171,0.004088543,0.109339956,0.005031471,0.004240027,0,gaussian
195,12,1,0.966040738,0.121952153,0.006774341,0.005712659,0.126239141,0.00701248,0.005913476,0,gaussian
195,13,1,0.966732103,0.11995614,0.006263783,0.005293089,0.124084159,0.006479336,0.005475239,0,gaussian
195,14,1,0.965810704,0.128024567,0.006273598,0.005103929,0.132556583,0.006495681,0.005284606,0,gaussian
196,0,0,0.999108488,0.999104152,0.999103871,0.050430765,0.99999566,0.999995378,0.050475765,0,gaussian
196,1,0,0.997425384,0.997410997,0.997405834,0.05730268,0.999985576,0.9999804,0.057450593,0,gaussian
196,2,0,0.995277273,0.995220082,0.995238534,0.09841021,0.999942538,0.999961077,0.09887718,0,gaussian
196,3,0,0.993434019,0.993379706,0.993397734,0.091012659,0.999945328,0.999963475,0.091614196,0,gaussian
196,4,0,0.989745966,0.989728416,0.98973931,0.569250391,0.999982268,0.999993275,0.575147978,0,gaussian
196,5,0,0.995451866,0.995431916,0.995433764,0.026730396,0.999979958,0.999981815,0.026852524,0,gaussian
196,6,0,1.000180653,1.000161701,1.000158568,0.009797869,0.999981052,0.999977919,0.009796099,0,gaussian
196,7,0,0.993952123,0.993881587,0.993871964,0.085510215,0.999929034,0.999919353,0.086030517,0,gaussian
196,8,0,0.995104543,0.995025478,0.995020302,0.016054177,0.999920546,0.999915345,0.016133156,0,gaussian
196,9,0,0.998454548,0.998170128,0.998038465,0.007410108,0.99971514,0.999583273,0.007421578,0,gaussian
196,10,1,0.965652066,0.114260495,0.005230242,0.004373127,0.118324704,0.00541628,0.004528678,0,gaussian
196,11,1,0.964915716,0.090559888,0.005466206,0.004457149,0.093852641,0.005664957,0.004619211,0,gaussian
196,12,1,0.964158267,0.138251423,0.006809799,0.005977423,0.143390797,0.007062947,0.006199629,0,gaussian
196,13,1,0.964874801,0.132215824,0.007697826,0.005980834,0.137028995,0.007978057,0.00619856,0,gaussian
196,14,1,0.968018757,0.131189789,0.007751695,0.005712085,0.135524015,0.008007794,0.0059008,0,gaussian
197,0,0,0.998206194,0.998181951,0.998165614,0.052766888,0.999975713,0.999959347,0.052861712,0,gaussian
197,1,0,0.995557788,0.995548909,0.995550657,0.036088327,0.999991081,0.999992837,0.036249354,0,gaussian
197,2,0,0.994166896,0.994119124,0.994119255,0.066947529,0.999951948,0.999952079,0.067340332,0,gaussian
197,3,0,0.993444231,0.993421819,0.993420982,0.092788948,0.99997744,0.999976598,0.093401265,0,gaussian
197,4,0,0.992649375,0.992609611,0.992626904,0.211034811,0.999959941,0.999977362,0.212597536,0,gaussian
197,5,0,0.996383923,0.996341842,0.996353341,0.020572661,0.999957766,0.999969307,0.020647323,0,gaussian
197,6,0,0.997642483,0.997579788,0.997588377,0.039244098,0.999937157,0.999945766,0.039336836,0,gaussian
197,7,0,0.999866602,0.999776979,0.999778279,0.016620426,0.999910365,0.999911665,0.016622644,0,gaussian
197,8,0,0.997250664,0.997155251,0.997155796,0.006102408,0.999904325,0.999904871,0.006119231,0,gaussian
197,9,0,0.995722773,0.995421188,0.99550187,0.087172779,0.999697119,0.999778149,0.087547239,0,gaussian
197,10,1,0.966073425,0.100783865,0.005179715,0.004147124,0.104323194,0.005361617,0.004292763,0,gaussian
197,11,1,0.963769166,0.09983703,0.005265443,0.004876961,0.103590189,0.005463387,0.0050603,0,gaussian
197,12,1,0.967597277,0.147403992,0.006767346,0.005106559,0.15234023,0.006993969,0.005277567,0,gaussian
197,13,1,0.969233396,0.113888052,0.005541881,0.004549225,0.117503227,0.005717799,0.004693632,0,gaussian
197,14,1,0.966188186,0.123710556,0.007901545,0.006262935,0.128039814,0.00817806,0.006482107,0,gaussian
198,0,0,0.997633467,0.997608316,0.997615023,0.020027304,0.999974789,0.999981512,0.020074812,0,gaussian
198,1,0,0.995339373,0.995306083,0.995319274,0.293057441,0.999966554,0.999979807,0.294429668,0,gaussian
198,2,0,0.988495117,0.988473279,0.988471526,0.178045284,0.999977908,0.999976134,0.180117515,0,gaussian
198,3,0,0.995770387,0.995763518,0.995754754,0.01993462,0.999993102,0.999984301,0.020019294,0,gaussian
198,4,0,0.99745781,0.997444446,0.997440128,0.022409701,0.999986602,0.999982273,0.022466816,0,gaussian
198,5,0,0.994314556,0.994274551,0.994274659,0.032505201,0.999959766,0.999959875,0.032691064,0,gaussian
198,6,0,0.994503803,0.994215283,0.994281456,0.036740771,0.999709886,0.999776425,0.036943821,0,gaussian
198,7,0,0.986307638,0.986250731,0.986291088,0.846490412,0.999942303,0.99998322,0.858241769,0,gaussian
198,8,0,0.995862504,0.995645185,0.995654838,0.017165476,0.999781778,0.999791471,0.017236793,0,gaussian
198,9,0,0.998542337,0.998327455,0.997820357,0.075524675,0.999784804,0.999276966,0.075634925,0,gaussian
198,10,1,0.964659293,0.101196844,0.006438889,0.004101134,0.104904233,0.006674781,0.004251381,0,gaussian
198,11,1,0.963293766,0.120227529,0.006482425,0.004712782,0.124808789,0.006729437,0.004892362,0,gaussian
198,12,1,0.966814494,0.149868428,0.009048208,0.005402793,0.1550126,0.009358784,0.005588242,0,gaussian
198,13,1,0.967961572,0.178473727,0.008458345,0.005441452,0.184381005,0.008738307,0.005621558,0,gaussian
198,14,1,0.963749213,0.143030458,0.008860687,0.006043297,0.148410454,0.009193976,0.006270612,0,gaussian
199,0,0,0.995822367,0.995794553,0.99578208,0.020063997,0.999972069,0.999959544,0.020148169,0,gaussian
199,1,0,0.996509336,0.996497935,0.996493515,0.0539942,0.999988558,0.999984123,0.054183336,0,gaussian
199,2,0,0.988790139,0.988761169,0.988747653,0.06595625,0.999970701,0.999957032,0.066703992,0,gaussian
199,3,0,0.993591824,0.993551778,0.993547277,0.03530429,0.999959695,0.999955165,0.035531985,0,gaussian
199,4,0,0.99315088,0.993110249,0.993108977,0.150481965,0.999959089,0.999957807,0.151519742,0,gaussian
199,5,0,0.994786352,0.994711164,0.994668752,0.029980363,0.999924418,0.999881783,0.030137489,0,gaussian
199,6,0,0.993818966,0.993772241,0.993735367,0.020277528,0.999952984,0.999915881,0.020403644,0,gaussian
199,7,0,0.99576352,0.995708596,0.995720521,0.036216926,0.999944842,0.999956818,0.036371011,0,gaussian
199,8,0,0.996376235,0.996284177,0.996313411,0.015274557,0.999907608,0.999936948,0.01533011,0,gaussian
199,9,0,0.992905532,0.992737666,0.992766437,0.50013052,0.999830935,0.999859911,0.503704032,0,gaussian
199,10,1,0.960520504,0.085550519,0.004786191,0.004516584,0.089066832,0.004982914,0.004702225,0,gaussian
199,11,1,0.966278277,0.122648387,0.004390936,0.003641032,0.12692864,0.004544173,0.003768099,0,gaussian
199,12,1,0.968676664,0.117222162,0.006441334,0.004675286,0.121012683,0.006649623,0.004826467,0,gaussian
199,13,1,0.965547574,0.151806113,0.006449744,0.005477955,0.157222821,0.006679882,0.005673418,0,gaussian
199,14,1,0.963835714,0.109390956,0.00651937,0.005380366,0.113495438,0.006763984,0.005582244,0,gaussian
200,0,0,0.997064974,0.997050235,0.997034383,0.016255331,0.999985218,0.999969319,0.016303182,0,gaussian
200,1,0,0.99718081,0.99716317,0.997158449,0.012084632,0.999982309,0.999977576,0.012118797,0,gaussian
200,2,0,0.996747283,0.996738775,0.996735836,0.042471721,0.999991465,0.999988516,0.04261032,0,gaussian
200,3,0,0.993652448,0.993637063,0.99364297,0.470548086,0.999984516,0.999990461,0.473553995,0,gaussian
200,4,0,0.991619821,0.991431582,0.991570521,0.200703341,0.99981017,0.999950282,0.202399485,0,gaussian
200,5,0,0.995757044,0.995721435,0.995706372,0.364223293,0.99996424,0.999949112,0.365775261,0,gaussian
200,6,0,0.994006676,0.993941677,0.99394477,0.036013946,0.999934609,0.999937721,0.03623109,0,gaussian
200,7,0,0.996235614,0.99616984,0.996157881,0.019035244,0.999933977,0.999921973,0.019107171,0,gaussian
200,8,0,0.99541956,0.994843515,0.994992539,0.088172652,0.999421304,0.999571014,0.08857838,0,gaussian
200,9,0,0.997216271,0.996197836,0.995621153,0.030822747,0.998978721,0.998400429,0.030908789,0,gaussian
200,10,1,0.963900853,0.083708242,0.006016969,0.0041101,0.086843207,0.006242311,0.004264028,0,gaussian
200,11,1,0.962920427,0.097612963,0.00674096,0.004257299,0.101371786,0.007000537,0.004421236,0,gaussian
200,12,1,0.966720757,0.153181526,0.008202319,0.005394386,0.158454781,0.008484682,0.005580087,0,gaussian
200,13,1,0.963097129,0.129627966,0.009389647,0.006110613,0.134594904,0.009749429,0.006344753,0,gaussian
200,14,1,0.964107559,0.133251894,0.010406185,0.006414499,0.138212685,0.010793593,0.006653302,0,gaussian
201,0,0,0.997364799,0.997339141,0.99733902,0.005634763,0.999974273,0.999974152,0.005649651,0,gaussian
201,1,0,0.99583212,0.99581029,0.995816274,0.040435141,0.999978079,0.999984088,0.040604376,0,gaussian
201,2,0,0.995916803,0.995906747,0.995903756,0.041806303,0.999989903,0.999986899,0.041977706,0,gaussian
201,3,0,0.996118683,0.996075616,0.996062116,0.010863158,0.999956765,0.999943213,0.010905486,0,gaussian
201,4,0,0.992512749,0.992465062,0.992435752,0.14901359,0.999951954,0.999922422,0.150137709,0,gaussian
201,5,0,0.991939911,0.991797774,0.991871116,0.529580645,0.999856708,0.999930646,0.533883795,0,gaussian
201,6,0,0.994265185,0.9942215,0.994211169,0.065481189,0.999956063,0.999945673,0.065858877,0,gaussian
201,7,0,0.992404749,0.992125719,0.992245441,0.086736686,0.999718835,0.999839473,0.087400515,0,gaussian
201,8,0,0.99761889,0.99740094,0.997332533,0.025475683,0.99978153,0.99971296,0.025536488,0,gaussian
201,9,0,0.995353686,0.995179842,0.994898851,0.098334524,0.999825345,0.999543042,0.09879355,0,gaussian
201,10,1,0.964964081,0.104323345,0.007357681,0.004328761,0.108111117,0.007624824,0.00448593,0,gaussian
201,11,1,0.963393681,0.097894676,0.006200166,0.004702165,0.101614405,0.006435756,0.004880834,0,gaussian
201,12,1,0.964776994,0.128830257,0.008684817,0.005339305,0.133533716,0.009001891,0.005534237,0,gaussian
201,13,1,0.964417796,0.119581455,0.009775805,0.006143561,0.123993414,0.010136484,0.006370228,0,gaussian
201,14,1,0.969049415,0.133968624,0.009780081,0.004974155,0.138247464,0.010092448,0.005133025,0,gaussian
202,0,0,0.996100516,0.996074337,0.99607523,0.019866173,0.999973719,0.999974615,0.019943944,0,gaussian
202,1,0,0.993748489,0.993722002,0.993729854,0.12677148,0.999973346,0.999981248,0.127568978,0,gaussian
202,2,0,0.994518304,0.994506904,0.994501932,0.225951937,0.999988538,0.999983538,0.227197364,0,gaussian
202,3,0,0.997662225,0.997638016,0.997638649,0.014279905,0.999975734,0.999976369,0.014313367,0,gaussian
202,4,0,0.997918223,0.997887808,0.997889704,0.017740565,0.999969521,0.999971422,0.017777573,0,gaussian
202,5,0,0.989323693,0.989249432,0.989270123,0.465740978,0.999924937,0.999945852,0.470767031,0,gaussian
202,6,0,0.993504946,0.993456504,0.993448168,0.075777951,0.999951241,0.99994285,0.076273351,0,gaussian
202,7,0,0.998432322,0.998316931,0.998301265,0.026741518,0.999884428,0.999868738,0.026783506,0,gaussian
202,8,0,0.992917086,0.992838846,0.992860641,0.047915233,0.999921202,0.999943152,0.048257033,0,gaussian
202,9,1,0.966076046,0.084495966,0.003950756,0.003546448,0.087463058,0.004089488,0.003670982,0,gaussian
202,10,1,0.967793893,0.116602221,0.005104659,0.004479021,0.120482493,0.005274531,0.004628073,0,gaussian
202,11,1,0.964071619,0.121482422,0.006461968,0.006034077,0.126009748,0.006702789,0.006258951,0,gaussian
202,12,1,0.967446649,0.120442394,0.006105402,0.004862316,0.124495128,0.006310841,0.005025927,0,gaussian
202,13,1,0.962627784,0.105045356,0.005063597,0.004150541,0.109123544,0.005260182,0.004311678,0,gaussian
202,14,0,0.992617369,0.990912326,0.990991255,0.140591596,0.998282276,0.998361792,0.141637251,0,gaussian
203,0,0,0.994776529,0.994758613,0.994760881,0.06493484,0.99998199,0.99998427,0.065275806,0,gaussian
203,1,0,0.995159126,0.995138132,0.99513493,0.020321248,0.999978904,0.999975687,0.020420099,0,gaussian
203,2,0,0.998360226,0.998333183,0.998339585,0.124379286,0.999972912,0.999979325,0.124583575,0,gaussian
203,3,0,0.99548082,0.995469269,0.995471059,0.022590381,0.999988397,0.999990195,0.022692934,0,gaussian
203,4,0,0.995858265,0.995837105,0.995839997,0.039839632,0.999978752,0.999981655,0.040005323,0,gaussian
203,5,0,0.996296673,0.996285438,0.996283517,0.024710047,0.999988723,0.999986795,0.024801897,0,gaussian
203,6,0,0.993867975,0.993789353,0.99380718,0.061210552,0.999920892,0.999938829,0.061588212,0,gaussian
203,7,0,0.992317516,0.992214554,0.992187693,0.454888094,0.999896241,0.999869172,0.45840982,0,gaussian
203,8,0,0.995648027,0.995476767,0.995510529,0.078443916,0.999827991,0.999861901,0.078786794,0,gaussian
203,9,0,0.99453038,0.993867516,0.993996014,0.087415963,0.99933349,0.999462695,0.087896725,0,gaussian
203,10,1,0.964683161,0.112398089,0.006537967,0.004315083,0.116512959,0.006777321,0.004473057,0,gaussian
203,11,1,0.964550374,0.102322669,0.006337772,0.004138044,0.106083282,0.006570701,0.004290127,0,gaussian
203,12,1,0.96077072,0.127288692,0.007270428,0.006224228,0.132486023,0.007567288,0.00647837,0,gaussian
203,13,1,0.962031583,0.133892229,0.007183699,0.005877832,0.139176542,0.007467217,0.006109812,0,gaussian
203,14,1,0.966007661,0.130042393,0.006400797,0.00583564,0.134618386,0.006626031,0.006040987,0,gaussian
204,0,0,0.998550681,0.998534775,0.998535597,0.031762395,0.999984071,0.999984894,0.031808496,0,gaussian
204,1,0,0.997909966,0.997899417,0.997902086,0.025935965,0.999989429,0.999992103,0.025990285,0,gaussian
204,2,0,0.995159908,0.995115344,0.995117966,0.039926616,0.999955219,0.999957854,0.040120804,0,gaussian
204,3,0,0.996481843,0.996461379,0.99645628,0.014993759,0.999979464,0.999974348,0.015046695,0,gaussian
204,4,0,0.995264113,0.995213878,0.995214749,0.045211824,0.999949526,0.999950401,0.045426961,0,gaussian
204,5,0,0.996960821,0.996872104,0.996875763,0.023752646,0.999911012,0.999914683,0.023825054,0,gaussian
204,6,0,0.996887725,0.99681888,0.996813969,0.023757086,0.99993094,0.999926014,0.023831256,0,gaussian
204,7,0,0.995491023,0.994740558,0.994574153,0.02498915,0.999246135,0.999078977,0.025102335,0,gaussian
204,8,0,0.995642447,0.995453241,0.995441533,0.039035574,0.999809966,0.999798206,0.039206418,0,gaussian
204,9,1,0.964186995,0.091820654,0.004905472,0.004144278,0.095231169,0.005087677,0.00429821,0,gaussian
204,10,1,0.967544374,0.133498895,0.006403771,0.005277718,0.137977026,0.006618581,0.005454756,0,gaussian
204,11,1,0.967413129,0.149970716,0.006589584,0.005520778,0.155022412,0.006811551,0.005706743,0,gaussian
204,12,1,0.962324165,0.136713463,0.009063089,0.006903094,0.142065916,0.009417917,0.007173356,0,gaussian
204,13,1,0.964111772,0.110459518,0.007878774,0.004285372,0.114571278,0.008172054,0.004444891,0,gaussian
204,14,0,0.997756472,0.993941458,0.993262478,0.009897066,0.996176407,0.995495901,0.00991932,0,gaussian
205,0,0,0.99619149,0.996178635,0.996186248,0.024703504,0.999987096,0.999994737,0.024797947,0,gaussian
205,1,0,0.993292177,0.993263775,0.993251685,0.160757879,0.999971406,0.999959235,0.161843497,0,gaussian
205,2,0,0.992451421,0.992412945,0.9924176,0.153967582,0.999961232,0.999965922,0.155138659,0,gaussian
205,3,0,0.9975112,0.997487004,0.997489106,0.09228468,0.999975744,0.999977851,0.092514931,0,gaussian
205,4,0,0.994920119,0.994866685,0.994858943,0.049605641,0.999946292,0.999938512,0.049858918,0,gaussian
205,5,0,0.998493729,0.998459815,0.998441368,0.013644499,0.999966035,0.99994756,0.013665083,0,gaussian
205,6,0,0.996303577,0.996274374,0.996260196,0.039072923,0.999970688,0.999956458,0.039217889,0,gaussian
205,7,0,0.994505979,0.994406078,0.994396589,0.036918959,0.999899547,0.999890006,0.037122913,0,gaussian
205,8,0,0.987142966,0.987035679,0.987089443,0.421514768,0.999891316,0.99994578,0.427004783,0,gaussian
205,9,0,0.994790646,0.99459596,0.994649882,0.046742394,0.999804295,0.999858499,0.046987167,0,gaussian
205,10,1,0.966121418,0.101861506,0.005755114,0.00416822,0.105433441,0.005956926,0.004314385,0,gaussian
205,11,1,0.962924353,0.124781422,0.005705472,0.004587759,0.129585903,0.005925151,0.004764402,0,gaussian
205,12,1,0.967502813,0.149798111,0.009042136,0.005790786,0.154829639,0.009345849,0.005985291,0,gaussian
205,13,1,0.96371579,0.168460324,0.008446568,0.006681137,0.174802909,0.008764584,0.006932684,0,gaussian
205,14,1,0.962036567,0.170483678,0.011886665,0.008215647,0.177211225,0.012355731,0.008539849,0,gaussian
206,0,0,0.994995954,0.994948795,0.994957954,0.078669335,0.999952604,0.999961809,0.07906498,0,gaussian
206,1,0,0.993228924,0.993208733,0.993213666,0.131728275,0.999979672,0.999984638,0.132626298,0,gaussian
206,2,0,0.996855079,0.996731376,0.996697434,0.007345352,0.999875907,0.999841857,0.007368526,0,gaussian
206,3,0,0.996133768,0.996110344,0.996107839,0.02157904,0.999976485,0.99997397,0.021662793,0,gaussian
206,4,0,0.997264508,0.997230184,0.997215592,0.014953691,0.999965582,0.99995095,0.014994709,0,gaussian
206,5,0,0.994370228,0.994335106,0.994343594,0.086178408,0.999964679,0.999973216,0.08666632,0,gaussian
206,6,0,0.996121801,0.996076805,0.996084532,0.041681547,0.999954829,0.999962586,0.041843826,0,gaussian
206,7,0,0.993530537,0.993472906,0.993498738,0.250314738,0.999941993,0.999967993,0.251944684,0,gaussian
206,8,0,0.996320132,0.996285075,0.996277591,0.020479735,0.999964813,0.999957302,0.020555376,0,gaussian
206,9,0,0.996996134,0.99672254,0.996673166,0.035272018,0.999725581,0.999676058,0.035378289,0,gaussian
206,10,1,0.966901382,0.112232039,0.005525468,0.004185296,0.116073926,0.005714614,0.004328565,0,gaussian
206,11,1,0.962889111,0.102839606,0.005356382,0.004570647,0.106803166,0.005562823,0.004746806,0,gaussian
206,12,1,0.969424716,0.153634871,0.008968264,0.005089488,0.158480456,0.00925112,0.005250009,0,gaussian
206,13,1,0.966733169,0.133467674,0.007119188,0.005696269,0.138060509,0.00736417,0.005892287,0,gaussian
206,14,1,0.96129756,0.1307987,0.01051268,0.007119416,0.136064737,0.010935927,0.007406048,0,gaussian
207,0,0,0.994139609,0.994102426,0.994101516,0.089540822,0.999962598,0.999961682,0.090068659,0,gaussian
207,1,0,0.997509377,0.997476689,0.997484258,0.021363865,0.999967231,0.999974818,0.021417207,0,gaussian
207,2,0,0.994463341,0.994424156,0.994421422,0.043464732,0.999960597,0.999957848,0.043706721,0,gaussian
207,3,0,0.994278505,0.994240644,0.994229563,0.018338524,0.999961921,0.999950777,0.018444052,0,gaussian
207,4,0,0.996860154,0.99683534,0.996839343,0.020333169,0.999975108,0.999979124,0.020397213,0,gaussian
207,5,0,1.000866164,1.00085617,1.000851515,0.014514644,0.999990015,0.999985364,0.014502083,0,gaussian
207,6,0,0.995733361,0.995698749,0.995704785,0.072193705,0.999965239,0.999971301,0.072503049,0,gaussian
207,7,0,0.990386412,0.990344135,0.990350792,0.388776957,0.999957313,0.999964035,0.392550778,0,gaussian
207,8,0,0.991545174,0.99143104,0.991486034,0.093551963,0.999884894,0.999940356,0.094349673,0,gaussian
207,9,0,0.993983917,0.992710872,0.99289983,0.121486521,0.99871925,0.998909352,0.122221817,0,gaussian
207,10,1,0.963994838,0.093113285,0.005261105,0.004259788,0.096591062,0.005457607,0.004418891,0,gaussian
207,11,1,0.96663902,0.133895754,0.006870664,0.00486571,0.138516811,0.007107786,0.005033637,0,gaussian
207,12,1,0.966125445,0.133448215,0.006647055,0.005045925,0.138127213,0.006880116,0.005222847,0,gaussian
207,13,1,0.964762116,0.097558461,0.006449724,0.004127426,0.101121778,0.0066853,0.00427818,0,gaussian
207,14,1,0.968579716,0.126044548,0.006032818,0.004358741,0.130133376,0.00622852,0.004500136,0,gaussian
208,0,0,0.995079232,0.99505642,0.99505302,0.025524541,0.999977075,0.999973659,0.025650763,0,gaussian
208,1,0,0.999883606,0.999855689,0.999865769,0.019745282,0.99997208,0.999982161,0.019747581,0,gaussian
208,2,0,0.996427338,0.996409958,0.996411289,0.012753037,0.999982558,0.999983894,0.012798762,0,gaussian
208,3,0,0.995510551,0.995496932,0.995505265,0.069961578,0.99998632,0.999994691,0.070277084,0,gaussian
208,4,0,0.991300731,0.991209156,0.991239701,0.069275896,0.999907621,0.999938435,0.069883834,0,gaussian
208,5,0,0.999450743,0.999413328,0.999397705,0.021412836,0.999962565,0.999946932,0.021424604,0,gaussian
208,6,0,0.993471442,0.993424996,0.99343189,0.05718697,0.999953249,0.999960188,0.057562772,0,gaussian
208,7,0,0.995548441,0.995441678,0.995464814,0.020117956,0.99989276,0.999915999,0.020207913,0,gaussian
208,8,0,0.990354659,0.990214889,0.990311323,0.230625797,0.999858869,0.999956242,0.232871926,0,gaussian
208,9,0,0.990122708,0.990022479,0.990060455,0.207446565,0.999898772,0.999937126,0.209516016,0,gaussian
208,10,1,0.964864151,0.089557155,0.005069085,0.003559528,0.092818409,0.005253678,0.003689149,0,gaussian
208,11,1,0.964285409,0.094761471,0.005892065,0.004212583,0.098271186,0.006110292,0.004368606,0,gaussian
208,12,1,0.967424801,0.130465577,0.006695276,0.004601559,0.134858623,0.00692072,0.004756503,0,gaussian
208,13,1,0.965671571,0.123587752,0.008304791,0.005725825,0.127981144,0.008600016,0.005929371,0,gaussian
208,14,1,0.964022329,0.13398387,0.008131019,0.005666928,0.138984198,0.008434472,0.00587842,0,gaussian
209,0,0,0.994206624,0.994186938,0.99419061,0.106239537,0.9999802,0.999983892,0.106858609,0,gaussian
209,1,0,0.991342428,0.991313858,0.991318854,0.192800116,0.999971181,0.99997622,0.194483874,0,gaussian
209,2,0,0.993939191,0.993918361,0.993897908,0.021167796,0.999979043,0.999958466,0.021296872,0,gaussian
209,3,0,0.992762143,0.992731198,0.992734366,0.059672484,0.999968829,0.999972021,0.060107534,0,gaussian
209,4,0,0.990007189,0.98998797,0.989992732,0.319243932,0.999980587,0.999985397,0.322466277,0,gaussian
209,5,0,0.994756039,0.994715554,0.994715175,0.112830384,0.999959302,0.999958921,0.113425181,0,gaussian
209,6,0,0.993891597,0.993812158,0.993827962,0.046974098,0.999920073,0.999935973,0.047262799,0,gaussian
209,7,0,0.988178955,0.988092678,0.988144545,0.339480373,0.999912691,0.999965178,0.343541391,0,gaussian
209,8,0,0.992531758,0.992182676,0.992339783,0.163620842,0.999648292,0.99980658,0.164851996,0,gaussian
209,9,0,0.98900854,0.988837612,0.988876641,0.207760956,0.999827172,0.999866635,0.210069931,0,gaussian
209,10,1,0.963620634,0.103253715,0.005352771,0.004118856,0.107151831,0.005554853,0.004274355,0,gaussian
209,11,1,0.962352651,0.084321927,0.004591279,0.004143839,0.087620611,0.00477089,0.004305946,0,gaussian
209,12,1,0.963685081,0.12864693,0.007178217,0.005702572,0.133494782,0.007448716,0.005917464,0,gaussian
209,13,1,0.965570471,0.127835728,0.007507026,0.005983907,0.132393991,0.007774706,0.006197277,0,gaussian
209,14,1,0.96455579,0.152507057,0.008379692,0.006548942,0.158111183,0.008687617,0.006789593,0,gaussian
210,0,0,0.998461842,0.998438796,0.998436673,0.014329269,0.999976918,0.999974793,0.014351343,0,gaussian
210,1,0,0.999534893,0.999520888,0.999522192,0.006089033,0.999985988,0.999987293,0.006091866,0,gaussian
210,2,0,0.997064941,0.996979243,0.996987374,0.027519697,0.99991405,0.999922205,0.027600706,0,gaussian
210,3,0,0.994116202,0.994058549,0.994082249,0.101952001,0.999942006,0.999965847,0.102555417,0,gaussian
210,4,0,0.997252339,0.997216017,0.997209131,0.010268734,0.999963578,0.999956673,0.010297027,0,gaussian
210,5,0,0.998878801,0.998851958,0.998852139,0.012697461,0.999973127,0.999973308,0.012711713,0,gaussian
210,6,0,0.99469118,0.994654232,0.99463718,0.048008247,0.999962855,0.999945712,0.048264474,0,gaussian
210,7,0,0.997434267,0.997363405,0.997350476,0.007053819,0.999928956,0.999915993,0.007071964,0,gaussian
210,8,0,0.998508541,0.998378245,0.998329227,0.006405296,0.999869509,0.999820418,0.006414863,0,gaussian
210,9,0,0.999388358,0.999078952,0.99896423,0.010077562,0.999690404,0.999575612,0.01008373,0,gaussian
210,10,1,0.962492358,0.100648369,0.004733822,0.004477689,0.104570565,0.004918296,0.004652181,0,gaussian
210,11,1,0.96650711,0.158881203,0.006863775,0.005708188,0.164386998,0.007101629,0.005905997,0,gaussian
210,12,1,0.966829335,0.097106657,0.005292358,0.004008702,0.100438261,0.005473932,0.004146235,0,gaussian
210,13,1,0.967703639,0.168251472,0.008154689,0.00637502,0.173866735,0.008426845,0.006587782,0,gaussian
210,14,1,0.964285208,0.134362528,0.007168135,0.006049993,0.139338991,0.007433625,0.006274071,0,gaussian
211,0,0,0.996900249,0.996870275,0.996871668,0.011660232,0.999969934,0.999971331,0.011696489,0,gaussian
211,1,0,0.992687649,0.992662729,0.992677012,0.11163174,0.999974897,0.999989285,0.112454044,0,gaussian
211,2,0,0.998222404,0.998197188,0.998199147,0.018932278,0.999974739,0.999976701,0.018965992,0,gaussian
211,3,0,0.993601873,0.993547037,0.993540291,0.032363115,0.999944811,0.999938022,0.032571511,0,gaussian
211,4,0,1.000069237,1.000013094,1.000022694,0.038917019,0.999943861,0.99995346,0.038914325,0,gaussian
211,5,0,0.995103723,0.9950614,0.995076202,0.124912539,0.999957469,0.999972344,0.125527155,0,gaussian
211,6,0,0.995726498,0.995632332,0.995655282,0.070308362,0.999905429,0.999928479,0.070610114,0,gaussian
211,7,0,0.998747197,0.998693405,0.9986979,0.008825602,0.99994614,0.999950641,0.008836673,0,gaussian
211,8,0,0.998196291,0.997395089,0.997982213,0.060886125,0.99919735,0.999785535,0.060996145,0,gaussian
211,9,1,0.964432709,0.089252238,0.007770683,0.004117686,0.09254377,0.008057258,0.004269542,0,gaussian
211,10,0,0.990415999,0.977373173,0.98250533,0.128181505,0.986830962,0.992012781,0.129421885,0,gaussian
211,11,1,0.966471913,0.180184881,0.042233352,0.005328066,0.186435714,0.043698478,0.005512903,0,gaussian
211,12,1,0.962041311,0.150241358,0.014474153,0.00634275,0.156169341,0.015045251,0.006593012,0,gaussian
211,13,1,0.967109628,0.15051341,0.021215299,0.005044134,0.155632211,0.021936809,0.00521568,0,gaussian
211,14,1,0.968849584,0.184074678,0.017975801,0.005978702,0.189993041,0.018553759,0.006170929,0,gaussian
212,0,0,0.994588558,0.994570217,0.994561294,0.085266665,0.999981559,0.999972587,0.085730591,0,gaussian
212,1,0,0.999791355,0.999783271,0.999786807,0.01554813,0.999991915,0.999995452,0.015551374,0,gaussian
212,2,0,0.997308588,0.997249083,0.99723942,0.022753925,0.999940334,0.999930645,0.022815331,0,gaussian
212,3,0,0.994503851,0.994488604,0.99448498,0.045662487,0.999984668,0.999981025,0.045914841,0,gaussian
212,4,0,0.99893583,0.998923315,0.998919227,0.019218442,0.999987472,0.999983379,0.019238916,0,gaussian
212,5,0,0.996096206,0.995999791,0.996024793,0.035064928,0.999903207,0.999928307,0.035202351,0,gaussian
212,6,0,0.993563075,0.993474156,0.993421521,0.060895786,0.999910505,0.999857529,0.061290307,0,gaussian
212,7,0,1.000015015,0.999845623,0.999913108,0.018244507,0.99983061,0.999898094,0.018244233,0,gaussian
212,8,0,0.996553023,0.996360799,0.996321165,0.020441638,0.999807112,0.99976734,0.020512343,0,gaussian
212,9,0,0.993944645,0.993124452,0.992771488,0.064852733,0.99917481,0.998819696,0.065247832,0,gaussian
212,10,1,0.963161447,0.08433599,0.006817668,0.004060597,0.087561634,0.007078427,0.004215905,0,gaussian
212,11,1,0.963525635,0.11062724,0.00515329,0.004137792,0.114815046,0.005348368,0.004294429,0,gaussian
212,12,1,0.967093347,0.129650314,0.008498476,0.005838108,0.13406184,0.008787648,0.006036758,0,gaussian
212,13,1,0.966435776,0.121481674,0.007306606,0.005242121,0.125700721,0.007560364,0.00542418,0,gaussian
212,14,1,0.965546741,0.121209715,0.007360338,0.005775573,0.125534798,0.007622974,0.005981661,0,gaussian
213,0,0,0.998939351,0.998888402,0.998898291,0.056246784,0.999948996,0.999958896,0.056306506,0,gaussian
213,1,0,0.995015786,0.994980712,0.994976225,0.025413491,0.99996475,0.999960241,0.025540792,0,gaussian
213,2,0,0.995708563,0.995681645,0.99569366,0.115481046,0.999972966,0.999985033,0.115978761,0,gaussian
213,3,0,0.996245998,0.996225245,0.996226655,0.022677578,0.999979169,0.999980584,0.022763031,0,gaussian
213,4,0,0.989036514,0.988813062,0.988909695,0.082405068,0.999774071,0.999871775,0.08331853,0,gaussian
213,5,0,0.997020416,0.996991766,0.996990965,0.011310757,0.999971264,0.999970462,0.011344559,0,gaussian
213,6,0,0.995349383,0.995311145,0.995307952,0.093258281,0.999961583,0.999958375,0.093694016,0,gaussian
213,7,0,0.994133803,0.9941156,0.994114149,0.121818066,0.999981689,0.99998023,0.122536892,0,gaussian
213,8,0,0.991651767,0.991461072,0.991570682,0.238338098,0.9998077,0.999918232,0.24034455,0,gaussian
213,9,0,0.997865621,0.997690928,0.997702751,0.038905159,0.999824933,0.999836782,0.038988375,0,gaussian
213,10,1,0.963987886,0.083291774,0.004600011,0.003735521,0.086403341,0.004771856,0.00387507,0,gaussian
213,11,1,0.962650679,0.09724121,0.004528705,0.004114205,0.101014015,0.004704412,0.00427383,0,gaussian
213,12,1,0.967733068,0.12819423,0.006340282,0.004591197,0.132468585,0.006551685,0.00474428,0,gaussian
213,13,1,0.964382325,0.123717767,0.006404671,0.005574291,0.128287053,0.006641216,0.005780167,0,gaussian
213,14,1,0.966314621,0.128760618,0.00606148,0.004714591,0.133249166,0.006272781,0.00487894,0,gaussian
214,0,0,0.994555508,0.994529227,0.994523751,0.074856684,0.999973575,0.999968069,0.075266472,0,gaussian
214,1,0,0.994888926,0.994874259,0.994866843,0.068254464,0.999985257,0.999977804,0.06860511,0,gaussian
214,2,0,0.99711245,0.997058478,0.997081469,0.022253477,0.999945872,0.999968929,0.022317921,0,gaussian
214,3,0,0.992391367,0.992265597,0.992322684,0.200966866,0.999873266,0.99993079,0.202507672,0,gaussian
214,4,0,1.001129654,1.001109843,1.001085059,0.012356933,0.999980211,0.999955454,0.01234299,0,gaussian
214,5,0,0.996161291,0.996027148,0.996008043,0.012695923,0.99986534,0.999846161,0.012744847,0,gaussian
214,6,0,0.989401416,0.989214991,0.989247899,0.84488847,0.999811578,0.999844838,0.853939014,0,gaussian
214,7,1,0.966319135,0.120435667,0.005968123,0.004149751,0.124633429,0.006176141,0.00429439,0,gaussian
214,8,1,0.96685705,0.146686859,0.008139511,0.005624175,0.151715147,0.008418526,0.005816966,0,gaussian
214,9,1,0.963626123,0.192620236,0.00876848,0.006833449,0.199891048,0.009099462,0.00709139,0,gaussian
214,10,1,0.967999922,0.125082493,0.006848764,0.005189371,0.129217462,0.00707517,0.005360921,0,gaussian
214,11,1,0.96528694,0.078476151,0.005979374,0.004341961,0.081298262,0.0061944,0.004498104,0,gaussian
214,12,0,0.996465602,0.996280428,0.996301381,0.014175934,0.999814169,0.999835197,0.014226215,0,gaussian
214,13,0,0.995047815,0.994415576,0.994149843,0.044553863,0.999364614,0.999097559,0.0447756,0,gaussian
214,14,0,0.997077078,0.996511119,0.996473425,0.040591668,0.999432381,0.999394577,0.040710663,0,gaussian
215,0,0,0.998508793,0.998489398,0.998490415,0.025229979,0.999980577,0.999981595,0.025267658,0,gaussian
215,1,0,0.997789712,0.997761908,0.997763102,0.023341204,0.999972134,0.999973331,0.023392909,0,gaussian
215,2,0,0.994938656,0.994923635,0.994924124,0.029639568,0.999984902,0.999985394,0.029790347,0,gaussian
215,3,0,0.999155087,0.999125591,0.999128945,0.013766709,0.99997048,0.999973836,0.01377835,0,gaussian
215,4,0,0.996512301,0.996500117,0.99647977,0.01406923,0.999987773,0.999967355,0.014118471,0,gaussian
215,5,0,0.996042179,0.996012542,0.996005458,0.053310928,0.999970245,0.999963133,0.053522762,0,gaussian
215,6,0,0.996441051,0.996405661,0.996397446,0.048256716,0.999964483,0.999956239,0.048429073,0,gaussian
215,7,0,0.998565166,0.998498598,0.998485349,0.008594802,0.999933337,0.999920069,0.008607151,0,gaussian
215,8,0,0.995088112,0.994863689,0.994889466,0.223759547,0.999774469,0.999800374,0.224864054,0,gaussian
215,9,0,0.9965254,0.996314157,0.99616418,0.031412717,0.99978802,0.99963752,0.031522244,0,gaussian
215,10,1,0.962072912,0.107568572,0.00497605,0.004759425,0.111809168,0.005172218,0.004947052,0,gaussian
215,11,1,0.963838135,0.120683145,0.005092668,0.004900576,0.125211008,0.005283738,0.005084439,0,gaussian
215,12,1,0.965193184,0.165503118,0.007284196,0.006595001,0.171471495,0.007546879,0.00683283,0,gaussian
215,13,1,0.966078074,0.158487828,0.006297854,0.006128871,0.164052816,0.006518991,0.006344075,0,gaussian
215,14,1,0.964251692,0.177034376,0.0069645,0.006448157,0.183597683,0.0072227,0.006687213,0,gaussian
216,0,0,0.995625922,0.99558492,0.995589741,0.02596297,0.999958818,0.999963661,0.026077033,0,gaussian
216,1,0,0.998236362,0.99821929,0.998224511,0.038363375,0.999982898,0.999988128,0.038431154,0,gaussian
216,2,0,0.997332599,0.997306777,0.997307224,0.02014812,0.999974108,0.999974557,0.020202007,0,gaussian
216,3,0,0.990370915,0.990324848,0.990324891,0.231887676,0.999953485,0.999953528,0.234142252,0,gaussian
216,4,0,0.992695591,0.992673353,0.992666279,0.047867747,0.999977599,0.999970473,0.048219965,0,gaussian
216,5,0,0.995609006,0.995544305,0.99552958,0.02042485,0.999935014,0.999920224,0.020514931,0,gaussian
216,6,0,0.996211932,0.996099696,0.996127362,0.030368574,0.999887337,0.999915108,0.03048405,0,gaussian
216,7,0,0.995977017,0.995906635,0.995868767,0.095152475,0.999929334,0.999891313,0.095536818,0,gaussian
216,8,0,0.998384781,0.998317016,0.998297675,0.015506965,0.999932125,0.999912752,0.015532052,0,gaussian
216,9,0,0.993018859,0.992456129,0.9926066,0.11355747,0.999433314,0.999584843,0.114355804,0,gaussian
216,10,1,0.962040291,0.102397126,0.005860354,0.004662136,0.106437461,0.006091589,0.004846092,0,gaussian
216,11,1,0.963364715,0.115460461,0.010102354,0.004583296,0.119851245,0.010486531,0.004757592,0,gaussian
216,12,1,0.967241062,0.136622399,0.00774965,0.005679361,0.141249586,0.008012118,0.005871712,0,gaussian
216,13,1,0.966559537,0.156656225,0.010280462,0.005574355,0.162076125,0.010636139,0.005767213,0,gaussian
216,14,1,0.963514923,0.144311844,0.009583874,0.006788338,0.149776449,0.009946783,0.00704539,0,gaussian
217,0,0,0.997285463,0.997261053,0.997260731,0.05609017,0.999975524,0.999975201,0.056242843,0,gaussian
217,1,0,0.991958954,0.991917285,0.991934988,0.084168377,0.999957993,0.99997584,0.084850665,0,gaussian
217,2,0,0.991394125,0.990780145,0.991062276,0.038277829,0.99938069,0.999665271,0.038610103,0,gaussian
217,3,1,0.963608587,0.083365257,0.004964297,0.004193674,0.086513609,0.005151777,0.004352051,0,gaussian
217,4,1,0.964459512,0.138192083,0.007465416,0.005920873,0.143284484,0.007740518,0.006139058,0,gaussian
217,5,1,0.96618368,0.110583782,0.00626915,0.004012547,0.114454201,0.00648857,0.004152986,0,gaussian
217,6,1,0.967614219,0.15431959,0.009538569,0.006018397,0.159484624,0.009857822,0.006219831,0,gaussian
217,7,1,0.967626878,0.157334106,0.008980767,0.005065636,0.162597908,0.00928123,0.005235113,0,gaussian
217,8,0,0.994527511,0.994470519,0.994428555,0.042208677,0.999942694,0.9999005,0.042440934,0,gaussian
217,9,0,0.996114486,0.996026275,0.996064247,0.019245132,0.999911445,0.999949566,0.019320201,0,gaussian
217,10,0,0.99516428,0.995151664,0.995149225,0.077337848,0.999987322,0.999984871,0.077713649,0,gaussian
217,11,0,0.995925066,0.995917971,0.995920836,0.033817319,0.999992875,0.999995752,0.033955686,0,gaussian
217,12,0,0.996532194,0.99651446,0.996515741,0.030478896,0.999982204,0.999983489,0.030584958,0,gaussian
217,13,0,0.99768028,0.997649371,0.997646486,0.008912423,0.999969019,0.999966128,0.008933146,0,gaussian
217,14,0,0.995912718,0.99589013,0.995890384,0.02374646,0.999977319,0.999977575,0.023843917,0,gaussian
218,0,0,0.993407359,0.99336856,0.993373018,0.353891412,0.999960944,0.999965431,0.356239974,0,gaussian
218,1,0,0.996129299,0.996099707,0.99609939,0.019691708,0.999970292,0.999969974,0.019768225,0,gaussian
218,2,0,0.992950637,0.992908124,0.99289485,0.030884052,0.999957185,0.999943816,0.031103311,0,gaussian
218,3,0,0.995329063,0.995301637,0.995305152,0.021232767,0.999972445,0.999975976,0.021332409,0,gaussian
218,4,0,0.996620937,0.996617899,0.996617283,0.034486533,0.999996951,0.999996333,0.034603461,0,gaussian
218,5,0,0.998570648,0.998556748,0.998553823,0.040158634,0.99998608,0.999983152,0.040216117,0,gaussian
218,6,0,0.996451673,0.996419085,0.9964272,0.025193667,0.999967296,0.99997544,0.025283381,0,gaussian
218,7,0,0.994839098,0.994826432,0.994828473,0.141842038,0.999987268,0.999989319,0.142577869,0,gaussian
218,8,0,0.997202183,0.996702267,0.996662108,0.028106769,0.999498681,0.99945841,0.028185628,0,gaussian
218,9,0,0.990672426,0.98986939,0.990071539,0.043584645,0.999189403,0.999393456,0.043995012,0,gaussian
218,10,1,0.965215007,0.108492231,0.005554494,0.004245114,0.112402138,0.00575467,0.004398102,0,gaussian
218,11,1,0.966547245,0.103340327,0.007337089,0.003804857,0.106916995,0.00759103,0.003936546,0,gaussian
218,12,1,0.967789051,0.123618516,0.008639388,0.004756021,0.127732915,0.008926933,0.004914316,0,gaussian
218,13,1,0.966882911,0.123733704,0.007970792,0.00549741,0.127971756,0.008243803,0.005685704,0,gaussian
218,14,1,0.968954635,0.119061288,0.007941215,0.005110864,0.122876019,0.008195652,0.005274617,0,gaussian
219,0,0,0.997273585,0.997251536,0.997251643,0.016977973,0.99997789,0.999977997,0.017024388,0,gaussian
219,1,0,0.993062155,0.993046175,0.993031571,0.042230502,0.999983909,0.999969203,0.042525538,0,gaussian
219,2,0,0.995173533,0.995160756,0.995163059,0.130886539,0.999987162,0.999989476,0.131521323,0,gaussian
219,3,0,0.995696555,0.995638411,0.995643492,0.02537067,0.999941604,0.999946707,0.025480324,0,gaussian
219,4,0,0.994831251,0.994811641,0.994795721,0.044956041,0.999980288,0.999964285,0.045189615,0,gaussian
219,5,0,0.994511366,0.994493648,0.994483821,0.122640844,0.999982184,0.999972303,0.12331769,0,gaussian
219,6,0,0.996211889,0.996084976,0.99612443,0.032555768,0.999872605,0.999912209,0.032679562,0,gaussian
219,7,0,0.993543572,0.993299954,0.993342835,0.114440579,0.999754799,0.999797958,0.115184258,0,gaussian
219,8,0,0.997731064,0.997493269,0.997425753,0.076439117,0.999761664,0.999693995,0.076612947,0,gaussian
219,9,1,0.965149846,0.089201561,0.00446483,0.003534942,0.092422499,0.004626049,0.003662583,0,gaussian
219,10,1,0.966303249,0.117664795,0.006361648,0.004733766,0.121767981,0.006583491,0.004898841,0,gaussian
219,11,1,0.967345996,0.164758239,0.006675907,0.004900085,0.170319865,0.006901261,0.005065493,0,gaussian
219,12,1,0.962015179,0.13922339,0.007836736,0.005627414,0.144720576,0.008146166,0.00584961,0,gaussian
219,13,1,0.965661535,0.099270231,0.005531424,0.003911377,0.102800234,0.005728119,0.004050464,0,gaussian
219,14,0,0.998037055,0.996316018,0.996105652,0.024144794,0.998275578,0.998064798,0.024192282,0,gaussian
220,0,0,0.997355338,0.99732551,0.997326294,0.022030821,0.999970092,0.999970879,0.02208924,0,gaussian
220,1,0,0.997089786,0.997039521,0.997042485,0.034056286,0.999949589,0.999952561,0.034155686,0,gaussian
220,2,0,0.998773698,0.998746979,0.998754459,0.019110785,0.999973248,0.999980737,0.019134249,0,gaussian
220,3,0,0.99516185,0.995143765,0.99513836,0.055141838,0.999981827,0.999976396,0.055409919,0,gaussian
220,4,0,0.99258141,0.992535722,0.992535297,0.136920075,0.99995397,0.999953542,0.13794342,0,gaussian
220,5,0,0.997963145,0.997903515,0.997886725,0.022799567,0.999940248,0.999923424,0.022846101,0,gaussian
220,6,0,0.996632009,0.996582877,0.996558682,0.027358421,0.999950701,0.999926425,0.027450876,0,gaussian
220,7,0,0.997980218,0.997836561,0.997807142,0.022947779,0.999856052,0.999826573,0.022994223,0,gaussian
220,8,0,0.996762015,0.996363993,0.99655828,0.049198411,0.999600685,0.999795604,0.049358232,0,gaussian
220,9,0,0.990317492,0.98812023,0.988764258,0.427109981,0.997781255,0.99843158,0.43128591,0,gaussian
220,10,1,0.966716436,0.102009028,0.007887964,0.003821879,0.105521148,0.008159543,0.003953464,0,gaussian
220,11,1,0.963488322,0.110973088,0.007986418,0.004640777,0.115178446,0.008289066,0.004816641,0,gaussian
220,12,1,0.963829867,0.139791415,0.010345994,0.005791726,0.145037438,0.010734254,0.006009075,0,gaussian
220,13,1,0.963345912,0.125863405,0.013663295,0.006214315,0.130652348,0.014183166,0.006450761,0,gaussian
220,14,1,0.965753325,0.115799163,0.010697896,0.005235493,0.119905528,0.011077255,0.00542115,0,gaussian
221,0,0,0.999127975,0.999116076,0.999109912,0.029083179,0.99998809,0.999981921,0.029108562,0,gaussian
221,1,0,0.994763509,0.994753107,0.994753928,0.044890413,0.999989543,0.999990368,0.045126718,0,gaussian
221,2,0,0.995379589,0.995372981,0.995376501,0.062945058,0.999993361,0.999996897,0.06323724,0,gaussian
221,3,0,0.997775797,0.997758123,0.99774742,0.057500621,0.999982287,0.99997156,0.057628799,0,gaussian
221,4,0,0.988721582,0.988673535,0.988664253,0.330777362,0.999951405,0.999942018,0.334550564,0,gaussian
221,5,0,0.990578456,0.990516562,0.990491816,0.050630267,0.999937517,0.999912536,0.051111819,0,gaussian
221,6,0,0.995659209,0.995481487,0.995505705,0.018333573,0.999821503,0.999845826,0.018413502,0,gaussian
221,7,0,0.993882563,0.993438879,0.993701374,0.105466178,0.999553586,0.999817696,0.106115332,0,gaussian
221,8,0,0.991532787,0.989811474,0.989737618,0.467362507,0.998263989,0.998189501,0.471353558,0,gaussian
221,9,0,0.997858123,0.996252109,0.996279013,0.035180975,0.99839054,0.998417501,0.03525649,0,gaussian
221,10,1,0.966559058,0.115567188,0.005908434,0.003758267,0.119565573,0.006112853,0.003888295,0,gaussian
221,11,1,0.964969531,0.096323774,0.008543063,0.00460919,0.099820534,0.008853195,0.004776514,0,gaussian
221,12,1,0.966618314,0.126783116,0.00875062,0.005390028,0.131161508,0.009052818,0.00557617,0,gaussian
221,13,1,0.965085153,0.122912913,0.010165797,0.006095528,0.127359656,0.010533576,0.006316052,0,gaussian
221,14,1,0.966112993,0.132976193,0.010349952,0.006360294,0.137640414,0.010712983,0.006583385,0,gaussian
222,0,0,0.997873283,0.997854918,0.997860782,0.040695744,0.999981596,0.999987472,0.040782477,0,gaussian
222,1,0,0.998284708,0.99827076,0.998274284,0.008786231,0.999986029,0.999989559,0.008801327,0,gaussian
222,2,0,0.994395858,0.994372616,0.994369193,0.039478744,0.999976627,0.999973185,0.039701235,0,gaussian
222,3,0,0.997724744,0.997692061,0.99770066,0.007441612,0.999967243,0.999975862,0.007458582,0,gaussian
222,4,0,0.994155156,0.994068741,0.99409225,0.082531329,0.999913077,0.999936724,0.083016548,0,gaussian
222,5,0,0.997379424,0.99734542,0.99734767,0.013522388,0.999965906,0.999968163,0.013557918,0,gaussian
222,6,0,0.995064189,0.994987829,0.994956189,0.031295869,0.999923261,0.999891464,0.031451106,0,gaussian
222,7,0,0.996998917,0.996896272,0.996914993,0.028535025,0.999897045,0.999915823,0.028620919,0,gaussian
222,8,0,0.996028648,0.995819483,0.99572938,0.037110487,0.999790002,0.99969954,0.037258453,0,gaussian
222,9,0,0.993276456,0.992949282,0.992965565,0.100731192,0.999670611,0.999687004,0.101413047,0,gaussian
222,10,1,0.963747977,0.0871812,0.004463667,0.00402986,0.090460579,0.004631571,0.004181446,0,gaussian
222,11,1,0.965983975,0.137237496,0.00751062,0.006276491,0.142070158,0.007775098,0.006497511,0,gaussian
222,12,1,0.966696755,0.113703386,0.006069208,0.003864937,0.117620531,0.006278296,0.003998086,0,gaussian
222,13,1,0.96817613,0.149950758,0.007247406,0.00489626,0.154879627,0.007485627,0.0050572,0,gaussian
222,14,1,0.966236553,0.135187576,0.008100052,0.006053159,0.139911469,0.008383095,0.006264676,0,gaussian
223,0,0,0.996488856,0.99645142,0.996456625,0.015951648,0.999962432,0.999967656,0.016007854,0,gaussian
223,1,0,0.997941506,0.997901551,0.997912075,0.012975833,0.999959963,0.999970509,0.013002598,0,gaussian
223,2,0,0.996630522,0.996605265,0.996602756,0.008974365,0.999974657,0.99997214,0.009004706,0,gaussian
223,3,0,0.994608944,0.994589241,0.994581693,0.08092988,0.99998019,0.999972602,0.081368542,0,gaussian
223,4,0,0.996995337,0.996939645,0.996944021,0.018545287,0.999944141,0.99994853,0.018601177,0,gaussian
223,5,0,0.995486178,0.995452174,0.99546108,0.060245558,0.999965842,0.999974787,0.060518728,0,gaussian
223,6,0,0.995294793,0.995223907,0.995219244,0.040688484,0.99992878,0.999924094,0.040880837,0,gaussian
223,7,0,0.996257093,0.996110993,0.996154917,0.031004971,0.999853351,0.999897441,0.031121456,0,gaussian
223,8,0,0.999047577,0.998716392,0.998755672,0.082984831,0.999668499,0.999707816,0.083063943,0,gaussian
223,9,0,0.994806817,0.994494363,0.994410558,0.038223673,0.999685915,0.999601673,0.038423212,0,gaussian
223,10,1,0.960679419,0.101778546,0.005156374,0.004540321,0.105944339,0.005367424,0.004726156,0,gaussian
223,11,1,0.965867187,0.109804476,0.005142783,0.003857502,0.11368486,0.005324524,0.003993822,0,gaussian
223,12,1,0.968251344,0.132852942,0.006525455,0.004955276,0.137209148,0.006739422,0.005117758,0,gaussian
223,13,1,0.967050109,0.129366891,0.006856925,0.004904648,0.133774755,0.007090558,0.005071762,0,gaussian
223,14,1,0.966795784,0.153071455,0.00699306,0.005130413,0.158328634,0.007233233,0.005306615,0,gaussian
224,0,0,0.996209663,0.99617617,0.99619066,0.051284154,0.999966379,0.999980925,0.051479278,0,gaussian
224,1,0,0.993305163,0.993270517,0.993277022,0.083876189,0.99996512,0.999971669,0.084441512,0,gaussian
224,2,0,0.994633014,0.994591729,0.994552231,0.095557293,0.999958492,0.999918781,0.096072915,0,gaussian
224,3,0,0.996604092,0.996567258,0.996562296,0.013022697,0.99996304,0.999958061,0.013067071,0,gaussian
224,4,0,0.99403661,0.993979183,0.993976644,0.056387991,0.999942229,0.999939675,0.056726272,0,gaussian
224,5,0,1.000242881,1.00003039,1.000035493,0.015188668,0.999787561,0.999792663,0.01518498,0,gaussian
224,6,0,0.996954415,0.996863947,0.996859747,0.135458762,0.999909257,0.999905044,0.135872573,0,gaussian
224,7,0,0.9973102,0.997258538,0.997227448,0.018512897,0.999948198,0.999917025,0.018562828,0,gaussian
224,8,0,0.988494996,0.98821809,0.988303251,0.183950483,0.999719871,0.999806023,0.186091466,0,gaussian
224,9,0,0.994221472,0.992803449,0.993315494,0.088294353,0.998573736,0.999088756,0.08880753,0,gaussian
224,10,1,0.962120248,0.123998934,0.007509622,0.00511586,0.128880911,0.007805284,0.005317277,0,gaussian
224,11,1,0.96498886,0.098526067,0.007643629,0.004004061,0.10210073,0.007920951,0.004149334,0,gaussian
224,12,1,0.96450535,0.138942004,0.008568552,0.005861075,0.144055192,0.008883882,0.006076767,0,gaussian
224,13,1,0.967023254,0.144857322,0.01070894,0.005473647,0.149797144,0.011074129,0.005660305,0,gaussian
224,14,1,0.965687136,0.133674057,0.009505112,0.005626993,0.138423774,0.009842848,0.005826931,0,gaussian
225,0,0,0.997197862,0.997177517,0.997172846,0.042585441,0.999979597,0.999974914,0.042705107,0,gaussian
225,1,0,0.991362526,0.991323681,0.991327456,0.069353371,0.999960816,0.999964625,0.069957629,0,gaussian
225,2,0,0.98950096,0.989445609,0.989470386,0.176831754,0.999944062,0.999969101,0.178708017,0,gaussian
225,3,0,0.997070092,0.997045938,0.997048594,0.021875554,0.999975776,0.99997844,0.021939836,0,gaussian
225,4,0,0.997000366,0.996983001,0.996984778,0.040993352,0.999982582,0.999984365,0.041116687,0,gaussian
225,5,0,0.993567777,0.993516478,0.993549981,0.170309669,0.999948369,0.999982089,0.171412231,0,gaussian
225,6,0,0.995782798,0.995698242,0.995734836,0.125959312,0.999915086,0.999951835,0.126492757,0,gaussian
225,7,0,0.994867592,0.9948007,0.994798594,0.086990744,0.999932762,0.999930646,0.087439519,0,gaussian
225,8,0,0.996186285,0.99602124,0.996075956,0.03023404,0.999834324,0.999889249,0.030349786,0,gaussian
225,9,0,0.99284079,0.992089185,0.992315153,0.079482345,0.999242975,0.999470572,0.080055479,0,gaussian
225,10,1,0.963170695,0.118381421,0.006450432,0.004941144,0.122908038,0.006697081,0.005130081,0,gaussian
225,11,1,0.964884267,0.099236014,0.007609567,0.004339387,0.102847582,0.007886508,0.004497313,0,gaussian
225,12,1,0.964245456,0.133034651,0.009499029,0.006302911,0.137967621,0.009851256,0.006536625,0,gaussian
225,13,1,0.963757349,0.145699688,0.011013358,0.007251929,0.151178809,0.011427522,0.007524642,0,gaussian
225,14,1,0.967345751,0.15558454,0.010807563,0.006630643,0.160836537,0.011172389,0.006854471,0,gaussian
226,0,0,0.995084816,0.995073462,0.995074489,0.048390979,0.99998859,0.999989622,0.048630005,0,gaussian
226,1,0,0.992952094,0.992922302,0.992932758,0.185751644,0.999969997,0.999980527,0.187070096,0,gaussian
226,2,0,0.995537584,0.995462265,0.995408555,0.011598112,0.999924344,0.999870393,0.0116501,0,gaussian
226,3,0,0.995483972,0.995462151,0.995456803,0.049728557,0.999978081,0.999972708,0.049954152,0,gaussian
226,4,0,0.997695818,0.997689851,0.997679414,0.021958791,0.999994019,0.999983558,0.022009505,0,gaussian
226,5,0,1.001013141,1.000984345,1.00098403,0.027797146,0.999971233,0.999970919,0.027769012,0,gaussian
226,6,0,0.993932645,0.993873639,0.993862437,0.072869171,0.999940633,0.999929363,0.073313993,0,gaussian
226,7,0,0.99005051,0.989921271,0.98995428,0.23585699,0.999869462,0.999902803,0.23822723,0,gaussian
226,8,0,0.996961947,0.996388601,0.996355389,0.015412552,0.999424907,0.999391593,0.015459519,0,gaussian
226,9,0,0.993167969,0.992287444,0.992299746,0.138980566,0.999113418,0.999125805,0.139936617,0,gaussian
226,10,1,0.966847933,0.091616659,0.00492476,0.003754849,0.094758085,0.005093625,0.003883599,0,gaussian
226,11,1,0.964210612,0.107313608,0.005543898,0.004311462,0.111296854,0.005749676,0.004471494,0,gaussian
226,12,1,0.965515892,0.126954173,0.006638029,0.005492973,0.131488434,0.006875111,0.005689159,0,gaussian
226,13,1,0.966081056,0.149540141,0.007445924,0.005249334,0.15479047,0.007707349,0.005433637,0,gaussian
226,14,1,0.965900062,0.122053072,0.006237944,0.005197033,0.126362009,0.006458167,0.005380508,0,gaussian
227,0,0,0.995879492,0.995860883,0.99585489,0.02554275,0.999981314,0.999975296,0.025648434,0,gaussian
227,1,0,0.995979497,0.995970823,0.995977861,0.027421015,0.999991291,0.999998357,0.027531706,0,gaussian
227,2,0,0.994706486,0.994690645,0.994693498,0.111983127,0.999984074,0.999986942,0.112579066,0,gaussian
227,3,0,0.995761933,0.995730673,0.995735111,0.044060421,0.999968607,0.999973064,0.044247947,0,gaussian
227,4,0,0.991727699,0.991674483,0.991694103,0.061340654,0.999946341,0.999966124,0.061852315,0,gaussian
227,5,0,0.998200829,0.997973705,0.997992876,0.006543527,0.999772467,0.999791672,0.006555321,0,gaussian
227,6,0,0.995664967,0.995449574,0.995405252,0.028586799,0.999783669,0.999739154,0.028711263,0,gaussian
227,7,0,0.992527241,0.991580964,0.991820162,0.32905881,0.999046598,0.999287597,0.331536301,0,gaussian
227,8,0,0.994148097,0.993963399,0.993969566,0.04555437,0.999814215,0.999820418,0.045822519,0,gaussian
227,9,1,0.963900523,0.106306666,0.007067321,0.004537127,0.110288005,0.007332002,0.004707049,0,gaussian
227,10,1,0.965503308,0.159563892,0.008496665,0.005705059,0.165264987,0.008800244,0.005908896,0,gaussian
227,11,1,0.963569572,0.132673865,0.010736899,0.006359754,0.13768997,0.011142837,0.006600202,0,gaussian
227,12,1,0.968250863,0.114655393,0.013497948,0.005131562,0.118414966,0.013940548,0.005299827,0,gaussian
227,13,1,0.965288068,0.137195575,0.023519843,0.004549567,0.142129152,0.024365621,0.00471317,0,gaussian
227,14,0,0.991825879,0.986866558,0.99023805,0.074066929,0.994999807,0.998399085,0.074677351,0,gaussian
228,0,0,0.993727377,0.993700943,0.993713465,0.074273332,0.999973399,0.999986,0.074742161,0,gaussian
228,1,0,0.998075228,0.998055732,0.998054118,0.008283942,0.999980466,0.99997885,0.008299918,0,gaussian
228,2,0,0.992028885,0.99199369,0.992010008,0.07826105,0.999964522,0.999980971,0.078889891,0,gaussian
228,3,0,0.995636904,0.995596525,0.995592239,0.02974825,0.999959444,0.999955139,0.029878613,0,gaussian
228,4,0,0.989675556,0.989653747,0.989662157,0.181951744,0.999977963,0.999986461,0.183849892,0,gaussian
228,5,0,0.99058406,0.990547076,0.990566249,0.207089483,0.999962665,0.99998202,0.20905796,0,gaussian
228,6,0,0.988742363,0.988642045,0.988669246,0.224541482,0.99989854,0.999926051,0.227098069,0,gaussian
228,7,0,0.995373296,0.995294691,0.995273524,0.017686335,0.99992103,0.999899765,0.017768545,0,gaussian
228,8,0,0.993800263,0.992986336,0.993219095,0.135565534,0.999180996,0.999415207,0.136411248,0,gaussian
228,9,1,0.964338803,0.10875363,0.005844892,0.004784524,0.112775334,0.006061036,0.004961455,0,gaussian
228,10,1,0.962403132,0.142278444,0.010722905,0.008068061,0.147836638,0.011141801,0.008383245,0,gaussian
228,11,1,0.966702657,0.15423957,0.008958381,0.00629502,0.159552235,0.009266946,0.006511847,0,gaussian
228,12,1,0.967609357,0.141076986,0.009458729,0.005903642,0.145799526,0.00977536,0.006101266,0,gaussian
228,13,1,0.961566434,0.114496236,0.009758824,0.005152449,0.119072622,0.010148881,0.005358391,0,gaussian
228,14,0,0.997732426,0.995395419,0.995038704,0.013080069,0.997657682,0.997300156,0.013109796,0,gaussian
229,0,0,0.998574645,0.998552613,0.998551258,0.014016161,0.999977936,0.999976579,0.014036168,0,gaussian
229,1,0,0.997993285,0.997965361,0.997969965,0.037102244,0.99997202,0.999976633,0.037176847,0,gaussian
229,2,0,0.992816649,0.992795695,0.992796471,0.105354566,0.999978894,0.999979676,0.106116841,0,gaussian
229,3,0,0.993977081,0.993957383,0.993966527,0.036722619,0.999980182,0.999989382,0.036945136,0,gaussian
229,4,0,0.990378717,0.99036028,0.990353274,0.192487289,0.999981383,0.99997431,0.194357255,0,gaussian
229,5,0,0.994680712,0.994672802,0.994672861,0.050164099,0.999992047,0.999992107,0.050432364,0,gaussian
229,6,0,0.992679281,0.992666249,0.992661724,0.195971519,0.999986872,0.999982313,0.197416752,0,gaussian
229,7,0,0.995148267,0.995037661,0.995067057,0.053938912,0.999888855,0.999918394,0.054201885,0,gaussian
229,8,0,0.992686829,0.992201762,0.992403315,0.067261484,0.999511359,0.999714397,0.067757002,0,gaussian
229,9,0,0.996978233,0.995017321,0.995088193,0.026002453,0.998033144,0.998104231,0.026081264,0,gaussian
229,10,1,0.965844814,0.0852644,0.004901638,0.003526965,0.088279606,0.005074975,0.003651689,0,gaussian
229,11,1,0.96774625,0.135364846,0.007232645,0.00532056,0.139876384,0.0074737,0.005497888,0,gaussian
229,12,1,0.964479443,0.120633032,0.005978975,0.004019666,0.125075793,0.006199173,0.004167705,0,gaussian
229,13,1,0.966503056,0.148013685,0.007473385,0.005448009,0.153143525,0.007732397,0.005636826,0,gaussian
229,14,1,0.967694032,0.149399427,0.007516489,0.004937511,0.15438705,0.007767423,0.005102347,0,gaussian
230,0,0,0.994679153,0.994656253,0.99465291,0.037624463,0.999976978,0.999973616,0.037825728,0,gaussian
230,1,0,0.99657269,0.996530605,0.996529887,0.039199979,0.99995777,0.99995705,0.039334791,0,gaussian
230,2,0,0.997604551,0.997566589,0.997570283,0.054913647,0.999961947,0.999965649,0.055045505,0,gaussian
230,3,0,0.996351984,0.996328447,0.996327943,0.036717563,0.999976376,0.99997587,0.036852,0,gaussian
230,4,0,0.996488167,0.996481352,0.996482313,0.056136315,0.999993161,0.999994125,0.056334151,0,gaussian
230,5,0,0.999136989,0.999095911,0.999091567,0.007012557,0.999958886,0.999954539,0.007018614,0,gaussian
230,6,0,0.989141502,0.989104584,0.989051483,0.076715227,0.999962676,0.999908992,0.077557383,0,gaussian
230,7,0,0.998123769,0.998083281,0.99803591,0.020603097,0.999959437,0.999911976,0.020641825,0,gaussian
230,8,0,0.998572251,0.99842131,0.998430011,0.008616472,0.999848843,0.999857557,0.008628792,0,gaussian
230,9,0,0.994161976,0.993972949,0.993965047,0.030555749,0.999809863,0.999801914,0.030735182,0,gaussian
230,10,1,0.964724332,0.106871444,0.004908127,0.004071798,0.110779256,0.005087595,0.004220686,0,gaussian
230,11,1,0.961387486,0.100010648,0.005984603,0.005206647,0.104027408,0.006224965,0.005415763,0,gaussian
230,12,1,0.965178906,0.159101251,0.006789608,0.005633534,0.164841202,0.007034559,0.005836777,0,gaussian
230,13,1,0.964324994,0.150713128,0.007945638,0.006428439,0.156288729,0.008239585,0.006666258,0,gaussian
230,14,1,0.967129764,0.190665529,0.00809374,0.006044674,0.197145757,0.008368826,0.006250116,0,gaussian
231,0,0,0.992075966,0.992024056,0.992034829,0.069722896,0.999947676,0.999958534,0.070279796,0,gaussian
231,1,0,0.998137947,0.998113179,0.998106703,0.017015604,0.999975185,0.999968697,0.017047347,0,gaussian
231,2,0,0.993460016,0.993386989,0.993369778,0.197349611,0.999926492,0.999909167,0.198648771,0,gaussian
231,3,0,0.999459049,0.999378467,0.99940884,0.015165454,0.999919375,0.999949764,0.015173662,0,gaussian
231,4,0,0.995694945,0.995621399,0.995623319,0.042584245,0.999926135,0.999928064,0.042768365,0,gaussian
231,5,0,0.995816155,0.995665878,0.99566677,0.019211348,0.999849092,0.999849987,0.019292063,0,gaussian
231,6,0,0.993333275,0.993164508,0.993193316,0.097321777,0.999830101,0.999859102,0.097974949,0,gaussian
231,7,0,0.995930002,0.995773875,0.995475686,0.023672401,0.999843235,0.999543828,0.023769142,0,gaussian
231,8,0,0.996932551,0.99608169,0.996048332,0.030369913,0.999146521,0.99911306,0.030463358,0,gaussian
231,9,0,0.993326938,0.993048354,0.992816315,0.115997708,0.999719545,0.999485946,0.116776968,0,gaussian
231,10,1,0.965861799,0.115208398,0.006594903,0.004085116,0.119280417,0.006827999,0.004229504,0,gaussian
231,11,1,0.963763059,0.148797362,0.009814808,0.006231487,0.154392058,0.010183839,0.006465787,0,gaussian
231,12,1,0.964960508,0.114972822,0.006174837,0.004184126,0.119147697,0.006399056,0.00433606,0,gaussian
231,13,1,0.967724602,0.130332743,0.008446716,0.005345532,0.13467958,0.00872843,0.005523815,0,gaussian
231,14,1,0.965444824,0.131746859,0.007383893,0.005243445,0.136462339,0.007648177,0.005431118,0,gaussian
232,0,0,0.997781463,0.997765832,0.997769488,0.023213935,0.999984334,0.999987998,0.02326555,0,gaussian
232,1,0,0.998462974,0.998444702,0.998440192,0.016058831,0.9999817,0.999977183,0.016083552,0,gaussian
232,2,0,0.993304836,0.993278664,0.993257956,0.083380046,0.999973652,0.999952804,0.083942052,0,gaussian
232,3,0,0.992833379,0.9928029,0.992801421,0.073528047,0.999969301,0.999967811,0.074058798,0,gaussian
232,4,0,0.995709305,0.995688639,0.99568084,0.07775756,0.999979245,0.999971412,0.078092631,0,gaussian
232,5,0,0.995475163,0.995434423,0.995465858,0.221783429,0.999959075,0.999990653,0.222791525,0,gaussian
232,6,0,0.995108012,0.995074366,0.995061856,0.093690727,0.999966189,0.999953618,0.094151314,0,gaussian
232,7,0,0.997918046,0.997760898,0.997771525,0.012486678,0.999842524,0.999853173,0.012512729,0,gaussian
232,8,0,0.995980557,0.995801246,0.995759614,0.023802435,0.999819966,0.999778166,0.023898494,0,gaussian
232,9,1,0.962876685,0.105709922,0.005540131,0.004622263,0.109785525,0.005753728,0.004800473,0,gaussian
232,10,1,0.969767042,0.128386447,0.006384979,0.004827566,0.132388957,0.006584034,0.004978068,0,gaussian
232,11,1,0.962844198,0.122567398,0.007460814,0.006535607,0.127297228,0.007748724,0.006787814,0,gaussian
232,12,1,0.96560337,0.129274839,0.006269094,0.004384044,0.133879855,0.006492411,0.004540212,0,gaussian
232,13,1,0.965746098,0.144948739,0.008716312,0.006299095,0.150089904,0.009025469,0.006522516,0,gaussian
232,14,0,0.998134422,0.997583207,0.99782476,0.020616077,0.999447755,0.99968976,0.02065461,0,gaussian
233,0,0,0.994440449,0.994430222,0.99442812,0.091393944,0.999989716,0.999987603,0.091904894,0,gaussian
233,1,0,0.997583768,0.997545037,0.99755494,0.05468236,0.999961175,0.999971101,0.054814805,0,gaussian
233,2,0,0.995743679,0.995736985,0.995729543,0.031223377,0.999993277,0.999985803,0.031356842,0,gaussian
233,3,0,0.998105144,0.998084956,0.998097693,0.017912499,0.999979774,0.999992536,0.017946506,0,gaussian
233,4,0,0.994379803,0.99435189,0.994352233,0.066707649,0.99997193,0.999972275,0.067084678,0,gaussian
233,5,0,0.997981407,0.997919219,0.997944492,0.194499119,0.999937686,0.99996301,0.194892528,0,gaussian
233,6,0,0.995134929,0.995074813,0.995056936,0.037420428,0.99993959,0.999921626,0.037603371,0,gaussian
233,7,0,1.000070575,1.000036436,1.00001989,0.010086528,0.999965863,0.999949319,0.010085817,0,gaussian
233,8,0,0.996601232,0.996381523,0.996335767,0.024817276,0.999779542,0.99973363,0.024901912,0,gaussian
233,9,0,0.996125891,0.99286548,0.9938982,0.021784504,0.996726908,0.997763645,0.021869228,0,gaussian
233,10,1,0.965010818,0.104837372,0.0045985,0.003688944,0.108638546,0.004765231,0.003822698,0,gaussian
233,11,1,0.965785961,0.082500445,0.005760148,0.003639452,0.085423115,0.005964208,0.003768384,0,gaussian
233,12,1,0.964896245,0.137934079,0.007729188,0.006034739,0.142952239,0.008010383,0.006254288,0,gaussian
233,13,1,0.966338765,0.14509408,0.007548004,0.005225673,0.150148256,0.00781093,0.005407703,0,gaussian
233,14,1,0.964999907,0.116445553,0.00802385,0.005654575,0.120668978,0.008314871,0.005859664,0,gaussian
234,0,0,0.995029523,0.995013743,0.995002177,0.038725342,0.999984141,0.999972518,0.038918787,0,gaussian
234,1,0,0.997396174,0.9973558,0.997361885,0.054989534,0.99995952,0.999965621,0.055133091,0,gaussian
234,2,0,0.991849259,0.991835252,0.991834595,0.096618041,0.999985877,0.999985215,0.097412021,0,gaussian
234,3,0,0.994811078,0.994792545,0.99480445,0.144242577,0.99998137,0.999993337,0.144994945,0,gaussian
234,4,0,0.992856054,0.992833104,0.992836521,0.269341372,0.999976885,0.999980327,0.271279378,0,gaussian
234,5,0,0.996793202,0.996666087,0.996668051,0.108477169,0.999872477,0.999874447,0.108826153,0,gaussian
234,6,0,0.99423132,0.994192583,0.994208012,0.048898256,0.999961039,0.999976557,0.049181971,0,gaussian
234,7,0,0.994886561,0.994818961,0.994829278,0.061383694,0.999932053,0.999942422,0.061699189,0,gaussian
234,8,0,0.996732133,0.996640226,0.996661513,0.044765542,0.999907792,0.999929148,0.044912309,0,gaussian
234,9,0,0.993397139,0.988249615,0.989761621,0.068698205,0.994818262,0.996340318,0.069154825,0,gaussian
234,10,1,0.964588061,0.106567321,0.005549013,0.003774564,0.110479618,0.005752728,0.003913135,0,gaussian
234,11,1,0.963468697,0.139593604,0.008101362,0.005586109,0.144886496,0.008408537,0.005797914,0,gaussian
234,12,1,0.964289708,0.091017057,0.011657438,0.004120895,0.094387668,0.012089145,0.004273503,0,gaussian
234,13,1,0.964377234,0.118741275,0.008533913,0.005603228,0.123127414,0.008849144,0.005810204,0,gaussian
234,14,1,0.96458539,0.139563749,0.009707483,0.005111805,0.144687812,0.010063892,0.005299484,0,gaussian
235,0,0,0.993049008,0.993035749,0.993035436,0.090723872,0.999986648,0.999986334,0.091358907,0,gaussian
235,1,0,0.996301687,0.996266583,0.996266712,0.064485133,0.999964765,0.999964895,0.064724504,0,gaussian
235,2,0,0.99401809,0.993983818,0.993986981,0.04418508,0.999965522,0.999968704,0.044450982,0,gaussian
235,3,0,0.993626664,0.993581944,0.993594913,0.041988843,0.999954993,0.999968046,0.042258169,0,gaussian
235,4,0,0.990069938,0.990032268,0.990051304,0.324716229,0.999961952,0.999981179,0.327973021,0,gaussian
235,5,0,0.992316671,0.99227242,0.992288869,0.159395178,0.999955406,0.999971983,0.160629346,0,gaussian
235,6,0,0.997233414,0.997188771,0.997195315,0.031146845,0.999955233,0.999961795,0.031233255,0,gaussian
235,7,0,0.9956932,0.995653849,0.995649199,0.047758381,0.999960479,0.999955809,0.047964956,0,gaussian
235,8,0,0.997311613,0.996924894,0.996997617,0.013059105,0.999612238,0.999685157,0.013094308,0,gaussian
235,9,0,0.990976233,0.990772742,0.990764527,0.31982332,0.999794656,0.999786366,0.322735611,0,gaussian
235,10,1,0.964544015,0.090479346,0.005583125,0.004445133,0.093805305,0.005788357,0.004608533,0,gaussian
235,11,1,0.965140766,0.106033947,0.006412502,0.003963665,0.109863712,0.006644111,0.004106826,0,gaussian
235,12,1,0.963059543,0.145938512,0.007392087,0.005796551,0.151536334,0.007675628,0.006018891,0,gaussian
235,13,1,0.96740495,0.137226289,0.008367408,0.005228953,0.141849894,0.008649333,0.005405134,0,gaussian
235,14,1,0.967598159,0.124569339,0.007944602,0.005535285,0.128740777,0.008210641,0.005720644,0,gaussian
236,0,0,0.995533596,0.995508353,0.995502486,0.022068253,0.999974643,0.99996875,0.022167261,0,gaussian
236,1,0,0.992550864,0.99254214,0.992541495,0.198530986,0.99999121,0.99999056,0.200020969,0,gaussian
236,2,0,0.993298719,0.993280908,0.993287333,0.160368985,0.999982069,0.999988537,0.161450913,0,gaussian
236,3,0,0.998226482,0.998184574,0.998172391,0.02442029,0.999958018,0.999945813,0.024463677,0,gaussian
236,4,0,0.993321576,0.993178651,0.993206079,0.08403549,0.999856114,0.999883727,0.084600487,0,gaussian
236,5,0,0.989325021,0.989193453,0.989239178,0.083567753,0.999867013,0.999913231,0.084469463,0,gaussian
236,6,0,0.992980542,0.991935121,0.991498611,0.030695437,0.998947188,0.998507592,0.030912426,0,gaussian
236,7,0,0.989285386,0.988903403,0.988992763,0.309942421,0.999613879,0.999704207,0.313299302,0,gaussian
236,8,0,1.000568074,1.000296766,1.00031921,0.025022961,0.999728846,0.999751277,0.025008754,0,gaussian
236,9,0,0.993457173,0.993127612,0.992470184,0.058273097,0.999668269,0.999006511,0.058656879,0,gaussian
236,10,1,0.963765565,0.117117017,0.007645646,0.004509047,0.121520234,0.007933097,0.004678573,0,gaussian
236,11,1,0.965770014,0.098781848,0.008373944,0.004032967,0.102282994,0.008670743,0.004175908,0,gaussian
236,12,1,0.965936141,0.178490759,0.009980563,0.006020096,0.184785258,0.010332529,0.006232395,0,gaussian
236,13,1,0.965219846,0.167111379,0.009573274,0.00551366,0.173132971,0.009918232,0.005712335,0,gaussian
236,14,1,0.964224744,0.153607571,0.009141755,0.005798887,0.159306813,0.009480938,0.006014041,0,gaussian
237,0,0,0.994050879,0.994021277,0.994028887,0.117781246,0.999970221,0.999977876,0.118486134,0,gaussian
237,1,0,0.995512673,0.995430669,0.995402986,0.034497494,0.999917626,0.999889818,0.034652994,0,gaussian
237,2,0,0.999564577,0.999554189,0.99955827,0.02835082,0.999989608,0.999993691,0.02836317,0,gaussian
237,3,0,0.997332131,0.997292843,0.99729914,0.048043685,0.999960607,0.999966921,0.048172202,0,gaussian
237,4,0,0.994191133,0.994139317,0.994152299,0.145044635,0.999947881,0.999960939,0.145892103,0,gaussian
237,5,0,0.996381882,0.996367132,0.996360439,0.097780075,0.999985196,0.999978479,0.09813514,0,gaussian
237,6,0,0.996580981,0.996462739,0.996412252,0.018981149,0.999881352,0.999830692,0.019046268,0,gaussian
237,7,0,0.998488766,0.998206624,0.998101543,0.039903798,0.999717431,0.999612191,0.039964193,0,gaussian
237,8,0,0.99708096,0.996844394,0.996894916,0.011303552,0.999762742,0.999813411,0.011336644,0,gaussian
237,9,0,0.99923808,0.999023623,0.998879963,0.023697018,0.99978538,0.99964161,0.023715087,0,gaussian
237,10,1,0.963949446,0.077183455,0.004207885,0.003637016,0.080070023,0.004365255,0.003773036,0,gaussian
237,11,1,0.966657863,0.093061018,0.00482183,0.003477143,0.096270896,0.004988146,0.003597077,0,gaussian
237,12,1,0.963765955,0.112635021,0.00653502,0.005663946,0.116869683,0.006780713,0.00587689,0,gaussian
237,13,1,0.962610444,0.127564587,0.006768566,0.00602527,0.132519429,0.00703147,0.006259303,0,gaussian
237,14,1,0.963189829,0.138639614,0.006947404,0.00630459,0.143937996,0.007212912,0.006545532,0,gaussian
238,0,0,0.996608591,0.996573474,0.99657929,0.014569459,0.999964763,0.9999706,0.014619038,0,gaussian
238,1,0,0.994055823,0.994017395,0.994018258,0.029413827,0.999961343,0.999962211,0.029589713,0,gaussian
238,2,0,0.998208549,0.998186423,0.998189988,0.018235001,0.999977834,0.999981405,0.018267727,0,gaussian
238,3,0,0.99848827,0.99847257,0.998472342,0.014015424,0.999984276,0.999984048,0.014036644,0,gaussian
238,4,0,0.996699387,0.996680049,0.996668957,0.015840891,0.999980598,0.99996947,0.015893349,0,gaussian
238,5,0,0.993846784,0.993830819,0.993822257,0.071393324,0.999983937,0.999975322,0.071835342,0,gaussian
238,6,0,0.998399488,0.998205585,0.99820924,0.02119178,0.999805786,0.999809447,0.021225753,0,gaussian
238,7,0,0.999773745,0.999715885,0.999723631,0.012017097,0.999942126,0.999949874,0.012019817,0,gaussian
238,8,0,0.994716829,0.994594866,0.994560326,0.034219802,0.99987739,0.999842666,0.034401551,0,gaussian
238,9,0,0.997979905,0.997036491,0.997121353,0.020846018,0.999054676,0.99913971,0.020888215,0,gaussian
238,10,1,0.965963804,0.099060613,0.004195908,0.00378235,0.102551061,0.004343752,0.003915623,0,gaussian
238,11,1,0.962274624,0.081842103,0.004427907,0.004140577,0.085050672,0.0046015,0.004302905,0,gaussian
238,12,1,0.965173977,0.102195365,0.005159599,0.004934943,0.105882844,0.005345771,0.005113009,0,gaussian
238,13,1,0.96763367,0.120212829,0.005614452,0.00493739,0.124233822,0.005802249,0.00510254,0,gaussian
238,14,1,0.964126731,0.123805691,0.005721854,0.005538834,0.128412258,0.005934753,0.005744923,0,gaussian
239,0,0,0.993126704,0.993083869,0.993089642,0.085673606,0.999956869,0.999962682,0.086266541,0,gaussian
239,1,0,0.994732695,0.994694556,0.99469972,0.023325853,0.999961659,0.999966851,0.023449368,0,gaussian
239,2,0,0.997199888,0.997170576,0.99717107,0.037351863,0.999970605,0.9999711,0.037456746,0,gaussian
239,3,0,0.997080722,0.997049866,0.997041497,0.030058171,0.999969054,0.99996066,0.030146176,0,gaussian
239,4,0,0.996261498,0.996223227,0.996226395,0.045901926,0.999961585,0.999964765,0.046074175,0,gaussian
239,5,0,0.993619376,0.993575321,0.993575997,0.041839059,0.999955662,0.999956342,0.042107733,0,gaussian
239,6,0,0.996402661,0.996354455,0.996325486,0.021186428,0.999951621,0.999922547,0.021262918,0,gaussian
239,7,0,0.995224964,0.995109911,0.995158283,0.136705714,0.999884396,0.999932999,0.137361621,0,gaussian
239,8,0,0.995493124,0.995253176,0.995254962,0.026073569,0.999758966,0.999760759,0.026191611,0,gaussian
239,9,0,0.993734042,0.993049676,0.993291081,0.253398446,0.999311318,0.999554246,0.254996242,0,gaussian
239,10,1,0.965119388,0.098651569,0.004438066,0.003852498,0.102216959,0.004598463,0.003991732,0,gaussian
239,11,1,0.9653564,0.106561259,0.005830664,0.003927349,0.110385407,0.006039908,0.00406829,0,gaussian
239,12,1,0.964957359,0.150971613,0.0068628,0.005897762,0.156454181,0.007112024,0.00611194,0,gaussian
239,13,1,0.966739137,0.11831859,0.007042926,0.005340566,0.122389366,0.007285239,0.005524309,0,gaussian
239,14,1,0.965085379,0.179708097,0.007707174,0.005987687,0.186209532,0.007986002,0.006204308,0,gaussian
240,0,0,0.998560169,0.998503135,0.998507616,0.006625813,0.999942884,0.999947372,0.006635367,0,gaussian
240,1,0,0.992865935,0.992844271,0.992850493,0.072077248,0.99997818,0.999984446,0.072595146,0,gaussian
240,2,0,0.995281068,0.995269808,0.995267905,0.039700048,0.999988687,0.999986775,0.039888279,0,gaussian
240,3,0,0.997205882,0.997190141,0.997192397,0.055253283,0.999984215,0.999986477,0.055408099,0,gaussian
240,4,0,0.99493431,0.994918159,0.994913393,0.071021207,0.999983767,0.999978977,0.07138281,0,gaussian
240,5,0,0.991845545,0.991814758,0.991817697,0.159139191,0.99996896,0.999971923,0.160447554,0,gaussian
240,6,0,0.996321383,0.996270347,0.996270377,0.016427512,0.999948776,0.999948805,0.016488166,0,gaussian
240,7,0,1.002950917,1.002934902,1.002936813,0.011418471,0.999984032,0.999985937,0.011384875,0,gaussian
240,8,0,0.996096395,0.996036306,0.996014842,0.04066431,0.999939675,0.999918127,0.040823669,0,gaussian
240,9,0,0.995214127,0.99496527,0.99464331,0.025663755,0.999749947,0.999426439,0.025787169,0,gaussian
240,10,1,0.962989331,0.091719412,0.005115968,0.004205614,0.095244473,0.00531259,0.004367249,0,gaussian
240,11,1,0.965133052,0.096800478,0.007265371,0.005515919,0.100297547,0.007527844,0.00571519,0,gaussian
240,12,1,0.963596779,0.093512808,0.005769146,0.00381275,0.09704558,0.005987096,0.003956789,0,gaussian
240,13,1,0.965617861,0.118698158,0.007522816,0.005394725,0.122924568,0.007790676,0.005586812,0,gaussian
240,14,1,0.967748851,0.122046549,0.007637131,0.004546266,0.126113866,0.007891645,0.004697775,0,gaussian
241,0,0,0.994994188,0.99495246,0.994970684,0.064203891,0.999958061,0.999976377,0.064526901,0,gaussian
241,1,0,0.992899699,0.992895023,0.99289529,0.232447982,0.999995291,0.999995559,0.234110235,0,gaussian
241,2,0,0.996150482,0.996130169,0.996117111,0.029981955,0.999979608,0.9999665,0.030097817,0,gaussian
241,3,0,0.997516692,0.997482659,0.997479054,0.016186388,0.999965883,0.999962268,0.016226684,0,gaussian
241,4,0,0.990535446,0.990499872,0.990494417,0.189361946,0.999964087,0.99995858,0.191171297,0,gaussian
241,5,0,0.993010424,0.992986232,0.992991502,0.181899434,0.999975638,0.999980945,0.183179783,0,gaussian
241,6,0,0.994853607,0.994784445,0.994770057,0.051616998,0.99993048,0.999916018,0.051884014,0,gaussian
241,7,0,0.997329102,0.997291185,0.997276686,0.0261869,0.999961982,0.999947443,0.02625703,0,gaussian
241,8,0,0.997243887,0.997121251,0.997113764,0.012160124,0.999877025,0.999869518,0.012193731,0,gaussian
241,9,0,0.993860706,0.991753629,0.990513175,0.056363802,0.997879907,0.99663179,0.056711974,0,gaussian
241,10,1,0.965998683,0.091007739,0.005384339,0.003970233,0.094211038,0.005573858,0.004109978,0,gaussian
241,11,1,0.964066207,0.130962422,0.007209153,0.005774517,0.135843805,0.00747786,0.005989751,0,gaussian
241,12,1,0.965029391,0.10559061,0.009018155,0.004275282,0.109416989,0.009344954,0.004430209,0,gaussian
241,13,1,0.966671198,0.144864332,0.007014571,0.005511398,0.149858951,0.007256419,0.00570142,0,gaussian
241,14,1,0.96598117,0.132505654,0.00821606,0.005615129,0.137172088,0.008505404,0.005812876,0,gaussian
242,0,0,0.998529644,0.998512184,0.998518211,0.013703665,0.999982514,0.99998855,0.013723844,0,gaussian
242,1,0,0.993962868,0.993951323,0.993940427,0.037460432,0.999988385,0.999977422,0.037687959,0,gaussian
242,2,0,0.996987284,0.996972704,0.996969332,0.011266087,0.999985376,0.999981994,0.011300132,0,gaussian
242,3,0,0.994378059,0.994367532,0.994356649,0.158360715,0.999989414,0.999978469,0.159256044,0,gaussian
242,4,0,0.994840229,0.994818046,0.994823655,0.016926817,0.999977702,0.99998334,0.017014608,0,gaussian
242,5,0,0.988297703,0.988270477,0.98826867,0.12119236,0.999972451,0.999970623,0.122627382,0,gaussian
242,6,0,0.996405653,0.996301661,0.996330532,0.069055157,0.999895633,0.999924608,0.06930426,0,gaussian
242,7,0,0.990224651,0.989828685,0.989813148,0.112273697,0.999600124,0.999584434,0.113382047,0,gaussian
242,8,0,0.995323812,0.99498748,0.995028829,0.052589158,0.999662089,0.999703631,0.05283623,0,gaussian
242,9,0,0.989421289,0.988250371,0.988154021,0.549059959,0.998816563,0.998719183,0.554930408,0,gaussian
242,10,1,0.966272254,0.096585755,0.006668329,0.004489387,0.099957083,0.006901087,0.004646089,0,gaussian
242,11,1,0.96553594,0.098296965,0.005464409,0.004393015,0.101805599,0.005659457,0.00454982,0,gaussian
242,12,1,0.966108437,0.135495233,0.007622797,0.005679735,0.140248473,0.007890208,0.005878983,0,gaussian
242,13,1,0.963355744,0.132053568,0.008790612,0.006964156,0.13707664,0.009124991,0.00722906,0,gaussian
242,14,1,0.965824465,0.147508761,0.007534065,0.005857212,0.152728333,0.007800656,0.006064468,0,gaussian
243,0,0,0.998430415,0.998403756,0.998398883,0.036563959,0.999973299,0.999968418,0.036621439,0,gaussian
243,1,0,0.995498863,0.995461861,0.995469146,0.187922931,0.999962831,0.999970149,0.188772623,0,gaussian
243,2,0,0.997453823,0.997438351,0.997439719,0.048958303,0.999984488,0.99998586,0.049083278,0,gaussian
243,3,0,0.998055635,0.998037444,0.998039872,0.066041295,0.999981774,0.999984207,0.066169953,0,gaussian
243,4,0,0.996020024,0.995975634,0.995966766,0.03445283,0.999955433,0.999946529,0.0345905,0,gaussian
243,5,0,0.991426161,0.991389646,0.991374754,0.108201916,0.999963169,0.999948149,0.109137644,0,gaussian
243,6,0,0.988948658,0.988899406,0.988910944,0.21255514,0.999950197,0.999961864,0.214930409,0,gaussian
243,7,0,0.992001533,0.991941244,0.991942801,0.10001391,0.999939225,0.999940794,0.100820317,0,gaussian
243,8,0,0.99591927,0.995840065,0.995860326,0.047813934,0.999920471,0.999940815,0.04800985,0,gaussian
243,9,0,0.995541725,0.994908367,0.995014763,0.024786585,0.999363806,0.999470678,0.024897586,0,gaussian
243,10,1,0.962479048,0.106436667,0.004951087,0.004536811,0.110585958,0.005144099,0.004713673,0,gaussian
243,11,1,0.964991772,0.124368118,0.005416067,0.004193266,0.128879978,0.005612552,0.00434539,0,gaussian
243,12,1,0.965375413,0.137831842,0.006578424,0.005545604,0.142775381,0.006814369,0.005744505,0,gaussian
243,13,1,0.967291109,0.143578396,0.006217979,0.004901292,0.148433491,0.00642824,0.005067029,0,gaussian
243,14,1,0.967867363,0.158584921,0.00680626,0.005243986,0.163849849,0.007032224,0.005418083,0,gaussian
244,0,0,0.994719775,0.994696334,0.994675897,0.018256921,0.999976435,0.999955889,0.018353833,0,gaussian
244,1,0,0.994776822,0.994657327,0.994665515,0.027134633,0.999879877,0.999888109,0.027277106,0,gaussian
244,2,0,0.995258399,0.995246965,0.995247353,0.023574216,0.999988512,0.999988901,0.023686528,0,gaussian
244,3,0,0.991065588,0.991053559,0.991049694,0.317394744,0.999987863,0.999983962,0.320256043,0,gaussian
244,4,0,0.996066658,0.996043671,0.996047053,0.044461956,0.999976923,0.999980318,0.044637531,0,gaussian
244,5,0,0.995935749,0.995917559,0.995908937,0.052994087,0.999981736,0.999973079,0.053210347,0,gaussian
244,6,0,0.994386412,0.994340457,0.994332275,0.052950741,0.999953785,0.999945557,0.053249663,0,gaussian
244,7,0,0.994479371,0.994446305,0.994435036,0.032737176,0.999966751,0.999955419,0.032918909,0,gaussian
244,8,0,0.996796192,0.996650469,0.996642084,0.052737435,0.999853808,0.999845397,0.052906938,0,gaussian
244,9,0,0.990679137,0.990615796,0.990633446,0.546766158,0.999936063,0.999953879,0.55191044,0,gaussian
244,10,1,0.965599708,0.094558559,0.005088312,0.003693398,0.097927286,0.005269587,0.003824978,0,gaussian
244,11,1,0.96382102,0.10294943,0.004438461,0.004107483,0.106813846,0.004605068,0.004261666,0,gaussian
244,12,1,0.965096458,0.101889359,0.006432951,0.00536604,0.105574275,0.006665604,0.005560108,0,gaussian
244,13,1,0.967157994,0.123217573,0.007865727,0.005185266,0.1274017,0.008132826,0.005361343,0,gaussian
244,14,1,0.967948281,0.127472718,0.007860316,0.005081072,0.131693728,0.008120595,0.005249322,0,gaussian
245,0,0,0.990749649,0.990710712,0.990724878,0.120463353,0.9999607,0.999974998,0.121588085,0,gaussian
245,1,0,0.993312103,0.993289952,0.99329527,0.070263402,0.9999777,0.999983054,0.07073648,0,gaussian
245,2,0,0.996101314,0.996066415,0.996062891,0.04453157,0.999964964,0.999961427,0.044705864,0,gaussian
245,3,0,0.995187087,0.995162985,0.995170865,0.069064576,0.999975782,0.999983699,0.069398586,0,gaussian
245,4,0,0.997069184,0.997014525,0.997023384,0.017520864,0.999945181,0.999954065,0.017572365,0,gaussian
245,5,0,0.987009495,0.986969271,0.986988139,0.604254375,0.999959247,0.999978362,0.612207257,0,gaussian
245,6,0,1.000385525,1.000289383,1.000302552,0.010130878,0.999903895,0.999917059,0.010126974,0,gaussian
245,7,0,0.996143341,0.996077992,0.996080442,0.039301158,0.999934399,0.999936858,0.039453316,0,gaussian
245,8,0,0.996238395,0.996121063,0.996131141,0.023584812,0.999882224,0.999892341,0.023673864,0,gaussian
245,9,0,0.991422453,0.991207082,0.991231461,0.24741262,0.999782766,0.999807356,0.249553174,0,gaussian
245,10,1,0.963518037,0.108300447,0.004601319,0.004162248,0.112401059,0.00477554,0.004319845,0,gaussian
245,11,1,0.965989929,0.120373693,0.004397231,0.003521756,0.124611748,0.004552046,0.003645748,0,gaussian
245,12,1,0.966568688,0.126460535,0.005359294,0.004537411,0.130834504,0.00554466,0.004694349,0,gaussian
245,13,1,0.96528715,0.127279196,0.00552345,0.004722841,0.131856304,0.005722079,0.00489268,0,gaussian
245,14,1,0.96687087,0.126542583,0.005601453,0.00467364,0.130878473,0.005793382,0.004833779,0,gaussian
246,0,0,0.99471451,0.994694134,0.9946968,0.073427104,0.999979516,0.999982196,0.073817265,0,gaussian
246,1,0,0.994238727,0.994210703,0.994196141,0.041318295,0.999971813,0.999957167,0.041557721,0,gaussian
246,2,0,0.995193148,0.995161613,0.995166322,0.023940191,0.999968312,0.999973045,0.024055824,0,gaussian
246,3,0,0.995845272,0.995834637,0.995825233,0.079302793,0.99998932,0.999979877,0.079633649,0,gaussian
246,4,0,0.993874529,0.993826931,0.993827188,0.018710909,0.999952109,0.999952367,0.018826228,0,gaussian
246,5,0,0.992852078,0.992829693,0.992826527,0.104734545,0.999977454,0.999974265,0.105488569,0,gaussian
246,6,0,0.99795533,0.997914263,0.997914248,0.045180884,0.999958848,0.999958834,0.045273453,0,gaussian
246,7,0,0.994530573,0.994154277,0.994108282,0.051306168,0.999621635,0.999575386,0.051588327,0,gaussian
246,8,0,0.997913508,0.997396331,0.997470097,0.012929114,0.999481741,0.999555661,0.012956147,0,gaussian
246,9,0,0.993668048,0.993084667,0.993192008,0.02385733,0.999412902,0.999520927,0.024009356,0,gaussian
246,10,1,0.966484219,0.093217819,0.005300587,0.003673768,0.096450431,0.005484401,0.003801167,0,gaussian
246,11,1,0.966646497,0.10601775,0.005295496,0.003417006,0.109675822,0.005478214,0.003534908,0,gaussian
246,12,1,0.966649878,0.100612615,0.006627394,0.004813056,0.104083824,0.006856044,0.00497911,0,gaussian
246,13,1,0.963396239,0.11997741,0.008520099,0.006350478,0.124535892,0.008843816,0.006591761,0,gaussian
246,14,1,0.963853322,0.138416722,0.008020057,0.006102872,0.143607662,0.008320827,0.006331744,0,gaussian
247,0,0,0.995984788,0.995964193,0.9959525,0.014708667,0.999979322,0.999967582,0.014767964,0,gaussian
247,1,0,0.99709111,0.997083116,0.997083909,0.027286099,0.999991983,0.999992778,0.027365702,0,gaussian
247,2,0,0.996598821,0.996585567,0.996586356,0.020909515,0.9999867,0.999987492,0.020980875,0,gaussian
247,3,0,0.997827026,0.997804107,0.997809539,0.033359077,0.999977031,0.999982475,0.033431723,0,gaussian
247,4,0,0.993227407,0.993182298,0.99319622,0.072414375,0.999954584,0.999968601,0.072908152,0,gaussian
247,5,0,0.99638539,0.996317648,0.996334012,0.040102351,0.999932013,0.999948436,0.040247831,0,gaussian
247,6,0,1.001147039,1.001112979,1.001111181,0.011933944,0.999965979,0.999964184,0.011920271,0,gaussian
247,7,0,0.997546865,0.997496017,0.997495545,0.053657202,0.999949027,0.999948554,0.053789154,0,gaussian
247,8,0,0.993688321,0.992903038,0.993016259,0.048313901,0.999209728,0.999323669,0.04862078,0,gaussian
247,9,0,0.996256865,0.995078177,0.99546124,0.059453436,0.998816884,0.999201386,0.059676814,0,gaussian
247,10,1,0.963603447,0.083826433,0.005413468,0.00354768,0.086992666,0.005617942,0.00368168,0,gaussian
247,11,1,0.966823148,0.088299226,0.005454737,0.003095018,0.091329243,0.005641918,0.003201225,0,gaussian
247,12,1,0.964414131,0.12253476,0.006280356,0.004091137,0.127056164,0.006512094,0.004242096,0,gaussian
247,13,1,0.964737713,0.121051014,0.006462838,0.004530055,0.12547557,0.006699062,0.004695634,0,gaussian
247,14,1,0.968901696,0.113971809,0.007381683,0.004389898,0.1176299,0.007618609,0.004530798,0,gaussian
248,0,0,0.999602989,0.999589318,0.999582884,0.008485458,0.999986323,0.999979887,0.008488829,0,gaussian
248,1,0,0.995698948,0.995635204,0.995635425,0.053618232,0.999935981,0.999936203,0.053849843,0,gaussian
248,2,0,0.994666271,0.99464643,0.994652332,0.1808692,0.999980052,0.999985986,0.18183908,0,gaussian
248,3,0,0.997478797,0.997434932,0.997433914,0.011384084,0.999956024,0.999955004,0.011412858,0,gaussian
248,4,0,0.995393135,0.995375562,0.995366252,0.045886405,0.999982345,0.999972992,0.046098776,0,gaussian
248,5,0,0.995345134,0.995314701,0.995299531,0.038331839,0.999969424,0.999954184,0.038511103,0,gaussian
248,6,0,0.997525408,0.99749814,0.997508139,0.020029119,0.999972664,0.999982688,0.020078806,0,gaussian
248,7,0,0.995583445,0.995475382,0.995445422,0.068650151,0.999891457,0.999861365,0.068954693,0,gaussian
248,8,0,0.994502965,0.99446197,0.994467487,0.074608908,0.999958779,0.999964325,0.075021303,0,gaussian
248,9,0,0.994583365,0.994166624,0.994173979,0.071244695,0.99958099,0.999588385,0.071632703,0,gaussian
248,10,1,0.963216418,0.084871213,0.005573501,0.004154198,0.088112299,0.005786343,0.00431284,0,gaussian
248,11,1,0.965286678,0.100221026,0.005917883,0.004134396,0.103825141,0.0061307,0.004283076,0,gaussian
248,12,1,0.966833714,0.152731276,0.00813829,0.006185007,0.157970573,0.008417466,0.006397178,0,gaussian
248,13,1,0.967616224,0.143314088,0.008591063,0.005969604,0.148110464,0.008878585,0.006169393,0,gaussian
248,14,1,0.96612764,0.150267179,0.00838477,0.006095262,0.155535534,0.008678739,0.006308961,0,gaussian
249,0,0,0.996766921,0.996745775,0.996739755,0.031287237,0.999978785,0.999972746,0.031388719,0,gaussian
249,1,0,0.991060802,0.991020322,0.99101446,0.132749673,0.999959155,0.999953241,0.133947052,0,gaussian
249,2,0,0.994438465,0.99441489,0.994409924,0.101561888,0.999976292,0.999971299,0.102129887,0,gaussian
249,3,0,0.995926855,0.995844074,0.995830833,0.024191608,0.99991688,0.999903585,0.024290547,0,gaussian
249,4,0,0.997255239,0.997229087,0.997232712,0.062853018,0.999973775,0.99997741,0.06302601,0,gaussian
249,5,0,0.991969597,0.991897423,0.991922453,0.206399849,0.999927242,0.999952474,0.208070741,0,gaussian
249,6,0,0.992303877,0.992244786,0.992260052,0.1614408,0.999940451,0.999955835,0.162692905,0,gaussian
249,7,0,0.999783894,0.999444995,0.99947638,0.02091291,0.999661028,0.999692419,0.02091743,0,gaussian
249,8,0,0.992723567,0.992317052,0.992312272,0.204698043,0.999590506,0.99958569,0.206198432,0,gaussian
249,9,0,0.995339395,0.994405465,0.994121579,0.049697907,0.999061696,0.998776482,0.049930614,0,gaussian
249,10,1,0.962772845,0.126961805,0.005540196,0.004564315,0.131870986,0.005754417,0.004740801,0,gaussian
249,11,1,0.964387325,0.081691817,0.003961893,0.003497749,0.084708514,0.004108196,0.003626913,0,gaussian
249,12,1,0.963953514,0.143833084,0.006704963,0.005596291,0.149211639,0.006955691,0.005805561,0,gaussian
249,13,1,0.964641003,0.099707898,0.005194352,0.004696939,0.103362699,0.005384751,0.004869105,0,gaussian
249,14,1,0.963450731,0.153624183,0.006924544,0.006267295,0.159452038,0.007187232,0.00650505,0,gaussian
250,0,0,0.999310285,0.999299848,0.999291882,0.00966302,0.999989556,0.999981584,0.00966969,0,gaussian
250,1,0,0.996382075,0.996359742,0.996361645,0.036418347,0.999977586,0.999979496,0.036550584,0,gaussian
250,2,0,0.995924578,0.995905777,0.99590076,0.028738079,0.999981122,0.999976085,0.028855678,0,gaussian
250,3,0,0.99565393,0.995621374,0.995617303,0.053903933,0.999967302,0.999963213,0.054139225,0,gaussian
250,4,0,0.991761529,0.991657658,0.991686715,0.141868928,0.999895266,0.999924565,0.14304742,0,gaussian
250,5,0,0.994915744,0.994837803,0.994830426,0.061142098,0.999921661,0.999914246,0.061454549,0,gaussian
250,6,0,0.997745175,0.997630093,0.997636299,0.030406991,0.999884657,0.999890878,0.030475708,0,gaussian
250,7,0,0.991258875,0.991139503,0.991157746,0.623334455,0.999879576,0.999897979,0.628831146,0,gaussian
250,8,0,0.997255027,0.996390684,0.996131085,0.032433238,0.999133278,0.998872964,0.032522511,0,gaussian
250,9,0,0.996367411,0.993106385,0.99401283,0.021396074,0.996727085,0.997636835,0.02147408,0,gaussian
250,10,1,0.963799599,0.13024401,0.006819017,0.005096965,0.135135987,0.007075139,0.005288407,0,gaussian
250,11,1,0.964845883,0.144126431,0.007483745,0.006111534,0.149377672,0.007756415,0.006334207,0,gaussian
250,12,1,0.961677734,0.106818762,0.005985416,0.004678893,0.111075424,0.006223931,0.004865344,0,gaussian
250,13,1,0.967888947,0.148095539,0.007085904,0.00585811,0.153008813,0.007320989,0.006052461,0,gaussian
250,14,1,0.96761488,0.134862665,0.007402712,0.005885167,0.139376386,0.007650474,0.006082137,0,gaussian
251,0,0,0.993383958,0.99333088,0.99336542,0.062201198,0.999946568,0.999981338,0.062615464,0,gaussian
251,1,0,0.993488328,0.993451163,0.993455277,0.080689077,0.999962591,0.999966731,0.081217941,0,gaussian
251,2,0,0.99072301,0.990682181,0.990681307,0.156760601,0.999958788,0.999957906,0.158228485,0,gaussian
251,3,0,0.990697473,0.99065826,0.990627835,0.083774344,0.999960419,0.999929707,0.084560975,0,gaussian
251,4,0,0.995693184,0.995679378,0.9956804,0.144807803,0.999986135,0.999987162,0.145434161,0,gaussian
251,5,0,0.99296655,0.992951035,0.99294126,0.037061307,0.999984375,0.99997453,0.037323822,0,gaussian
251,6,0,0.994342998,0.994307135,0.994317728,0.024580228,0.999963933,0.999974586,0.02472007,0,gaussian
251,7,0,0.995601299,0.99558587,0.995586703,0.030911365,0.999984503,0.999985339,0.031047936,0,gaussian
251,8,0,0.993110726,0.992934312,0.992984736,0.162402514,0.999822363,0.999873136,0.163529111,0,gaussian
251,9,0,0.995076753,0.9947551,0.994670455,0.029996093,0.999676755,0.999591691,0.030144502,0,gaussian
251,10,1,0.964362115,0.110008253,0.005598097,0.004373465,0.114073594,0.005804975,0.004535086,0,gaussian
251,11,1,0.965192021,0.112192383,0.004948143,0.004022331,0.116238407,0.005126589,0.004167389,0,gaussian
251,12,1,0.965969724,0.135954542,0.005754484,0.004756612,0.140744103,0.005957209,0.004924184,0,gaussian
251,13,1,0.965897756,0.142238874,0.00638615,0.005100177,0.147260798,0.006611621,0.005280246,0,gaussian
251,14,1,0.966837125,0.137825054,0.005858979,0.005039967,0.142552505,0.006059944,0.005212839,0,gaussian
252,0,0,0.993091268,0.993069697,0.993069582,0.098937963,0.999978279,0.999978164,0.099626254,0,gaussian
252,1,0,0.999058022,0.999042398,0.99904426,0.015428278,0.999984361,0.999986226,0.015442825,0,gaussian
252,2,0,0.991874285,0.991862415,0.991871271,0.229816124,0.999988033,0.999996962,0.231698843,0,gaussian
252,3,0,0.992322152,0.992307191,0.992304665,0.135379384,0.999984923,0.999982377,0.136426848,0,gaussian
252,4,0,0.994292028,0.994232032,0.994243218,0.070490669,0.999939659,0.99995091,0.070895337,0,gaussian
252,5,0,0.995570868,0.995542918,0.995558071,0.10337373,0.999971926,0.999987146,0.103833623,0,gaussian
252,6,0,0.987908073,0.987833994,0.987868609,0.454086777,0.999925014,0.999960053,0.459644768,0,gaussian
252,7,0,1.001842087,1.001801492,1.001770457,0.030128865,0.999959479,0.999928501,0.030073467,0,gaussian
252,8,0,0.985434498,0.985269174,0.985363925,0.677053598,0.999832232,0.999928384,0.687060986,0,gaussian
252,9,0,0.994811706,0.994412607,0.994486326,0.067089971,0.99959882,0.999672923,0.067439869,0,gaussian
252,10,1,0.963547282,0.117344242,0.005289301,0.004441462,0.121783585,0.005489405,0.004609491,0,gaussian
252,11,1,0.963901449,0.115485105,0.005327403,0.004504643,0.119810075,0.005526916,0.004673344,0,gaussian
252,12,1,0.968026534,0.152448741,0.006966061,0.005588556,0.157484052,0.007196147,0.005773143,0,gaussian
252,13,1,0.964487016,0.154038081,0.007860365,0.006483683,0.159709854,0.008149788,0.006722416,0,gaussian
252,14,1,0.964804481,0.151068948,0.007172538,0.005992666,0.156579857,0.007434188,0.006211275,0,gaussian
253,0,0,0.995355416,0.995329427,0.995329011,0.076285102,0.99997389,0.999973472,0.076641068,0,gaussian
253,1,0,0.991236817,0.991215329,0.991209446,0.321719292,0.999978322,0.999972387,0.324563501,0,gaussian
253,2,0,0.996778738,0.996760732,0.996761449,0.015892259,0.999981935,0.999982655,0.015943617,0,gaussian
253,3,0,0.994071616,0.994040839,0.994040156,0.063344976,0.999969039,0.999968352,0.063722749,0,gaussian
253,4,0,0.990447939,0.990435582,0.990430965,0.396912917,0.999987524,0.999982862,0.400740817,0,gaussian
253,5,0,0.996997897,0.996936121,0.996896752,0.013097861,0.999938039,0.999898551,0.013137301,0,gaussian
253,6,0,0.994790659,0.994604792,0.994619183,0.079563506,0.999813159,0.999827625,0.07998015,0,gaussian
253,7,0,0.997270175,0.99633808,0.996197299,0.013167751,0.999065354,0.998924188,0.013203795,0,gaussian
253,8,0,0.994916023,0.994326814,0.994535057,0.035693044,0.99940778,0.999617088,0.035875434,0,gaussian
253,9,1,0.96484487,0.114072982,0.006274692,0.004236046,0.11822935,0.006503317,0.004390391,0,gaussian
253,10,1,0.964862593,0.140252396,0.008060589,0.005160937,0.145359969,0.008354131,0.005348883,0,gaussian
253,11,1,0.969983652,0.16050964,0.009777537,0.005669724,0.165476645,0.010080105,0.005845175,0,gaussian
253,12,1,0.964322111,0.127196132,0.008911053,0.005369435,0.131902122,0.009240743,0.005568093,0,gaussian
253,13,1,0.964891622,0.123164911,0.01027128,0.004480294,0.127646367,0.010645009,0.004643313,0,gaussian
253,14,0,0.996058016,0.994374508,0.993958691,0.014715994,0.99830983,0.997892367,0.014774234,0,gaussian
254,0,0,0.99654656,0.996526303,0.996537399,0.100508982,0.999979673,0.999990807,0.100857286,0,gaussian
254,1,0,0.996052878,0.996022618,0.996020775,0.031630157,0.99996962,0.999967769,0.0317555,0,gaussian
254,2,0,0.996677554,0.996657939,0.996655782,0.033354356,0.99998032,0.999978156,0.033465544,0,gaussian
254,3,0,0.997899113,0.997891656,0.997887185,0.049911748,0.999992527,0.999988047,0.050016828,0,gaussian
254,4,0,0.995977417,0.995932054,0.995931342,0.017248624,0.999954453,0.999953738,0.017318288,0,gaussian
254,5,0,0.994565429,0.994503252,0.99449829,0.090288303,0.999937483,0.999932494,0.090781662,0,gaussian
254,6,0,0.994638774,0.994386268,0.994380337,0.041448431,0.999746133,0.99974017,0.041671843,0,gaussian
254,7,0,0.998302347,0.998221862,0.998204447,0.043919538,0.999919378,0.999901934,0.043994225,0,gaussian
254,8,0,0.993464242,0.993281181,0.993377943,0.1124137,0.999815734,0.999913134,0.113153243,0,gaussian
254,9,0,0.990751999,0.990518113,0.990561067,0.2818069,0.999763931,0.999807286,0.284437378,0,gaussian
254,10,1,0.960957062,0.105681275,0.005630303,0.004827759,0.109975023,0.005859058,0.005023907,0,gaussian
254,11,1,0.963223247,0.106955729,0.006596663,0.004596531,0.111039397,0.00684853,0.004772031,0,gaussian
254,12,1,0.96394482,0.136795122,0.006442762,0.005669685,0.141911776,0.006683746,0.005881753,0,gaussian
254,13,1,0.96520551,0.155139669,0.007921272,0.006313104,0.160732266,0.008206825,0.006540684,0,gaussian
254,14,1,0.96479652,0.142927088,0.007008874,0.005987835,0.14814221,0.007264614,0.006206319,0,gaussian
255,0,0,0.997954315,0.997938217,0.997939912,0.007971911,0.99998387,0.999985568,0.007988252,0,gaussian
255,1,0,0.991995787,0.991973928,0.991981319,0.302839522,0.999977964,0.999985416,0.305283073,0,gaussian
255,2,0,0.997181526,0.997150299,0.997129733,0.013905049,0.999968684,0.999948061,0.013944351,0,gaussian
255,3,0,0.993301049,0.993283224,0.993286117,0.311805253,0.999982055,0.999984967,0.313908108,0,gaussian
255,4,0,0.992995855,0.992963868,0.992962691,0.066735578,0.999967787,0.999966602,0.067206301,0,gaussian
255,5,0,0.996944539,0.996883986,0.996918106,0.030843368,0.999939262,0.999973486,0.030937897,0,gaussian
255,6,0,0.992831508,0.992785508,0.992781909,0.216747446,0.999953668,0.999950043,0.218312417,0,gaussian
255,7,0,0.990654485,0.990427302,0.990395913,0.066380138,0.999770674,0.999738989,0.067006347,0,gaussian
255,8,1,0.962200502,0.088961844,0.004952772,0.004303629,0.092456659,0.005147339,0.004472694,0,gaussian
255,9,1,0.967218568,0.15695872,0.007232029,0.005099692,0.162278439,0.00747714,0.005272534,0,gaussian
255,10,1,0.963863456,0.138438944,0.007983694,0.005883622,0.143629207,0.008283013,0.006104207,0,gaussian
255,11,1,0.966040776,0.12597312,0.007721226,0.005058388,0.130401452,0.00799265,0.005236206,0,gaussian
255,12,1,0.966086615,0.106428827,0.006190484,0.003597064,0.110164892,0.006407794,0.003723335,0,gaussian
255,13,0,0.996303904,0.995351972,0.995573564,0.035942406,0.999044536,0.999266951,0.036075745,0,gaussian
255,14,0,0.999563743,0.994308487,0.99491286,0.032354265,0.99474245,0.995347087,0.032368386,0,gaussian
256,0,0,0.993580248,0.993561385,0.993553887,0.080301073,0.999981015,0.999973469,0.080819917,0,gaussian
256,1,0,0.995088101,0.995068754,0.99505762,0.06796599,0.999980558,0.999969368,0.06830148,0,gaussian
256,2,0,0.995247206,0.995230691,0.995211022,0.03671652,0.999983406,0.999963643,0.036891859,0,gaussian
256,3,0,0.999973991,0.999950282,0.999954021,0.011706215,0.99997629,0.99998003,0.011706519,0,gaussian
256,4,0,0.995900668,0.995658824,0.995734287,0.025363435,0.99975716,0.999832934,0.025467836,0,gaussian
256,5,0,0.99551726,0.995483856,0.995479555,0.044891314,0.999966445,0.999962125,0.045093456,0,gaussian
256,6,0,0.993157296,0.993097852,0.993058534,0.063142744,0.999940146,0.999900557,0.063577788,0,gaussian
256,7,0,0.993619843,0.993499551,0.993521477,0.069262533,0.999878935,0.999901002,0.069707277,0,gaussian
256,8,0,0.997387434,0.997098889,0.997032448,0.012851645,0.999710699,0.999644083,0.012885309,0,gaussian
256,9,1,0.964393258,0.100794783,0.004861983,0.00394677,0.104516267,0.005041494,0.00409249,0,gaussian
256,10,1,0.965220594,0.145567915,0.006921327,0.005513217,0.150813105,0.007170721,0.005711873,0,gaussian
256,11,1,0.964775379,0.158548456,0.006728229,0.005298495,0.164337171,0.006973881,0.005491947,0,gaussian
256,12,1,0.96696429,0.12836828,0.007381818,0.004894249,0.1327539,0.007634013,0.005061458,0,gaussian
256,13,1,0.965565553,0.094335938,0.006562459,0.003578256,0.09770019,0.006796493,0.003705866,0,gaussian
256,14,0,0.995436686,0.990717126,0.990941942,0.030232057,0.995258805,0.995484651,0.030370648,0,gaussian
257,0,0,0.996190554,0.996169541,0.996152463,0.060842457,0.999978906,0.999961763,0.06107512,0,gaussian
257,1,0,0.994603565,0.994562331,0.99458849,0.170844553,0.999958542,0.999984843,0.171771507,0,gaussian
257,2,0,0.99357281,0.993564533,0.993568231,0.121583267,0.99999167,0.999995392,0.122369761,0,gaussian
257,3,0,0.992578862,0.992512965,0.992517132,0.075018437,0.99993361,0.999937808,0.075579322,0,gaussian
257,4,0,0.996970451,0.996798424,0.996808669,0.084528759,0.999827451,0.999837727,0.084785621,0,gaussian
257,5,0,0.997743943,0.997710919,0.997716089,0.028526946,0.999966901,0.999972083,0.02859145,0,gaussian
257,6,0,0.994485322,0.994411315,0.994401423,0.065376657,0.999925583,0.999915636,0.065739187,0,gaussian
257,7,0,0.998316528,0.998172665,0.998163852,0.026678594,0.999855894,0.999847067,0.026723582,0,gaussian
257,8,0,0.994377459,0.994152364,0.994176614,0.17295204,0.999773632,0.999798018,0.173929968,0,gaussian
257,9,0,0.996867706,0.996292197,0.996291951,0.015285059,0.999422682,0.999422436,0.015333087,0,gaussian
257,10,1,0.965395333,0.117136097,0.005747873,0.004359712,0.121334849,0.005953906,0.004515987,0,gaussian
257,11,1,0.967646344,0.109073007,0.005276344,0.003200111,0.112719908,0.005452761,0.003307108,0,gaussian
257,12,1,0.966982514,0.137096587,0.007213846,0.00533303,0.141777731,0.007460162,0.005515126,0,gaussian
257,13,1,0.966896584,0.1447563,0.007471082,0.00515543,0.149712289,0.007726867,0.005331936,0,gaussian
257,14,1,0.965915379,0.152122785,0.007108003,0.005312349,0.1574908,0.007358825,0.005499808,0,gaussian
258,0,0,0.99659926,0.996576347,0.996578343,0.097694301,0.999977009,0.999979012,0.098027668,0,gaussian
258,1,0,0.99705425,0.997018478,0.99701831,0.015789672,0.999964122,0.999963954,0.015836321,0,gaussian
258,2,0,0.995503611,0.995456491,0.995475509,0.024922149,0.999952668,0.999971772,0.025034715,0,gaussian
258,3,0,0.994274883,0.994252658,0.99424515,0.02836967,0.999977647,0.999970096,0.028533025,0,gaussian
258,4,0,0.995472117,0.995421457,0.995438042,0.040614615,0.99994911,0.99996577,0.04079935,0,gaussian
258,5,0,0.992473943,0.992358572,0.992367564,0.067263659,0.999883754,0.999892814,0.067773728,0,gaussian
258,6,0,1.000383742,1.000333377,1.000349569,0.003845314,0.999949654,0.999965839,0.003843839,0,gaussian
258,7,0,0.994590917,0.993777903,0.993771595,0.0375929,0.999182565,0.999176223,0.037797349,0,gaussian
258,8,0,0.996793369,0.995055532,0.994853992,0.031921003,0.998256571,0.998054384,0.032023691,0,gaussian
258,9,1,0.963008308,0.105510738,0.005543515,0.00478841,0.109563685,0.005756456,0.004972345,0,gaussian
258,10,1,0.964618214,0.137202271,0.007560484,0.006277603,0.142234792,0.007837799,0.006507862,0,gaussian
258,11,1,0.966907812,0.162208972,0.008224354,0.006128659,0.167760535,0.008505831,0.006338411,0,gaussian
258,12,1,0.965675733,0.099920112,0.006148521,0.0042922,0.103471702,0.006367066,0.004444763,0,gaussian
258,13,1,0.965668466,0.134081588,0.007488444,0.005575183,0.138848469,0.007754674,0.005773392,0,gaussian
258,14,0,0.994423426,0.992992094,0.993302274,0.057071883,0.998560642,0.998872561,0.057391933,0,gaussian
259,0,0,0.999267748,0.999263638,0.999259908,0.014024161,0.999995887,0.999992155,0.014034438,0,gaussian
259,1,0,0.997485061,0.997461489,0.997462973,0.020400649,0.999976368,0.999977857,0.020452085,0,gaussian
259,2,0,0.996276058,0.996243404,0.996246171,0.03292106,0.999967224,0.999970001,0.033044114,0,gaussian
259,3,0,0.996935484,0.996906872,0.996903973,0.04502585,0.999971301,0.999968393,0.045164256,0,gaussian
259,4,0,0.99361224,0.993594984,0.993591876,0.265483321,0.999982633,0.999979506,0.267190067,0,gaussian
259,5,0,0.996408821,0.996324347,0.996340251,0.049427717,0.999915222,0.999931183,0.04960586,0,gaussian
259,6,0,0.991270722,0.990518416,0.990675421,0.06934397,0.999241069,0.999399457,0.069954624,0,gaussian
259,7,0,0.996097739,0.995827943,0.995513444,0.013163974,0.999729147,0.999413416,0.013215545,0,gaussian
259,8,0,0.991036579,0.990341267,0.990290588,0.275785645,0.9992984,0.999247262,0.278279985,0,gaussian
259,9,0,0.992581944,0.989175084,0.990700561,0.081508925,0.99656768,0.998104557,0.082118081,0,gaussian
259,10,1,0.964851292,0.110529705,0.007042191,0.004156049,0.114556208,0.007298732,0.00430745,0,gaussian
259,11,1,0.963998251,0.153785619,0.009975749,0.005912028,0.159528939,0.010348307,0.00613282,0,gaussian
259,12,1,0.965705684,0.133222304,0.010810227,0.005768085,0.137953319,0.011194122,0.005972922,0,gaussian
259,13,1,0.96444044,0.096926691,0.019937092,0.004833118,0.100500443,0.020672186,0.005011318,0,gaussian
259,14,1,0.966397525,0.172886962,0.014398598,0.005720921,0.17889839,0.01489925,0.005919843,0,gaussian
260,0,0,0.996473022,0.996457753,0.996454988,0.131259522,0.999984677,0.999981902,0.13172411,0,gaussian
260,1,0,0.995410727,0.99539871,0.995396435,0.017197923,0.999987927,0.999985643,0.017277212,0,gaussian
260,2,0,0.994732935,0.994717493,0.994711483,0.024305198,0.999984477,0.999978434,0.024433893,0,gaussian
260,3,0,0.992251292,0.992207739,0.992226481,0.053682365,0.999956107,0.999974995,0.054101582,0,gaussian
260,4,0,0.996083086,0.99604737,0.996057552,0.035667502,0.999964143,0.999974365,0.035807758,0,gaussian
260,5,0,0.998495591,0.998461417,0.99846505,0.047711709,0.999965774,0.999969413,0.047783595,0,gaussian
260,6,0,0.996203506,0.996175593,0.996177731,0.032986823,0.999971981,0.999974127,0.033112535,0,gaussian
260,7,0,0.99476885,0.994643122,0.994676535,0.138208465,0.999873611,0.9999072,0.138935256,0,gaussian
260,8,0,0.995169323,0.994773929,0.994709379,0.021527523,0.999602686,0.999537824,0.021632021,0,gaussian
260,9,0,0.996837151,0.996429154,0.99646798,0.041178723,0.999590708,0.999629657,0.041309378,0,gaussian
260,10,1,0.963835573,0.087670551,0.005418073,0.00410452,0.09096007,0.005621366,0.004258527,0,gaussian
260,11,1,0.966995491,0.095967869,0.004970595,0.003803924,0.099243347,0.005140247,0.003933756,0,gaussian
260,12,1,0.964798402,0.136461809,0.006443324,0.005579011,0.141440749,0.006678415,0.005782566,0,gaussian
260,13,1,0.969463797,0.125400866,0.007481271,0.004703558,0.129350747,0.007716916,0.00485171,0,gaussian
260,14,1,0.967186786,0.122387395,0.006817026,0.00528252,0.126539565,0.007048303,0.005461737,0,gaussian
261,0,0,0.994113165,0.994093047,0.994097843,0.042186657,0.999979762,0.999984587,0.042436473,0,gaussian
261,1,0,0.997563035,0.997515442,0.997524915,0.03497679,0.999952291,0.999961787,0.035062235,0,gaussian
261,2,0,0.996619128,0.9965901,0.996583559,0.024509457,0.999970873,0.99996431,0.024592601,0,gaussian
261,3,0,0.994629327,0.994587722,0.994593478,0.047258858,0.999958171,0.999963957,0.04751404,0,gaussian
261,4,0,0.993283301,0.993241038,0.99324541,0.061863736,0.999957452,0.999961853,0.062282066,0,gaussian
261,5,0,0.995333588,0.99527905,0.99524969,0.043371126,0.999945206,0.999915709,0.043574462,0,gaussian
261,6,0,0.995989336,0.995911677,0.995854549,0.033499224,0.999922028,0.999864671,0.033634119,0,gaussian
261,7,0,0.992400633,0.991625505,0.991630769,0.394574011,0.999218936,0.99922424,0.397595485,0,gaussian
261,8,0,0.997022902,0.996646954,0.996932919,0.031364418,0.99962293,0.999909748,0.031458072,0,gaussian
261,9,1,0.965276211,0.100461573,0.00573412,0.003997759,0.104075468,0.005940393,0.00414157,0,gaussian
261,10,1,0.963765716,0.133643123,0.00952148,0.00609728,0.138667646,0.009879455,0.006326516,0,gaussian
261,11,1,0.966132315,0.138990735,0.009707968,0.005438825,0.143863043,0.01004828,0.005629483,0,gaussian
261,12,1,0.964834465,0.110713989,0.009862524,0.005352962,0.114749207,0.010221985,0.005548063,0,gaussian
261,13,1,0.964001967,0.104974705,0.009056583,0.0041971,0.1088947,0.009394776,0.004353829,0,gaussian
261,14,0,0.996099159,0.993226425,0.99300641,0.047058284,0.997116016,0.99689514,0.04724257,0,gaussian
262,0,0,0.997218416,0.997196422,0.997195967,0.023606996,0.999977944,0.999977488,0.023672844,0,gaussian
262,1,0,0.992373347,0.992334865,0.992358221,0.254836514,0.999961222,0.999984758,0.256795001,0,gaussian
262,2,0,0.995407288,0.995387055,0.995381827,0.027947616,0.999979673,0.999974421,0.028076564,0,gaussian
262,3,0,0.996297206,0.99623685,0.996245376,0.063026186,0.99993942,0.999947977,0.063260426,0,gaussian
262,4,0,0.992567518,0.992549296,0.992546655,0.125540969,0.999981641,0.999978981,0.126481037,0,gaussian
262,5,0,0.993847333,0.99382512,0.993811909,0.128718117,0.99997765,0.999964357,0.12951498,0,gaussian
262,6,0,0.985361521,0.985294191,0.985316189,0.557046307,0.999931669,0.999953995,0.565321757,0,gaussian
262,7,0,0.99347481,0.993405679,0.993455962,0.032215579,0.999930415,0.999981028,0.032427172,0,gaussian
262,8,0,0.993588972,0.992242036,0.992301902,0.148750703,0.998644373,0.998704625,0.149710501,0,gaussian
262,9,0,0.994933094,0.993696462,0.993418866,0.032234558,0.99875707,0.998478061,0.032398719,0,gaussian
262,10,1,0.965870021,0.104027801,0.007161475,0.003537556,0.107703727,0.007414533,0.003662559,0,gaussian
262,11,1,0.965882597,0.095092264,0.00560267,0.004054506,0.098451162,0.00580057,0.004197721,0,gaussian
262,12,1,0.966321154,0.142888761,0.008590061,0.004915535,0.147868812,0.008889447,0.005086855,0,gaussian
262,13,1,0.964350764,0.140137607,0.007676297,0.005287669,0.145318086,0.007960067,0.005483139,0,gaussian
262,14,1,0.971300675,0.139565771,0.008566061,0.004218896,0.143689565,0.008819165,0.004343553,0,gaussian
263,0,0,0.995304119,0.995282046,0.995286084,0.050710577,0.999977823,0.99998188,0.050949832,0,gaussian
263,1,0,0.996496715,0.996483944,0.99647854,0.057950626,0.999987184,0.999981761,0.058154357,0,gaussian
263,2,0,0.990774643,0.990742045,0.990756141,0.266433638,0.999967098,0.999981325,0.26891447,0,gaussian
263,3,0,0.994558439,0.994539449,0.994529112,0.018689497,0.999980906,0.999970512,0.018791754,0,gaussian
263,4,0,0.995588561,0.995572857,0.995568717,0.01669097,0.999984227,0.999980068,0.016764928,0,gaussian
263,5,0,0.991650153,0.991589546,0.991597154,0.243017426,0.999938883,0.999946555,0.24506367,0,gaussian
263,6,0,0.995204752,0.995149067,0.995149734,0.06721857,0.999944047,0.999944718,0.067542453,0,gaussian
263,7,0,0.994546855,0.994373184,0.994448711,0.132966024,0.999825377,0.999901318,0.133695082,0,gaussian
263,8,0,0.995751589,0.995127669,0.994989271,0.016099023,0.999373417,0.999234429,0.01616771,0,gaussian
263,9,0,0.99629062,0.995348653,0.995098781,0.028341105,0.999054526,0.998803724,0.028446624,0,gaussian
263,10,1,0.962366659,0.09929698,0.006595842,0.004456887,0.103179987,0.006853772,0.004631174,0,gaussian
263,11,1,0.963682045,0.094831655,0.005712832,0.00389133,0.098405543,0.005928129,0.004037982,0,gaussian
263,12,1,0.965676494,0.134662549,0.008092962,0.005460556,0.139448925,0.008380614,0.005654643,0,gaussian
263,13,1,0.967721669,0.148741161,0.007640301,0.00454537,0.153702419,0.007895143,0.004696981,0,gaussian
263,14,1,0.970437472,0.148908831,0.008403464,0.004514051,0.153445054,0.00865946,0.004651563,0,gaussian
264,0,0,0.993896218,0.99387455,0.993873133,0.077021562,0.999978199,0.999976773,0.077494572,0,gaussian
264,1,0,0.992807523,0.99277126,0.992779789,0.136258176,0.999963474,0.999972064,0.13724531,0,gaussian
264,2,0,0.996632563,0.996602938,0.996611169,0.054616544,0.999970274,0.999978533,0.054801083,0,gaussian
264,3,0,0.997905578,0.997878491,0.997885268,0.008033878,0.999972856,0.999979648,0.008050739,0,gaussian
264,4,0,0.994747545,0.994723671,0.994729471,0.035698883,0.999976,0.99998183,0.03588738,0,gaussian
264,5,0,0.997450774,0.997410994,0.99741751,0.014646095,0.999960118,0.999966651,0.014683527,0,gaussian
264,6,0,0.992292441,0.992210921,0.992208405,0.11854627,0.999917847,0.999915311,0.119467069,0,gaussian
264,7,0,0.999927396,0.999848329,0.99986687,0.019510467,0.999920927,0.99993947,0.019511884,0,gaussian
264,8,0,0.99488197,0.994701933,0.994715515,0.097668403,0.999819036,0.999832688,0.098170845,0,gaussian
264,9,0,0.996668266,0.996136985,0.996281352,0.074321837,0.999466943,0.999611792,0.074570285,0,gaussian
264,10,1,0.964271632,0.088243999,0.004852747,0.004367621,0.091513631,0.005032552,0.004529451,0,gaussian
264,11,1,0.964717994,0.14511156,0.007253658,0.006420283,0.15041863,0.007518942,0.006655087,0,gaussian
264,12,1,0.963402939,0.118189257,0.006669241,0.004751876,0.122678945,0.006922588,0.004932387,0,gaussian
264,13,1,0.962159689,0.150383983,0.009788497,0.007228215,0.156298362,0.010173464,0.00751249,0,gaussian
264,14,1,0.967823071,0.147931991,0.008361588,0.005683356,0.152850242,0.008639583,0.005872309,0,gaussian
265,0,0,0.994903122,0.994863988,0.994859404,0.034141568,0.999960666,0.999956058,0.034316475,0,gaussian
265,1,0,0.998432909,0.998422354,0.998415978,0.018257386,0.999989428,0.999983042,0.018286041,0,gaussian
265,2,0,0.996070377,0.996034076,0.99603171,0.033342028,0.999963556,0.999961181,0.033473567,0,gaussian
265,3,0,0.994797299,0.994773507,0.994780316,0.068739149,0.999976083,0.999982928,0.069098648,0,gaussian
265,4,0,0.996673613,0.996640222,0.99665168,0.015809453,0.999966498,0.999977993,0.015862217,0,gaussian
265,5,0,0.996203117,0.996140067,0.9961475,0.026078144,0.999936709,0.999944171,0.026177537,0,gaussian
265,6,0,0.994883349,0.994832149,0.994820654,0.020269822,0.999948536,0.999936983,0.020374069,0,gaussian
265,7,0,0.993703269,0.993522887,0.993635953,0.273087344,0.999818475,0.999932257,0.274817798,0,gaussian
265,8,0,0.99684923,0.996392713,0.996446926,0.017598936,0.999542041,0.999596424,0.017654562,0,gaussian
265,9,1,0.964842772,0.088315191,0.006968494,0.00424772,0.091533246,0.007222414,0.0044025,0,gaussian
265,10,1,0.964047675,0.123375044,0.011076807,0.00639151,0.127976082,0.011489896,0.00662987,0,gaussian
265,11,1,0.96433705,0.145912269,0.014913569,0.007546406,0.151308372,0.0154651,0.007825485,0,gaussian
265,12,1,0.969013517,0.14396726,0.017614841,0.005398939,0.148570951,0.018178117,0.005571583,0,gaussian
265,13,1,0.965566236,0.13758287,0.031577414,0.005327043,0.142489313,0.032703519,0.005517015,0,gaussian
265,14,0,0.992480558,0.985382567,0.979477248,0.09554802,0.992848232,0.986898172,0.096271931,0,gaussian
266,0,0,0.993408536,0.993391535,0.993393268,0.038187481,0.999982886,0.999984631,0.038440862,0,gaussian
266,1,0,0.994984338,0.994957782,0.99494865,0.213127429,0.99997331,0.999964132,0.214201793,0,gaussian
266,2,0,0.998161316,0.998148012,0.998145163,0.044293241,0.999986672,0.999983817,0.044374832,0,gaussian
266,3,0,0.99552244,0.995500456,0.995503154,0.058486538,0.999977917,0.999980627,0.058749593,0,gaussian
266,4,0,0.995199446,0.995161048,0.995153233,0.047619466,0.999961416,0.999953564,0.047849169,0,gaussian
266,5,0,0.989544164,0.989501203,0.989531171,0.765344386,0.999956586,0.999986871,0.773431257,0,gaussian
266,6,0,0.998582536,0.998528233,0.998512139,0.018917246,0.99994562,0.999929504,0.018944098,0,gaussian
266,7,0,0.991540944,0.991500536,0.991508087,0.103219755,0.999959247,0.999966863,0.104100345,0,gaussian
266,8,0,0.993359951,0.993080601,0.993181684,0.065294394,0.999718783,0.999820541,0.06573085,0,gaussian
266,9,0,0.990068347,0.98954023,0.989575919,0.251504601,0.999466586,0.999502632,0.254027514,0,gaussian
266,10,1,0.965309093,0.092380546,0.005370586,0.003901665,0.095700483,0.005563592,0.004041881,0,gaussian
266,11,1,0.964425962,0.096029224,0.008079886,0.0043082,0.099571381,0.008377923,0.004467113,0,gaussian
266,12,1,0.96533503,0.11886729,0.008460599,0.005549541,0.123135789,0.008764418,0.005748824,0,gaussian
266,13,1,0.967432507,0.151770682,0.008952202,0.005311669,0.156879865,0.009253567,0.00549048,0,gaussian
266,14,1,0.964995223,0.134640256,0.009615418,0.005945097,0.139524272,0.009964213,0.006160753,0,gaussian
267,0,0,0.996230335,0.996205031,0.99621354,0.010038959,0.9999746,0.999983141,0.010076946,0,gaussian
267,1,0,0.99447676,0.994454156,0.994453546,0.17862568,0.99997727,0.999976657,0.179617752,0,gaussian
267,2,0,0.997287178,0.997267803,0.997261661,0.010726755,0.999980572,0.999974413,0.010755934,0,gaussian
267,3,0,0.992952702,0.992915967,0.992926718,0.130780669,0.999963004,0.999973831,0.131708861,0,gaussian
267,4,0,0.992048282,0.992024245,0.992032443,0.20109803,0.999975771,0.999984034,0.202709922,0,gaussian
267,5,0,0.994779774,0.994751393,0.994757806,0.069630653,0.99997147,0.999977917,0.069996048,0,gaussian
267,6,0,0.997388224,0.997356621,0.9973513,0.008717062,0.999968314,0.999962979,0.008739888,0,gaussian
267,7,0,0.993533264,0.993486872,0.993472811,0.048489912,0.999953306,0.999939154,0.048805525,0,gaussian
267,8,0,0.993316699,0.993255164,0.993262791,0.051144595,0.999938051,0.999945729,0.05148871,0,gaussian
267,9,0,0.995124248,0.994734067,0.994817405,0.071848812,0.999607907,0.999691653,0.072200845,0,gaussian
267,10,1,0.96158333,0.084293213,0.004813592,0.004532504,0.087660851,0.005005902,0.004713584,0,gaussian
267,11,1,0.968040798,0.10136676,0.005129768,0.003652957,0.104713314,0.005299123,0.003773556,0,gaussian
267,12,1,0.967782623,0.122361095,0.005432928,0.004543114,0.126434483,0.00561379,0.004694354,0,gaussian
267,13,1,0.963650212,0.12282179,0.006532324,0.005293618,0.127454743,0.006778729,0.005493298,0,gaussian
267,14,1,0.966538998,0.115875857,0.005508314,0.004866645,0.11988741,0.005699009,0.005035125,0,gaussian
268,0,0,0.996497799,0.996450694,0.996456765,0.011431381,0.999952729,0.999958821,0.011471556,0,gaussian
268,1,0,0.998203583,0.99816505,0.99817878,0.008248161,0.999961398,0.999975153,0.008263005,0,gaussian
268,2,0,0.996941021,0.996929537,0.99692683,0.020491387,0.999988481,0.999985765,0.020554262,0,gaussian
268,3,0,0.993589602,0.993559737,0.993556084,0.039104881,0.999969943,0.999966266,0.039357176,0,gaussian
268,4,0,0.99380747,0.993779454,0.993775736,0.041678427,0.999971809,0.999968068,0.04193813,0,gaussian
268,5,0,0.995113071,0.995093163,0.995102486,0.113482775,0.999979994,0.999989363,0.114040081,0,gaussian
268,6,0,0.996465196,0.996438286,0.996437988,0.014234948,0.999972994,0.999972695,0.014285444,0,gaussian
268,7,0,0.994438744,0.994407842,0.994424787,0.060660451,0.999968926,0.999985965,0.060999686,0,gaussian
268,8,0,0.995412482,0.995327713,0.995300924,0.035602354,0.99991484,0.999887928,0.035766433,0,gaussian
268,9,1,0.964217609,0.090181434,0.004332816,0.003701789,0.093528092,0.004493608,0.003839163,0,gaussian
268,10,1,0.964575854,0.125848525,0.006126441,0.005204213,0.130470325,0.006351436,0.005395338,0,gaussian
268,11,1,0.965506384,0.140802197,0.006764244,0.005167357,0.145832487,0.007005903,0.005351966,0,gaussian
268,12,1,0.967568943,0.138268266,0.008222614,0.004846002,0.142902753,0.00849822,0.005008431,0,gaussian
268,13,1,0.966392641,0.090922224,0.008428167,0.003353631,0.094084143,0.008721266,0.003470257,0,gaussian
268,14,0,0.996387686,0.991317766,0.993376527,0.022826938,0.9949117,0.996977924,0.022909695,0,gaussian
269,0,0,0.991329624,0.991302179,0.991298569,0.109541037,0.999972314,0.999968673,0.110499105,0,gaussian
269,1,0,0.997689051,0.997671296,0.997665926,0.052781442,0.999982204,0.999976821,0.052903699,0,gaussian
269,2,0,0.995936356,0.995922656,0.995928401,0.040093388,0.999986244,0.999992012,0.040256978,0,gaussian
269,3,0,0.995478463,0.995462826,0.995463204,0.036779332,0.999984292,0.999984672,0.036946386,0,gaussian
269,4,0,0.997291838,0.997256895,0.997259064,0.019914155,0.999964962,0.999967137,0.019968232,0,gaussian
269,5,0,0.993346004,0.99332451,0.993326002,0.051873853,0.999978362,0.999979864,0.052221334,0,gaussian
269,6,0,0.998250912,0.998240049,0.998235727,0.009144385,0.999989118,0.999984788,0.009160408,0,gaussian
269,7,0,0.996114853,0.996078077,0.996075071,0.07621969,0.99996308,0.999960063,0.076516969,0,gaussian
269,8,0,1.00075242,1.000683834,1.000701244,0.018016457,0.999931465,0.999948863,0.018002911,0,gaussian
269,9,0,0.996182047,0.996103039,0.996109831,0.038353826,0.999920689,0.999927507,0.038500821,0,gaussian
269,10,1,0.964363653,0.101421142,0.005241272,0.003942855,0.10516898,0.005434954,0.004088556,0,gaussian
269,11,1,0.964271362,0.116146456,0.005207775,0.004004737,0.12044997,0.005400736,0.004153122,0,gaussian
269,12,1,0.967132927,0.132541656,0.006339532,0.005176804,0.137045955,0.006554975,0.005352733,0,gaussian
269,13,1,0.968030452,0.145547988,0.008299499,0.00564074,0.150354762,0.008573593,0.005827027,0,gaussian
269,14,1,0.964199985,0.147377695,0.008046106,0.006293849,0.152849718,0.008344852,0.006527534,0,gaussian
270,0,0,0.992126419,0.992070542,0.992098659,0.240048907,0.999943679,0.999972019,0.241953951,0,gaussian
270,1,0,0.994596364,0.994561646,0.994565118,0.040427049,0.999965093,0.999968584,0.040646689,0,gaussian
270,2,0,0.997458124,0.997431072,0.997440111,0.008079477,0.99997288,0.999981942,0.008100066,0,gaussian
270,3,0,0.99902247,0.999012284,0.999010449,0.008069784,0.999989804,0.999987967,0.00807768,0,gaussian
270,4,0,0.993284693,0.993268467,0.993261406,0.105554694,0.999983664,0.999976555,0.106268318,0,gaussian
270,5,0,0.990510453,0.990476644,0.990462701,0.0864,0.999965867,0.999951791,0.087227751,0,gaussian
270,6,0,0.99814937,0.998126513,0.998110519,0.020159827,0.999977101,0.999961077,0.020197205,0,gaussian
270,7,0,0.997154109,0.997119227,0.997122595,0.009401319,0.999965018,0.999968396,0.009428151,0,gaussian
270,8,0,0.99621775,0.996173453,0.996190061,0.085744857,0.999955536,0.999972207,0.086070397,0,gaussian
270,9,0,0.997008782,0.996253603,0.996193612,0.019092043,0.999242555,0.999182384,0.019149322,0,gaussian
270,10,1,0.963827875,0.097851424,0.004153748,0.003619114,0.101523754,0.004309637,0.003754938,0,gaussian
270,11,1,0.966401909,0.128518657,0.005581982,0.00475702,0.132986758,0.005776046,0.004922403,0,gaussian
270,12,1,0.966619109,0.12237073,0.005985061,0.005080259,0.126596639,0.006191747,0.005255699,0,gaussian
270,13,1,0.964618025,0.091218216,0.005387392,0.003889402,0.094564079,0.005585,0.004032064,0,gaussian
270,14,1,0.96310639,0.1297413,0.006805608,0.005644168,0.134711286,0.00706631,0.005860378,0,gaussian
271,0,0,0.998742695,0.998692981,0.998692531,0.006766829,0.999950223,0.999949772,0.006775348,0,gaussian
271,1,0,0.99663982,0.996631871,0.99663385,0.018784828,0.999992024,0.999994009,0.018848161,0,gaussian
271,2,0,0.997150844,0.997127812,0.997119653,0.009262425,0.999976902,0.999968719,0.009288891,0,gaussian
271,3,0,0.993134648,0.993124626,0.993128102,0.379580369,0.999989909,0.999993409,0.382204337,0,gaussian
271,4,0,0.999750869,0.999702535,0.999704036,0.018437175,0.999951653,0.999953155,0.018441769,0,gaussian
271,5,0,0.999610002,0.9995914,0.999581244,0.015407458,0.999981391,0.999971231,0.015413469,0,gaussian
271,6,0,0.996469378,0.996386828,0.996388328,0.043451789,0.999917157,0.999918662,0.043605745,0,gaussian
271,7,0,0.999711779,0.999663955,0.999665802,0.007396988,0.999952162,0.999954009,0.00739912,0,gaussian
271,8,0,0.994252395,0.994043763,0.994105274,0.039533668,0.999790162,0.999852028,0.039762205,0,gaussian
271,9,0,0.995201483,0.992968413,0.992667694,0.033099185,0.997756163,0.997453994,0.033258777,0,gaussian
271,10,1,0.962418512,0.102118243,0.007207365,0.00387744,0.106105859,0.007488805,0.00402885,0,gaussian
271,11,1,0.963241631,0.098694252,0.005426256,0.004109587,0.102460534,0.005633328,0.004266413,0,gaussian
271,12,1,0.965280032,0.129721823,0.007312112,0.004603084,0.134387761,0.00757512,0.004768651,0,gaussian
271,13,1,0.964423242,0.122161108,0.006557305,0.005203091,0.126667528,0.006799198,0.005395029,0,gaussian
271,14,1,0.967172897,0.129950251,0.006002155,0.00431134,0.134360931,0.006205876,0.004457672,0,gaussian
272,0,0,0.994284865,0.994249299,0.99423755,0.022944996,0.99996423,0.999952413,0.023076883,0,gaussian
272,1,0,0.995680321,0.995658105,0.995654694,0.022054884,0.999977687,0.999974261,0.022150567,0,gaussian
272,2,0,0.997426237,0.997420095,0.997422248,0.021764145,0.999993842,0.999996,0.021820305,0,gaussian
272,3,0,0.9926106,0.992582889,0.992575831,0.068822556,0.999972083,0.999964972,0.069334899,0,gaussian
272,4,0,0.992444574,0.992391217,0.992398851,0.159614359,0.999946236,0.999953928,0.160829494,0,gaussian
272,5,0,0.995369712,0.995351813,0.995348879,0.171520005,0.999982018,0.999979071,0.172317886,0,gaussian
272,6,0,0.998655179,0.998631434,0.998620353,0.013631006,0.999976223,0.999965127,0.013649362,0,gaussian
272,7,0,0.99459321,0.994530199,0.994516106,0.047355142,0.999936647,0.999922477,0.047612573,0,gaussian
272,8,0,0.992418941,0.992287353,0.992193655,0.22499319,0.999867407,0.999772992,0.226711906,0,gaussian
272,9,0,0.995687917,0.995330576,0.995450048,0.05802672,0.999641112,0.999761102,0.05827802,0,gaussian
272,10,1,0.962598593,0.097038796,0.004845345,0.00436497,0.100809202,0.005033609,0.004534569,0,gaussian
272,11,1,0.964774458,0.101607469,0.004173302,0.003692434,0.105317329,0.004325676,0.003827251,0,gaussian
272,12,1,0.966213833,0.137871762,0.006722475,0.00571417,0.142692805,0.006957544,0.005913981,0,gaussian
272,13,1,0.966887653,0.151870287,0.006278338,0.005428931,0.157071286,0.006493348,0.005614852,0,gaussian
272,14,1,0.964905781,0.121938763,0.006288326,0.005498165,0.126373751,0.006517036,0.005698136,0,gaussian
273,0,0,0.994808202,0.994787551,0.99478775,0.052961439,0.999979241,0.999979442,0.053237839,0,gaussian
273,1,0,0.993869339,0.993852621,0.993854005,0.042432991,0.999983179,0.999984572,0.042694738,0,gaussian
273,2,0,0.993650548,0.993628492,0.993622099,0.111911137,0.999977803,0.999971369,0.112626252,0,gaussian
273,3,0,0.995565921,0.995530429,0.995541544,0.048966703,0.99996435,0.999975514,0.049184792,0,gaussian
273,4,0,0.994775543,0.994751189,0.994740867,0.017455853,0.999975518,0.999965142,0.017547529,0,gaussian
273,5,0,0.998198204,0.998161022,0.998175682,0.013731287,0.999962751,0.999977437,0.013756072,0,gaussian
273,6,0,0.996628158,0.996530708,0.996495645,0.014292951,0.99990222,0.999867039,0.014341307,0,gaussian
273,7,0,0.996534007,0.996512215,0.996504631,0.018692618,0.999978132,0.999970521,0.018757632,0,gaussian
273,8,0,0.997083165,0.996998933,0.996979077,0.025099412,0.999915521,0.999895608,0.025172837,0,gaussian
273,9,0,0.995410535,0.995268746,0.995284539,0.071871567,0.999857557,0.999873423,0.07220294,0,gaussian
273,10,1,0.962944682,0.092407484,0.004221266,0.003755399,0.09596344,0.004383705,0.003899911,0,gaussian
273,11,1,0.966005544,0.126555368,0.004939449,0.004271349,0.131008946,0.005113272,0.004421661,0,gaussian
273,12,1,0.970011099,0.161741199,0.006562794,0.004794607,0.166741596,0.00676569,0.004942837,0,gaussian
273,13,1,0.964042967,0.129805756,0.006760699,0.00591573,0.134647273,0.007012861,0.006136376,0,gaussian
273,14,1,0.968070918,0.150632615,0.007321794,0.005551052,0.155600806,0.007563283,0.005734138,0,gaussian
274,0,0,0.992559654,0.992546019,0.992547323,0.139726701,0.999986262,0.999987576,0.140774109,0,gaussian
274,1,0,0.997168366,0.99715438,0.997154552,0.018882235,0.999985974,0.999986147,0.018935855,0,gaussian
274,2,0,0.992977681,0.992947358,0.992958152,0.102733397,0.999969463,0.999980332,0.103459926,0,gaussian
274,3,0,0.990467151,0.990457434,0.990454089,0.046632541,0.999990189,0.999986812,0.04708136,0,gaussian
274,4,0,0.992431046,0.992409766,0.992413336,0.12105561,0.999978557,0.999982155,0.121978863,0,gaussian
274,5,0,0.994200169,0.994180857,0.994183376,0.057542287,0.999980575,0.999983109,0.057877969,0,gaussian
274,6,0,0.994628502,0.994592191,0.994591303,0.067654957,0.999963492,0.9999626,0.068020328,0,gaussian
274,7,0,0.986279201,0.986166944,0.986191223,0.38913893,0.999886181,0.999910799,0.394552505,0,gaussian
274,8,0,0.994321928,0.994239838,0.994228788,0.072057825,0.999917441,0.999906328,0.072469311,0,gaussian
274,9,1,0.965041642,0.091424637,0.004409025,0.003924689,0.094736468,0.004568741,0.004066859,0,gaussian
274,10,1,0.96054661,0.131138924,0.007429661,0.006731525,0.13652531,0.007734826,0.007008014,0,gaussian
274,11,1,0.968311795,0.154512757,0.007358893,0.00562743,0.159569219,0.007599715,0.005811589,0,gaussian
274,12,1,0.967533057,0.159457281,0.006508051,0.00523487,0.164808096,0.006726438,0.005410533,0,gaussian
274,13,1,0.966061995,0.110915375,0.004864508,0.003715929,0.114811861,0.005035399,0.003846471,0,gaussian
274,14,0,0.99877605,0.997946573,0.998271432,0.022442188,0.999169507,0.999494764,0.02246969,0,gaussian
275,0,0,0.99594795,0.995932011,0.995929582,0.049055683,0.999983996,0.999981557,0.049255268,0,gaussian
275,1,0,0.99457988,0.99455108,0.994551904,0.066393431,0.999971043,0.999971872,0.066755253,0,gaussian
275,2,0,0.997999228,0.99795467,0.997967056,0.042170635,0.999955352,0.999967763,0.042255178,0,gaussian
275,3,0,0.993606974,0.993580395,0.993580832,0.070621011,0.99997325,0.99997369,0.071075398,0,gaussian
275,4,0,0.992749046,0.992716327,0.992701773,0.037214888,0.999967042,0.999952382,0.037486703,0,gaussian
275,5,0,0.993443846,0.993359116,0.993369809,0.053957343,0.99991471,0.999925474,0.05431343,0,gaussian
275,6,0,0.994072712,0.994047429,0.994057621,0.057210404,0.999974566,0.999984819,0.057551529,0,gaussian
275,7,0,0.994814543,0.994790451,0.994788475,0.039620106,0.999975783,0.999973797,0.039826625,0,gaussian
275,8,0,0.998067578,0.998019361,0.998020964,0.016259592,0.99995169,0.999953296,0.016291074,0,gaussian
275,9,0,0.993487428,0.993010781,0.992150429,0.03996175,0.999520228,0.998654236,0.04022371,0,gaussian
275,10,1,0.964209165,0.092492089,0.004898548,0.003911697,0.095925337,0.005080379,0.004056897,0,gaussian
275,11,1,0.962736214,0.117521248,0.007404178,0.005853468,0.122070039,0.007690765,0.006080033,0,gaussian
275,12,1,0.965938706,0.122582288,0.013537219,0.004192543,0.126904831,0.014014573,0.004340382,0,gaussian
275,13,1,0.965687248,0.125464672,0.009006543,0.005581593,0.129922676,0.009326564,0.005779918,0,gaussian
275,14,1,0.965764605,0.126113872,0.011210561,0.005450322,0.130584483,0.011607964,0.00564353,0,gaussian
276,0,0,0.992788921,0.992724877,0.992750798,0.076797601,0.999935491,0.9999616,0.077355417,0,gaussian
276,1,0,0.991977089,0.991961932,0.991964553,0.100595137,0.999984721,0.999987363,0.101408731,0,gaussian
276,2,0,0.992971987,0.992947621,0.992951319,0.032872812,0.999975461,0.999979185,0.033105478,0,gaussian
276,3,0,0.990102364,0.99005226,0.990052913,0.110259916,0.999949395,0.999950055,0.111362138,0,gaussian
276,4,0,0.994210936,0.994174245,0.994176081,0.040491372,0.999963095,0.999964942,0.040727144,0,gaussian
276,5,0,0.994448659,0.994403075,0.99440964,0.062531452,0.999954161,0.999960763,0.062880524,0,gaussian
276,6,0,0.997279261,0.997214042,0.997211506,0.009241507,0.999934604,0.999932061,0.009266719,0,gaussian
276,7,0,0.995365052,0.995093687,0.995135227,0.099844535,0.999727371,0.999769105,0.100309464,0,gaussian
276,8,0,1.000487993,1.000323851,1.00041623,0.019288234,0.999835938,0.999928272,0.019278826,0,gaussian
276,9,1,0.964311409,0.089505386,0.005027643,0.004372714,0.092817927,0.005213713,0.004534545,0,gaussian
276,10,1,0.966512385,0.137428864,0.007104414,0.005489053,0.142190484,0.007350567,0.005679237,0,gaussian
276,11,1,0.967591365,0.148472508,0.008501693,0.005607546,0.153445466,0.00878645,0.005795366,0,gaussian
276,12,1,0.964906309,0.137298245,0.009760166,0.006028635,0.142291789,0.010115144,0.006247897,0,gaussian
276,13,1,0.967651164,0.13150589,0.007108319,0.003845769,0.135902167,0.007345952,0.003974335,0,gaussian
276,14,0,0.995724635,0.995021575,0.994694373,0.015717999,0.999293922,0.998965314,0.015785488,0,gaussian
277,0,0,0.998836983,0.99878819,0.998782739,0.026711941,0.99995115,0.999945693,0.026743043,0,gaussian
277,1,0,0.995234201,0.995216232,0.995204829,0.043876689,0.999981944,0.999970487,0.044086798,0,gaussian
277,2,1,0.966988873,0.107844953,0.004557938,0.003835376,0.111526571,0.004713537,0.003966308,0,gaussian
277,3,1,0.964831318,0.109959743,0.00485458,0.004124814,0.113967842,0.005031532,0.004275166,0,gaussian
277,4,1,0.966064907,0.136841452,0.006526284,0.00581944,0.141648301,0.006755533,0.006023861,0,gaussian
277,5,1,0.965387106,0.143266452,0.006579357,0.005835389,0.148403114,0.006815253,0.00604461,0,gaussian
277,6,1,0.96645207,0.143691963,0.006169982,0.005218329,0.148679865,0.006384157,0.00539947,0,gaussian
277,7,0,0.996295955,0.996265859,0.996263308,0.024719905,0.999969791,0.999967231,0.02481181,0,gaussian
277,8,0,0.996677727,0.996663834,0.996666685,0.045262419,0.999986061,0.999988922,0.045413294,0,gaussian
277,9,0,0.995400055,0.99534361,0.995340609,0.193208292,0.999943295,0.999940279,0.194101146,0,gaussian
277,10,0,0.993686761,0.99367435,0.993669823,0.047084358,0.99998751,0.999982954,0.047383501,0,gaussian
277,11,0,0.994399469,0.994386741,0.994388109,0.133480972,0.999987201,0.999988576,0.134232747,0,gaussian
277,12,0,0.994762736,0.994739652,0.994735812,0.051499379,0.999976795,0.999972934,0.051770515,0,gaussian
277,13,0,0.993009347,0.992994383,0.992991894,0.324052161,0.999984931,0.999982424,0.326333445,0,gaussian
277,14,0,0.994632629,0.994619249,0.994608746,0.083603785,0.999986548,0.999975988,0.084054939,0,gaussian
278,0,0,0.998571699,0.998556469,0.998560986,0.0164002,0.999984748,0.999989271,0.016423658,0,gaussian
278,1,0,0.999019779,0.998999373,0.998996467,0.011348286,0.999979575,0.999976665,0.011359421,0,gaussian
278,2,0,0.996808346,0.996781898,0.996769701,0.018455641,0.999973468,0.999961231,0.018514733,0,gaussian
278,3,0,0.996858628,0.996839706,0.996846378,0.074543012,0.999981019,0.999987712,0.074777917,0,gaussian
278,4,0,0.996557188,0.996512543,0.99650939,0.017701874,0.9999552,0.999952037,0.017763028,0,gaussian
278,5,0,0.99806551,0.998028476,0.998032743,0.081301178,0.999962895,0.999967169,0.08145876,0,gaussian
278,6,0,1.000155092,1.000113737,1.000113075,0.024537926,0.999958652,0.999957989,0.024534121,0,gaussian
278,7,0,0.997988038,0.997896943,0.997887652,0.019660121,0.999908721,0.999899411,0.019699757,0,gaussian
278,8,0,0.997559279,0.997451263,0.997424525,0.040985605,0.99989172,0.999864917,0.041085884,0,gaussian
278,9,0,0.99755733,0.99664216,0.99687588,0.011749361,0.999082588,0.99931688,0.011778131,0,gaussian
278,10,1,0.963636755,0.082403151,0.004561002,0.003798946,0.085512669,0.004733114,0.003942301,0,gaussian
278,11,1,0.96234653,0.115630754,0.005391863,0.004241404,0.120155007,0.005602829,0.004407357,0,gaussian
278,12,1,0.966793067,0.100535399,0.005249075,0.004639713,0.103988539,0.005429368,0.004799076,0,gaussian
278,13,1,0.968306111,0.152163482,0.005985402,0.004459045,0.157143986,0.006181311,0.004604995,0,gaussian
278,14,1,0.96486349,0.140792046,0.006195617,0.005053211,0.145919135,0.006421237,0.005237229,0,gaussian
279,0,0,0.994292667,0.994273792,0.99426395,0.032169754,0.999981017,0.999971119,0.032354412,0,gaussian
279,1,0,0.992774018,0.992744495,0.992750869,0.067605158,0.999970262,0.999976682,0.068097227,0,gaussian
279,2,0,0.993851311,0.993839766,0.993834941,0.056485859,0.999988384,0.999983529,0.056835322,0,gaussian
279,3,0,0.994541425,0.994524436,0.994532795,0.02049953,0.999982917,0.999991322,0.020612042,0,gaussian
279,4,0,0.993721776,0.993678905,0.993670641,0.121219501,0.999956858,0.999948542,0.121985353,0,gaussian
279,5,0,0.993819791,0.993779881,0.993790951,0.05195168,0.999959842,0.999970981,0.052274749,0,gaussian
279,6,0,0.999794054,0.999668542,0.999639928,0.023758379,0.999874463,0.999845843,0.023763273,0,gaussian
279,7,0,0.995248486,0.995224628,0.99522847,0.069326528,0.999976028,0.999979889,0.069657506,0,gaussian
279,8,0,0.990956607,0.990810365,0.990805968,0.044224462,0.999852423,0.999847986,0.044628051,0,gaussian
279,9,0,0.994648512,0.99410247,0.993409713,0.01199287,0.99945102,0.998754536,0.012057395,0,gaussian
279,10,1,0.963193558,0.116845127,0.005111058,0.004101014,0.121310121,0.005306366,0.004257725,0,gaussian
279,11,1,0.96745259,0.099655077,0.005296379,0.003414694,0.103007711,0.005474561,0.003529572,0,gaussian
279,12,1,0.965565521,0.151735842,0.006384112,0.005031293,0.157147121,0.006611785,0.005210721,0,gaussian
279,13,1,0.965136029,0.120910284,0.006920282,0.0052383,0.125277972,0.007170266,0.005427525,0,gaussian
279,14,1,0.965458746,0.130766499,0.007206544,0.005496306,0.135444937,0.007464373,0.005692948,0,gaussian
280,0,0,0.998923063,0.998899261,0.998904015,0.026560609,0.999976172,0.999980932,0.026589244,0,gaussian
280,1,0,0.992729284,0.992693862,0.992712409,0.19449881,0.999964319,0.999983002,0.195923312,0,gaussian
280,2,0,0.998568744,0.998551706,0.998546601,0.015145164,0.999982938,0.999977825,0.015166872,0,gaussian
280,3,0,0.996609725,0.996595165,0.996576149,0.034922743,0.99998539,0.99996631,0.035041544,0,gaussian
280,4,0,0.994223081,0.994193023,0.9941941,0.114600574,0.999969767,0.99997085,0.115266459,0,gaussian
280,5,0,0.991942906,0.991893658,0.991891632,0.205262815,0.999950352,0.99994831,0.20693007,0,gaussian
280,6,0,0.992817455,0.992775674,0.992747549,0.040234285,0.999957916,0.999929588,0.04052536,0,gaussian
280,7,0,0.997850413,0.997825491,0.997820013,0.007714128,0.999975023,0.999969535,0.007730746,0,gaussian
280,8,0,0.996644286,0.996584099,0.99658301,0.049401853,0.999939611,0.999938518,0.04956819,0,gaussian
280,9,0,0.997001532,0.996916442,0.996925899,0.025321199,0.999914654,0.99992414,0.025397352,0,gaussian
280,10,1,0.964256726,0.11452191,0.004531903,0.004066087,0.118767033,0.004699893,0.00421681,0,gaussian
280,11,1,0.964128661,0.091069328,0.004752171,0.004137587,0.09445765,0.00492898,0.00429153,0,gaussian
280,12,1,0.965460661,0.144719038,0.005816377,0.005122279,0.14989636,0.006024458,0.005305529,0,gaussian
280,13,1,0.966060689,0.127373642,0.006645296,0.005399157,0.131848488,0.006878756,0.005588838,0,gaussian
280,14,1,0.966076821,0.144632246,0.006552052,0.005517719,0.149710917,0.006782123,0.00571147,0,gaussian
281,0,0,0.993071834,0.992995131,0.992985144,0.038821169,0.999922763,0.999912706,0.039092005,0,gaussian
281,1,0,0.995773843,0.995749544,0.995742003,0.021018316,0.999975598,0.999968025,0.02110752,0,gaussian
281,2,0,0.997247649,0.997202502,0.997211163,0.009438286,0.999954728,0.999963413,0.009464336,0,gaussian
281,3,0,0.993562121,0.99352858,0.993532058,0.066430673,0.999966241,0.999969743,0.066861116,0,gaussian
281,4,0,0.99428541,0.994248958,0.994251534,0.188845306,0.999963339,0.999965929,0.189930682,0,gaussian
281,5,0,1.000247695,1.000192469,1.000208391,0.018209302,0.999944788,0.999960706,0.018204793,0,gaussian
281,6,0,0.995155805,0.99513312,0.995133916,0.027353797,0.999977205,0.999978005,0.027486949,0,gaussian
281,7,0,0.996754434,0.996708639,0.996709743,0.016849928,0.999954056,0.999955163,0.016904794,0,gaussian
281,8,1,0.964637252,0.089955656,0.004251573,0.003823429,0.093253351,0.004407432,0.003963593,0,gaussian
281,9,1,0.963361709,0.127358824,0.006153505,0.005355015,0.132202497,0.006387533,0.005558675,0,gaussian
281,10,1,0.965796053,0.101404145,0.004132039,0.003423912,0.104995403,0.004278377,0.003545171,0,gaussian
281,11,1,0.966187146,0.105040927,0.006307182,0.005380484,0.108716958,0.006527909,0.00556878,0,gaussian
281,12,1,0.966572359,0.116747946,0.005995649,0.004868197,0.120785521,0.006203001,0.005036557,0,gaussian
281,13,0,0.996828112,0.996623556,0.996465038,0.031601376,0.999794794,0.999635771,0.031701931,0,gaussian
281,14,0,0.997782695,0.997583699,0.997613008,0.006654304,0.999800563,0.999829936,0.006669092,0,gaussian
282,0,0,0.997256304,0.99724264,0.997246737,0.013671079,0.999986298,0.999990407,0.013708691,0,gaussian
282,1,0,0.993775758,0.993750137,0.993752549,0.121823649,0.999974218,0.999976646,0.122586658,0,gaussian
282,2,0,0.996224263,0.996212188,0.996186845,0.02310117,0.999987879,0.99996244,0.023188725,0,gaussian
282,3,0,0.994721338,0.994701821,0.994703029,0.065571043,0.999980379,0.999981594,0.065919007,0,gaussian
282,4,0,0.99544541,0.995323287,0.995333492,0.027535068,0.999877318,0.99988757,0.027661053,0,gaussian
282,5,0,0.998020611,0.997973142,0.997975885,0.050436502,0.999952436,0.999955185,0.050536534,0,gaussian
282,6,0,0.996856745,0.996828981,0.996820219,0.024408835,0.999972149,0.999963359,0.0244858,0,gaussian
282,7,0,0.993954841,0.993834353,0.993813388,0.041784002,0.999878779,0.999857687,0.04203813,0,gaussian
282,8,0,0.997026079,0.996946201,0.99686529,0.013104744,0.999919884,0.999838731,0.013143833,0,gaussian
282,9,0,0.997323361,0.997090142,0.997160475,0.013876064,0.999766155,0.999836676,0.013913305,0,gaussian
282,10,1,0.963347279,0.087032828,0.005170491,0.004344164,0.090344188,0.005367214,0.004509448,0,gaussian
282,11,1,0.967102455,0.111554567,0.00432733,0.003619564,0.115349275,0.004474531,0.003742689,0,gaussian
282,12,1,0.964857945,0.128401764,0.007023428,0.005999145,0.133078413,0.007279235,0.006217646,0,gaussian
282,13,1,0.966741676,0.135562602,0.005595846,0.00528319,0.140226293,0.005788357,0.005464945,0,gaussian
282,14,1,0.964032863,0.172012465,0.007219394,0.006717053,0.178430084,0.007488742,0.006967659,0,gaussian
283,0,0,0.996125332,0.996112899,0.996100898,0.025900696,0.999987519,0.999975471,0.026001443,0,gaussian
283,1,0,0.997174428,0.997154661,0.997151005,0.020588249,0.999980178,0.99997651,0.020646587,0,gaussian
283,2,0,0.997285447,0.997263194,0.997271788,0.023562082,0.999977687,0.999986303,0.023626217,0,gaussian
283,3,0,0.992381893,0.992342379,0.992345256,0.195554815,0.999960183,0.999963082,0.197056009,0,gaussian
283,4,0,0.99506944,0.995016359,0.995027187,0.074211777,0.999946656,0.999957537,0.074579496,0,gaussian
283,5,0,0.990762351,0.99071695,0.990691089,0.457385204,0.999954176,0.999928073,0.461649762,0,gaussian
283,6,0,0.993915422,0.993808789,0.993836418,0.049900597,0.999892715,0.999920512,0.05020608,0,gaussian
283,7,0,0.996308398,0.996218329,0.996212755,0.027580507,0.999909597,0.999904003,0.027682701,0,gaussian
283,8,0,0.994614453,0.993805904,0.994040649,0.036351093,0.999187073,0.99942309,0.036547923,0,gaussian
283,9,0,0.990479318,0.989053127,0.989050846,0.116789721,0.9985601,0.998557797,0.117912327,0,gaussian
283,10,1,0.963085055,0.101439787,0.005541989,0.004406285,0.105327963,0.005754413,0.004575178,0,gaussian
283,11,1,0.965360518,0.14357815,0.007845989,0.005375636,0.148730083,0.008127522,0.005568527,0,gaussian
283,12,1,0.966728511,0.098653834,0.012211675,0.003840915,0.102049161,0.012631959,0.003973106,0,gaussian
283,13,1,0.966247177,0.141967552,0.009271759,0.005417042,0.146926744,0.009595639,0.005606269,0,gaussian
283,14,1,0.963450229,0.16557296,0.013997591,0.006533578,0.171854191,0.014528608,0.006781438,0,gaussian
284,0,0,0.999139469,0.999088722,0.999098863,0.016522956,0.999949209,0.999959358,0.016537187,0,gaussian
284,1,0,0.99536894,0.995316745,0.995334052,0.036748149,0.999947562,0.99996495,0.036919124,0,gaussian
284,2,0,0.996808023,0.996772384,0.996766794,0.095963633,0.999964247,0.999958639,0.096270928,0,gaussian
284,3,0,0.994016682,0.993997924,0.99400355,0.072288353,0.999981129,0.999986789,0.072723481,0,gaussian
284,4,0,0.995136238,0.995105928,0.995111115,0.054324428,0.999969542,0.999974755,0.054589941,0,gaussian
284,5,0,0.995457489,0.995428246,0.995441026,0.108652517,0.999970623,0.999983462,0.109148325,0,gaussian
284,6,0,0.992425758,0.992376233,0.992405402,0.19519378,0.999950097,0.999979489,0.196683509,0,gaussian
284,7,0,0.996212169,0.996185406,0.996190844,0.016055958,0.999973135,0.999978594,0.016117006,0,gaussian
284,8,0,0.995150075,0.994977353,0.994864284,0.056309922,0.999826436,0.999712817,0.056584352,0,gaussian
284,9,0,0.996377934,0.995879699,0.995440641,0.02229566,0.999499953,0.999059299,0.02237671,0,gaussian
284,10,1,0.96667442,0.103500638,0.005397751,0.003776448,0.107068766,0.005583836,0.003906639,0,gaussian
284,11,1,0.964224958,0.109330067,0.00694082,0.005027215,0.113386473,0.007198341,0.005213737,0,gaussian
284,12,1,0.967960441,0.123913089,0.007386074,0.005081926,0.128014621,0.007630554,0.005250139,0,gaussian
284,13,1,0.96696235,0.129534993,0.007020936,0.005424296,0.133960741,0.007260817,0.005609625,0,gaussian
284,14,1,0.964568624,0.165068895,0.007032178,0.005797991,0.17113235,0.00729049,0.006010968,0,gaussian
285,0,0,0.997078968,0.997049547,0.997058121,0.023565553,0.999970493,0.999979092,0.02363459,0,gaussian
285,1,0,0.995627295,0.995607074,0.995600054,0.051903099,0.999979691,0.99997264,0.052131053,0,gaussian
285,2,0,0.993329753,0.993313128,0.993310993,0.285648926,0.999983263,0.999981114,0.28756707,0,gaussian
285,3,0,0.998305786,0.998279769,0.998280483,0.031474879,0.999973939,0.999974654,0.031528295,0,gaussian
285,4,0,0.990535484,0.990495569,0.990489897,0.023930747,0.999959703,0.999953978,0.024159404,0,gaussian
285,5,0,0.998235385,0.99819179,0.998189396,0.027684208,0.999956328,0.99995393,0.027733146,0,gaussian
285,6,0,0.998584162,0.998478332,0.998465233,0.015772735,0.99989402,0.999880903,0.015795098,0,gaussian
285,7,0,0.992964887,0.992838912,0.992800334,0.075163918,0.999873133,0.999834282,0.075696451,0,gaussian
285,8,0,0.995553191,0.995253054,0.995251623,0.012451193,0.999698522,0.999697085,0.012506809,0,gaussian
285,9,0,0.99564795,0.995027675,0.995051033,0.02363021,0.999377014,0.999400474,0.0237335,0,gaussian
285,10,1,0.966549727,0.090853413,0.004323103,0.003723226,0.09399766,0.004472717,0.003852079,0,gaussian
285,11,1,0.964386848,0.106257364,0.004813744,0.004044974,0.110181266,0.004991507,0.004194348,0,gaussian
285,12,1,0.964345341,0.138373395,0.006931975,0.006051099,0.143489462,0.007188271,0.006274826,0,gaussian
285,13,1,0.96595885,0.140034544,0.00690772,0.005658708,0.144969472,0.007151153,0.005858126,0,gaussian
285,14,1,0.966929667,0.185103976,0.007935652,0.006482858,0.191434788,0.008207062,0.006704581,0,gaussian
286,0,0,0.999913797,0.999897834,0.999897704,0.009241883,0.999984035,0.999983905,0.00924268,0,gaussian
286,1,0,0.994912375,0.994897244,0.994891681,0.047629143,0.999984792,0.9999792,0.047872701,0,gaussian
286,2,0,0.993672198,0.993651461,0.993663707,0.241642959,0.999979131,0.999991456,0.243181765,0,gaussian
286,3,0,0.997241254,0.997213485,0.997218783,0.009348166,0.999972154,0.999977468,0.009374026,0,gaussian
286,4,0,0.993372423,0.993354242,0.993364811,0.173335197,0.999981697,0.999992337,0.174491654,0,gaussian
286,5,0,0.99254751,0.992483543,0.992499156,0.303154856,0.999935553,0.999951283,0.305431079,0,gaussian
286,6,0,0.98921712,0.98910755,0.989145952,0.671772466,0.999889236,0.999928056,0.679095066,0,gaussian
286,7,0,0.992411264,0.992196079,0.992229293,0.099794095,0.999783169,0.999816637,0.100557197,0,gaussian
286,8,0,0.992798318,0.992387933,0.992407477,0.058321795,0.999586638,0.999606325,0.058744857,0,gaussian
286,9,0,0.996070246,0.995223292,0.995010173,0.042950989,0.999149705,0.998935745,0.043120442,0,gaussian
286,10,1,0.964260411,0.095629718,0.00687526,0.004639543,0.099174161,0.007130087,0.004811505,0,gaussian
286,11,1,0.966221781,0.103696943,0.005095857,0.004078661,0.107322092,0.005274003,0.004221247,0,gaussian
286,12,1,0.964693163,0.121335401,0.009039111,0.006621433,0.12577616,0.009369934,0.006863771,0,gaussian
286,13,1,0.96491868,0.159347985,0.008101879,0.006537681,0.165141362,0.008396437,0.00677537,0,gaussian
286,14,1,0.967494308,0.136225481,0.007561944,0.005507396,0.140802359,0.007816009,0.005692433,0,gaussian
287,0,0,0.99275098,0.992728043,0.992699045,0.020418367,0.999976896,0.999947686,0.020567461,0,gaussian
287,1,0,0.993157878,0.993135488,0.993112002,0.03392797,0.999977456,0.999953807,0.034161709,0,gaussian
287,2,0,0.997964341,0.997945978,0.997953628,0.03000283,0.999981599,0.999989265,0.03006403,0,gaussian
287,3,0,0.997812042,0.997786298,0.997791743,0.008061613,0.999974199,0.999979656,0.00807929,0,gaussian
287,4,0,0.994760778,0.994722275,0.994714921,0.163495572,0.999961293,0.999953901,0.164356673,0,gaussian
287,5,0,0.991868933,0.991841425,0.991849998,0.154382157,0.999972266,0.999980909,0.15564774,0,gaussian
287,6,0,0.995932995,0.995909132,0.995887289,0.026830053,0.999976039,0.999954108,0.026939617,0,gaussian
287,7,0,0.996773783,0.996743886,0.99674236,0.022729642,0.999970006,0.999968475,0.02280321,0,gaussian
287,8,0,0.99717407,0.996859031,0.996989649,0.060774303,0.999684068,0.999815056,0.060946534,0,gaussian
287,9,0,0.991734035,0.991550839,0.991655744,0.218219221,0.999815277,0.999921057,0.220038047,0,gaussian
287,10,1,0.964635533,0.10013591,0.004557478,0.00400529,0.103806989,0.00472456,0.004152128,0,gaussian
287,11,1,0.965703095,0.087558128,0.005264364,0.003944523,0.090667751,0.005451327,0.004084613,0,gaussian
287,12,1,0.967690264,0.177065729,0.006194306,0.005504843,0.18297769,0.006401125,0.005688641,0,gaussian
287,13,1,0.967442753,0.13272794,0.006807485,0.005474778,0.137194619,0.007036576,0.00565902,0,gaussian
287,14,1,0.964381842,0.17453419,0.008667889,0.007673102,0.180980378,0.008988026,0.007956498,0,gaussian
288,0,0,0.999804797,0.999791839,0.999791882,0.061883856,0.999987039,0.999987082,0.061895939,0,gaussian
288,1,0,0.991043786,0.991028164,0.991033229,0.168784827,0.999984237,0.999989348,0.170310162,0,gaussian
288,2,0,0.991485314,0.991466407,0.991468312,0.124839222,0.999980931,0.999982852,0.125911317,0,gaussian
288,3,0,0.997659483,0.997617778,0.997643078,0.006771555,0.999958197,0.999983556,0.006787441,0,gaussian
288,4,0,0.996152976,0.996094645,0.996091696,0.037141304,0.999941444,0.999938483,0.03728474,0,gaussian
288,5,0,0.995977127,0.995863939,0.99588246,0.06171519,0.999886355,0.99990495,0.061964465,0,gaussian
288,6,0,0.997788224,0.997724826,0.997734273,0.016903886,0.999936461,0.999945929,0.016941357,0,gaussian
288,7,0,0.996452575,0.996353373,0.996344647,0.059013923,0.999900445,0.999891688,0.059224016,0,gaussian
288,8,0,0.998552746,0.998142099,0.998057216,0.010268429,0.999588758,0.999503752,0.010283311,0,gaussian
288,9,0,0.997936989,0.997191186,0.997490288,0.077849935,0.999252656,0.999552376,0.078010873,0,gaussian
288,10,1,0.961782434,0.087023951,0.005197918,0.004691084,0.090481951,0.005404463,0.00487749,0,gaussian
288,11,1,0.966315577,0.087688831,0.00442154,0.003499129,0.090745542,0.004575669,0.003621104,0,gaussian
288,12,1,0.963533194,0.138829262,0.007106156,0.005840597,0.144083528,0.007375102,0.006061645,0,gaussian
288,13,1,0.967270839,0.130724501,0.006168246,0.005117963,0.135147774,0.006376959,0.005291138,0,gaussian
288,14,1,0.964506349,0.146306868,0.008031066,0.006180023,0.151690934,0.008326608,0.006407446,0,gaussian
289,0,0,0.994130847,0.994103904,0.994110772,0.024719358,0.999972898,0.999979806,0.024865296,0,gaussian
289,1,0,0.99460944,0.99458378,0.994585818,0.027356278,0.999974202,0.99997625,0.027504543,0,gaussian
289,2,0,0.994919546,0.994889981,0.994891866,0.145522025,0.999970284,0.999972178,0.146265118,0,gaussian
289,3,0,0.994002465,0.993962042,0.993967787,0.020962847,0.999959333,0.999965113,0.021089331,0,gaussian
289,4,0,0.997191822,0.997143678,0.99715924,0.041458302,0.99995172,0.999967326,0.041575052,0,gaussian
289,5,0,0.995283354,0.995167471,0.995201601,0.036916288,0.999883568,0.999917859,0.037091234,0,gaussian
289,6,0,0.989385468,0.989332312,0.989336844,0.487596148,0.999946274,0.999950855,0.492827279,0,gaussian
289,7,0,0.993275892,0.993229374,0.99323134,0.073734071,0.999953166,0.999955146,0.074233223,0,gaussian
289,8,0,0.991801828,0.99166868,0.991726612,0.110356081,0.999865751,0.999924162,0.111268277,0,gaussian
289,9,0,0.995897179,0.995804228,0.995780882,0.045631198,0.999906666,0.999883224,0.045819186,0,gaussian
289,10,1,0.966729668,0.106398487,0.00491973,0.003721476,0.110060227,0.005089044,0.003849552,0,gaussian
289,11,1,0.960230804,0.111221625,0.00597491,0.004934239,0.115828012,0.006222368,0.005138597,0,gaussian
289,12,1,0.967666515,0.137188435,0.006723294,0.004892578,0.141772432,0.006947945,0.005056058,0,gaussian
289,13,1,0.965058333,0.122955699,0.007525523,0.005960027,0.127407531,0.007797998,0.00617582,0,gaussian
289,14,1,0.964457653,0.148342009,0.007251633,0.006105634,0.153808732,0.007518871,0.00633064,0,gaussian
290,0,0,0.996670936,0.996641639,0.996644891,0.049152414,0.999970605,0.999973867,0.049316592,0,gaussian
290,1,0,0.998183662,0.998160977,0.998153395,0.021952776,0.999977274,0.999969678,0.021992723,0,gaussian
290,2,0,0.993452402,0.993426719,0.993440748,0.077946082,0.999974148,0.999988269,0.078459805,0,gaussian
290,3,0,0.997891256,0.997849264,0.997863092,0.029926755,0.999957919,0.999971777,0.029989996,0,gaussian
290,4,0,0.993582588,0.99355879,0.993567013,0.356253181,0.999976048,0.999984324,0.35855417,0,gaussian
290,5,0,0.996725327,0.996509978,0.996490552,0.016183898,0.999783943,0.999764453,0.016237069,0,gaussian
290,6,0,1.001366898,1.000802988,1.001086359,0.010127146,0.99943686,0.999719844,0.010113322,0,gaussian
290,7,0,0.996652365,0.996496116,0.996491561,0.02107779,0.999843226,0.999838656,0.021148588,0,gaussian
290,8,0,0.99785804,0.997630028,0.997638156,0.0075342,0.999771498,0.999779644,0.007550372,0,gaussian
290,9,0,0.995926757,0.994934581,0.994998656,0.055963991,0.999003767,0.999068104,0.056192878,0,gaussian
290,10,1,0.964162851,0.121818387,0.005965621,0.004177865,0.126346278,0.006187359,0.004333152,0,gaussian
290,11,1,0.966070445,0.089997066,0.007679766,0.004034807,0.093157871,0.007949488,0.004176515,0,gaussian
290,12,1,0.966962039,0.128913825,0.008417701,0.005605698,0.133318393,0.008705307,0.005797227,0,gaussian
290,13,1,0.965768667,0.152701571,0.009884528,0.005928606,0.158114025,0.010234882,0.006138743,0,gaussian
290,14,1,0.968801347,0.163202325,0.009632408,0.00577141,0.168457988,0.009942603,0.005957269,0,gaussian
291,0,0,0.993080981,0.993043392,0.993042095,0.042004771,0.999962149,0.999960843,0.042297428,0,gaussian
291,1,0,0.994176583,0.994168697,0.994169677,0.074874248,0.999992069,0.999993054,0.075312826,0,gaussian
291,2,0,0.997604593,0.997583755,0.997586609,0.009025069,0.999979112,0.999981972,0.009046739,0,gaussian
291,3,0,0.998715662,0.998700813,0.998702558,0.012204642,0.999985132,0.999986879,0.012220337,0,gaussian
291,4,0,0.996627058,0.996604134,0.996605517,0.013676983,0.999976998,0.999978386,0.013723271,0,gaussian
291,5,0,0.989572262,0.989542175,0.989550306,0.154095614,0.999969596,0.999977812,0.155719415,0,gaussian
291,6,0,0.991694856,0.991644844,0.991652456,0.232280236,0.999949569,0.999957245,0.234225513,0,gaussian
291,7,0,0.996047582,0.995910165,0.995951326,0.03745592,0.999862038,0.999903362,0.037604549,0,gaussian
291,8,0,0.994469449,0.992960841,0.993198481,0.069168117,0.998483002,0.998721963,0.069552782,0,gaussian
291,9,0,0.996960288,0.996393483,0.996453141,0.019007848,0.999431467,0.999491307,0.019065803,0,gaussian
291,10,1,0.964166797,0.098719544,0.005325528,0.003746979,0.10238845,0.005523451,0.003886235,0,gaussian
291,11,1,0.964485234,0.08148534,0.004794748,0.003928131,0.084485834,0.004971302,0.004072775,0,gaussian
291,12,1,0.967927331,0.132824498,0.006622885,0.004766813,0.137225692,0.006842337,0.004924764,0,gaussian
291,13,1,0.97097219,0.144572079,0.007638751,0.004173098,0.14889415,0.007867116,0.004297856,0,gaussian
291,14,1,0.965413284,0.160820568,0.007914497,0.005431488,0.166582096,0.008198041,0.005626075,0,gaussian
292,0,0,0.995979072,0.995954699,0.995947132,0.052171964,0.999975528,0.999967931,0.05238259,0,gaussian
292,1,0,0.995819714,0.995793545,0.995791582,0.02889154,0.999973722,0.99997175,0.029012822,0,gaussian
292,2,0,0.994123982,0.994099769,0.994102766,0.058860898,0.999975644,0.999978659,0.05920881,0,gaussian
292,3,0,0.994058144,0.993997491,0.993979594,0.063453038,0.999938985,0.999920981,0.06383232,0,gaussian
292,4,0,0.995925774,0.995828205,0.995846133,0.013656874,0.999902031,0.999920033,0.013712742,0,gaussian
292,5,0,0.99718643,0.997134224,0.997113855,0.013266082,0.999947647,0.999927221,0.013303513,0,gaussian
292,6,0,0.991823851,0.991795355,0.991801886,0.182034824,0.999971269,0.999977853,0.183535437,0,gaussian
292,7,0,0.995031249,0.994839374,0.994859109,0.190906557,0.999807166,0.999827,0.191859861,0,gaussian
292,8,0,0.994774953,0.994322435,0.994290655,0.04943067,0.999545105,0.999513158,0.049690304,0,gaussian
292,9,1,0.963750915,0.109916253,0.005212575,0.004361227,0.114050479,0.005408633,0.004525264,0,gaussian
292,10,1,0.96624062,0.139305118,0.006834303,0.005421328,0.144172284,0.007073086,0.005610743,0,gaussian
292,11,1,0.966711092,0.145167149,0.009252535,0.006262266,0.150166011,0.009571148,0.006477909,0,gaussian
292,12,1,0.965880364,0.127643947,0.009297189,0.005507928,0.132152958,0.009625611,0.005702495,0,gaussian
292,13,1,0.964411289,0.08252096,0.009112743,0.004044928,0.085566149,0.009449022,0.004194194,0,gaussian
292,14,0,1.001166852,0.999264705,0.999465277,0.027513571,0.99810007,0.998300408,0.027481504,0,gaussian
293,0,0,0.996113055,0.996053551,0.99604701,0.021731769,0.999940264,0.999933698,0.021816569,0,gaussian
293,1,0,0.996976291,0.996958668,0.996963842,0.069614791,0.999982324,0.999987513,0.069825924,0,gaussian
293,2,0,0.996190954,0.996168971,0.996156574,0.051532381,0.999977933,0.999965489,0.05172942,0,gaussian
293,3,0,1.000241911,1.000212708,1.000205412,0.008584342,0.999970804,0.99996351,0.008582266,0,gaussian
293,4,0,0.995688883,0.995381784,0.995294077,0.037535987,0.999691571,0.999603484,0.037698509,0,gaussian
293,5,1,0.966157279,0.103500917,0.005185445,0.003677252,0.107126365,0.005367081,0.003806059,0,gaussian
293,6,1,0.967434349,0.125731697,0.00668812,0.005256641,0.129964061,0.006913255,0.005433589,0,gaussian
293,7,1,0.967503792,0.096289351,0.005050041,0.003692865,0.099523487,0.00521966,0.0038169,0,gaussian
293,8,1,0.964564634,0.133222164,0.006209636,0.005443591,0.138116368,0.006437761,0.005643574,0,gaussian
293,9,1,0.967424836,0.129303738,0.006644294,0.005250906,0.133657658,0.006868021,0.005427715,0,gaussian
293,10,0,0.997561985,0.997522653,0.997526779,0.031247332,0.999960571,0.999964708,0.0313237,0,gaussian
293,11,0,0.997488886,0.997346666,0.997380085,0.013952245,0.999857423,0.999890926,0.013987369,0,gaussian
293,12,0,0.996856629,0.996823403,0.99681505,0.023008651,0.999966669,0.99995829,0.023081204,0,gaussian
293,13,0,0.996760957,0.996650028,0.996623928,0.012491391,0.99988871,0.999862525,0.012531983,0,gaussian
293,14,0,0.995259506,0.99523972,0.995239644,0.07561466,0.99998012,0.999980044,0.075974819,0,gaussian
294,0,0,0.993868447,0.993859757,0.99385145,0.090121493,0.999991257,0.999982898,0.090677487,0,gaussian
294,1,0,0.996619724,0.996582728,0.996580571,0.028541999,0.999962879,0.999960714,0.028638806,0,gaussian
294,2,0,0.997273065,0.997253553,0.997255839,0.255989172,0.999980434,0.999982727,0.256689146,0,gaussian
294,3,0,0.992826574,0.992773547,0.99275509,0.034752905,0.99994659,0.999927999,0.035004003,0,gaussian
294,4,0,0.993102494,0.993069869,0.993073291,0.036647506,0.999967148,0.999970595,0.036902038,0,gaussian
294,5,0,0.990969487,0.990939989,0.990958063,0.162258241,0.999970234,0.999988472,0.163736869,0,gaussian
294,6,0,0.993291042,0.993259399,0.993238252,0.058561088,0.999968143,0.999946853,0.058956626,0,gaussian
294,7,0,0.997794051,0.997737185,0.997738088,0.005712042,0.999943008,0.999943913,0.005724671,0,gaussian
294,8,0,0.992709401,0.992569595,0.992597893,0.109585675,0.999859167,0.999887673,0.110390488,0,gaussian
294,9,0,0.990466022,0.990176407,0.990110631,0.550037856,0.999707598,0.999641188,0.555332383,0,gaussian
294,10,1,0.964862489,0.112603559,0.004210058,0.00337303,0.116704257,0.004363376,0.003495866,0,gaussian
294,11,1,0.967058083,0.096742726,0.005050938,0.003433215,0.100038175,0.005222994,0.003550164,0,gaussian
294,12,1,0.968512001,0.134837223,0.005917718,0.004575085,0.139221014,0.006110113,0.004723829,0,gaussian
294,13,1,0.964547462,0.133415037,0.007303228,0.005495263,0.138318789,0.007571662,0.005697245,0,gaussian
294,14,1,0.965509358,0.163532635,0.007444928,0.005808939,0.169374469,0.007710882,0.00601645,0,gaussian
295,0,0,0.995616345,0.995611193,0.995600342,0.027687602,0.999994826,0.999983926,0.027809509,0,gaussian
295,1,0,0.99450377,0.99449054,0.994476054,0.018492444,0.999986698,0.999972131,0.018594644,0,gaussian
295,2,0,0.994022885,0.993979482,0.993969339,0.030001272,0.999956335,0.999946132,0.030181672,0,gaussian
295,3,0,0.995068006,0.995048583,0.995048467,0.16825667,0.999980481,0.999980364,0.169090624,0,gaussian
295,4,0,0.999599268,0.999563997,0.999572544,0.023323178,0.999964715,0.999973265,0.023332529,0,gaussian
295,5,0,0.992685117,0.992596695,0.992600581,0.057843714,0.999910927,0.999914841,0.058269952,0,gaussian
295,6,0,1.000237054,1.000188894,1.000209767,0.010012672,0.999951851,0.999972719,0.010010299,0,gaussian
295,7,0,0.997289337,0.997282623,0.99727697,0.014169873,0.999993267,0.999987599,0.014208388,0,gaussian
295,8,0,0.996905998,0.996734595,0.996695912,0.01809003,0.999828065,0.999789262,0.018146174,0,gaussian
295,9,0,0.994953185,0.994836389,0.994839699,0.061825748,0.999882611,0.999885939,0.062139353,0,gaussian
295,10,1,0.962456192,0.099733412,0.004662803,0.004182339,0.103623846,0.004844691,0.004345485,0,gaussian
295,11,1,0.964813156,0.095917313,0.004445449,0.003802406,0.099415429,0.004607575,0.00394108,0,gaussian
295,12,1,0.968429638,0.121359332,0.005344591,0.004382576,0.12531559,0.005518822,0.004525446,0,gaussian
295,13,1,0.964913263,0.120516088,0.005897695,0.005149933,0.124898364,0.00611215,0.005337198,0,gaussian
295,14,1,0.965097033,0.124207773,0.006097696,0.005336168,0.128699777,0.00631822,0.005529152,0,gaussian
296,0,0,0.993475624,0.99344372,0.99345017,0.029581863,0.999967887,0.999974379,0.029776134,0,gaussian
296,1,0,0.998525495,0.998503719,0.998504888,0.005368502,0.999978192,0.999979363,0.00537643,0,gaussian
296,2,0,0.9955319,0.995518352,0.995520047,0.089938908,0.999986392,0.999988094,0.090342567,0,gaussian
296,3,0,0.995177267,0.995168875,0.99516808,0.038612004,0.999991567,0.999990768,0.038799122,0,gaussian
296,4,0,0.996932194,0.996911845,0.996916782,0.170966911,0.999979588,0.99998454,0.171493019,0,gaussian
296,5,0,0.996453928,0.996433856,0.996431201,0.044627687,0.999979857,0.999977193,0.044786503,0,gaussian
296,6,0,0.99581347,0.995783602,0.995794499,0.013746072,0.999970006,0.99998095,0.013803862,0,gaussian
296,7,0,0.993808343,0.993737665,0.993755519,0.064657253,0.999928882,0.999946847,0.065060082,0,gaussian
296,8,0,0.995983194,0.99586536,0.99583174,0.011542942,0.99988169,0.999847935,0.011589495,0,gaussian
296,9,0,0.992927412,0.992744834,0.992873561,0.339031346,0.999816121,0.999945765,0.341446255,0,gaussian
296,10,1,0.962332867,0.112364197,0.004776761,0.004358513,0.116762298,0.00496373,0.004529112,0,gaussian
296,11,1,0.963540766,0.087769513,0.005272132,0.004420369,0.091090606,0.005471623,0.004587631,0,gaussian
296,12,1,0.965718728,0.112680034,0.00618157,0.005332515,0.116679971,0.006401005,0.00552181,0,gaussian
296,13,1,0.964882215,0.153308217,0.006435098,0.00567104,0.158888012,0.006669309,0.005877442,0,gaussian
296,14,1,0.966459615,0.126670736,0.006477304,0.005417622,0.131066765,0.006702095,0.005605637,0,gaussian
297,0,0,0.996462399,0.996436701,0.996429133,0.029081421,0.999974211,0.999966616,0.029184665,0,gaussian
297,1,0,0.994153894,0.994134503,0.994135335,0.058635527,0.999980495,0.999981332,0.058980332,0,gaussian
297,2,0,0.991063753,0.991016509,0.991018664,0.134477167,0.99995233,0.999954505,0.135689724,0,gaussian
297,3,0,0.992563504,0.992529998,0.99251476,0.073847289,0.999966243,0.999950891,0.074400569,0,gaussian
297,4,0,0.994347616,0.99432955,0.994326067,0.059210302,0.999981832,0.999978329,0.059546884,0,gaussian
297,5,0,0.9948664,0.994751558,0.994740993,0.188969903,0.999884566,0.999873946,0.189945005,0,gaussian
297,6,0,0.997132436,0.997111339,0.997102634,0.046615745,0.999978843,0.999970113,0.046749803,0,gaussian
297,7,0,1.000566222,1.000505546,1.000438446,0.009022209,0.999939358,0.999872296,0.009017104,0,gaussian
297,8,0,0.996661059,0.996477324,0.996452736,0.01261829,0.999815649,0.999790979,0.012660563,0,gaussian
297,9,0,0.999303302,0.998667972,0.998282698,0.030151677,0.999364227,0.998978684,0.030172698,0,gaussian
297,10,1,0.964894303,0.101328309,0.005054417,0.00404445,0.105014931,0.005238312,0.004191599,0,gaussian
297,11,1,0.965009147,0.128097017,0.00622959,0.005311913,0.132741764,0.006455473,0.005504521,0,gaussian
297,12,1,0.965618707,0.101401233,0.004953037,0.003843783,0.10501167,0.005129392,0.003980643,0,gaussian
297,13,1,0.967549249,0.126419434,0.005662743,0.004860711,0.13065943,0.005852666,0.005023735,0,gaussian
297,14,1,0.96513813,0.132388577,0.006582016,0.005549281,0.137170601,0.006819766,0.005749728,0,gaussian
298,0,0,0.99646173,0.996420695,0.99640217,0.033749192,0.999958819,0.999940229,0.033869029,0,gaussian
298,1,0,0.993883147,0.993860926,0.993864406,0.175291429,0.999977642,0.999981144,0.17637026,0,gaussian
298,2,0,0.995697331,0.995688607,0.995690787,0.024558368,0.999991238,0.999993428,0.024664492,0,gaussian
298,3,0,0.994347867,0.994319856,0.994316921,0.059627586,0.999971829,0.999968878,0.059966525,0,gaussian
298,4,0,0.99519507,0.995134127,0.995134357,0.060579813,0.999938763,0.999938994,0.0608723,0,gaussian
298,5,0,0.988751708,0.988716149,0.988716542,0.311933063,0.999964036,0.999964434,0.315481693,0,gaussian
298,6,0,0.995728096,0.995663735,0.99567804,0.0629567,0.999935363,0.99994973,0.063226798,0,gaussian
298,7,0,0.993279699,0.993201652,0.993141341,0.058745539,0.999921425,0.999860707,0.059142998,0,gaussian
298,8,0,0.9961782,0.99583259,0.995954267,0.180782682,0.999653064,0.999775208,0.181476248,0,gaussian
298,9,0,0.995071186,0.994857335,0.994863048,0.055984338,0.99978509,0.999790831,0.056261641,0,gaussian
298,10,1,0.963716023,0.098976942,0.005838535,0.004274557,0.102703431,0.006058356,0.004435494,0,gaussian
298,11,1,0.964270611,0.12129883,0.007009351,0.005195548,0.125793349,0.007269071,0.00538806,0,gaussian
298,12,1,0.965375342,0.08885285,0.004712592,0.003513525,0.092039693,0.004881617,0.003639543,0,gaussian
298,13,1,0.966162423,0.142942234,0.008521593,0.005742032,0.147948451,0.008820042,0.005943133,0,gaussian
298,14,1,0.966142083,0.130539296,0.007878036,0.005160653,0.135113974,0.008154118,0.005341505,0,gaussian
299,0,0,0.993170016,0.993116927,0.993124729,0.069835334,0.999946546,0.999954401,0.070315589,0,gaussian
299,1,0,0.997468869,0.997448377,0.997452642,0.076343178,0.999979456,0.999983732,0.076536903,0,gaussian
299,2,0,0.996449797,0.996410677,0.996407806,0.018613297,0.99996074,0.999957859,0.018679613,0,gaussian
299,3,0,0.996345673,0.996321073,0.996320437,0.026688251,0.999975309,0.999974671,0.026786136,0,gaussian
299,4,0,0.998370932,0.998307454,0.998307069,0.042027144,0.999936418,0.999936033,0.042095721,0,gaussian
299,5,0,0.99533489,0.995271421,0.995292768,0.025270245,0.999936234,0.99995768,0.025388686,0,gaussian
299,6,0,0.992555506,0.992541776,0.992548273,0.060416816,0.999986167,0.999992712,0.060869962,0,gaussian
299,7,0,0.994771809,0.994719493,0.994718262,0.1173117,0.999947409,0.999946171,0.117928252,0,gaussian
299,8,0,0.995668573,0.995564616,0.995558854,0.035283165,0.999895591,0.999889803,0.035436656,0,gaussian
299,9,0,0.991714149,0.991567417,0.991492141,0.051082318,0.999852042,0.999776137,0.051509115,0,gaussian
299,10,1,0.965486107,0.079981899,0.003760637,0.003166091,0.082841067,0.003895071,0.003279271,0,gaussian
299,11,1,0.962141929,0.078982974,0.005110404,0.004412394,0.082090773,0.005311486,0.004586012,0,gaussian
299,12,1,0.965097844,0.101282342,0.006267747,0.005567686,0.104945154,0.006494416,0.005769038,0,gaussian
299,13,1,0.964902627,0.122554834,0.006276759,0.005599115,0.127012644,0.006505069,0.005802777,0,gaussian
299,14,1,0.967959533,0.11491157,0.005719138,0.004759386,0.118715262,0.005908448,0.004916927,0,gaussian
300,0,0,0.991644126,0.99161081,0.991623676,0.066182642,0.999966403,0.999979378,0.066740316,0,gaussian
300,1,0,0.990149602,0.990121411,0.990126805,0.096783831,0.999971529,0.999976976,0.097746675,0,gaussian
300,2,0,0.996962937,0.996930825,0.996922884,0.038869565,0.99996779,0.999959825,0.038987974,0,gaussian
300,3,0,0.990022646,0.989998762,0.989994859,0.181725491,0.999975875,0.999971933,0.183556903,0,gaussian
300,4,0,0.996995321,0.996974215,0.996979398,0.029001001,0.999978831,0.999984029,0.029088402,0,gaussian
300,5,0,0.995441695,0.995411057,0.995404216,0.080367991,0.999969222,0.999962349,0.08073601,0,gaussian
300,6,0,0.992263722,0.992224313,0.992220372,0.267431442,0.999960284,0.999956312,0.269516496,0,gaussian
300,7,0,0.993385183,0.993218247,0.993239757,0.062415002,0.999831952,0.999853605,0.062830615,0,gaussian
300,8,0,0.996559469,0.996373476,0.996347384,0.019149688,0.999813364,0.999787182,0.0192158,0,gaussian
300,9,1,0.963773432,0.102390866,0.005219778,0.004340921,0.10623956,0.005415981,0.004504089,0,gaussian
300,10,1,0.963112265,0.130923698,0.006958589,0.005825642,0.135938148,0.007225106,0.006048767,0,gaussian
300,11,1,0.967798353,0.119034051,0.006806154,0.00549816,0.122994683,0.007032616,0.0056811,0,gaussian
300,12,1,0.963083402,0.135149305,0.007743953,0.006604753,0.140329804,0.008040791,0.006857924,0,gaussian
300,13,1,0.963688724,0.097640996,0.005289735,0.004436666,0.101320056,0.00548905,0.004603837,0,gaussian
300,14,0,0.994552846,0.993937928,0.994072463,0.047721745,0.999381715,0.999516986,0.047983116,0,gaussian
301,0,0,0.991998399,0.991973337,0.991975299,0.093980321,0.999974736,0.999976713,0.094738379,0,gaussian
301,1,0,1.003531892,1.003519005,1.003522282,0.019169014,0.999987159,0.999990423,0.019101549,0,gaussian
301,2,0,0.99837353,0.998332122,0.998336963,0.010562312,0.999958524,0.999963373,0.01057952,0,gaussian
301,3,0,0.995289559,0.995263091,0.995272653,0.071437851,0.999973406,0.999983014,0.071775947,0,gaussian
301,4,0,0.996140041,0.996060703,0.996064753,0.020907843,0.999920355,0.99992442,0.020988859,0,gaussian
301,5,0,0.996491749,0.996430682,0.996437957,0.013993718,0.999938718,0.999946019,0.014042984,0,gaussian
301,6,0,0.998197182,0.998126728,0.998123171,0.038017054,0.999929419,0.999925855,0.038085716,0,gaussian
301,7,0,0.995996898,0.995591366,0.995359765,0.027692768,0.999592838,0.999360306,0.027804071,0,gaussian
301,8,1,0.963273872,0.082533141,0.004146276,0.003804706,0.08567983,0.004304359,0.003949765,0,gaussian
301,9,1,0.962568501,0.110584169,0.005968997,0.005709312,0.114884467,0.006201114,0.00593133,0,gaussian
301,10,1,0.964427949,0.11176555,0.006592705,0.005944442,0.115887921,0.006835871,0.006163697,0,gaussian
301,11,1,0.965800254,0.115961125,0.005965558,0.00456747,0.120067399,0.006176803,0.004729207,0,gaussian
301,12,1,0.962692108,0.094826087,0.004688345,0.003808012,0.09850095,0.004870036,0.003955587,0,gaussian
301,13,0,0.997337712,0.997191679,0.997080668,0.011126464,0.999853577,0.99974227,0.011156165,0,gaussian
301,14,0,0.997635672,0.997365323,0.997409459,0.007320945,0.999729009,0.99977325,0.007338295,0,gaussian
302,0,0,0.995352072,0.995333561,0.99533438,0.017555706,0.999981403,0.999982225,0.017637684,0,gaussian
302,1,0,0.995605449,0.995588874,0.995592395,0.075673924,0.999983352,0.999986888,0.076007945,0,gaussian
302,2,0,0.997553957,0.997534754,0.997530846,0.007083903,0.99998075,0.999976833,0.007101273,0,gaussian
302,3,0,0.995011632,0.995002304,0.994981629,0.036397275,0.999990625,0.999969847,0.036579748,0,gaussian
302,4,0,0.991042935,0.99101977,0.991024337,0.246896141,0.999976626,0.999981233,0.249127593,0,gaussian
302,5,0,0.995289886,0.995275978,0.995280931,0.032423183,0.999986027,0.999991003,0.032576623,0,gaussian
302,6,0,0.989372406,0.989364983,0.989360844,0.272065922,0.999992497,0.999988314,0.274988387,0,gaussian
302,7,0,0.994067876,0.993877678,0.993922269,0.087886454,0.999808667,0.999853524,0.088410918,0,gaussian
302,8,0,0.996277311,0.995503365,0.995297975,0.079750328,0.999223162,0.999017005,0.080048323,0,gaussian
302,9,0,0.988768053,0.988610615,0.988597651,0.71313939,0.999840774,0.999827662,0.721240323,0,gaussian
302,10,1,0.964378454,0.076777263,0.005042161,0.003940729,0.079613209,0.005228405,0.004086289,0,gaussian
302,11,1,0.965168631,0.098458453,0.005102796,0.003782434,0.102011659,0.005286947,0.003918936,0,gaussian
302,12,1,0.966407827,0.106998944,0.00575568,0.004709587,0.110718209,0.005955746,0.004873292,0,gaussian
302,13,1,0.96703181,0.151150702,0.007036557,0.005221716,0.156303754,0.007276448,0.005399736,0,gaussian
302,14,1,0.964992734,0.142028782,0.006625365,0.005313663,0.147181193,0.006865715,0.005506428,0,gaussian
303,0,0,0.991268285,0.991214857,0.991231046,0.23387265,0.999946102,0.999962433,0.235932748,0,gaussian
303,1,0,1.000006798,0.999992565,0.999993709,0.023048043,0.999985768,0.999986912,0.023047886,0,gaussian
303,2,0,0.989021243,0.98898985,0.989000253,0.755573053,0.999968259,0.999978777,0.763960388,0,gaussian
303,3,0,1.000062236,1.000047128,1.000043331,0.00878204,0.999984892,0.999981096,0.008781494,0,gaussian
303,4,0,0.998374296,0.99835597,0.998360465,0.010819291,0.999981644,0.999986146,0.010836908,0,gaussian
303,5,0,0.993999238,0.993966138,0.993950412,0.051978385,0.9999667,0.999950879,0.052292178,0,gaussian
303,6,0,0.996592558,0.996486503,0.996501455,0.014120702,0.999893583,0.999908586,0.014168982,0,gaussian
303,7,0,0.995974489,0.995832607,0.995842109,0.014845148,0.999857545,0.999867085,0.014905149,0,gaussian
303,8,0,0.995667795,0.995146805,0.994771491,0.023428364,0.999476743,0.999099796,0.023530302,0,gaussian
303,9,1,0.962122389,0.106718242,0.006754806,0.00453854,0.110919612,0.007020734,0.004717217,0,gaussian
303,10,1,0.965774931,0.133037889,0.007190135,0.005474469,0.137752477,0.007444938,0.005668473,0,gaussian
303,11,1,0.963315217,0.088120447,0.005321868,0.004276283,0.091476233,0.005524534,0.004439132,0,gaussian
303,12,1,0.96500909,0.168063282,0.007728328,0.006046985,0.174157201,0.008008554,0.006266247,0,gaussian
303,13,1,0.964711074,0.143577269,0.007819667,0.006328443,0.148829295,0.008105709,0.006559937,0,gaussian
303,14,0,0.997608105,0.99616365,0.996324871,0.007261469,0.998552082,0.998713689,0.00727888,0,gaussian
304,0,0,0.997778124,0.997751876,0.997748786,0.01243385,0.999973694,0.999970597,0.012461538,0,gaussian
304,1,0,0.998389525,0.998360288,0.998364138,0.006481013,0.999970716,0.999974572,0.006491467,0,gaussian
304,2,0,0.994352912,0.994332408,0.994331045,0.064386915,0.99997938,0.999978009,0.064752578,0,gaussian
304,3,0,0.998134885,0.998097824,0.998083935,0.012242753,0.99996287,0.999948955,0.01226563,0,gaussian
304,4,0,0.990547775,0.99050216,0.990500713,0.228255157,0.99995395,0.999952489,0.230433264,0,gaussian
304,5,0,0.987277669,0.987258708,0.987257748,0.688076282,0.999980794,0.999979822,0.696943022,0,gaussian
304,6,0,0.99517426,0.995099129,0.995099362,0.109953245,0.999924505,0.999924739,0.110486424,0,gaussian
304,7,0,0.992993939,0.992890242,0.992901607,0.083611721,0.999895571,0.999907016,0.084201643,0,gaussian
304,8,0,0.994010868,0.993892755,0.993841789,0.046232445,0.999881175,0.999829902,0.046511005,0,gaussian
304,9,0,0.995267294,0.9948734,0.994845389,0.039981563,0.999604233,0.999576088,0.040171684,0,gaussian
304,10,1,0.964421349,0.072846601,0.004917495,0.003950127,0.075533999,0.005098907,0.004095852,0,gaussian
304,11,1,0.96537342,0.094497936,0.005890901,0.003611542,0.097887444,0.006102199,0.003741083,0,gaussian
304,12,1,0.966458207,0.125945693,0.006284321,0.004662267,0.13031675,0.006502424,0.004824075,0,gaussian
304,13,1,0.966275663,0.124328843,0.006916815,0.004939762,0.128668089,0.007158221,0.005112167,0,gaussian
304,14,1,0.965026503,0.123157544,0.006833237,0.005094854,0.127620893,0.00708088,0.005279496,0,gaussian
305,0,0,0.994342847,0.994322698,0.994307078,0.039962318,0.999979736,0.999964027,0.040189678,0,gaussian
305,1,0,0.997457394,0.997439232,0.997432452,0.102910698,0.999981792,0.999974995,0.103173026,0,gaussian
305,2,0,0.994092858,0.994077801,0.994073479,0.019140613,0.999984853,0.999980506,0.019254351,0,gaussian
305,3,0,0.993467894,0.993436114,0.993438736,0.201057695,0.999968011,0.999970651,0.20237966,0,gaussian
305,4,0,1.000211792,1.000192141,1.000189772,0.015094723,0.999980354,0.999977985,0.015091527,0,gaussian
305,5,0,0.992909683,0.992859503,0.992866288,0.143519258,0.999949461,0.999956295,0.144544122,0,gaussian
305,6,0,0.999050051,0.999011499,0.999004688,0.012052587,0.999961412,0.999954594,0.012064047,0,gaussian
305,7,0,0.994377687,0.994312281,0.994345792,0.105402487,0.999934225,0.999967925,0.105998443,0,gaussian
305,8,0,1.001046702,1.00081356,1.000703731,0.060041194,0.999767102,0.999657387,0.059978414,0,gaussian
305,9,1,0.963495372,0.10291096,0.006069045,0.004402496,0.10681002,0.006298987,0.004569297,0,gaussian
305,10,1,0.968272843,0.169285937,0.008690432,0.005586457,0.174832887,0.008975189,0.005769507,0,gaussian
305,11,0,0.993794748,0.991171085,0.990234136,0.107764511,0.997359956,0.996417156,0.108437393,0,gaussian
305,12,1,0.967346998,0.154621766,0.02177802,0.003715823,0.159841057,0.022513142,0.003841251,0,gaussian
305,13,1,0.965307465,0.154028153,0.008924403,0.005503402,0.159563827,0.00924514,0.00570119,0,gaussian
305,14,1,0.966471588,0.175388876,0.015828175,0.00605494,0.181473391,0.016377279,0.006264995,0,gaussian
306,0,0,0.99887482,0.998864928,0.99886071,0.021403938,0.999990097,0.999985875,0.021428048,0,gaussian
306,1,0,0.997179393,0.997156994,0.99716034,0.013333546,0.999977537,0.999980893,0.013371261,0,gaussian
306,2,0,0.996906234,0.996886648,0.996885398,0.089480942,0.999980353,0.9999791,0.089758634,0,gaussian
306,3,0,0.993539332,0.993401494,0.993428801,0.067728509,0.999861266,0.99988875,0.068168926,0,gaussian
306,4,1,0.96397664,0.083793969,0.004955919,0.004295501,0.08692531,0.005141119,0.004456022,0,gaussian
306,5,1,0.963900028,0.121930433,0.006927074,0.0060922,0.12649697,0.007186507,0.006320365,0,gaussian
306,6,1,0.967587726,0.150860153,0.0076688,0.005592883,0.155913669,0.00792569,0.005780233,0,gaussian
306,7,1,0.963119809,0.120523607,0.009258631,0.006600359,0.125138748,0.009613167,0.006853103,0,gaussian
306,8,1,0.964587253,0.106573626,0.005510951,0.004365731,0.110486248,0.005713273,0.00452601,0,gaussian
306,9,0,0.99475565,0.994534453,0.994541556,0.072121912,0.999777637,0.999784778,0.072502139,0,gaussian
306,10,0,0.995559833,0.995542439,0.995535954,0.033814831,0.999982529,0.999976014,0.033965644,0,gaussian
306,11,0,0.996577769,0.996516198,0.99652118,0.020811721,0.999938217,0.999943216,0.020883188,0,gaussian
306,12,0,0.99508958,0.99505395,0.995057687,0.044885137,0.999964194,0.999967949,0.04510663,0,gaussian
306,13,0,0.991153024,0.991126001,0.991116324,0.030358234,0.999972736,0.999962972,0.03062921,0,gaussian
306,14,0,0.99892007,0.998883643,0.998884929,0.023117012,0.999963533,0.99996482,0.023142003,0,gaussian
307,0,0,1.000492197,1.000475165,1.000487686,0.010129462,0.999982976,0.999995491,0.010124479,0,gaussian
307,1,0,0.995671183,0.995635286,0.995647939,0.096348861,0.999963947,0.999976655,0.096767751,0,gaussian
307,2,0,0.996757829,0.996746365,0.996741456,0.022631612,0.999988499,0.999983573,0.022705226,0,gaussian
307,3,0,0.998435197,0.998328007,0.998352193,0.06741392,0.999892642,0.999916866,0.067519575,0,gaussian
307,4,0,0.990821153,0.990799473,0.990790878,0.518126645,0.999978119,0.999969444,0.522926507,0,gaussian
307,5,0,0.997220498,0.997195637,0.997197224,0.011977844,0.99997507,0.999976661,0.01201123,0,gaussian
307,6,0,0.996853478,0.99681479,0.996811877,0.011509755,0.99996119,0.999958268,0.011546085,0,gaussian
307,7,0,0.994226378,0.994134323,0.994116228,0.067324101,0.999907411,0.99988921,0.067715062,0,gaussian
307,8,0,0.998217271,0.997756807,0.997809757,0.012356627,0.999538713,0.999591757,0.012378695,0,gaussian
307,9,0,0.99564752,0.995166255,0.99517956,0.077129442,0.999516631,0.999529995,0.077466614,0,gaussian
307,10,1,0.965502958,0.093608493,0.004641309,0.003581035,0.096953087,0.004807142,0.003708983,0,gaussian
307,11,1,0.963858155,0.108380117,0.008120414,0.004009043,0.112444053,0.008424906,0.004159371,0,gaussian
307,12,1,0.965375704,0.142645722,0.006825471,0.005268253,0.147761873,0.007070274,0.005457205,0,gaussian
307,13,1,0.967226681,0.125115462,0.007977507,0.004494652,0.12935485,0.008247815,0.004646948,0,gaussian
307,14,1,0.969724656,0.132191823,0.007013373,0.004385704,0.136318926,0.007232335,0.004522628,0,gaussian
308,0,0,0.995837842,0.995812166,0.995818943,0.031743061,0.999974217,0.999981022,0.031875732,0,gaussian
308,1,0,0.996529103,0.996517588,0.996516409,0.053057616,0.999988445,0.999987261,0.053242415,0,gaussian
308,2,0,0.997110755,0.997097703,0.997086238,0.068039791,0.99998691,0.999975412,0.068236945,0,gaussian
308,3,0,0.994918231,0.994813212,0.994851939,0.025262342,0.999894444,0.999933369,0.025391375,0,gaussian
308,4,0,0.994216993,0.994155207,0.994173898,0.128551412,0.999937855,0.999956654,0.12929915,0,gaussian
308,5,0,0.991466125,0.991417366,0.991428113,0.333880068,0.999950821,0.999961661,0.336753883,0,gaussian
308,6,0,0.995856463,0.99580127,0.995816549,0.021527525,0.999944577,0.99995992,0.021617096,0,gaussian
308,7,0,0.997887737,0.997758009,0.997810528,0.021803223,0.999869998,0.999922627,0.021849374,0,gaussian
308,8,0,0.997424164,0.99719327,0.997293671,0.072300431,0.999768509,0.99986917,0.072487146,0,gaussian
308,9,0,0.994043049,0.992300911,0.992776816,0.057401162,0.998247422,0.998726179,0.057745147,0,gaussian
308,10,1,0.962142503,0.09973384,0.005435072,0.004739976,0.103658075,0.005648926,0.004926481,0,gaussian
308,11,1,0.966276285,0.116072081,0.008011063,0.003832924,0.120123077,0.008290654,0.003966696,0,gaussian
308,12,1,0.966114215,0.136058268,0.006605326,0.005196115,0.140830417,0.006837003,0.005378365,0,gaussian
308,13,1,0.964046763,0.132941985,0.009377864,0.005473168,0.137899934,0.009727603,0.005677285,0,gaussian
308,14,1,0.964767959,0.105315407,0.007335634,0.005456993,0.109161385,0.007603522,0.005656276,0,gaussian
309,0,0,0.998588435,0.998568939,0.998568002,0.010835795,0.999980477,0.999979538,0.010851112,0,gaussian
309,1,0,0.993380625,0.993349028,0.993353843,0.144806836,0.999968193,0.99997304,0.145771754,0,gaussian
309,2,0,0.996212894,0.996202139,0.996186397,0.027589487,0.999989204,0.999973403,0.027694368,0,gaussian
309,3,0,1.001014908,1.001003002,1.000995859,0.040640022,0.999988106,0.99998097,0.040598818,0,gaussian
309,4,0,0.994497544,0.994453629,0.99447092,0.052814043,0.999955842,0.999973229,0.053106258,0,gaussian
309,5,0,0.991233442,0.991207251,0.991200444,0.312688813,0.999973577,0.999966711,0.315454261,0,gaussian
309,6,0,0.993875122,0.993845228,0.993858294,0.048610602,0.999969921,0.999983068,0.04891017,0,gaussian
309,7,0,0.998172508,0.998146427,0.998141845,0.006948896,0.999973871,0.999969281,0.006961618,0,gaussian
309,8,0,0.996833729,0.996493507,0.99642556,0.029330087,0.999658697,0.999590534,0.029423249,0,gaussian
309,9,0,0.994137931,0.992307466,0.992982893,0.04864727,0.998158742,0.998838152,0.048934126,0,gaussian
309,10,1,0.964652149,0.082082444,0.005114554,0.003796829,0.0850902,0.005301968,0.003935956,0,gaussian
309,11,1,0.965286142,0.124860883,0.006572211,0.004726468,0.129351161,0.006808563,0.004896443,0,gaussian
309,12,1,0.964818671,0.081207326,0.007958216,0.003565557,0.084168485,0.008248406,0.003695573,0,gaussian
309,13,1,0.966673834,0.13119932,0.007996439,0.005616566,0.135722428,0.008272117,0.005810198,0,gaussian
309,14,1,0.966332931,0.124275117,0.007752949,0.004767124,0.128604866,0.008023062,0.004933211,0,gaussian
310,0,0,0.994990174,0.994970183,0.994968998,0.037985142,0.999979909,0.999978717,0.038176399,0,gaussian
310,1,0,0.996477118,0.996458603,0.996463716,0.030273156,0.99998142,0.999986551,0.030380181,0,gaussian
310,2,0,1.001106586,1.001081074,1.001080644,0.013678578,0.999974516,0.999974086,0.013663458,0,gaussian
310,3,0,0.993776053,0.993739442,0.99373189,0.108414537,0.99996316,0.99995556,0.109093529,0,gaussian
310,4,0,0.997226978,0.997178022,0.997176426,0.02539,0.999950908,0.999949307,0.025460603,0,gaussian
310,5,0,1.000623866,1.000557834,1.000551132,0.029131482,0.999934009,0.999927311,0.029113319,0,gaussian
310,6,0,0.997772679,0.997755244,0.997755858,0.007088338,0.999982527,0.999983142,0.007104161,0,gaussian
310,7,0,0.995279647,0.995227867,0.995212702,0.05468403,0.999947974,0.999932737,0.054943382,0,gaussian
310,8,0,0.998201868,0.997837383,0.997800066,0.020227872,0.999634858,0.999597474,0.02026431,0,gaussian
310,9,1,0.965238217,0.101400978,0.004589262,0.003870105,0.105052801,0.004754538,0.004009482,0,gaussian
310,10,1,0.965097765,0.135453828,0.006188515,0.004983078,0.140352442,0.00641232,0.005163288,0,gaussian
310,11,1,0.965387004,0.153529509,0.009459838,0.006236823,0.159034158,0.009799011,0.006460438,0,gaussian
310,12,1,0.967706395,0.137966027,0.009074237,0.00504335,0.14257013,0.009377056,0.005211653,0,gaussian
310,13,1,0.964108861,0.093077658,0.00881147,0.004286009,0.096542685,0.009139497,0.004445566,0,gaussian
310,14,0,0.995732308,0.993033471,0.992598215,0.016783169,0.997289597,0.996852475,0.016855101,0,gaussian
311,0,0,0.9947261,0.994702124,0.994687029,0.071619327,0.999975896,0.999960722,0.071999042,0,gaussian
311,1,0,0.995999821,0.995957306,0.995971611,0.091391284,0.999957314,0.999971677,0.091758334,0,gaussian
311,2,0,0.99335324,0.993341976,0.99334407,0.092502219,0.999988661,0.999990769,0.093121173,0,gaussian
311,3,0,0.994699976,0.994682837,0.994676807,0.093507727,0.99998277,0.999976708,0.094005961,0,gaussian
311,4,0,0.990119133,0.990076325,0.990082746,0.267209106,0.999956764,0.99996325,0.269875712,0,gaussian
311,5,0,0.9945716,0.994546779,0.994552772,0.087817069,0.999975044,0.99998107,0.088296377,0,gaussian
311,6,0,0.997471313,0.997429748,0.997420169,0.022720912,0.999958329,0.999948726,0.022778512,0,gaussian
311,7,0,0.995330601,0.995302498,0.995301098,0.052810705,0.999971765,0.999970359,0.053058456,0,gaussian
311,8,0,0.996995839,0.996785049,0.996812524,0.013512909,0.999788574,0.999816132,0.013553627,0,gaussian
311,9,0,0.995763096,0.995393234,0.995259821,0.021266401,0.999628564,0.999494583,0.021356888,0,gaussian
311,10,1,0.961799325,0.100542379,0.00454206,0.004433325,0.104535714,0.004722461,0.004609408,0,gaussian
311,11,1,0.964764416,0.137805658,0.005817107,0.005409104,0.142838661,0.006029562,0.005606658,0,gaussian
311,12,1,0.962303747,0.144449672,0.007107589,0.00633538,0.150108188,0.007386014,0.006583555,0,gaussian
311,13,1,0.964949966,0.11898117,0.00642059,0.004236697,0.123302942,0.006653806,0.004390588,0,gaussian
311,14,1,0.958777715,0.145259576,0.009288711,0.007369913,0.151504956,0.009688075,0.00768678,0,gaussian
312,0,0,0.995624412,0.995600206,0.995602169,0.139568704,0.999975688,0.999977659,0.140182083,0,gaussian
312,1,0,0.996132973,0.996108551,0.99610872,0.037562545,0.999975482,0.999975653,0.037708364,0,gaussian
312,2,0,0.99412451,0.994062669,0.994061301,0.107415102,0.999937794,0.999936417,0.108049948,0,gaussian
312,3,0,0.994579193,0.994529867,0.994546395,0.165213556,0.999950405,0.999967023,0.166114028,0,gaussian
312,4,0,0.995703278,0.9956176,0.995635835,0.009632755,0.999913952,0.999932266,0.009674323,0,gaussian
312,5,0,0.99617804,0.996153911,0.996158334,0.045054222,0.999975779,0.999980218,0.045227078,0,gaussian
312,6,0,0.993911562,0.993792631,0.993818854,0.096891896,0.999880341,0.999906725,0.09748543,0,gaussian
312,7,0,0.994377794,0.994336045,0.994301452,0.031513241,0.999958015,0.999923226,0.031691417,0,gaussian
312,8,0,0.998537757,0.998261129,0.998337272,0.02585761,0.999722966,0.999799221,0.025895476,0,gaussian
312,9,0,0.997444977,0.997053148,0.99688333,0.054649897,0.999607167,0.999436914,0.054789886,0,gaussian
312,10,1,0.96404554,0.087600708,0.004798475,0.003941822,0.090867811,0.004977436,0.004088834,0,gaussian
312,11,1,0.965081762,0.108015147,0.004957273,0.003531958,0.111923312,0.005136635,0.00365975,0,gaussian
312,12,1,0.968207961,0.122579036,0.006186466,0.004225231,0.126604036,0.006389604,0.004363971,0,gaussian
312,13,1,0.965910055,0.11576142,0.00663696,0.005180455,0.119846998,0.006871199,0.005363289,0,gaussian
312,14,1,0.967444443,0.108325186,0.00664456,0.004840314,0.111970446,0.006868157,0.005003196,0,gaussian
313,0,0,0.995153576,0.995126024,0.995136396,0.042649941,0.999972314,0.999982736,0.042857647,0,gaussian
313,1,1,0.964249717,0.107038899,0.004573134,0.004028678,0.111007447,0.004742687,0.004178044,0,gaussian
313,2,1,0.963999955,0.125360655,0.005858349,0.005314281,0.13004218,0.006077126,0.00551274,0,gaussian
313,3,1,0.96707926,0.104037282,0.005226814,0.003430977,0.107578857,0.005404742,0.003547773,0,gaussian
313,4,1,0.96743775,0.138287588,0.006206862,0.005238079,0.142942104,0.006415774,0.005414383,0,gaussian
313,5,1,0.964198786,0.128857156,0.007094913,0.005355602,0.133641691,0.007358351,0.005554458,0,gaussian
313,6,0,0.995836333,0.995814077,0.995812816,0.074692044,0.999977651,0.999976385,0.075004337,0,gaussian
313,7,0,0.99541816,0.995410877,0.995410916,0.017792674,0.999992683,0.999992722,0.017874573,0,gaussian
313,8,0,0.998719395,0.99858687,0.998592847,0.0383212,0.999867305,0.999873289,0.038370337,0,gaussian
313,9,0,0.99686125,0.99684792,0.996847342,0.035006724,0.999986628,0.999986048,0.035116947,0,gaussian
313,10,0,0.995908248,0.9958928,0.995895248,0.028950838,0.999984488,0.999986947,0.029069785,0,gaussian
313,11,0,0.996787809,0.996692739,0.996733214,0.24116403,0.999904624,0.999945229,0.241941191,0,gaussian
313,12,0,0.985913945,0.985887503,0.985894868,0.624160505,0.99997318,0.99998065,0.633078077,0,gaussian
313,13,0,0.994653775,0.994606001,0.994604487,0.027466606,0.999951969,0.999950447,0.027614238,0,gaussian
313,14,0,0.995275968,0.995264789,0.995258676,0.055006299,0.999988768,0.999982625,0.055267384,0,gaussian
314,0,0,0.999704358,0.999680844,0.999678153,0.018949362,0.99997648,0.999973787,0.018954966,0,gaussian
314,1,0,0.991396045,0.991370446,0.991370862,0.454976432,0.999974179,0.999974599,0.458925002,0,gaussian
314,2,0,0.998826913,0.998716758,0.998743044,0.011424516,0.999889716,0.999916033,0.011437934,0,gaussian
314,3,1,0.96200026,0.121073534,0.005373241,0.004765158,0.12585603,0.005585488,0.004953385,0,gaussian
314,4,1,0.964839788,0.112721016,0.004155697,0.003793278,0.116828739,0.004307137,0.00393151,0,gaussian
314,5,1,0.966685657,0.133342545,0.00566978,0.005297354,0.137937854,0.005865175,0.005479914,0,gaussian
314,6,1,0.966161775,0.116579866,0.005839077,0.005229382,0.120662883,0.006043581,0.005412532,0,gaussian
314,7,1,0.962797025,0.131075891,0.006505467,0.006387109,0.136140731,0.006756841,0.00663391,0,gaussian
314,8,0,0.996998633,0.996984883,0.996985229,0.021659552,0.999986208,0.999986555,0.021724756,0,gaussian
314,9,0,0.995495723,0.995478153,0.995474824,0.039769069,0.999982351,0.999979007,0.03994901,0,gaussian
314,10,0,0.994736277,0.994676902,0.99469209,0.029157083,0.99994031,0.999955579,0.02931137,0,gaussian
314,11,0,0.996760589,0.996719203,0.996720851,0.028388612,0.999958479,0.999960133,0.028480873,0,gaussian
314,12,0,0.995568954,0.995545701,0.995539114,0.0478767,0.999976644,0.999970027,0.048089788,0,gaussian
314,13,0,0.994357009,0.994327929,0.994316822,0.038952176,0.999970755,0.999959585,0.03917323,0,gaussian
314,14,0,0.99675765,0.996712376,0.996705534,0.027889015,0.999954579,0.999947715,0.027979735,0,gaussian
315,0,0,0.990887779,0.990839307,0.990838137,0.140410062,0.999951082,0.999949901,0.141701275,0,gaussian
315,1,0,1.000258884,1.000220709,1.00021141,0.012968174,0.999961835,0.999952538,0.012964818,0,gaussian
315,2,0,0.995591929,0.995571517,0.995571746,0.078838304,0.999979497,0.999979728,0.079187367,0,gaussian
315,3,0,1.00087461,1.000848469,1.000850284,0.019516306,0.999973882,0.999975696,0.019499251,0,gaussian
315,4,0,1.001135933,1.000913365,1.000937147,0.023074972,0.999777685,0.99980144,0.02304879,0,gaussian
315,5,0,0.997833549,0.997756515,0.99776048,0.012555573,0.999922798,0.999926772,0.012582834,0,gaussian
315,6,0,0.997179677,0.997156322,0.997155597,0.021920929,0.999976579,0.999975852,0.021982928,0,gaussian
315,7,0,1.001322616,1.001263698,1.001248948,0.0216804,0.99994116,0.999926429,0.021651763,0,gaussian
315,8,0,0.992947075,0.9925015,0.992639911,0.356290796,0.99955126,0.999690655,0.358821537,0,gaussian
315,9,0,0.994669612,0.99239907,0.992786076,0.037092101,0.99771729,0.99810637,0.037290876,0,gaussian
315,10,1,0.966133126,0.100445497,0.005482952,0.003701119,0.103966518,0.005675151,0.003830858,0,gaussian
315,11,1,0.962726684,0.146448072,0.008051846,0.0047957,0.152118015,0.008363584,0.004981372,0,gaussian
315,12,1,0.964738381,0.14416595,0.00853538,0.005347994,0.14943528,0.008847352,0.005543465,0,gaussian
315,13,1,0.964113043,0.148805143,0.010922803,0.006412149,0.154344082,0.01132938,0.006650827,0,gaussian
315,14,1,0.968700252,0.169506302,0.01091724,0.005565641,0.174983233,0.011269988,0.005745473,0,gaussian
316,0,0,0.997549196,0.997533836,0.997526405,0.018152515,0.999984603,0.999977154,0.018197113,0,gaussian
316,1,0,0.991047237,0.991020373,0.991026984,0.089387688,0.999972893,0.999979564,0.090195184,0,gaussian
316,2,0,0.993045185,0.993018707,0.993025715,0.103602008,0.999973336,0.999980393,0.104327587,0,gaussian
316,3,0,0.993999643,0.993983777,0.993968594,0.047893782,0.999984038,0.999968764,0.048182897,0,gaussian
316,4,0,0.995205538,0.995132003,0.995153753,0.123582976,0.999926111,0.999947965,0.124178344,0,gaussian
316,5,0,0.996347457,0.996300663,0.996274167,0.01896346,0.999953035,0.999926441,0.019032979,0,gaussian
316,6,0,0.991895013,0.991575955,0.991615077,0.03398938,0.999678335,0.999717777,0.034267114,0,gaussian
316,7,0,0.988639707,0.988341208,0.988412731,0.100794852,0.999698072,0.999770416,0.101953069,0,gaussian
316,8,0,0.99665678,0.996385491,0.996466602,0.05696328,0.999727801,0.999809184,0.05715436,0,gaussian
316,9,0,0.994840945,0.994145864,0.994147024,0.052571804,0.999301315,0.999302481,0.052844431,0,gaussian
316,10,1,0.963607299,0.094236064,0.005195529,0.004081226,0.097795092,0.005391749,0.004235362,0,gaussian
316,11,1,0.964865164,0.120251358,0.005129325,0.00391421,0.12463022,0.005316105,0.004056743,0,gaussian
316,12,1,0.964012929,0.123540627,0.006870285,0.005318398,0.128152459,0.007126756,0.005516936,0,gaussian
316,13,1,0.967068241,0.101617708,0.005834518,0.00450203,0.105078115,0.006033202,0.004655338,0,gaussian
316,14,1,0.963227433,0.127869548,0.007251347,0.005709166,0.132751148,0.007528178,0.005927121,0,gaussian
317,0,0,0.997679061,0.997660117,0.997660619,0.015211071,0.999981012,0.999981515,0.015246458,0,gaussian
317,1,0,0.99409728,0.994080939,0.994079862,0.072051209,0.999983562,0.999982478,0.072479032,0,gaussian
317,2,0,0.995506034,0.995483277,0.995488366,0.047252486,0.99997714,0.999982252,0.047465795,0,gaussian
317,3,0,0.995900179,0.995868555,0.995867136,0.015928723,0.999968247,0.999966821,0.015994297,0,gaussian
317,4,0,0.995264707,0.995161286,0.995153109,0.020488287,0.999896087,0.99988787,0.020585767,0,gaussian
317,5,0,0.993862876,0.993778533,0.993786333,0.159556565,0.999915136,0.999922984,0.160541831,0,gaussian
317,6,0,0.990881935,0.990664794,0.990783495,0.055721996,0.999780861,0.999900654,0.056234748,0,gaussian
317,7,0,0.997521764,0.99744964,0.997458662,0.031801352,0.999927696,0.999936741,0.031880359,0,gaussian
317,8,0,0.992820302,0.992649322,0.992688504,0.288486261,0.999827783,0.999867248,0.290572484,0,gaussian
317,9,1,0.965201311,0.108562709,0.008021722,0.004300378,0.112476752,0.008310932,0.004455421,0,gaussian
317,10,0,0.986834871,0.953702472,0.953277816,0.10791618,0.966425589,0.965995269,0.109355864,0,gaussian
317,11,1,0.966778557,0.173250329,0.070072322,0.006331746,0.179203736,0.07248022,0.006549324,0,gaussian
317,12,1,0.966804672,0.15334488,0.012083,0.005619724,0.158609991,0.012497871,0.005812677,0,gaussian
317,13,1,0.971414863,0.144881936,0.025232916,0.00495755,0.149145274,0.025975427,0.005103432,0,gaussian
317,14,1,0.966736196,0.156629122,0.018374142,0.006401944,0.162018473,0.019006367,0.006622224,0,gaussian
318,0,0,0.995742265,0.995725442,0.995722472,0.012259631,0.999983105,0.999980122,0.012312052,0,gaussian
318,1,0,0.995513011,0.995498438,0.995490685,0.035231381,0.999985361,0.999977573,0.035390176,0,gaussian
318,2,0,0.996772908,0.996744778,0.99675015,0.01203346,0.999971779,0.999977168,0.012072419,0,gaussian
318,3,0,0.995134984,0.995106937,0.99510175,0.046091783,0.999971816,0.999966604,0.046317117,0,gaussian
318,4,0,0.99265915,0.992546905,0.992594684,0.162722633,0.999886925,0.999935058,0.163925989,0,gaussian
318,5,0,0.995331756,0.995244035,0.99520612,0.018728844,0.999911868,0.999873775,0.018816685,0,gaussian
318,6,0,0.995612302,0.994987253,0.995118484,0.110263909,0.999372197,0.999504006,0.110749846,0,gaussian
318,7,0,0.996696638,0.996478139,0.996487899,0.011559465,0.999780777,0.99979057,0.011597776,0,gaussian
318,8,0,0.994512491,0.994289558,0.994297208,0.123830583,0.999775837,0.999783529,0.124513854,0,gaussian
318,9,1,0.965619381,0.100363186,0.005810002,0.003782787,0.10393659,0.006016866,0.003917472,0,gaussian
318,10,0,0.993536542,0.992500116,0.99162553,0.027458866,0.998956831,0.998076556,0.027637499,0,gaussian
318,11,1,0.967210348,0.125899135,0.007803692,0.004668202,0.130167274,0.008068247,0.00482646,0,gaussian
318,12,1,0.963961664,0.137428522,0.010343371,0.005749871,0.142566377,0.010730064,0.005964833,0,gaussian
318,13,1,0.963091806,0.142807897,0.017456552,0.004728065,0.148280668,0.018125532,0.004909257,0,gaussian
318,14,1,0.966407068,0.148945329,0.013327951,0.005722056,0.154122765,0.013791239,0.005920958,0,gaussian
319,0,0,0.996970924,0.996946324,0.996943777,0.024136405,0.999975325,0.999972771,0.024209738,0,gaussian
319,1,0,0.995652173,0.995593249,0.995556619,0.034612886,0.999940819,0.999904029,0.034764034,0,gaussian
319,2,0,0.990132025,0.990111094,0.990116709,0.221657083,0.99997886,0.999984531,0.223866189,0,gaussian
319,3,0,0.995265036,0.995237236,0.995238772,0.025194344,0.999972069,0.999973611,0.025314206,0,gaussian
319,4,0,0.994461276,0.994448272,0.99444271,0.0531849,0.999986923,0.99998133,0.053481118,0,gaussian
319,5,0,0.997668792,0.997652363,0.997645663,0.008258064,0.999983532,0.999976816,0.008277361,0,gaussian
319,6,0,0.996958208,0.996923141,0.996927546,0.01213194,0.999964827,0.999969245,0.012168955,0,gaussian
319,7,0,0.995006418,0.994878734,0.99491392,0.134171583,0.999871675,0.999907038,0.134844942,0,gaussian
319,8,0,0.997290208,0.996983207,0.997068831,0.019040051,0.999692164,0.999778021,0.019091786,0,gaussian
319,9,0,0.998272435,0.99660206,0.997044739,0.059873788,0.998326734,0.998770179,0.059977402,0,gaussian
319,10,1,0.967407579,0.11378211,0.005136801,0.003913112,0.117615483,0.005309863,0.004044946,0,gaussian
319,11,1,0.965196639,0.118247838,0.005334275,0.004707347,0.122511655,0.00552662,0.004877086,0,gaussian
319,12,1,0.965310649,0.134366973,0.006874446,0.005800653,0.139195578,0.007121485,0.006009105,0,gaussian
319,13,1,0.962944133,0.156537977,0.007956547,0.007401956,0.162561847,0.00826273,0.007686797,0,gaussian
319,14,1,0.965203055,0.152623641,0.00746066,0.006609929,0.158125941,0.007729627,0.006848226,0,gaussian
320,0,0,0.998604481,0.998573067,0.998565815,0.019754664,0.999968542,0.999961279,0.019782271,0,gaussian
320,1,0,0.991573546,0.99155618,0.991548352,0.110169483,0.999982487,0.999974592,0.11110571,0,gaussian
320,2,0,0.990681596,0.990512108,0.990629126,0.385783176,0.999828918,0.999947036,0.389411873,0,gaussian
320,3,0,0.994870839,0.994823608,0.994806214,0.082134313,0.999952525,0.999935041,0.082557765,0,gaussian
320,4,0,0.997320263,0.997271849,0.997281093,0.016012572,0.999951455,0.999960724,0.016055597,0,gaussian
320,5,0,0.996850625,0.996815407,0.996817311,0.030302169,0.999964671,0.999966581,0.030397903,0,gaussian
320,6,0,0.994995379,0.994944733,0.994952274,0.061406484,0.999949099,0.999956678,0.061715346,0,gaussian
320,7,0,0.991434154,0.991207443,0.991330856,0.188111979,0.99977133,0.999895809,0.189737239,0,gaussian
320,8,0,0.9960361,0.995542858,0.99540222,0.019967036,0.999504795,0.999363597,0.020046498,0,gaussian
320,9,1,0.966894618,0.118262714,0.005059117,0.004081116,0.122311896,0.005232336,0.004220849,0,gaussian
320,10,1,0.965947019,0.132782049,0.007584058,0.00637429,0.137463077,0.007851422,0.006599006,0,gaussian
320,11,1,0.965469516,0.168285287,0.007698482,0.006618248,0.174304092,0.007973821,0.006854953,0,gaussian
320,12,1,0.967958924,0.118200228,0.006193736,0.00500845,0.122112855,0.006398759,0.005174238,0,gaussian
320,13,1,0.966256549,0.101840037,0.005476039,0.004035473,0.105396478,0.005667272,0.004176399,0,gaussian
320,14,0,0.996510173,0.991507387,0.994105757,0.029205693,0.994979694,0.997587164,0.029307973,0,gaussian
321,0,0,0.996814421,0.996788302,0.996785389,0.022872918,0.999973798,0.999970876,0.022946014,0,gaussian
321,1,0,0.995099258,0.995091291,0.99508805,0.063024781,0.999991993,0.999988736,0.06333517,0,gaussian
321,2,0,0.99801293,0.997975141,0.997985261,0.0207734,0.999962136,0.999972276,0.02081476,0,gaussian
321,3,0,0.996209275,0.996195782,0.99619388,0.123298397,0.999986455,0.999984546,0.123767566,0,gaussian
321,4,0,0.994859778,0.99483376,0.994835079,0.019518298,0.999973847,0.999975173,0.019619144,0,gaussian
321,5,0,0.996007374,0.995978966,0.995974557,0.020665255,0.999971477,0.999967051,0.020748095,0,gaussian
321,6,0,0.99378338,0.993736969,0.99373486,0.036330674,0.999953299,0.999951176,0.03655794,0,gaussian
321,7,0,0.99486959,0.99456012,0.994619979,0.08942598,0.999688934,0.999749102,0.089887137,0,gaussian
321,8,0,0.99604491,0.995936757,0.99594421,0.034751887,0.999891417,0.9998989,0.03488988,0,gaussian
321,9,0,0.996870845,0.996729809,0.996577924,0.071938443,0.999858522,0.999706159,0.072164256,0,gaussian
321,10,1,0.962307457,0.105767097,0.005233726,0.004812971,0.10990988,0.005438726,0.005001489,0,gaussian
321,11,1,0.964176126,0.0826534,0.005051889,0.004530278,0.08572438,0.005239591,0.0046986,0,gaussian
321,12,1,0.965316214,0.113488241,0.006447261,0.005539357,0.117565871,0.006678911,0.005738386,0,gaussian
321,13,1,0.963738669,0.141284739,0.007422101,0.006552877,0.146600675,0.007701362,0.006799434,0,gaussian
321,14,1,0.969009677,0.140426148,0.007494283,0.005387881,0.144917178,0.007733961,0.005560193,0,gaussian
322,0,0,0.997768995,0.997757541,0.997757121,0.010142082,0.99998852,0.999988099,0.01016476,0,gaussian
322,1,0,0.993789302,0.993761811,0.993774109,0.412879553,0.999972337,0.999984712,0.415459849,0,gaussian
322,2,0,0.99623378,0.996207084,0.996217935,0.049486161,0.999973202,0.999984094,0.049673242,0,gaussian
322,3,0,0.996015357,0.995992343,0.996005348,0.030032871,0.999976894,0.999989951,0.03015302,0,gaussian
322,4,0,0.996867152,0.996850615,0.996849044,0.011302496,0.999983412,0.999981835,0.011338017,0,gaussian
322,5,0,0.998152293,0.998037669,0.997980637,0.013593991,0.999885164,0.999828026,0.013619155,0,gaussian
322,6,0,0.992096597,0.991911883,0.991960158,0.328637117,0.999813815,0.999862474,0.33125516,0,gaussian
322,7,0,0.997897607,0.997783889,0.997776336,0.021045049,0.999886042,0.999878473,0.021089387,0,gaussian
322,8,0,0.993841735,0.993182387,0.99349837,0.094673665,0.999336567,0.999654507,0.095260303,0,gaussian
322,9,0,0.992421737,0.991268695,0.991812838,0.064278958,0.998838153,0.999386451,0.064769801,0,gaussian
322,10,1,0.962835202,0.101124551,0.00533418,0.004068195,0.105027891,0.005540075,0.004225225,0,gaussian
322,11,1,0.96470937,0.097339791,0.005959974,0.004152208,0.100900638,0.006177999,0.004304102,0,gaussian
322,12,1,0.963549595,0.12821027,0.006981886,0.005380658,0.133060374,0.007246006,0.005584204,0,gaussian
322,13,1,0.969335543,0.125967421,0.006150519,0.004282175,0.129952338,0.006345088,0.00441764,0,gaussian
322,14,1,0.960961621,0.128762248,0.006993755,0.005973713,0.133993122,0.007277871,0.00621639,0,gaussian
323,0,0,0.995174486,0.995135795,0.995125066,0.048873133,0.999961121,0.99995034,0.049110114,0,gaussian
323,1,0,0.991948169,0.991930494,0.991923614,0.192671817,0.999982182,0.999975245,0.19423577,0,gaussian
323,2,0,0.993123668,0.993090302,0.993096586,0.08384342,0.999966403,0.99997273,0.084423947,0,gaussian
323,3,0,0.997589971,0.997574409,0.997565782,0.009240991,0.999984401,0.999975753,0.009263316,0,gaussian
323,4,0,0.993877086,0.993841982,0.993852815,0.079551805,0.99996468,0.99997558,0.080041894,0,gaussian
323,5,0,0.99617146,0.996123099,0.996119502,0.019997216,0.999951453,0.999947843,0.02007407,0,gaussian
323,6,0,0.996375841,0.996354517,0.996360165,0.049415924,0.999978599,0.999984267,0.049595667,0,gaussian
323,7,0,0.996506724,0.996473137,0.996455261,0.019343216,0.999966296,0.999948357,0.019411024,0,gaussian
323,8,0,0.992219858,0.991936943,0.991909815,0.078018756,0.999714867,0.999687526,0.078630513,0,gaussian
323,9,0,0.992152136,0.991955549,0.992002836,0.194276076,0.999801858,0.999849519,0.195812788,0,gaussian
323,10,1,0.964612312,0.110675336,0.007388548,0.004646778,0.114735562,0.007659603,0.004817249,0,gaussian
323,11,1,0.962376195,0.130361211,0.007077569,0.005032775,0.135457643,0.007354265,0.005229529,0,gaussian
323,12,1,0.964960602,0.132965423,0.010483449,0.006451583,0.137793629,0.010864122,0.006685851,0,gaussian
323,13,1,0.965997227,0.18126726,0.011710912,0.006984234,0.187647806,0.012123133,0.007230077,0,gaussian
323,14,1,0.963307277,0.162472369,0.012407439,0.007488771,0.168661,0.012880042,0.007774021,0,gaussian
324,0,0,0.99763578,0.997615799,0.997619458,0.021691838,0.999979972,0.99998364,0.021743244,0,gaussian
324,1,0,0.992261273,0.992231457,0.992235058,0.151013559,0.999969951,0.999973581,0.152191326,0,gaussian
324,2,0,0.995386342,0.995344571,0.995352274,0.035106394,0.999958035,0.999965774,0.035269114,0,gaussian
324,3,0,0.991445859,0.991406222,0.991410007,0.1916084,0.99996002,0.999963839,0.193261587,0,gaussian
324,4,0,0.995086582,0.995052138,0.99505363,0.037958954,0.999965386,0.999966885,0.038146383,0,gaussian
324,5,0,0.992911101,0.992890141,0.992892654,0.136636487,0.999978891,0.999981421,0.137612005,0,gaussian
324,6,0,0.998545269,0.998442936,0.998427129,0.031328642,0.999897518,0.999881688,0.031374283,0,gaussian
324,7,0,0.994007042,0.993647802,0.993591878,0.091655752,0.999638593,0.999582333,0.092208353,0,gaussian
324,8,0,0.99548979,0.995016333,0.995088689,0.044987395,0.999524398,0.999597082,0.045191217,0,gaussian
324,9,0,0.993683086,0.993311829,0.993023941,0.134555738,0.999626383,0.999336664,0.135411118,0,gaussian
324,10,1,0.964397785,0.088860741,0.004785977,0.003378465,0.09214117,0.004962659,0.003503186,0,gaussian
324,11,1,0.961257544,0.0970691,0.005843843,0.004120574,0.100981366,0.006079373,0.004286649,0,gaussian
324,12,1,0.964938165,0.113914443,0.006911061,0.004866926,0.11805362,0.00716218,0.00504377,0,gaussian
324,13,1,0.966914331,0.147087175,0.007181249,0.004809577,0.152120172,0.007426975,0.00497415,0,gaussian
324,14,1,0.966710564,0.111049774,0.00717854,0.00470908,0.11487386,0.007425738,0.004871241,0,gaussian
325,0,0,0.991631972,0.991591161,0.991607129,0.264600902,0.999958845,0.999974948,0.266833775,0,gaussian
325,1,0,0.994716785,0.994696039,0.994704017,0.173932256,0.999979144,0.999987164,0.174856059,0,gaussian
325,2,0,0.9970695,0.997050325,0.997058745,0.06197461,0.999980769,0.999989214,0.062156761,0,gaussian
325,3,0,0.994947384,0.994897368,0.994847608,0.025519346,0.99994973,0.999899717,0.02564894,0,gaussian
325,4,0,0.999986971,0.999949991,0.999972701,0.093466016,0.99996302,0.99998573,0.093467234,0,gaussian
325,5,0,0.998634537,0.998599626,0.998611299,0.022150421,0.999965042,0.999976731,0.022180708,0,gaussian
325,6,0,0.992879404,0.992795108,0.992807047,0.045632337,0.9999151,0.999927124,0.045959597,0,gaussian
325,7,0,0.993900914,0.993010311,0.99345156,0.160497101,0.999103931,0.999547888,0.161481993,0,gaussian
325,8,0,0.995617579,0.994437511,0.994727695,0.03942687,0.998814737,0.999106198,0.039600415,0,gaussian
325,9,0,0.99516204,0.993295261,0.993735627,0.111591361,0.998124146,0.998566652,0.112133861,0,gaussian
325,10,1,0.963933276,0.100054663,0.006604393,0.003912467,0.103798329,0.006851504,0.004058857,0,gaussian
325,11,1,0.964435047,0.14220693,0.008092297,0.005153995,0.147451019,0.008390713,0.005344056,0,gaussian
325,12,1,0.965920672,0.136020308,0.007949261,0.005419843,0.140819336,0.008229724,0.005611065,0,gaussian
325,13,1,0.962386512,0.118436604,0.006553111,0.004310114,0.123065528,0.00680923,0.004478569,0,gaussian
325,14,1,0.967725561,0.12066864,0.008341833,0.005289962,0.124693038,0.00862004,0.005466386,0,gaussian
326,0,0,0.994664463,0.994644759,0.99464496,0.028823977,0.99998019,0.999980392,0.028978594,0,gaussian
326,1,0,0.99501521,0.994996678,0.994982319,0.010775983,0.999981375,0.999966944,0.010829968,0,gaussian
326,2,0,0.999175458,0.999166073,0.999164665,0.028395344,0.999990608,0.999989198,0.028418776,0,gaussian
326,3,0,0.994365914,0.994344186,0.994338721,0.04528063,0.999978149,0.999972654,0.04553719,0,gaussian
326,4,0,0.998393666,0.998365999,0.99835155,0.031253097,0.999972289,0.999957816,0.031303381,0,gaussian
326,5,0,0.996630915,0.996611988,0.996609337,0.011979034,0.99998101,0.99997835,0.012019529,0,gaussian
326,6,0,0.996627702,0.996605254,0.996601511,0.019171473,0.999977476,0.99997372,0.019236344,0,gaussian
326,7,0,0.990783183,0.990755754,0.990738021,0.070687203,0.999972316,0.999954417,0.071344774,0,gaussian
326,8,0,0.994416735,0.994349811,0.994345688,0.091949244,0.9999327,0.999928554,0.092465503,0,gaussian
326,9,0,0.998744453,0.998541175,0.998515014,0.0567269,0.999796466,0.999770272,0.056798213,0,gaussian
326,10,1,0.96420197,0.078649706,0.004738848,0.003997951,0.081569743,0.004914788,0.004146384,0,gaussian
326,11,1,0.966027573,0.08767193,0.004892318,0.003487631,0.090755101,0.005064367,0.003610281,0,gaussian
326,12,1,0.965145144,0.117925256,0.006318287,0.005267969,0.122183961,0.006546463,0.005458214,0,gaussian
326,13,1,0.96626417,0.125442977,0.006145982,0.004470391,0.129822652,0.006360561,0.004626469,0,gaussian
326,14,1,0.962284379,0.115567264,0.006320247,0.005488449,0.120096789,0.006567962,0.005703562,0,gaussian
327,0,0,0.99896953,0.998954673,0.998948759,0.020372854,0.999985128,0.999979208,0.02039387,0,gaussian
327,1,0,0.993698005,0.99365035,0.993672438,0.050540283,0.999952043,0.999974271,0.050860808,0,gaussian
327,2,0,0.992753832,0.992732261,0.992736733,0.165073671,0.999978272,0.999982776,0.166278553,0,gaussian
327,3,0,0.995918249,0.995900137,0.995902239,0.027132545,0.999981814,0.999983924,0.027243747,0,gaussian
327,4,0,0.998866905,0.998852786,0.998857528,0.011502666,0.999985865,0.999990613,0.011515714,0,gaussian
327,5,0,0.993967391,0.993947563,0.993951649,0.165933664,0.999980052,0.999984163,0.166940752,0,gaussian
327,6,0,0.995954619,0.995915245,0.995913845,0.028668082,0.999960466,0.99995906,0.028784526,0,gaussian
327,7,0,0.995689556,0.995536467,0.995532771,0.029486351,0.999846249,0.999842536,0.029614,0,gaussian
327,8,0,0.994589767,0.994214066,0.99424703,0.095133183,0.999622255,0.999655398,0.095650676,0,gaussian
327,9,0,0.992203757,0.991574384,0.991342782,0.086957184,0.999365682,0.99913226,0.087640451,0,gaussian
327,10,1,0.965224548,0.087574588,0.006787849,0.003939279,0.090729756,0.007032404,0.004081205,0,gaussian
327,11,1,0.966713252,0.144137074,0.022169051,0.003443561,0.149100133,0.022932396,0.003562133,0,gaussian
327,12,1,0.964931997,0.123076995,0.010683867,0.005425545,0.127549915,0.011072145,0.005622723,0,gaussian
327,13,1,0.963099076,0.138443563,0.017645289,0.005196873,0.143747997,0.018321364,0.00539599,0,gaussian
327,14,1,0.969778202,0.160254563,0.01285256,0.004841613,0.165248675,0.013253092,0.004992495,0,gaussian
328,0,0,0.996367928,0.996348297,0.996344465,0.027718466,0.999980297,0.999976451,0.027819509,0,gaussian
328,1,0,0.994382755,0.994368412,0.994341788,0.045122171,0.999985576,0.999958801,0.045377065,0,gaussian
328,2,0,0.998348152,0.998328499,0.998323891,0.02131195,0.999980315,0.999975698,0.021347212,0,gaussian
328,3,0,0.994068553,0.993932581,0.993930676,0.213980972,0.999863217,0.999861301,0.215257763,0,gaussian
328,4,0,0.992274031,0.992194569,0.992215719,0.191589689,0.999919919,0.999941234,0.19308143,0,gaussian
328,5,0,0.995645599,0.995612432,0.995585672,0.02487739,0.999966688,0.999939811,0.02498619,0,gaussian
328,6,0,0.998126959,0.997998437,0.997977424,0.007454886,0.999871237,0.999850184,0.007468875,0,gaussian
328,7,0,0.997872407,0.997590723,0.997632675,0.011082229,0.999717715,0.999759757,0.011105858,0,gaussian
328,8,0,0.993115388,0.991985633,0.9924865,0.035840995,0.998862413,0.999366752,0.036089457,0,gaussian
328,9,0,0.989090057,0.986849812,0.986485839,0.53760516,0.997735045,0.997367057,0.543535097,0,gaussian
328,10,1,0.965496211,0.113156061,0.010564918,0.005780943,0.117199901,0.010942475,0.005987535,0,gaussian
328,11,1,0.963809338,0.090933804,0.008927745,0.004551355,0.094348333,0.009262978,0.004722256,0,gaussian
328,12,1,0.963203101,0.15032045,0.014239179,0.008363581,0.156063087,0.014783153,0.008683092,0,gaussian
328,13,1,0.966016225,0.15446966,0.013381522,0.007625167,0.159903794,0.013852275,0.007893415,0,gaussian
328,14,1,0.960656544,0.124055217,0.014605166,0.009465624,0.129135869,0.015203317,0.009853286,0,gaussian
329,0,0,0.997265344,0.997245278,0.997240099,0.018166204,0.999979878,0.999974686,0.018216018,0,gaussian
329,1,0,0.996137279,0.996114068,0.996121122,0.026094318,0.999976699,0.99998378,0.026195504,0,gaussian
329,2,0,0.995064719,0.995048286,0.995053853,0.030206965,0.999983486,0.99998908,0.030356784,0,gaussian
329,3,0,0.995933127,0.995922336,0.995922103,0.05235477,0.999989165,0.999988931,0.05256856,0,gaussian
329,4,0,0.999309316,0.999292015,0.999281384,0.041669364,0.999982687,0.999972049,0.041698165,0,gaussian
329,5,0,0.995178383,0.995143157,0.995152915,0.063529562,0.999964604,0.999974409,0.063837361,0,gaussian
329,6,0,0.999946687,0.999922174,0.999898337,0.006042129,0.999975485,0.999951647,0.006042451,0,gaussian
329,7,0,0.99710622,0.996974655,0.996994868,0.017779501,0.999868053,0.999888325,0.0178311,0,gaussian
329,8,0,0.996250781,0.996039093,0.995946012,0.019110394,0.999787515,0.999694084,0.019182313,0,gaussian
329,9,0,0.998573533,0.998111992,0.997779444,0.027992012,0.9995378,0.999204777,0.028031999,0,gaussian
329,10,1,0.965051191,0.115881061,0.007283275,0.004382938,0.120077631,0.007547034,0.004541663,0,gaussian
329,11,1,0.963779117,0.09235964,0.004094362,0.00394383,0.095830713,0.004248237,0.004092048,0,gaussian
329,12,1,0.967988902,0.139687014,0.008399524,0.005402763,0.144306421,0.008677294,0.005581431,0,gaussian
329,13,1,0.965516474,0.138773486,0.006814618,0.005293542,0.143729796,0.007058003,0.005482601,0,gaussian
329,14,1,0.966404717,0.13361515,0.005751765,0.005216488,0.138260035,0.005951715,0.00539783,0,gaussian
330,0,1,0.964068142,0.116788883,0.004890568,0.003845869,0.121141731,0.005072845,0.003989209,0,gaussian
330,1,1,0.966472533,0.144202774,0.006732283,0.005164183,0.149205248,0.00696583,0.005343331,0,gaussian
330,2,1,0.965988681,0.147672509,0.006723908,0.005820275,0.152871883,0.006960649,0.0060252,0,gaussian
330,3,1,0.965055649,0.162272839,0.007283952,0.005714544,0.168148686,0.007547701,0.005921466,0,gaussian
330,4,1,0.961704166,0.106366734,0.005250226,0.004324843,0.110602343,0.005459294,0.004497062,0,gaussian
330,5,0,0.996405845,0.995159266,0.995658678,0.020650953,0.998748924,0.999250138,0.020725443,0,gaussian
330,6,0,0.997849835,0.997772332,0.997823361,0.098154891,0.99992233,0.999973469,0.098366395,0,gaussian
330,7,0,0.998355677,0.998325838,0.998315939,0.023390042,0.999970113,0.999960197,0.023428566,0,gaussian
330,8,0,0.994859456,0.994823129,0.994828402,0.022764086,0.999963486,0.999968785,0.02288171,0,gaussian
330,9,0,0.990065204,0.98999688,0.990020712,0.264646965,0.999930991,0.999955061,0.267302561,0,gaussian
330,10,0,0.996717723,0.996656798,0.996678431,0.017653058,0.999938873,0.999960578,0.017711191,0,gaussian
330,11,0,0.993305152,0.993274258,0.993283131,0.032400035,0.999968897,0.99997783,0.03261841,0,gaussian
330,12,0,0.999581896,0.999561067,0.999566005,0.036259572,0.999979162,0.999984103,0.036274739,0,gaussian
330,13,0,0.995337593,0.995322214,0.995319514,0.067508067,0.999984549,0.999981836,0.067824292,0,gaussian
330,14,0,0.993172222,0.993152967,0.993148742,0.088532618,0.999980613,0.999976359,0.089141254,0,gaussian
331,0,0,0.996243254,0.996225224,0.996222915,0.019283546,0.999981902,0.999979584,0.019356262,0,gaussian
331,1,0,0.994768757,0.994728146,0.994728793,0.123078483,0.999959175,0.999959826,0.123725723,0,gaussian
331,2,0,0.994700785,0.994693067,0.994693957,0.143267042,0.999992241,0.999993135,0.14403029,0,gaussian
331,3,0,0.996085109,0.996070388,0.996070787,0.021816482,0.999985221,0.999985622,0.021902226,0,gaussian
331,4,0,0.995236719,0.995219903,0.995219396,0.028867967,0.999983104,0.999982594,0.029006131,0,gaussian
331,5,0,0.993262662,0.99319508,0.993210384,0.027018355,0.99993196,0.999947368,0.027201622,0,gaussian
331,6,0,0.997983011,0.997958061,0.997951895,0.013025021,0.999974999,0.999968821,0.013051345,0,gaussian
331,7,0,0.994493826,0.994471731,0.994467337,0.085415702,0.999977783,0.999973365,0.08588862,0,gaussian
331,8,0,0.998200018,0.998115428,0.998090871,0.017160055,0.999915258,0.999890656,0.017190999,0,gaussian
331,9,0,0.997713012,0.996617912,0.996458524,0.030260085,0.99890239,0.998742636,0.030329448,0,gaussian
331,10,1,0.963602849,0.095692511,0.005117482,0.004179489,0.099307003,0.005310779,0.004337356,0,gaussian
331,11,1,0.965486229,0.117544043,0.006108111,0.005112351,0.121745955,0.006326461,0.005295105,0,gaussian
331,12,1,0.963938875,0.088760216,0.005324095,0.003878333,0.092080751,0.00552327,0.004023422,0,gaussian
331,13,1,0.964328293,0.133337381,0.007349411,0.005826237,0.138269698,0.007621275,0.006041756,0,gaussian
331,14,1,0.966290829,0.120670027,0.006966196,0.005089355,0.124879616,0.007209212,0.005266898,0,gaussian
332,0,0,0.995871581,0.995863878,0.995864077,0.019474735,0.999992265,0.999992465,0.019555469,0,gaussian
332,1,0,1.000830836,1.000823569,1.00081781,0.008346632,0.999992739,0.999986985,0.008339703,0,gaussian
332,2,0,0.995881652,0.995865037,0.995869776,0.030156044,0.999983317,0.999988075,0.03028075,0,gaussian
332,3,0,0.998076421,0.998068659,0.998065816,0.032458753,0.999992223,0.999989375,0.03252131,0,gaussian
332,4,0,0.996296727,0.996280621,0.996274412,0.020572962,0.999983834,0.999977603,0.020649432,0,gaussian
332,5,0,0.993880659,0.993852397,0.993833497,0.029395097,0.999971564,0.999952547,0.029576083,0,gaussian
332,6,0,0.989793958,0.989725815,0.989762867,0.498746723,0.999931155,0.999968589,0.50388944,0,gaussian
332,7,0,0.994676852,0.994606704,0.994602314,0.058393369,0.999929477,0.999925064,0.05870587,0,gaussian
332,8,0,0.985674436,0.985512644,0.985576972,0.375213473,0.999835857,0.99990112,0.380666738,0,gaussian
332,9,0,0.993748474,0.992848999,0.993280633,0.061767203,0.999094866,0.999529216,0.062155772,0,gaussian
332,10,1,0.96521984,0.08910975,0.005625282,0.003852461,0.092320678,0.00582798,0.003991278,0,gaussian
332,11,1,0.963669341,0.110819146,0.005690504,0.004215109,0.114997065,0.005905038,0.00437402,0,gaussian
332,12,1,0.965658835,0.12984711,0.007089199,0.004921509,0.134464787,0.007341308,0.00509653,0,gaussian
332,13,1,0.964987292,0.165122602,0.008275994,0.005553979,0.171113758,0.008576273,0.005755494,0,gaussian
332,14,1,0.967005939,0.142111253,0.008024411,0.00532498,0.146960062,0.008298202,0.005506667,0,gaussian
333,0,0,0.996660184,0.996646248,0.996645442,0.016823284,0.999986018,0.999985209,0.016879659,0,gaussian
333,1,0,0.995419295,0.995352843,0.995352844,0.047227409,0.999933242,0.999933243,0.04744474,0,gaussian
333,2,0,0.994592914,0.994568074,0.994563648,0.076272395,0.999975025,0.999970574,0.076687049,0,gaussian
333,3,0,0.99179918,0.991774459,0.991774521,0.04494271,0.999975075,0.999975137,0.045314325,0,gaussian
333,4,0,0.99540284,0.995379752,0.995380599,0.160506958,0.999976806,0.999977657,0.161248242,0,gaussian
333,5,0,0.997238958,0.997046227,0.997053551,0.097922393,0.999806735,0.999814079,0.098193509,0,gaussian
333,6,0,0.996811235,0.996748839,0.996746678,0.029354196,0.999937405,0.999935237,0.029448099,0,gaussian
333,7,0,0.995126069,0.995003009,0.99509694,0.153518793,0.999876336,0.999970728,0.154270697,0,gaussian
333,8,0,0.996175192,0.99606644,0.996062415,0.027248039,0.999890831,0.99988679,0.027352658,0,gaussian
333,9,0,0.995870757,0.995377746,0.995390245,0.012342113,0.999504945,0.999517496,0.012393288,0,gaussian
333,10,1,0.962719952,0.118201097,0.005972166,0.005199024,0.122778277,0.00620343,0.005400349,0,gaussian
333,11,1,0.965353806,0.12989221,0.0052645,0.004319685,0.134553994,0.005453441,0.004474717,0,gaussian
333,12,1,0.964456457,0.133785314,0.007207166,0.006379769,0.138715764,0.007472775,0.006614886,0,gaussian
333,13,1,0.964618921,0.125219874,0.006839978,0.005569382,0.129812791,0.00709086,0.00577366,0,gaussian
333,14,1,0.965484523,0.141054786,0.007957812,0.006582094,0.146097408,0.008242299,0.0068174,0,gaussian
334,0,0,0.99727747,0.997246767,0.997246911,0.035171401,0.999969213,0.999969357,0.035267417,0,gaussian
334,1,0,0.990163403,0.990144117,0.99014324,0.161254358,0.999980522,0.999979636,0.16285631,0,gaussian
334,2,0,0.993269037,0.993202059,0.993216944,0.105328595,0.999932567,0.999947554,0.106042363,0,gaussian
334,3,0,0.997127415,0.9971069,0.997094325,0.014722387,0.999979426,0.999966814,0.0147648,0,gaussian
334,4,0,0.99334401,0.99330552,0.993307576,0.106991112,0.999961252,0.999963322,0.107708015,0,gaussian
334,5,0,0.997771072,0.99770959,0.997712342,0.015204371,0.99993838,0.999941139,0.015238336,0,gaussian
334,6,0,0.996496384,0.996379942,0.996340312,0.010600045,0.999883148,0.999843379,0.010637314,0,gaussian
334,7,0,0.995564285,0.995079122,0.995243491,0.024268894,0.999512675,0.999677776,0.024377024,0,gaussian
334,8,0,0.994372285,0.993627237,0.993634563,0.077063785,0.999250736,0.999258103,0.077499932,0,gaussian
334,9,0,0.996011946,0.995281238,0.995133404,0.035355629,0.999266366,0.999117941,0.035497194,0,gaussian
334,10,1,0.963073205,0.096045163,0.0059864,0.005260944,0.099727791,0.006215934,0.005462663,0,gaussian
334,11,1,0.964116383,0.094929365,0.005122508,0.004185921,0.098462557,0.005313163,0.004341717,0,gaussian
334,12,1,0.96049862,0.135254949,0.008891245,0.00785962,0.140817431,0.009256906,0.008182854,0,gaussian
334,13,1,0.965894192,0.115263379,0.006173658,0.005513823,0.119333339,0.006391651,0.005708517,0,gaussian
334,14,1,0.96557177,0.15069918,0.007123502,0.006188419,0.156072479,0.007377496,0.006409072,0,gaussian
335,0,0,0.994491857,0.99444825,0.994456014,0.024880394,0.999956152,0.999963958,0.025018198,0,gaussian
335,1,0,0.997493835,0.997475555,0.997477384,0.020423911,0.999981674,0.999983508,0.020475226,0,gaussian
335,2,0,0.993062678,0.993036684,0.993042619,0.134523301,0.999973825,0.999979801,0.135463052,0,gaussian
335,3,0,0.998373382,0.998346498,0.998336324,0.09099616,0.999973072,0.999962882,0.091144417,0,gaussian
335,4,0,0.99349371,0.993472182,0.993444724,0.028142896,0.999978331,0.999950693,0.028327201,0,gaussian
335,5,0,0.997037314,0.997029982,0.997015983,0.044076533,0.999992646,0.999978606,0.044207506,0,gaussian
335,6,0,0.994858081,0.994814162,0.994827501,0.052624365,0.999955853,0.999969261,0.052896354,0,gaussian
335,7,0,0.991368783,0.991311726,0.991298113,0.086667477,0.999942446,0.999928714,0.087422035,0,gaussian
335,8,0,0.989102774,0.98885441,0.988944332,0.186526684,0.9997489,0.999839813,0.188581701,0,gaussian
335,9,0,0.995062353,0.994960828,0.994933732,0.0322615,0.999897971,0.99987074,0.032421586,0,gaussian
335,10,1,0.964783586,0.108692382,0.005847364,0.004561182,0.112659858,0.006060804,0.004727673,0,gaussian
335,11,1,0.964854638,0.105421569,0.005247678,0.004358262,0.109261608,0.005438827,0.004517014,0,gaussian
335,12,1,0.964531703,0.11651906,0.008265125,0.006341622,0.120803764,0.008569055,0.00657482,0,gaussian
335,13,1,0.962529679,0.119895983,0.007748401,0.006069899,0.124563414,0.008050038,0.006306194,0,gaussian
335,14,1,0.967419387,0.127221532,0.007677356,0.00538545,0.131506081,0.007935912,0.00556682,0,gaussian
336,0,0,0.994302781,0.994292353,0.994295108,0.0306962,0.999989511,0.999992282,0.030872085,0,gaussian
336,1,0,0.996366534,0.996348079,0.996343737,0.019225689,0.999981478,0.999977119,0.019295799,0,gaussian
336,2,0,0.995137303,0.995102038,0.995101927,0.024509498,0.999964562,0.999964451,0.024629262,0,gaussian
336,3,0,0.994762742,0.994754858,0.994751578,0.073185285,0.999992074,0.999988777,0.073570594,0,gaussian
336,4,0,0.997678888,0.997602232,0.99757758,0.015885736,0.999923165,0.999898456,0.015922694,0,gaussian
336,5,0,0.995006229,0.99499319,0.994990097,0.049798322,0.999986896,0.999983787,0.050048252,0,gaussian
336,6,0,0.992760301,0.992708618,0.992677782,0.054141925,0.99994794,0.99991688,0.054536755,0,gaussian
336,7,0,0.996410113,0.996388087,0.996380235,0.01811333,0.999977894,0.999970014,0.018178589,0,gaussian
336,8,0,0.997961355,0.99718014,0.997108475,0.095939379,0.99921719,0.999145378,0.096135365,0,gaussian
336,9,0,0.994825801,0.993130005,0.992428068,0.037125731,0.998295384,0.997589796,0.037318826,0,gaussian
336,10,1,0.962662188,0.103511316,0.006414393,0.004317931,0.107526106,0.006663181,0.004485406,0,gaussian
336,11,1,0.96569941,0.126256396,0.007109968,0.004297877,0.130740885,0.007362507,0.004450533,0,gaussian
336,12,1,0.963828476,0.130143058,0.007885798,0.006228347,0.135027197,0.008181744,0.006462091,0,gaussian
336,13,1,0.965021086,0.12458344,0.007442622,0.005414461,0.129099189,0.007712393,0.005610718,0,gaussian
336,14,1,0.963594815,0.129333582,0.008586389,0.006573577,0.134219882,0.008910788,0.006821931,0,gaussian
337,0,0,0.993497934,0.993462602,0.99345597,0.072916236,0.999964437,0.999957762,0.073393445,0,gaussian
337,1,0,0.993724477,0.993704627,0.993704239,0.066050781,0.999980025,0.999979635,0.066467902,0,gaussian
337,2,0,1.000550645,1.000526994,1.000530506,0.009265754,0.999976361,0.999979871,0.009260655,0,gaussian
337,3,0,0.996617509,0.996599814,0.99659839,0.049590696,0.999982245,0.999980816,0.049759005,0,gaussian
337,4,0,0.998162572,0.998157303,0.99815782,0.017441188,0.999994721,0.999995239,0.017473294,0,gaussian
337,5,0,0.990816616,0.990774357,0.990764696,0.353004394,0.99995735,0.999947599,0.356276215,0,gaussian
337,6,0,0.996463619,0.996374671,0.996315361,0.0328366,0.999910735,0.999851215,0.032953134,0,gaussian
337,7,0,0.99425276,0.99416994,0.994168755,0.049330182,0.999916701,0.99991551,0.049615334,0,gaussian
337,8,0,0.997208344,0.997078154,0.997016051,0.008106816,0.999869446,0.999807169,0.008129511,0,gaussian
337,9,0,0.996973461,0.996626019,0.996479541,0.017368821,0.999651502,0.99950458,0.017421548,0,gaussian
337,10,1,0.962794054,0.112698608,0.00584367,0.005159337,0.117053702,0.006069491,0.005358713,0,gaussian
337,11,1,0.964729913,0.130045554,0.006112086,0.004779383,0.13479996,0.006335541,0.004954115,0,gaussian
337,12,1,0.966049439,0.157432488,0.007441335,0.006096587,0.16296525,0.007702851,0.006310844,0,gaussian
337,13,1,0.961825397,0.187140379,0.010179039,0.008265708,0.194567933,0.010583043,0.008593772,0,gaussian
337,14,1,0.965310917,0.192686652,0.009332235,0.007621126,0.199610973,0.009667595,0.007894996,0,gaussian
338,0,0,0.990274395,0.990242899,0.99023725,0.036131869,0.999968195,0.999962491,0.036486725,0,gaussian
338,1,0,0.997963346,0.997922743,0.997922137,0.021381816,0.999959314,0.999958707,0.021425453,0,gaussian
338,2,0,0.99627476,0.996258615,0.996259891,0.022191218,0.999983795,0.999985076,0.022274195,0,gaussian
338,3,0,0.993243272,0.99323044,0.993223808,0.118734835,0.99998708,0.999980403,0.119542551,0,gaussian
338,4,0,0.99513615,0.995099177,0.995100386,0.028272443,0.999962846,0.999964062,0.028410628,0,gaussian
338,5,0,0.994029077,0.993975811,0.993983561,0.085106666,0.999946414,0.999954211,0.085617884,0,gaussian
338,6,0,0.996864795,0.996848043,0.996777751,0.067034884,0.999983195,0.999912682,0.067245714,0,gaussian
338,7,0,0.999004424,0.998965367,0.998946159,0.007941359,0.999960904,0.999941677,0.007949273,0,gaussian
338,8,0,0.995074925,0.994971666,0.994976569,0.028946051,0.99989623,0.999901157,0.029089318,0,gaussian
338,9,0,0.996158603,0.994570314,0.995044533,0.060684312,0.998405586,0.998881635,0.060918323,0,gaussian
338,10,1,0.965528188,0.118391494,0.005234139,0.004417571,0.122618371,0.005421011,0.00457529,0,gaussian
338,11,1,0.963568766,0.131543283,0.008105892,0.006766363,0.136516757,0.008412365,0.00702219,0,gaussian
338,12,1,0.965380987,0.109477017,0.007738782,0.004676168,0.113402914,0.008016298,0.004843857,0,gaussian
338,13,1,0.963015043,0.138770582,0.009400275,0.007748768,0.144100119,0.009761296,0.008046363,0,gaussian
338,14,1,0.963849234,0.136747503,0.00931114,0.006933618,0.141876446,0.00966037,0.007193674,0,gaussian
339,0,0,0.993067619,0.993047023,0.993036534,0.040871793,0.99997926,0.999968699,0.04115711,0,gaussian
339,1,0,0.996956155,0.996895657,0.996898082,0.020838716,0.999939317,0.99994175,0.02090234,0,gaussian
339,2,0,0.995114941,0.995079715,0.99506578,0.102575101,0.999964601,0.999950598,0.103078647,0,gaussian
339,3,0,0.995724037,0.995709971,0.995706528,0.036336326,0.999985874,0.999982416,0.036492366,0,gaussian
339,4,0,0.995082269,0.995075642,0.995076699,0.067286456,0.999993341,0.999994402,0.067618988,0,gaussian
339,5,0,0.996322591,0.996276289,0.99627103,0.027920821,0.999953527,0.999948249,0.028023876,0,gaussian
339,6,0,0.991730309,0.991631736,0.991624687,0.082275498,0.999900605,0.999893497,0.082961564,0,gaussian
339,7,0,0.992916354,0.992818881,0.992828478,0.047378651,0.999901832,0.999911498,0.047716659,0,gaussian
339,8,0,0.995368769,0.995258209,0.995273993,0.033915392,0.999888926,0.999904783,0.034073193,0,gaussian
339,9,0,0.995896945,0.995671074,0.995618158,0.045144626,0.999773199,0.999720065,0.04533062,0,gaussian
339,10,1,0.964044108,0.116055916,0.004984694,0.004416064,0.120384446,0.005170607,0.00458077,0,gaussian
339,11,1,0.964917234,0.117174929,0.005945265,0.004186441,0.121435212,0.006161425,0.004338653,0,gaussian
339,12,1,0.967372953,0.148732179,0.008483957,0.005665974,0.15374854,0.008770099,0.005857073,0,gaussian
339,13,1,0.966358879,0.173163223,0.008278674,0.00620226,0.179191423,0.008566873,0.006418175,0,gaussian
339,14,1,0.963215801,0.16512794,0.009733365,0.007486823,0.171434003,0.010105072,0.007772737,0,gaussian
340,0,0,0.996173798,0.996162542,0.996167473,0.081656523,0.9999887,0.99999365,0.081970158,0,gaussian
340,1,0,0.992896012,0.992847017,0.992860193,0.103660402,0.999950654,0.999963924,0.104402073,0,gaussian
340,2,0,0.99788981,0.997867809,0.997872232,0.008631841,0.999977952,0.999982385,0.008650095,0,gaussian
340,3,0,0.994811848,0.994789001,0.994793055,0.145091832,0.999977033,0.999981109,0.145848516,0,gaussian
340,4,0,0.993906783,0.993881996,0.993897279,0.025283385,0.99997506,0.999990438,0.025438386,0,gaussian
340,5,0,0.992121936,0.992085103,0.99209714,0.221735596,0.999962874,0.999975007,0.223496314,0,gaussian
340,6,0,0.997191206,0.997157837,0.997159744,0.014340631,0.999966537,0.999968449,0.014381025,0,gaussian
340,7,0,0.997648584,0.997360675,0.99737536,0.033622402,0.999711413,0.999726132,0.033701649,0,gaussian
340,8,0,0.995569111,0.995148402,0.995121903,0.062564603,0.999577418,0.999550801,0.062843053,0,gaussian
340,9,0,0.995725128,0.99366687,0.99319274,0.019261713,0.997932905,0.99745674,0.019344408,0,gaussian
340,10,1,0.963608491,0.095316192,0.007426256,0.003721741,0.09891589,0.007706715,0.003862296,0,gaussian
340,11,1,0.965316105,0.10379572,0.00440687,0.003426066,0.10752511,0.004565209,0.003549165,0,gaussian
340,12,1,0.963560834,0.105293925,0.007694518,0.00548088,0.109275846,0.007985503,0.005688152,0,gaussian
340,13,1,0.963034049,0.120286281,0.007013695,0.005894855,0.124903456,0.007282915,0.006121129,0,gaussian
340,14,1,0.965064499,0.153403864,0.008070542,0.006430962,0.158957111,0.008362697,0.006663764,0,gaussian
341,0,0,1.001074577,1.001050994,1.001040583,0.01802999,0.999976442,0.999966042,0.018010637,0,gaussian
341,1,0,0.996906496,0.996879179,0.99688551,0.105999809,0.999972598,0.999978949,0.106328737,0,gaussian
341,2,0,0.996214538,0.996172702,0.996171661,0.028896453,0.999958005,0.99995696,0.029006255,0,gaussian
341,3,0,0.998627764,0.998613517,0.998608107,0.022661696,0.999985733,0.999980316,0.022692836,0,gaussian
341,4,0,0.992261739,0.992253909,0.992252115,0.067861668,0.99999211,0.999990301,0.068390894,0,gaussian
341,5,0,0.995465626,0.99536374,0.99531412,0.01849565,0.99989765,0.999847804,0.018579898,0,gaussian
341,6,0,0.99214741,0.992037287,0.992017947,0.064300133,0.999889005,0.999869512,0.064809052,0,gaussian
341,7,0,0.997038937,0.997009482,0.996981244,0.0177394,0.999970458,0.999942136,0.017792084,0,gaussian
341,8,0,0.995298156,0.99496265,0.994904456,0.019680315,0.999662909,0.99960444,0.019773286,0,gaussian
341,9,1,0.963299946,0.125140642,0.005817806,0.004385028,0.129908283,0.006039454,0.00455209,0,gaussian
341,10,1,0.967618469,0.166101766,0.008823556,0.005543971,0.171660392,0.009118838,0.005729501,0,gaussian
341,11,1,0.963204246,0.156984865,0.010197836,0.006131804,0.162981907,0.010587407,0.006366047,0,gaussian
341,12,1,0.965399068,0.157572415,0.010252729,0.005482128,0.163219978,0.010620198,0.005678614,0,gaussian
341,13,1,0.964521046,0.118757554,0.017214467,0.004197533,0.123125934,0.017847684,0.004351935,0,gaussian
341,14,0,0.996909789,0.984793309,0.988514448,0.052258379,0.987845961,0.991578635,0.052420369,0,gaussian
342,0,0,0.994964422,0.99493973,0.994934519,0.051945966,0.999975183,0.999969946,0.052208868,0,gaussian
342,1,0,0.997110563,0.997092139,0.997095407,0.031762782,0.999981522,0.999984799,0.031854824,0,gaussian
342,2,0,0.994830638,0.994799205,0.994809505,0.058281318,0.999968404,0.999978757,0.058584161,0,gaussian
342,3,0,0.996608563,0.996586725,0.996590438,0.041911595,0.999978088,0.999981813,0.04205422,0,gaussian
342,4,0,0.993857907,0.993832118,0.99383348,0.183550421,0.999974051,0.999975422,0.184684772,0,gaussian
342,5,0,0.998912854,0.998885958,0.998887922,0.010807546,0.999973075,0.99997504,0.010819308,0,gaussian
342,6,0,0.993326086,0.993292299,0.993277491,0.045351686,0.999965986,0.999951078,0.045656393,0,gaussian
342,7,0,0.995970678,0.995922657,0.995930285,0.017622455,0.999951785,0.999959443,0.017693749,0,gaussian
342,8,0,1.001761852,1.001595989,1.001641708,0.027600164,0.999834429,0.999880067,0.027551622,0,gaussian
342,9,0,0.995613891,0.994571609,0.995053001,0.040138363,0.998953126,0.999436639,0.04031519,0,gaussian
342,10,1,0.9646329,0.102682837,0.004885063,0.004154054,0.106447579,0.005064168,0.004306358,0,gaussian
342,11,1,0.965757549,0.094973041,0.004672474,0.003810957,0.098340459,0.004838144,0.00394608,0,gaussian
342,12,1,0.965152227,0.143422459,0.007378697,0.006492106,0.148600869,0.007645113,0.00672651,0,gaussian
342,13,1,0.966503457,0.141848324,0.006341985,0.005297707,0.146764425,0.006561782,0.005481312,0,gaussian
342,14,1,0.964848432,0.118101035,0.005889089,0.005337998,0.122403718,0.006103642,0.005532473,0,gaussian
343,0,0,0.997141759,0.997114001,0.997112133,0.039422941,0.999972162,0.999970288,0.039535944,0,gaussian
343,1,0,0.995423574,0.995386845,0.99539047,0.039156812,0.999963103,0.999966745,0.039336834,0,gaussian
343,2,0,0.996274653,0.996262417,0.996260905,0.070365722,0.999987718,0.9999862,0.070628839,0,gaussian
343,3,0,0.993222738,0.993206534,0.993203406,0.075924541,0.999983686,0.999980536,0.076442613,0,gaussian
343,4,0,0.995192611,0.995164073,0.995174457,0.051768248,0.999971324,0.999981757,0.05201832,0,gaussian
343,5,0,0.994978061,0.994933319,0.994925626,0.045106485,0.999955033,0.9999473,0.04533415,0,gaussian
343,6,0,0.99546732,0.995434448,0.995425432,0.061307015,0.999966978,0.999957922,0.061586166,0,gaussian
343,7,0,0.997583085,0.997454806,0.997453407,0.028106503,0.999871411,0.999870008,0.028174599,0,gaussian
343,8,0,0.995782205,0.995654692,0.995683778,0.031343984,0.999871947,0.999901156,0.031476746,0,gaussian
343,9,0,0.994186912,0.994068975,0.994022036,0.07977457,0.999881374,0.99983416,0.080241018,0,gaussian
343,10,1,0.965436533,0.107026875,0.006373557,0.004515295,0.11085853,0.006601736,0.004676946,0,gaussian
343,11,1,0.966031058,0.090510967,0.0054372,0.003922785,0.093693641,0.00562839,0.004060724,0,gaussian
343,12,1,0.963816125,0.151580458,0.008992412,0.006146993,0.157271137,0.009330008,0.006377765,0,gaussian
343,13,1,0.967606608,0.154450189,0.00801997,0.005984254,0.15962085,0.008288461,0.006184594,0,gaussian
343,14,1,0.965150434,0.132418281,0.007398066,0.00575785,0.137199629,0.007665194,0.005965754,0,gaussian
344,0,0,0.997173839,0.99715753,0.99715948,0.014989323,0.999983645,0.999985601,0.015031805,0,gaussian
344,1,0,0.996539927,0.996530915,0.996528725,0.026753209,0.999990957,0.999988759,0.026846099,0,gaussian
344,2,0,0.995387295,0.995368906,0.995366457,0.032412632,0.999981526,0.999979065,0.032562835,0,gaussian
344,3,0,0.99876798,0.998737661,0.998743857,0.015755454,0.999969644,0.999975847,0.015774889,0,gaussian
344,4,0,0.992586293,0.992464546,0.99243912,0.115378579,0.999877344,0.999851727,0.116240351,0,gaussian
344,5,0,0.996539224,0.996487351,0.996486271,0.061069626,0.999947947,0.999946863,0.061281708,0,gaussian
344,6,0,0.994785051,0.994735447,0.994740943,0.029431865,0.999950136,0.999955661,0.029586156,0,gaussian
344,7,0,0.995947281,0.995795117,0.995773645,0.016813991,0.999847216,0.999825657,0.01688241,0,gaussian
344,8,0,0.993531749,0.993439536,0.993426326,0.052979913,0.999907186,0.99989389,0.053324831,0,gaussian
344,9,0,0.996562763,0.996129062,0.996033985,0.049289994,0.999564803,0.999469399,0.04946,0,gaussian
344,10,1,0.965966722,0.103327684,0.004268403,0.003560261,0.106968162,0.004418789,0.003685698,0,gaussian
344,11,1,0.962806078,0.113666882,0.005132539,0.004375266,0.118057919,0.005330813,0.004544286,0,gaussian
344,12,1,0.967412813,0.127329886,0.005262085,0.004406161,0.131618978,0.005439338,0.004554582,0,gaussian
344,13,1,0.964521686,0.139224019,0.005913543,0.005288261,0.144345141,0.006131063,0.005482781,0,gaussian
344,14,1,0.964481769,0.129191793,0.006490138,0.00602567,0.13394944,0.006729145,0.006247573,0,gaussian
345,0,0,0.995590638,0.995548178,0.995557499,0.027356406,0.999957353,0.999966714,0.027477565,0,gaussian
345,1,0,0.99499112,0.9949626,0.994953566,0.032950279,0.999971336,0.999962257,0.033116154,0,gaussian
345,2,0,0.997189545,0.997159642,0.997161951,0.007761274,0.999970013,0.999972328,0.007783149,0,gaussian
345,3,0,0.996436173,0.996372967,0.996382601,0.015304915,0.999936569,0.999946237,0.015359654,0,gaussian
345,4,0,0.995589721,0.995572089,0.995575067,0.068684448,0.99998229,0.999985281,0.068988708,0,gaussian
345,5,0,0.995489677,0.995429421,0.995395438,0.014638738,0.99993947,0.999905333,0.014705063,0,gaussian
345,6,0,0.998900072,0.998826159,0.998834191,0.026175547,0.999926006,0.999934047,0.02620437,0,gaussian
345,7,0,0.994875501,0.994774328,0.994806599,0.032221936,0.999898306,0.999930744,0.032387908,0,gaussian
345,8,0,0.996858461,0.996620116,0.996667547,0.024294512,0.999760904,0.999808485,0.024371075,0,gaussian
345,9,0,0.996035611,0.995515278,0.995295541,0.026630321,0.999477597,0.999256984,0.026736314,0,gaussian
345,10,1,0.964621088,0.085122194,0.004058342,0.00360722,0.088244177,0.004207188,0.00373952,0,gaussian
345,11,1,0.966972174,0.100787191,0.004765114,0.003450135,0.104229671,0.004927871,0.003567977,0,gaussian
345,12,1,0.963971847,0.13306262,0.007085155,0.005861206,0.138035795,0.00734996,0.006080266,0,gaussian
345,13,1,0.966177106,0.138067284,0.006850968,0.005563277,0.142900596,0.0070908,0.005758031,0,gaussian
345,14,1,0.967988236,0.129328337,0.006949885,0.005123382,0.133605277,0.007179721,0.005292814,0,gaussian
346,0,0,0.996295639,0.996270157,0.996274334,0.026958722,0.999974424,0.999978616,0.027058959,0,gaussian
346,1,0,0.991139123,0.991100427,0.991058716,0.060368528,0.999960958,0.999918875,0.060908229,0,gaussian
346,2,0,0.992597546,0.992556602,0.992531867,0.097348178,0.999958751,0.999933832,0.098074168,0,gaussian
346,3,0,0.996542726,0.996480189,0.996502932,0.055726012,0.999937245,0.999960068,0.05591934,0,gaussian
346,4,0,0.994764774,0.994745187,0.994742313,0.052489779,0.999980309,0.999977421,0.052766022,0,gaussian
346,5,0,0.994253816,0.994235544,0.994232492,0.032377756,0.999981623,0.999978553,0.03256488,0,gaussian
346,6,0,0.995157243,0.995134071,0.995135024,0.065992605,0.999976716,0.999977673,0.066313746,0,gaussian
346,7,0,0.999076703,0.999042462,0.998998139,0.016057948,0.999965727,0.999921364,0.016072788,0,gaussian
346,8,0,0.992924772,0.992899623,0.99289562,0.673217741,0.999974672,0.999970641,0.678014851,0,gaussian
346,9,0,0.994279401,0.994198848,0.994227164,0.159385303,0.999918984,0.999947463,0.160302328,0,gaussian
346,10,1,0.965695039,0.090419271,0.004233524,0.003489101,0.093631289,0.004383914,0.003613047,0,gaussian
346,11,1,0.965815225,0.099780385,0.005918395,0.004317337,0.103312086,0.006127875,0.004470148,0,gaussian
346,12,1,0.965189013,0.131274449,0.006477912,0.005564466,0.136009059,0.006711548,0.005765156,0,gaussian
346,13,1,0.96345306,0.136392045,0.007422171,0.006046287,0.141565844,0.007703718,0.006275643,0,gaussian
346,14,1,0.966616685,0.141952703,0.006719646,0.005704655,0.146855217,0.006951718,0.005901673,0,gaussian
347,0,0,0.995811437,0.995779444,0.995773003,0.033749506,0.999967872,0.999961405,0.033891463,0,gaussian
347,1,0,0.997276423,0.997247651,0.997252798,0.051302145,0.999971149,0.999976311,0.051442251,0,gaussian
347,2,0,0.994228974,0.994206636,0.994211468,0.045838534,0.999977532,0.999982392,0.046104605,0,gaussian
347,3,0,0.997778024,0.997748989,0.997747947,0.014892163,0.9999709,0.999969856,0.014925327,0,gaussian
347,4,0,0.997271357,0.997246968,0.997247042,0.014923348,0.999975545,0.999975619,0.01496418,0,gaussian
347,5,0,0.997340506,0.997254636,0.997247364,0.010026764,0.999913902,0.99990661,0.010053501,0,gaussian
347,6,0,0.992253476,0.99217698,0.992189302,0.388463399,0.999922907,0.999935325,0.391496133,0,gaussian
347,7,0,0.997142181,0.997000212,0.996928356,0.016676238,0.999857624,0.999785562,0.016724032,0,gaussian
347,8,0,0.994853959,0.994730796,0.994800327,0.025178628,0.9998762,0.999946091,0.025308869,0,gaussian
347,9,0,0.995798712,0.994992187,0.994967898,0.013124885,0.999190072,0.999165681,0.013180259,0,gaussian
347,10,1,0.964270974,0.113228343,0.004913354,0.004197659,0.117423781,0.005095408,0.004353195,0,gaussian
347,11,1,0.965694977,0.081041247,0.005473877,0.003961291,0.083920128,0.005668329,0.00410201,0,gaussian
347,12,1,0.966018954,0.121224578,0.007125908,0.005459124,0.125488819,0.007376571,0.005651156,0,gaussian
347,13,1,0.966069895,0.118645247,0.007315949,0.005525693,0.122812281,0.007572898,0.005719765,0,gaussian
347,14,1,0.965878172,0.143624731,0.008040206,0.006056502,0.148698599,0.008324245,0.006270461,0,gaussian
348,0,0,0.997232439,0.997223153,0.997223157,0.122171075,0.999990689,0.999990693,0.12251013,0,gaussian
348,1,0,0.998351382,0.998317201,0.998319632,0.005908768,0.999965763,0.999968198,0.005918525,0,gaussian
348,2,0,0.998524281,0.998501889,0.998461627,0.041285714,0.999977575,0.999937253,0.04134673,0,gaussian
348,3,0,0.995778757,0.995714415,0.995674072,0.015662299,0.999935385,0.999894871,0.015728693,0,gaussian
348,4,0,0.994200911,0.994155576,0.994098409,0.054002209,0.9999544,0.9998969,0.0543172,0,gaussian
348,5,0,0.994764036,0.994706191,0.994705917,0.031701567,0.99994185,0.999941575,0.031868429,0,gaussian
348,6,0,0.997905386,0.997767031,0.997634729,0.011565148,0.999861355,0.999728775,0.011589424,0,gaussian
348,7,0,0.998332035,0.998065503,0.998154117,0.013312492,0.999733023,0.999821785,0.013334734,0,gaussian
348,8,0,0.992710324,0.99217903,0.992102702,0.041668718,0.999464804,0.999387916,0.0419747,0,gaussian
348,9,0,0.993594315,0.992606265,0.993111094,0.085008615,0.99900558,0.999513663,0.085556664,0,gaussian
348,10,1,0.966122245,0.077907053,0.005670902,0.00300712,0.080638918,0.005869756,0.003112567,0,gaussian
348,11,1,0.966149906,0.108387142,0.008103996,0.004478386,0.112184601,0.008387928,0.004635291,0,gaussian
348,12,1,0.963285422,0.071217025,0.006616364,0.003720734,0.073931385,0.00686854,0.003862546,0,gaussian
348,13,1,0.966111599,0.110813738,0.00748303,0.004421121,0.114700763,0.007745513,0.004576201,0,gaussian
348,14,1,0.964331447,0.110454443,0.008905523,0.005099468,0.114539916,0.00923492,0.005288087,0,gaussian
349,0,0,0.995828249,0.99581202,0.995809693,0.02815178,0.999983702,0.999981366,0.028269714,0,gaussian
349,1,0,0.9959882,0.995956796,0.995944645,0.058479133,0.99996847,0.99995627,0.058714684,0,gaussian
349,2,0,0.998572553,0.998548019,0.998555784,0.03475851,0.999975431,0.999983207,0.034808196,0,gaussian
349,3,0,0.994399506,0.994369118,0.994374033,0.071334769,0.999969441,0.999974383,0.071736529,0,gaussian
349,4,0,0.995973258,0.995956231,0.995954152,0.019229495,0.999982903,0.999980817,0.01930724,0,gaussian
349,5,0,0.993334906,0.993315052,0.993315886,0.063544607,0.999980012,0.999980852,0.06397098,0,gaussian
349,6,0,0.999560109,0.999523752,0.999527562,0.021383054,0.999963627,0.999967439,0.021392464,0,gaussian
349,7,0,0.995820448,0.995699223,0.99571016,0.060184723,0.999878266,0.999889249,0.060437324,0,gaussian
349,8,0,1.000979506,1.000907319,1.000940977,0.007917574,0.999927884,0.999961509,0.007909827,0,gaussian
349,9,0,0.996828684,0.996770239,0.996756992,0.018430733,0.999941369,0.99992808,0.018489369,0,gaussian
349,10,1,0.965725338,0.122465884,0.004693556,0.004084312,0.126812334,0.004860135,0.004229269,0,gaussian
349,11,1,0.961628402,0.10296768,0.004635106,0.004528763,0.107076371,0.004820059,0.004709474,0,gaussian
349,12,1,0.963154721,0.107027757,0.005541201,0.005641776,0.111122081,0.005753179,0.005857601,0,gaussian
349,13,1,0.964881961,0.131821946,0.00600921,0.00540103,0.136619764,0.006227923,0.005597607,0,gaussian
349,14,1,0.965880509,0.161926891,0.006370406,0.005805347,0.167646919,0.006595439,0.006010419,0,gaussian
350,0,0,0.995499682,0.995485154,0.995481486,0.018085874,0.999985406,0.999981722,0.018167635,0,gaussian
350,1,0,0.996482418,0.996471287,0.996470111,0.044628567,0.99998883,0.99998765,0.044786106,0,gaussian
350,2,0,0.996441061,0.996435021,0.996428029,0.046637292,0.999993938,0.999986921,0.046803865,0,gaussian
350,3,0,0.996197894,0.996174864,0.996181836,0.025167983,0.999976881,0.99998388,0.025264039,0,gaussian
350,4,0,0.995507715,0.995500624,0.995503071,0.175666364,0.999992877,0.999995334,0.176459068,0,gaussian
350,5,0,0.998243471,0.998221217,0.998198316,0.017623851,0.999977707,0.999954765,0.017654863,0,gaussian
350,6,0,0.999535632,0.99949506,0.999477163,0.009959569,0.99995941,0.999941504,0.009964196,0,gaussian
350,7,0,0.996922103,0.996883055,0.996894483,0.013077154,0.999960831,0.999972295,0.013117529,0,gaussian
350,8,0,0.99102356,0.990582307,0.990661367,0.159362121,0.99955475,0.999634526,0.160805582,0,gaussian
350,9,0,0.996311279,0.996239985,0.996247193,0.068795235,0.999928442,0.999935676,0.069049941,0,gaussian
350,10,1,0.960921229,0.095699861,0.004189025,0.004232634,0.099591785,0.004359385,0.004404767,0,gaussian
350,11,1,0.963305482,0.113827881,0.004906302,0.004408399,0.118163846,0.005093194,0.004576325,0,gaussian
350,12,1,0.964303236,0.151205749,0.005226063,0.005225082,0.156803112,0.005419523,0.005418505,0,gaussian
350,13,1,0.966849824,0.141534319,0.00670048,0.005528842,0.146387076,0.006930218,0.005718408,0,gaussian
350,14,1,0.965569944,0.13477953,0.006566758,0.005855024,0.139585465,0.006800914,0.006063801,0,gaussian
351,0,0,0.997942653,0.997923829,0.997924188,0.027990735,0.999981137,0.999981496,0.028048441,0,gaussian
351,1,0,0.996192571,0.996172517,0.996177717,0.029319652,0.999979869,0.999985089,0.029431711,0,gaussian
351,2,0,0.995090477,0.995067416,0.995076991,0.0382855,0.999976825,0.999986448,0.038474391,0,gaussian
351,3,0,0.992674199,0.992640366,0.992658408,0.091168795,0.999965918,0.999984093,0.091841608,0,gaussian
351,4,0,0.995910777,0.995842044,0.995872916,0.041771027,0.999930985,0.999961983,0.041942539,0,gaussian
351,5,0,0.994662723,0.994641777,0.994650323,0.050532297,0.999978942,0.999987534,0.050803449,0,gaussian
351,6,0,0.99482736,0.994714457,0.994738363,0.049882671,0.999886509,0.99991054,0.050142038,0,gaussian
351,7,0,0.994150222,0.99406207,0.994075917,0.089739758,0.999911329,0.999925258,0.090267805,0,gaussian
351,8,0,0.99557927,0.995503379,0.995502767,0.0385906,0.999923773,0.999923158,0.038761956,0,gaussian
351,9,0,0.99423643,0.993579345,0.993686395,0.063891502,0.999339106,0.999446776,0.06426188,0,gaussian
351,10,1,0.96924164,0.110971425,0.004498762,0.003348104,0.114493043,0.004641528,0.003454355,0,gaussian
351,11,1,0.965426468,0.111251481,0.005398297,0.004047426,0.115235582,0.005591619,0.004192371,0,gaussian
351,12,1,0.963204505,0.122565178,0.00791466,0.00535117,0.127247306,0.008217009,0.005555591,0,gaussian
351,13,1,0.967303375,0.150649511,0.007579217,0.005043274,0.15574174,0.007835409,0.005213746,0,gaussian
351,14,1,0.969045196,0.144146033,0.008931018,0.005110985,0.148750578,0.009216307,0.005274249,0,gaussian
352,0,0,0.996573423,0.996554198,0.996554457,0.01548616,0.999980709,0.999980969,0.015539407,0,gaussian
352,1,0,0.998295015,0.998255513,0.998251795,0.032853714,0.999960431,0.999956707,0.032909824,0,gaussian
352,2,0,0.997165909,0.99712749,0.997117707,0.042007033,0.999961471,0.999951661,0.042126423,0,gaussian
352,3,0,0.994384721,0.99435012,0.99435594,0.023815829,0.999965204,0.999971056,0.023950317,0,gaussian
352,4,0,0.994535971,0.994503594,0.994501921,0.080958727,0.999967445,0.999965763,0.081403518,0,gaussian
352,5,0,0.997336308,0.997210413,0.997144979,0.039976075,0.999873769,0.99980816,0.040082843,0,gaussian
352,6,0,0.998602516,0.998552918,0.9985419,0.013003475,0.999950333,0.999939299,0.013021672,0,gaussian
352,7,0,0.998295803,0.998209601,0.998175085,0.04767845,0.99991365,0.999879076,0.047759842,0,gaussian
352,8,0,0.995254458,0.994962862,0.995002804,0.375549799,0.999707014,0.999747146,0.377340485,0,gaussian
352,9,0,0.993179729,0.992891494,0.992874608,0.241890041,0.999709786,0.999692784,0.243551125,0,gaussian
352,10,1,0.96268712,0.127499266,0.005845946,0.004252088,0.132441022,0.00607253,0.004416895,0,gaussian
352,11,1,0.964170268,0.09103331,0.004796959,0.00415527,0.094416218,0.00497522,0.004309685,0,gaussian
352,12,1,0.966853104,0.14182679,0.006709699,0.005200386,0.146689078,0.006939729,0.005378672,0,gaussian
352,13,1,0.964750705,0.173802388,0.008387574,0.006850759,0.180152642,0.008694032,0.007101067,0,gaussian
352,14,1,0.963412321,0.117782157,0.006875146,0.005944677,0.122255191,0.007136245,0.006170439,0,gaussian
353,0,0,0.998097414,0.998077867,0.998080713,0.01556654,0.999980416,0.999983267,0.015596213,0,gaussian
353,1,0,0.996784521,0.996740884,0.996746248,0.03197838,0.999956222,0.999961604,0.032081537,0,gaussian
353,2,0,0.996828615,0.996800798,0.996796592,0.046492295,0.999972095,0.999967875,0.046640209,0,gaussian
353,3,0,0.997129573,0.997112139,0.997114669,0.032497203,0.999982516,0.999985053,0.032590753,0,gaussian
353,4,0,0.996573398,0.996553602,0.996561262,0.070417163,0.999980136,0.999987823,0.070659284,0,gaussian
353,5,0,0.998487339,0.998459821,0.998466511,0.012794405,0.99997244,0.99997914,0.012813788,0,gaussian
353,6,0,0.993723758,0.993676283,0.993665837,0.036401418,0.999952225,0.999941713,0.036631325,0,gaussian
353,7,0,0.994444468,0.994372841,0.994385504,0.105821497,0.999927973,0.999940707,0.106412676,0,gaussian
353,8,0,0.992338368,0.992254928,0.99227185,0.409839898,0.999915916,0.999932969,0.413004184,0,gaussian
353,9,0,0.992644763,0.99238095,0.992154976,0.039681115,0.999734232,0.999506583,0.039975141,0,gaussian
353,10,1,0.965520216,0.108399877,0.00548823,0.004186085,0.112270955,0.005684221,0.004335575,0,gaussian
353,11,1,0.965862965,0.113313345,0.00552887,0.004138657,0.117318242,0.00572428,0.004284932,0,gaussian
353,12,1,0.968256548,0.112253973,0.007496663,0.005646503,0.115934122,0.007742434,0.005831618,0,gaussian
353,13,1,0.96486565,0.164334531,0.007782831,0.006142804,0.170318563,0.008066233,0.006366487,0,gaussian
353,14,1,0.966888926,0.131250704,0.0079246,0.005771612,0.135745379,0.008195977,0.00596926,0,gaussian
354,0,0,0.99598831,0.99597669,0.995974888,0.030746382,0.999988333,0.999986523,0.030870223,0,gaussian
354,1,0,0.995495745,0.9954772,0.995475565,0.019335806,0.999981372,0.999979729,0.019423293,0,gaussian
354,2,0,0.995721632,0.995695747,0.995703392,0.014172779,0.999974004,0.999981682,0.014233676,0,gaussian
354,3,0,0.997376294,0.9973306,0.997338391,0.012759021,0.999954185,0.999961997,0.012792585,0,gaussian
354,4,0,0.989003524,0.988958587,0.988959404,0.20693534,0.999954564,0.999955389,0.209236201,0,gaussian
354,5,0,0.995864627,0.995805966,0.995809945,0.270991534,0.999941096,0.999945092,0.272116839,0,gaussian
354,6,0,0.997946539,0.997642913,0.997730558,0.022691591,0.999695749,0.999783574,0.022738284,0,gaussian
354,7,0,0.995137527,0.994546366,0.994295196,0.048891013,0.99940595,0.999153554,0.049129905,0,gaussian
354,8,0,0.996070413,0.99444493,0.993418696,0.015437479,0.998368104,0.997337821,0.015498382,0,gaussian
354,9,0,0.995096618,0.991180586,0.992058414,0.025600116,0.996064671,0.996946824,0.025726262,0,gaussian
354,10,1,0.963641179,0.109577918,0.011968935,0.004381317,0.113712365,0.012420531,0.004546627,0,gaussian
354,11,1,0.962005727,0.097751566,0.006691384,0.004503521,0.10161225,0.006955659,0.004681387,0,gaussian
354,12,1,0.966293137,0.120503614,0.009464704,0.005048393,0.124707099,0.009794858,0.005224494,0,gaussian
354,13,1,0.963155783,0.129388583,0.010227093,0.006783433,0.134338168,0.010618317,0.007042924,0,gaussian
354,14,1,0.966362489,0.13707974,0.00900291,0.005953595,0.141851263,0.009316287,0.00616083,0,gaussian
355,0,0,0.992834508,0.99281035,0.992810236,0.065308362,0.999975667,0.999975553,0.065779706,0,gaussian
355,1,0,0.995637028,0.995619825,0.995620365,0.167555434,0.999982722,0.999983264,0.168289677,0,gaussian
355,2,0,0.999655732,0.999626916,0.999622911,0.125733818,0.999971175,0.999967168,0.125777119,0,gaussian
355,3,0,0.99595245,0.995906302,0.995881782,0.039511758,0.999953665,0.999929045,0.039672334,0,gaussian
355,4,0,0.989928319,0.98988826,0.989902387,0.254058569,0.999959533,0.999973804,0.256643399,0,gaussian
355,5,0,0.997870065,0.997810081,0.997814518,0.024681211,0.999939889,0.999944335,0.024733893,0,gaussian
355,6,0,0.995820589,0.995622682,0.995641958,0.021413799,0.999801263,0.999820619,0.021503672,0,gaussian
355,7,0,0.995931815,0.995725231,0.99567825,0.121246273,0.999792572,0.999745399,0.12174154,0,gaussian
355,8,0,0.996113102,0.996050142,0.995984997,0.35140421,0.999936794,0.999871395,0.352775412,0,gaussian
355,9,0,0.99656988,0.996365993,0.996307224,0.297942827,0.999795412,0.99973644,0.298968324,0,gaussian
355,10,1,0.965868242,0.097711716,0.004577087,0.003822476,0.101164643,0.004738831,0.003957554,0,gaussian
355,11,1,0.965487677,0.109863202,0.005654492,0.004433292,0.113790372,0.005856618,0.004591765,0,gaussian
355,12,1,0.965974276,0.133607452,0.006590794,0.005714884,0.138313675,0.00682295,0.005916186,0,gaussian
355,13,1,0.967441841,0.11768719,0.007508631,0.00596124,0.121647819,0.007761326,0.006161858,0,gaussian
355,14,1,0.966353923,0.156445521,0.007012333,0.006109484,0.161892571,0.007256485,0.006322201,0,gaussian
356,0,0,0.995780433,0.995762937,0.995750099,0.059038554,0.99998243,0.999969537,0.059288727,0,gaussian
356,1,0,0.99335702,0.993327867,0.993336916,0.094028273,0.999970652,0.999979762,0.094657078,0,gaussian
356,2,0,0.999731979,0.999725822,0.999724859,0.016028768,0.999993841,0.999992878,0.016033065,0,gaussian
356,3,0,0.999827734,0.999767524,0.999769546,0.025971497,0.99993978,0.999941803,0.025975972,0,gaussian
356,4,0,0.995752931,0.995702685,0.995740649,0.123801921,0.999949539,0.999987665,0.124329959,0,gaussian
356,5,0,0.987993734,0.987777664,0.987933397,0.771410449,0.999781304,0.99993893,0.780784758,0,gaussian
356,6,0,0.993559679,0.993540137,0.993533068,0.084953787,0.999980331,0.999973216,0.085504463,0,gaussian
356,7,0,0.994675773,0.994590432,0.994586607,0.042780964,0.999914201,0.999910356,0.043009959,0,gaussian
356,8,0,0.995195458,0.995103219,0.995145794,0.09518066,0.999907316,0.999950096,0.095640167,0,gaussian
356,9,1,0.964751459,0.122911418,0.008044598,0.004550869,0.127402158,0.008338519,0.004717141,0,gaussian
356,10,1,0.96418653,0.136261884,0.013311512,0.006730952,0.141323156,0.013805951,0.006980964,0,gaussian
356,11,0,0.991455033,0.986034017,0.987698265,0.183683985,0.994532262,0.996210854,0.185267086,0,gaussian
356,12,1,0.965036891,0.103989706,0.027335895,0.005496659,0.107757234,0.02832627,0.005695802,0,gaussian
356,13,1,0.964870024,0.180522762,0.017957231,0.006960968,0.18709542,0.018611036,0.00721441,0,gaussian
356,14,1,0.970587985,0.170710758,0.019917651,0.005962667,0.175883856,0.020521222,0.006143355,0,gaussian
357,0,0,0.997506192,0.997464611,0.997461441,0.054953269,0.999958315,0.999955137,0.055090654,0,gaussian
357,1,0,0.994938041,0.994922746,0.994910787,0.093749863,0.999984627,0.999972607,0.094226835,0,gaussian
357,2,0,0.99763435,0.997598,0.997598361,0.010170793,0.999963564,0.999963926,0.01019491,0,gaussian
357,3,0,0.994308353,0.994287246,0.994285563,0.031677865,0.999978773,0.99997708,0.031859196,0,gaussian
357,4,0,0.998301294,0.998281399,0.998282517,0.00682305,0.999980071,0.999981191,0.00683466,0,gaussian
357,5,0,0.999012152,0.998985787,0.998995831,0.038145403,0.999973609,0.999983663,0.038183123,0,gaussian
357,6,0,0.993999251,0.993943543,0.993979508,0.384846117,0.999943955,0.999980138,0.387169423,0,gaussian
357,7,0,0.995056751,0.995026016,0.995011349,0.043990336,0.999969112,0.999954372,0.044208872,0,gaussian
357,8,0,0.995159694,0.995028882,0.995046974,0.090131245,0.999868552,0.999886732,0.09056963,0,gaussian
357,9,0,0.993526895,0.99292881,0.993039179,0.048909654,0.999398017,0.999509106,0.049228314,0,gaussian
357,10,1,0.962920497,0.100416486,0.00513357,0.00446201,0.104283258,0.00533125,0.00463383,0,gaussian
357,11,1,0.965343819,0.108770592,0.006416574,0.003896983,0.112675494,0.006646931,0.004036886,0,gaussian
357,12,1,0.965988863,0.1510915,0.0071489,0.005548964,0.156411224,0.007400603,0.005744335,0,gaussian
357,13,1,0.96668812,0.133025048,0.008696101,0.005377475,0.137609064,0.008995767,0.005562782,0,gaussian
357,14,1,0.964730708,0.167367963,0.00933599,0.006440378,0.173486717,0.009677302,0.00667583,0,gaussian
358,0,0,0.997682864,0.997658661,0.997649776,0.010135916,0.999975741,0.999966835,0.010159457,0,gaussian
358,1,0,0.995461948,0.995452984,0.995451947,0.034021105,0.999990995,0.999989953,0.034176199,0,gaussian
358,2,0,0.996948141,0.996917099,0.996918512,0.01359154,0.999968863,0.99997028,0.013633146,0,gaussian
358,3,0,0.997943637,0.997906541,0.997899651,0.022275957,0.999962827,0.999955924,0.022321859,0,gaussian
358,4,0,0.99634783,0.996329162,0.996325335,0.027531188,0.999981263,0.999977422,0.027632105,0,gaussian
358,5,0,0.992849386,0.992776357,0.992787841,0.049444914,0.999926444,0.999938011,0.049801022,0,gaussian
358,6,0,0.998122299,0.998102883,0.998091447,0.0323022,0.999980548,0.999969091,0.032362968,0,gaussian
358,7,0,0.995453065,0.995318035,0.995355696,0.033616807,0.999864353,0.999902186,0.033770358,0,gaussian
358,8,0,0.994348676,0.994204804,0.994235652,0.052877831,0.999855311,0.999886334,0.053178359,0,gaussian
358,9,0,0.994221329,0.992227811,0.993216718,0.076071027,0.997994896,0.99898955,0.076513172,0,gaussian
358,10,1,0.964178924,0.119776317,0.005536857,0.004770262,0.124226234,0.005742562,0.004947486,0,gaussian
358,11,1,0.961939986,0.132736632,0.007320311,0.006761125,0.137988475,0.007609946,0.007028635,0,gaussian
358,12,1,0.967487584,0.135334035,0.007944097,0.006324535,0.139881935,0.008211059,0.006537071,0,gaussian
358,13,1,0.963232971,0.103157246,0.006823459,0.004650489,0.107094803,0.007083914,0.004828,0,gaussian
358,14,1,0.963825625,0.126650908,0.008406369,0.006562894,0.13140438,0.008721878,0.006809213,0,gaussian
359,0,0,0.99545825,0.995441146,0.995438055,0.044590489,0.999982819,0.999979713,0.044793932,0,gaussian
359,1,0,0.994642414,0.994625791,0.99461372,0.095466055,0.999983288,0.999971152,0.095980278,0,gaussian
359,2,0,0.99374847,0.993730256,0.993723279,0.106904851,0.999981672,0.999974651,0.107577374,0,gaussian
359,3,0,0.998540443,0.998510265,0.998515849,0.010660374,0.999969777,0.99997537,0.010675956,0,gaussian
359,4,0,0.994187026,0.994165088,0.99417065,0.068865057,0.999977935,0.999983529,0.069267709,0,gaussian
359,5,0,0.993234964,0.99321031,0.993199573,0.185468047,0.999975179,0.999964367,0.186731291,0,gaussian
359,6,0,0.993580049,0.993547672,0.993550115,0.197538852,0.999967414,0.999969872,0.198815237,0,gaussian
359,7,0,0.996485679,0.996438652,0.996444691,0.054306184,0.999952807,0.999958868,0.054497706,0,gaussian
359,8,0,0.997080009,0.996890527,0.996904772,0.020351319,0.999809964,0.999824251,0.020410919,0,gaussian
359,9,1,0.965599452,0.097356354,0.006011354,0.003681281,0.100824782,0.006225515,0.00381243,0,gaussian
359,10,0,0.994140588,0.989133036,0.985772811,0.075715935,0.994962933,0.991582903,0.0761622,0,gaussian
359,11,1,0.965741785,0.13260716,0.008980426,0.005715003,0.137311197,0.009298993,0.005917734,0,gaussian
359,12,1,0.961998022,0.15135337,0.010112801,0.006456638,0.157332309,0.010512289,0.006711696,0,gaussian
359,13,1,0.964159287,0.113189017,0.013229641,0.004590342,0.117396595,0.013721426,0.004760979,0,gaussian
359,14,1,0.965514654,0.145629935,0.011020141,0.006143645,0.150831408,0.011413748,0.006363078,0,gaussian
360,0,0,0.993083978,0.993063528,0.993057258,0.082591952,0.999979407,0.999973094,0.083167137,0,gaussian
360,1,0,0.989348038,0.989335279,0.989312803,0.200656499,0.999987104,0.999964386,0.202816897,0,gaussian
360,2,0,0.999095477,0.999064788,0.999081521,0.022368327,0.999969283,0.999986032,0.022388578,0,gaussian
360,3,0,0.997280049,0.997245472,0.99724696,0.018610286,0.999965329,0.999966821,0.018661044,0,gaussian
360,4,0,0.990574365,0.990504889,0.990541821,0.435153865,0.999929862,0.999967146,0.439294495,0,gaussian
360,5,0,0.9939525,0.99391981,0.993891697,0.029916334,0.999967111,0.999938827,0.030098354,0,gaussian
360,6,0,0.997613772,0.997523081,0.997516444,0.029129313,0.999909092,0.999902439,0.029198989,0,gaussian
360,7,0,0.988036509,0.987824917,0.987858983,0.234407388,0.999785846,0.999820325,0.237245674,0,gaussian
360,8,0,0.99407108,0.993220595,0.993371039,0.041910379,0.999144442,0.999295785,0.042160345,0,gaussian
360,9,0,0.994061368,0.993797636,0.993762194,0.060453434,0.999734692,0.999699038,0.06081459,0,gaussian
360,10,1,0.965826857,0.129372279,0.007494672,0.003876198,0.133949764,0.00775985,0.004013347,0,gaussian
360,11,1,0.9652294,0.111874108,0.006052909,0.004261863,0.115904165,0.006270954,0.004415389,0,gaussian
360,12,1,0.966897996,0.135175473,0.008325248,0.005058836,0.13980324,0.008610265,0.005232027,0,gaussian
360,13,1,0.964577434,0.156794921,0.009857182,0.00683759,0.162552965,0.010219171,0.007088689,0,gaussian
360,14,1,0.964673191,0.132919802,0.008161661,0.005974747,0.137787391,0.008460545,0.006193545,0,gaussian
361,0,0,0.995820039,0.995789048,0.995799838,0.107465541,0.999968879,0.999979715,0.107916628,0,gaussian
361,1,0,0.996702046,0.996687551,0.99668127,0.043900235,0.999985457,0.999979155,0.044045495,0,gaussian
361,2,0,0.995921241,0.995902708,0.995907081,0.01491213,0.999981391,0.999985781,0.014973202,0,gaussian
361,3,0,0.995834645,0.995724106,0.995756813,0.01912402,0.999888998,0.999921842,0.019204012,0,gaussian
361,4,0,0.997065066,0.997045421,0.9970432,0.059656302,0.999980297,0.99997807,0.059831904,0,gaussian
361,5,0,0.996602166,0.99657163,0.996564618,0.151391338,0.99996936,0.999962324,0.151907495,0,gaussian
361,6,0,0.99000959,0.989887416,0.98991845,0.270496926,0.999876593,0.999907941,0.273226571,0,gaussian
361,7,0,0.994815695,0.994705218,0.994627933,0.078995595,0.999888948,0.99981126,0.079407266,0,gaussian
361,8,0,0.994178073,0.994110395,0.994079848,0.149556261,0.999931925,0.9999012,0.150432066,0,gaussian
361,9,0,0.997143656,0.997027992,0.997071947,0.024038407,0.999884005,0.999928085,0.024107266,0,gaussian
361,10,1,0.965743203,0.119829715,0.004469638,0.003660544,0.124080309,0.004628184,0.003790391,0,gaussian
361,11,1,0.964631435,0.136368655,0.005843146,0.004943764,0.141368662,0.006057387,0.005125029,0,gaussian
361,12,1,0.965599354,0.096430587,0.005096457,0.003439617,0.099866043,0.005278025,0.003562158,0,gaussian
361,13,1,0.966686217,0.15310907,0.006849886,0.005046596,0.158385489,0.007085946,0.005220511,0,gaussian
361,14,1,0.965973922,0.140115119,0.007574835,0.0052371,0.145050623,0.007841656,0.005421575,0,gaussian
362,0,0,0.994762808,0.994748166,0.994741913,0.095164442,0.999985281,0.999978996,0.095665461,0,gaussian
362,1,0,0.996235295,0.99619348,0.996193154,0.011294505,0.999958027,0.9999577,0.011337187,0,gaussian
362,2,0,0.998092408,0.998079053,0.998081815,0.009968416,0.999986619,0.999989386,0.009987468,0,gaussian
362,3,0,0.996054214,0.996018113,0.996019012,0.040917716,0.999963756,0.999964659,0.041079808,0,gaussian
362,4,0,0.997511088,0.99745189,0.997437121,0.012807848,0.999940654,0.999925848,0.012839806,0,gaussian
362,5,0,0.99629746,0.996195868,0.996170276,0.024584742,0.99989803,0.999872343,0.024676106,0,gaussian
362,6,0,0.994800293,0.994707384,0.994703812,0.043836174,0.999906606,0.999903015,0.044065301,0,gaussian
362,7,0,0.995688753,0.995447694,0.995389015,0.027448014,0.999757897,0.999698964,0.027566862,0,gaussian
362,8,0,0.996294801,0.996030403,0.996058036,0.038660348,0.999734619,0.999762354,0.038804125,0,gaussian
362,9,0,0.997239233,0.995773035,0.996179531,0.01530733,0.998529743,0.998937364,0.015349707,0,gaussian
362,10,1,0.964219905,0.08577264,0.00443157,0.00374569,0.088955475,0.004596015,0.003884685,0,gaussian
362,11,1,0.966588378,0.091056186,0.005462685,0.003472746,0.094203684,0.005651511,0.003592787,0,gaussian
362,12,1,0.966252871,0.121942597,0.006828944,0.004957978,0.126201537,0.00706745,0.005131139,0,gaussian
362,13,1,0.967276415,0.13864754,0.00673575,0.005389625,0.143338076,0.006963624,0.00557196,0,gaussian
362,14,1,0.963021304,0.123530532,0.00809262,0.006537244,0.128273934,0.008403365,0.006788265,0,gaussian
363,0,0,0.991324318,0.991312163,0.991313704,0.090087407,0.999987739,0.999989294,0.090875817,0,gaussian
363,1,0,0.996301578,0.996287596,0.996286662,0.024241512,0.999985967,0.999985029,0.0243315,0,gaussian
363,2,0,0.994857278,0.994823114,0.994833591,0.042362632,0.99996566,0.999976191,0.042581617,0,gaussian
363,3,0,0.995272723,0.995234447,0.995243566,0.039316801,0.999961541,0.999970704,0.039503545,0,gaussian
363,4,0,0.993361072,0.993238843,0.993266327,0.09011049,0.999876954,0.999904621,0.090712725,0,gaussian
363,5,0,0.996455367,0.996426201,0.996415239,0.027126544,0.999970729,0.999959729,0.02722304,0,gaussian
363,6,0,0.995315696,0.995244428,0.995270257,0.028733234,0.999928396,0.999954347,0.028868462,0,gaussian
363,7,0,0.995113782,0.995064844,0.995049713,0.097014182,0.999950821,0.999935617,0.097490542,0,gaussian
363,8,0,0.994569105,0.994224632,0.9942355,0.052713773,0.999653647,0.999664574,0.053001619,0,gaussian
363,9,0,0.99614109,0.995775276,0.995993637,0.025457877,0.999632769,0.999851976,0.025556497,0,gaussian
363,10,1,0.966558978,0.110710189,0.005459657,0.004172524,0.114540542,0.00564855,0.004316885,0,gaussian
363,11,1,0.963695644,0.121268697,0.00551519,0.004523938,0.125837134,0.005722959,0.004694364,0,gaussian
363,12,1,0.967200401,0.143773989,0.00705704,0.005200234,0.148649638,0.007296358,0.005376584,0,gaussian
363,13,1,0.963863712,0.152327421,0.00815303,0.006551065,0.158038339,0.008458696,0.006796672,0,gaussian
363,14,1,0.96922024,0.137314234,0.008009657,0.005590122,0.141674955,0.008264022,0.005767649,0,gaussian
364,0,0,0.995139232,0.995127057,0.995129978,0.056238483,0.999987766,0.999990701,0.056513181,0,gaussian
364,1,0,0.997722887,0.997698903,0.997710638,0.043238716,0.999975962,0.999987724,0.0433374,0,gaussian
364,2,0,0.995341775,0.995281221,0.995320811,0.102470388,0.999939162,0.999978938,0.102949953,0,gaussian
364,3,0,0.996315973,0.996273749,0.996285993,0.01489263,0.99995762,0.99996991,0.014947698,0,gaussian
364,4,0,0.998142894,0.998089992,0.99810123,0.013880776,0.999946999,0.999958258,0.013906602,0,gaussian
364,5,0,0.991627575,0.991255836,0.991507793,0.521657287,0.999625122,0.999879206,0.526061699,0,gaussian
364,6,0,0.998151066,0.998097174,0.99812115,0.015872495,0.999946008,0.999970028,0.015901896,0,gaussian
364,7,0,0.99693841,0.996633913,0.996775956,0.124907557,0.999694568,0.999837047,0.125291147,0,gaussian
364,8,0,0.995394351,0.99511751,0.99511755,0.032975484,0.999721878,0.999721918,0.03312806,0,gaussian
364,9,0,0.991302051,0.989560554,0.990972262,0.36692025,0.998243222,0.999667316,0.370139706,0,gaussian
364,10,1,0.964377241,0.10969969,0.005454402,0.004087567,0.113751844,0.00565588,0.004238556,0,gaussian
364,11,1,0.963733908,0.114125228,0.006228262,0.004061067,0.118419853,0.006462637,0.004213888,0,gaussian
364,12,1,0.965463862,0.1293129,0.006688457,0.005250627,0.133938623,0.006927713,0.00543845,0,gaussian
364,13,1,0.966110054,0.132878002,0.007878334,0.00534539,0.137539198,0.008154696,0.0055329,0,gaussian
364,14,1,0.966336616,0.122436041,0.006938883,0.004902312,0.126701233,0.007180606,0.00507309,0,gaussian
365,0,0,0.994725438,0.994700654,0.994708998,0.127644983,0.999975084,0.999983473,0.128321825,0,gaussian
365,1,0,1.002597657,1.002587315,1.002585549,0.030532742,0.999989684,0.999987923,0.030453634,0,gaussian
365,2,0,0.999921025,0.999891494,0.999891405,0.005369693,0.999970467,0.999970378,0.005370117,0,gaussian
365,3,0,0.995670549,0.995641059,0.995628374,0.019703613,0.999970382,0.999957641,0.01978929,0,gaussian
365,4,0,0.998210676,0.998176557,0.998187363,0.015432198,0.99996582,0.999976646,0.015459861,0,gaussian
365,5,0,0.99705121,0.996983486,0.996989143,0.022159099,0.999932076,0.99993775,0.022224635,0,gaussian
365,6,0,0.995849713,0.995718308,0.995718106,0.016894667,0.999868047,0.999867845,0.016965077,0,gaussian
365,7,0,0.994092274,0.993645102,0.993550696,0.078054876,0.99955017,0.999455203,0.078518743,0,gaussian
365,8,0,0.993185434,0.992185765,0.992582217,0.069931383,0.998993473,0.999392645,0.070411205,0,gaussian
365,9,0,0.996582273,0.995837383,0.995695956,0.021154759,0.999252555,0.999110644,0.021227308,0,gaussian
365,10,1,0.961254576,0.101147776,0.007152942,0.004501563,0.105224754,0.007441257,0.004683008,0,gaussian
365,11,1,0.966491706,0.107309271,0.007906547,0.00380058,0.111029686,0.008180667,0.003932346,0,gaussian
365,12,1,0.963871954,0.134115973,0.009415222,0.005778283,0.139142936,0.009768125,0.005994866,0,gaussian
365,13,1,0.965191953,0.124769996,0.009580302,0.005339266,0.129269618,0.009925799,0.005531818,0,gaussian
365,14,1,0.968298282,0.14334427,0.008326374,0.004525306,0.148037307,0.008598976,0.004673463,0,gaussian
366,0,0,0.995836049,0.995800218,0.995798765,0.021039055,0.999964019,0.999962559,0.021127027,0,gaussian
366,1,0,0.9898074,0.98976776,0.989783969,0.196609109,0.999959952,0.999976327,0.198633703,0,gaussian
366,2,0,0.997177591,0.997168836,0.997171911,0.058777232,0.999991221,0.999994304,0.058943595,0,gaussian
366,3,0,0.995034133,0.995014864,0.995009673,0.035248649,0.999980635,0.999975418,0.035424563,0,gaussian
366,4,0,0.997403945,0.997392909,0.997388157,0.012870673,0.999988936,0.999984172,0.012904173,0,gaussian
366,5,0,0.996458393,0.996441004,0.996442001,0.011817375,0.999982549,0.999983549,0.011859376,0,gaussian
366,6,0,0.993800396,0.993754479,0.993769208,0.124899643,0.999953796,0.999968617,0.125678802,0,gaussian
366,7,0,0.994074804,0.994023678,0.994024129,0.059254549,0.99994857,0.999949024,0.059607737,0,gaussian
366,8,0,0.995515905,0.995377465,0.995394506,0.066933827,0.999860937,0.999878055,0.067235316,0,gaussian
366,9,0,0.993457253,0.993272304,0.99314672,0.040475212,0.999813833,0.999687423,0.040741775,0,gaussian
366,10,1,0.964196472,0.105251914,0.005078361,0.004122086,0.109160236,0.005266936,0.004275152,0,gaussian
366,11,1,0.963707626,0.092706031,0.005519393,0.004359279,0.096197258,0.005727248,0.004523445,0,gaussian
366,12,1,0.967438995,0.114141573,0.005772658,0.00465232,0.117983225,0.005966947,0.004808902,0,gaussian
366,13,1,0.962654263,0.115066497,0.006770536,0.005760585,0.11953045,0.007033196,0.005984065,0,gaussian
366,14,1,0.967200295,0.146064757,0.006291945,0.005267085,0.151018106,0.006505318,0.005445703,0,gaussian
367,0,0,0.998302944,0.99826176,0.998264719,0.037574512,0.999958746,0.999961709,0.037638387,0,gaussian
367,1,0,0.995903617,0.995885185,0.995888379,0.017871613,0.999981492,0.9999847,0.017945123,0,gaussian
367,2,0,0.994596191,0.994585315,0.994585239,0.033738984,0.999989065,0.999988988,0.033922294,0,gaussian
367,3,0,0.992868139,0.99284376,0.992847177,0.073784371,0.999975446,0.999978888,0.074314371,0,gaussian
367,4,0,0.99179668,0.991750171,0.991727426,0.049665213,0.999953107,0.999930173,0.050076003,0,gaussian
367,5,0,0.996267171,0.996210729,0.996228276,0.037525116,0.999943347,0.99996096,0.037665716,0,gaussian
367,6,0,0.999048532,0.998990044,0.998995138,0.014936613,0.999941456,0.999946555,0.014950838,0,gaussian
367,7,0,0.991040395,0.990923468,0.990984417,0.287605603,0.999882015,0.999943516,0.290205732,0,gaussian
367,8,0,0.996165745,0.995627298,0.995452347,0.026536786,0.999459481,0.999283857,0.026638926,0,gaussian
367,9,0,0.994753132,0.99413995,0.992947296,0.077849171,0.999383584,0.998184639,0.07825979,0,gaussian
367,10,1,0.962366915,0.098951501,0.004989923,0.004101744,0.102820971,0.005185052,0.004262141,0,gaussian
367,11,1,0.966089216,0.125229454,0.007097049,0.00537127,0.129625145,0.007346163,0.005559807,0,gaussian
367,12,1,0.965709354,0.112221725,0.008176064,0.003972666,0.116206522,0.008466381,0.004113729,0,gaussian
367,13,1,0.96294074,0.153216371,0.007907134,0.005751761,0.15911298,0.008211444,0.005973121,0,gaussian
367,14,1,0.966783872,0.151555788,0.007953853,0.004834679,0.156762843,0.008227127,0.005000785,0,gaussian
368,0,0,0.993610439,0.993586392,0.993591325,0.031555094,0.999975798,0.999980763,0.031758014,0,gaussian
368,1,0,0.996949821,0.996941613,0.996943085,0.029208339,0.999991767,0.999993244,0.029297703,0,gaussian
368,2,0,0.995327556,0.995315499,0.995317397,0.262173075,0.999987886,0.999989793,0.263403814,0,gaussian
368,3,0,0.997150002,0.997147243,0.997139572,0.032857692,0.999997233,0.99998954,0.032951604,0,gaussian
368,4,0,0.993684471,0.993670735,0.993664261,0.119177687,0.999986177,0.999979661,0.119935141,0,gaussian
368,5,0,0.995749014,0.995586801,0.995574114,0.069076496,0.999837094,0.999824354,0.069371393,0,gaussian
368,6,0,0.995649443,0.995569532,0.995607676,0.03780095,0.99991974,0.99995805,0.037966123,0,gaussian
368,7,0,0.995882818,0.995781523,0.995810938,0.041717748,0.999898286,0.999927823,0.041890218,0,gaussian
368,8,0,0.994073134,0.993906371,0.99370679,0.054460796,0.999832242,0.999631472,0.054785502,0,gaussian
368,9,0,0.998030044,0.997785702,0.997709333,0.016833512,0.999755176,0.999678656,0.016866739,0,gaussian
368,10,1,0.963098809,0.097052356,0.005435727,0.004632914,0.100770923,0.005643997,0.004810424,0,gaussian
368,11,1,0.963251135,0.128390821,0.006756758,0.004999135,0.133289042,0.007014534,0.005189857,0,gaussian
368,12,1,0.966794819,0.135560901,0.007261107,0.005424702,0.140216826,0.007510495,0.005611017,0,gaussian
368,13,1,0.969237739,0.180066856,0.00904126,0.005897694,0.185781928,0.009328217,0.006084879,0,gaussian
368,14,1,0.967604641,0.160228819,0.008339954,0.005398729,0.165593272,0.008619176,0.005579478,0,gaussian
369,0,0,0.996643455,0.996594506,0.996606151,0.035792623,0.999950886,0.999962571,0.035913167,0,gaussian
369,1,0,0.993799176,0.993783668,0.99378435,0.122292626,0.999984395,0.999985081,0.123055673,0,gaussian
369,2,0,0.988948272,0.988921439,0.988933526,0.933168241,0.999972867,0.999985089,0.943596614,0,gaussian
369,3,0,0.993459181,0.993443814,0.993439762,0.038063797,0.999984532,0.999980453,0.038314404,0,gaussian
369,4,0,0.993221442,0.993209292,0.993207218,0.101106782,0.999987767,0.999985679,0.101796817,0,gaussian
369,5,0,0.993158666,0.993131449,0.993146601,0.326168588,0.999972596,0.999987851,0.328415387,0,gaussian
369,6,0,0.995166008,0.995133756,0.99511198,0.05940177,0.999967591,0.99994571,0.059690312,0,gaussian
369,7,0,0.994504264,0.994445178,0.994443724,0.028076252,0.999940588,0.999939125,0.028231405,0,gaussian
369,8,0,0.99969173,0.999595709,0.999593964,0.009384693,0.99990395,0.999902204,0.009387587,0,gaussian
369,9,0,0.992575728,0.989978966,0.990309094,0.142783609,0.997383815,0.997716412,0.143851603,0,gaussian
369,10,1,0.967298576,0.104377975,0.004868245,0.00359753,0.107906677,0.005032825,0.003719152,0,gaussian
369,11,1,0.964389368,0.103316561,0.006820649,0.004440157,0.107131584,0.007072505,0.004604113,0,gaussian
369,12,1,0.962180281,0.171513213,0.009321256,0.006837153,0.178254758,0.00968764,0.007105896,0,gaussian
369,13,1,0.966253409,0.149774465,0.0091758,0.006252108,0.155005368,0.009496267,0.006470464,0,gaussian
369,14,1,0.965458289,0.13716648,0.008705741,0.006279918,0.142073958,0.00901721,0.006504598,0,gaussian
370,0,0,0.993564688,0.993532588,0.993535392,0.080447874,0.999967692,0.999970514,0.080968935,0,gaussian
370,1,0,0.997198432,0.997174819,0.997170201,0.047742752,0.999976321,0.99997169,0.047876883,0,gaussian
370,2,0,0.994788415,0.994758115,0.994762657,0.036782403,0.999969542,0.999974107,0.036975102,0,gaussian
370,3,0,0.991899039,0.991795982,0.991860374,0.122443364,0.999896101,0.999961018,0.123443374,0,gaussian
370,4,0,0.994145882,0.994089169,0.994088601,0.024660537,0.999942953,0.999942382,0.024805753,0,gaussian
370,5,0,0.995973915,0.995803207,0.995798043,0.026900127,0.999828602,0.999823417,0.027008867,0,gaussian
370,6,0,0.996927143,0.996904897,0.99689302,0.019910972,0.999977685,0.999965772,0.019972344,0,gaussian
370,7,0,0.997388582,0.997324677,0.997347708,0.009123452,0.999935927,0.999959019,0.00914734,0,gaussian
370,8,0,0.996307049,0.996267284,0.996273864,0.016608822,0.999960088,0.999966692,0.016670385,0,gaussian
370,9,0,0.998488138,0.998460305,0.998431403,0.026749549,0.999972125,0.99994318,0.026790052,0,gaussian
370,10,1,0.965513015,0.106373241,0.005006454,0.003902871,0.110172767,0.005185279,0.004042277,0,gaussian
370,11,1,0.964170692,0.121493639,0.004127003,0.003794684,0.126008434,0.004280366,0.003935698,0,gaussian
370,12,1,0.962915227,0.131644266,0.008089787,0.006474874,0.136714284,0.008401349,0.006724241,0,gaussian
370,13,1,0.966936405,0.148118459,0.006804447,0.005776763,0.153183248,0.00703712,0.005974295,0,gaussian
370,14,1,0.966037543,0.124240763,0.006328768,0.005514805,0.128608628,0.006551265,0.005708686,0,gaussian
371,0,0,0.996351611,0.996333079,0.996321229,0.101917912,0.9999814,0.999969507,0.10229111,0,gaussian
371,1,0,0.994605973,0.994596576,0.99460096,0.039418997,0.999990552,0.99999496,0.039632777,0,gaussian
371,2,0,0.994503237,0.994465431,0.994478732,0.037020065,0.999961985,0.99997536,0.03722468,0,gaussian
371,3,0,0.993699931,0.993664466,0.993666212,0.135560794,0.99996431,0.999966067,0.136420251,0,gaussian
371,4,0,0.994244219,0.994181361,0.994210292,0.10046835,0.999936778,0.999965876,0.101049972,0,gaussian
371,5,0,0.996822553,0.996794406,0.996801414,0.055414868,0.999971764,0.999978794,0.055591507,0,gaussian
371,6,0,0.989380873,0.989332709,0.989354108,0.452151026,0.99995132,0.999972949,0.45700401,0,gaussian
371,7,0,0.992606933,0.992576069,0.992578842,0.158114665,0.999968906,0.9999717,0.159292324,0,gaussian
371,8,0,0.997539689,0.997313367,0.997308508,0.006817807,0.99977312,0.999768249,0.006834623,0,gaussian
371,9,0,0.988049049,0.982355488,0.983118851,0.25351631,0.994237572,0.995010169,0.256582718,0,gaussian
371,10,1,0.966180713,0.078670057,0.005311873,0.003950464,0.081423751,0.005497805,0.004088742,0,gaussian
371,11,1,0.961955771,0.115171312,0.010313814,0.004469228,0.119726203,0.010721714,0.004645981,0,gaussian
371,12,1,0.965882804,0.135256078,0.007413142,0.005213802,0.140033633,0.007674992,0.005397966,0,gaussian
371,13,1,0.971260839,0.159423416,0.009625935,0.004244343,0.164140682,0.009910762,0.004369931,0,gaussian
371,14,1,0.964772161,0.175326925,0.009604912,0.006337917,0.181728839,0.009955627,0.00656934,0,gaussian
372,0,0,0.994484664,0.994463091,0.994469925,0.060782948,0.999978308,0.999985179,0.061120046,0,gaussian
372,1,0,0.994915893,0.994912414,0.994902901,0.056997543,0.999996503,0.999986942,0.057288805,0,gaussian
372,2,0,0.997169963,0.997145473,0.997148327,0.026142652,0.99997544,0.999978303,0.026216847,0,gaussian
372,3,0,0.994816146,0.994785395,0.994773417,0.018915394,0.999969088,0.999957048,0.019013959,0,gaussian
372,4,0,0.99274818,0.992726974,0.992723243,0.281263844,0.999978639,0.99997488,0.283318418,0,gaussian
372,5,0,0.986944895,0.986845937,0.98689312,0.532479192,0.999899733,0.999947539,0.539522718,0,gaussian
372,6,0,0.994139808,0.993302604,0.993752557,0.09323072,0.99915786,0.999610466,0.093780291,0,gaussian
372,7,0,0.992599803,0.992128523,0.992426576,0.154946042,0.999525207,0.999825482,0.156101221,0,gaussian
372,8,0,0.996200523,0.994539403,0.995523594,0.026904666,0.998332545,0.999320489,0.02700728,0,gaussian
372,9,0,0.99729757,0.996503387,0.996610883,0.014923713,0.999203664,0.999311452,0.014964153,0,gaussian
372,10,1,0.962300392,0.086236942,0.005748099,0.004399735,0.089615408,0.00597329,0.004572101,0,gaussian
372,11,1,0.965258187,0.112959749,0.008216179,0.006407138,0.117025425,0.008511898,0.006637745,0,gaussian
372,12,1,0.964150749,0.094854055,0.007214111,0.0046428,0.098380938,0.007482347,0.00481543,0,gaussian
372,13,1,0.964732021,0.133211026,0.008427764,0.006315535,0.138080859,0.00873586,0.006546414,0,gaussian
372,14,1,0.965025289,0.124682444,0.009677486,0.006655791,0.129201219,0.010028221,0.006897012,0,gaussian
373,0,0,0.996256333,0.99624943,0.996237002,0.03073084,0.999993071,0.999980596,0.030846318,0,gaussian
373,1,0,0.99720719,0.997156611,0.997145665,0.009778399,0.99994928,0.999938303,0.009805785,0,gaussian
373,2,0,0.997506104,0.997487305,0.997490906,0.035062743,0.999981154,0.999984763,0.035150405,0,gaussian
373,3,0,0.99865008,0.998638371,0.998635935,0.01912086,0.999988276,0.999985836,0.019146707,0,gaussian
373,4,0,0.995716003,0.995693522,0.995695816,0.037667237,0.999977422,0.999979726,0.037829298,0,gaussian
373,5,0,0.992284204,0.992218927,0.992266217,0.340376089,0.999934215,0.999981873,0.343022783,0,gaussian
373,6,0,0.995720715,0.995696153,0.995701016,0.030969255,0.999975332,0.999980216,0.031102351,0,gaussian
373,7,0,0.996112377,0.996082875,0.996077694,0.026537604,0.999970383,0.999965182,0.026641175,0,gaussian
373,8,0,0.995350581,0.995200941,0.995135029,0.095903796,0.999849661,0.999783441,0.096351775,0,gaussian
373,9,0,0.992043454,0.989536576,0.989264772,0.119462175,0.997473016,0.997199032,0.120420305,0,gaussian
373,10,1,0.963567785,0.09207793,0.003927855,0.003604704,0.095559369,0.004076366,0.003740997,0,gaussian
373,11,1,0.963086755,0.095275698,0.005341349,0.004064735,0.098927431,0.005546073,0.004220528,0,gaussian
373,12,1,0.96626461,0.135250217,0.006653841,0.005210196,0.139972235,0.006886148,0.005392101,0,gaussian
373,13,1,0.964022504,0.157915917,0.006467213,0.005262417,0.163809368,0.00670857,0.005458811,0,gaussian
373,14,1,0.965694399,0.138283082,0.007606309,0.005773048,0.143195489,0.007876518,0.005978131,0,gaussian
374,0,0,0.990504751,0.990473634,0.990475963,0.19882686,0.999968585,0.999970936,0.200732868,0,gaussian
374,1,0,0.98708325,0.987060083,0.987063747,0.328763624,0.99997653,0.999980241,0.333065751,0,gaussian
374,2,0,0.993387405,0.993374384,0.993374905,0.050442871,0.999986892,0.999987418,0.05077865,0,gaussian
374,3,0,0.99506963,0.995020044,0.995003828,0.045972657,0.999950168,0.999933872,0.046200442,0,gaussian
374,4,0,0.998096808,0.998063859,0.998057397,0.026956069,0.999966988,0.999960514,0.027007469,0,gaussian
374,5,0,0.996670792,0.996643096,0.996653495,0.131976629,0.999972212,0.999982645,0.132417475,0,gaussian
374,6,0,0.99410529,0.994052555,0.994068119,0.104979256,0.999946952,0.999962608,0.105601748,0,gaussian
374,7,0,0.99787653,0.997785704,0.99781161,0.011800068,0.99990898,0.999934941,0.011825178,0,gaussian
374,8,0,0.996251282,0.996205342,0.996208678,0.088211314,0.999953887,0.999957236,0.088543238,0,gaussian
374,9,1,0.963620018,0.094055887,0.004935025,0.004060683,0.097606822,0.005121339,0.004213988,0,gaussian
374,10,1,0.966375355,0.136935624,0.006295204,0.005398381,0.141700245,0.006514243,0.005586216,0,gaussian
374,11,1,0.968397741,0.138526993,0.006351777,0.005242823,0.143047621,0.006559058,0.005413914,0,gaussian
374,12,1,0.965516536,0.122332881,0.005686063,0.00500174,0.126702005,0.00588914,0.005180377,0,gaussian
374,13,1,0.961573109,0.115391625,0.005528754,0.004727498,0.120002966,0.005749696,0.00491642,0,gaussian
374,14,0,0.998513564,0.995816758,0.996240083,0.074099374,0.997299179,0.997723134,0.074209682,0,gaussian
375,0,0,0.993191649,0.993130543,0.993078741,0.069339947,0.999938476,0.999886318,0.069815274,0,gaussian
375,1,0,0.992548229,0.992524464,0.992513703,0.046390966,0.999976057,0.999965215,0.046739256,0,gaussian
375,2,0,0.997951832,0.997945756,0.997947111,0.051878492,0.999993912,0.999995269,0.051984966,0,gaussian
375,3,0,0.995306329,0.995294667,0.995290718,0.02636417,0.999988284,0.999984316,0.026488499,0,gaussian
375,4,0,0.989634607,0.989606714,0.989617471,0.276655403,0.999971815,0.999982685,0.279553081,0,gaussian
375,5,0,0.998679688,0.998649225,0.998642517,0.014319777,0.999969496,0.99996278,0.014338709,0,gaussian
375,6,0,0.991708253,0.991689135,0.991681235,0.080967337,0.999980722,0.999972756,0.081644311,0,gaussian
375,7,0,0.98973018,0.989686988,0.989679447,0.305452311,0.999956359,0.99994874,0.308621802,0,gaussian
375,8,0,0.992620485,0.992378562,0.992326447,0.054150497,0.999756279,0.999703777,0.054553072,0,gaussian
375,9,0,0.994339942,0.988567741,0.989450777,0.052561843,0.994194941,0.995083004,0.05286104,0,gaussian
375,10,1,0.960841295,0.112128951,0.005775499,0.004715317,0.116698722,0.006010877,0.004907488,0,gaussian
375,11,1,0.96539868,0.152454981,0.007450955,0.005999167,0.157919193,0.007718008,0.006214186,0,gaussian
375,12,1,0.962917684,0.095991217,0.008281263,0.004278607,0.099687874,0.008600177,0.004443378,0,gaussian
375,13,1,0.964808048,0.130712621,0.007658313,0.006160548,0.135480442,0.007937654,0.006385258,0,gaussian
375,14,1,0.965040972,0.126946761,0.008218826,0.005888063,0.131545463,0.008516557,0.00610136,0,gaussian
376,0,0,0.995720101,0.995689283,0.995684079,0.02858434,0.99996905,0.999963823,0.028707203,0,gaussian
376,1,0,0.997612584,0.997588958,0.997590691,0.039663343,0.999976318,0.999978055,0.039758262,0,gaussian
376,2,0,0.996017774,0.995997969,0.995977057,0.024542478,0.999980116,0.999959121,0.024640602,0,gaussian
376,3,0,0.99763729,0.997624897,0.997623709,0.007627638,0.999987578,0.999986387,0.007645702,0,gaussian
376,4,0,0.997182923,0.997164417,0.997164544,0.008903989,0.999981442,0.999981569,0.008929143,0,gaussian
376,5,0,0.997059457,0.997038756,0.997030969,0.017179956,0.999979238,0.999971428,0.017230623,0,gaussian
376,6,0,0.993492983,0.993448535,0.993425279,0.16378906,0.999955261,0.999931853,0.164861819,0,gaussian
376,7,0,0.996324966,0.996250646,0.996254497,0.033669953,0.999925405,0.999929271,0.033794148,0,gaussian
376,8,0,0.995324393,0.992273388,0.992730689,0.007857675,0.996934662,0.997394111,0.007894587,0,gaussian
376,9,1,0.964544615,0.132309395,0.01447425,0.005105573,0.137172913,0.015006304,0.005293247,0,gaussian
376,10,1,0.965503075,0.146595813,0.011751521,0.0063055,0.151833606,0.012171397,0.006530792,0,gaussian
376,11,1,0.968234548,0.137189174,0.009781374,0.005555185,0.141690022,0.010102278,0.005737437,0,gaussian
376,12,1,0.963650381,0.128012413,0.01136211,0.006258562,0.132841138,0.011790697,0.00649464,0,gaussian
376,13,1,0.967291328,0.125906956,0.017037724,0.00427485,0.130164463,0.01761385,0.004419403,0,gaussian
376,14,0,0.996038741,0.990201388,0.992083707,0.024756056,0.994139432,0.996029237,0.024854511,0,gaussian
377,0,0,0.999044187,0.999027206,0.999018971,0.011490018,0.999983003,0.99997476,0.011501011,0,gaussian
377,1,0,0.995897098,0.995870729,0.995867434,0.026453254,0.999973522,0.999970214,0.026562236,0,gaussian
377,2,0,0.996945524,0.996917919,0.996910789,0.012085342,0.99997231,0.999965159,0.012122369,0,gaussian
377,3,0,0.995109311,0.995085398,0.995085943,0.054617548,0.999975969,0.999976517,0.054885978,0,gaussian
377,4,0,0.998088319,0.998072577,0.998073675,0.01054407,0.999984228,0.999985329,0.010564266,0,gaussian
377,5,0,0.996957438,0.996940727,0.996929812,0.023141901,0.999983238,0.99997229,0.023212526,0,gaussian
377,6,0,0.992979658,0.992890532,0.992918661,0.141676585,0.999910244,0.999938572,0.142678235,0,gaussian
377,7,0,0.993794576,0.993724811,0.993723554,0.041765833,0.9999298,0.999928535,0.042026626,0,gaussian
377,8,0,0.989983063,0.989866635,0.989850363,0.171473727,0.999882394,0.999865958,0.173208748,0,gaussian
377,9,0,0.994899226,0.994725166,0.994656407,0.040364078,0.999825048,0.999755937,0.040571022,0,gaussian
377,10,1,0.962184457,0.116466246,0.005099214,0.004381421,0.121043574,0.005299622,0.004553619,0,gaussian
377,11,1,0.964869599,0.090504124,0.004256779,0.003817335,0.093799332,0.004411766,0.003956322,0,gaussian
377,12,1,0.96358732,0.171955069,0.007015457,0.006360553,0.178453022,0.007280562,0.00660091,0,gaussian
377,13,1,0.965764979,0.12773173,0.005409887,0.004860229,0.132259642,0.00560166,0.005032518,0,gaussian
377,14,1,0.965059158,0.165445654,0.007491233,0.006540483,0.171435763,0.00776246,0.006777287,0,gaussian
378,0,0,0.995420412,0.995401524,0.995406128,0.070901815,0.999981025,0.99998565,0.07122801,0,gaussian
378,1,0,0.995109045,0.995069047,0.995072293,0.025896284,0.999959806,0.999963067,0.026023564,0,gaussian
378,2,0,0.997093742,0.997069116,0.997080307,0.067222271,0.999975303,0.999986526,0.067418206,0,gaussian
378,3,0,0.995621643,0.995550369,0.995517406,0.028539545,0.999928413,0.999895305,0.028665051,0,gaussian
378,4,0,0.989599374,0.989578535,0.989587027,0.234204811,0.999978942,0.999987523,0.236666288,0,gaussian
378,5,0,0.995609098,0.995556763,0.995579085,0.021308174,0.999947434,0.999969855,0.021402149,0,gaussian
378,6,0,0.997946176,0.997907972,0.997899071,0.009292452,0.999961717,0.999952798,0.009311576,0,gaussian
378,7,0,0.993821265,0.993517843,0.993434594,0.041707186,0.999694692,0.999610925,0.041966486,0,gaussian
378,8,0,0.997241685,0.99696902,0.996753982,0.014625969,0.99972658,0.999510947,0.014666423,0,gaussian
378,9,0,0.994602471,0.994348496,0.994029102,0.036462211,0.999744646,0.999423519,0.036660085,0,gaussian
378,10,1,0.96364627,0.11722124,0.005217005,0.004100249,0.121643433,0.005413818,0.004254932,0,gaussian
378,11,1,0.96478404,0.137845559,0.006939166,0.00574415,0.142877114,0.007192456,0.005953819,0,gaussian
378,12,1,0.962797138,0.075209793,0.005258836,0.004316299,0.078115929,0.005462039,0.004483083,0,gaussian
378,13,1,0.964662786,0.164065293,0.007549756,0.006258309,0.17007528,0.007826316,0.006487561,0,gaussian
378,14,1,0.96501182,0.119118756,0.00779518,0.006333142,0.123437613,0.008077808,0.006562762,0,gaussian
379,0,0,0.997473482,0.997453649,0.997446279,0.014901495,0.999980117,0.999972728,0.01493924,0,gaussian
379,1,0,0.995639061,0.995613861,0.995613437,0.019761141,0.99997469,0.999974264,0.019847695,0,gaussian
379,2,0,0.996296293,0.996272585,0.996266632,0.014866445,0.999976204,0.999970229,0.014921711,0,gaussian
379,3,0,0.994127447,0.994112035,0.994083484,0.042705015,0.999984497,0.999955778,0.042957284,0,gaussian
379,4,0,0.993370041,0.993322109,0.993311392,0.03952846,0.999951748,0.999940959,0.039792282,0,gaussian
379,5,0,0.99284437,0.992689315,0.992736156,0.069215046,0.999843827,0.999891006,0.069713893,0,gaussian
379,6,0,0.995974865,0.995921818,0.995908888,0.03211468,0.999946739,0.999933756,0.032244468,0,gaussian
379,7,0,0.997246766,0.997025306,0.997058712,0.0788949,0.999777928,0.999811427,0.079112716,0,gaussian
379,8,0,0.991653262,0.991332016,0.99133638,0.346021291,0.99967605,0.999680451,0.34893375,0,gaussian
379,9,0,0.996442265,0.995838427,0.995993127,0.017712063,0.999394006,0.999549258,0.017775303,0,gaussian
379,10,1,0.965299163,0.096093373,0.005536394,0.00389069,0.099547764,0.005735418,0.004030553,0,gaussian
379,11,1,0.965224712,0.099119133,0.00550122,0.003980072,0.102690215,0.005699419,0.004123467,0,gaussian
379,12,1,0.96890407,0.13142973,0.007161626,0.004316328,0.135647825,0.007391471,0.004454856,0,gaussian
379,13,1,0.964696178,0.145819079,0.007778704,0.005844722,0.151155444,0.008063372,0.006058614,0,gaussian
379,14,1,0.964152755,0.146956481,0.008558332,0.005970046,0.15242033,0.008876531,0.006192012,0,gaussian
380,0,0,0.994993577,0.994973133,0.994972882,0.058045462,0.999979454,0.999979201,0.058337525,0,gaussian
380,1,0,0.992371693,0.992348214,0.992321444,0.046044344,0.999976341,0.999949364,0.046398284,0,gaussian
380,2,0,0.995037513,0.995020205,0.995024908,0.027555454,0.999982605,0.999987332,0.027692879,0,gaussian
380,3,0,0.996462722,0.996451855,0.996447008,0.012093126,0.999989094,0.99998423,0.012136055,0,gaussian
380,4,0,0.997516815,0.997461998,0.997468557,0.011748852,0.999945047,0.999951622,0.011778099,0,gaussian
380,5,0,0.994767279,0.994733315,0.994708484,0.034353173,0.999965857,0.999940896,0.03453388,0,gaussian
380,6,0,0.990373755,0.990276745,0.990279192,0.209868408,0.999902047,0.999904518,0.211908289,0,gaussian
380,7,0,0.994740276,0.994650363,0.994648916,0.062275562,0.999909612,0.999908157,0.062604846,0,gaussian
380,8,0,0.994083828,0.993825595,0.99391279,0.090753134,0.99974023,0.999827943,0.091293241,0,gaussian
380,9,1,0.964271931,0.121732323,0.009330038,0.005467037,0.126242732,0.009675734,0.005669601,0,gaussian
380,10,0,0.990820012,0.984394449,0.985974268,0.479475731,0.993514904,0.99510936,0.483918093,0,gaussian
380,11,1,0.963463585,0.104890328,0.008763738,0.005861112,0.108867973,0.009096076,0.006083376,0,gaussian
380,12,1,0.966440424,0.156563641,0.017685303,0.008634049,0.162000303,0.018299424,0.008933866,0,gaussian
380,13,1,0.966253337,0.13902849,0.014149361,0.008025214,0.143884099,0.014643532,0.008305497,0,gaussian
380,14,1,0.967576755,0.156892431,0.019484912,0.009402186,0.162149856,0.020137846,0.009717251,0,gaussian
381,0,0,0.996366266,0.996345494,0.996354891,0.027258657,0.999979152,0.999988583,0.027358069,0,gaussian
381,1,0,0.992432056,0.992402351,0.992402014,0.058020214,0.999970069,0.999969729,0.058462656,0,gaussian
381,2,0,0.992483472,0.992472391,0.992472552,0.065324197,0.999988835,0.999988997,0.065818927,0,gaussian
381,3,0,0.997870998,0.997857741,0.997848388,0.034347825,0.999986715,0.999977342,0.034421107,0,gaussian
381,4,0,0.99325213,0.993240948,0.993239765,0.390311013,0.999988742,0.999987551,0.392962674,0,gaussian
381,5,0,0.993302498,0.993266932,0.993274325,0.199449574,0.999964194,0.999971637,0.200794394,0,gaussian
381,6,0,0.993697718,0.993688639,0.993689716,0.547759144,0.999990863,0.999991948,0.551233171,0,gaussian
381,7,0,0.995873716,0.995794362,0.995795205,0.03331443,0.999920318,0.999921164,0.033452464,0,gaussian
381,8,0,0.997522186,0.997364328,0.997218837,0.022796644,0.99984175,0.999695898,0.02285327,0,gaussian
381,9,0,0.994330543,0.994093846,0.99399305,0.066573349,0.999761953,0.999660583,0.066952936,0,gaussian
381,10,1,0.966726941,0.089415458,0.004356609,0.003068151,0.092492982,0.004506556,0.003173751,0,gaussian
381,11,1,0.963202843,0.097584746,0.004712173,0.003730645,0.101312768,0.004892192,0.003873166,0,gaussian
381,12,1,0.965330055,0.133868001,0.007216446,0.005383733,0.138675886,0.007475625,0.005577091,0,gaussian
381,13,1,0.966391956,0.138482394,0.006487461,0.005147295,0.143298372,0.006713074,0.005326302,0,gaussian
381,14,1,0.965465785,0.151525345,0.007539911,0.005773435,0.156945329,0.007809609,0.005979948,0,gaussian
382,0,0,0.993266721,0.993233709,0.993248429,0.098862263,0.999966765,0.999981585,0.099532443,0,gaussian
382,1,0,0.994501773,0.994451265,0.994447242,0.052349681,0.999949212,0.999945167,0.052639102,0,gaussian
382,2,0,0.995597556,0.995582724,0.995581321,0.047799613,0.999985103,0.999983693,0.048010978,0,gaussian
382,3,0,0.996048276,0.996027346,0.996031815,0.012718041,0.999978987,0.999983474,0.012768499,0,gaussian
382,4,0,0.992383889,0.992336626,0.992323466,0.075990545,0.999952374,0.999939113,0.076573739,0,gaussian
382,5,0,0.993743858,0.993711848,0.993718494,0.139925116,0.999967788,0.999974476,0.140806019,0,gaussian
382,6,0,0.993756644,0.993722103,0.99373637,0.041494446,0.999965242,0.999979598,0.041755138,0,gaussian
382,7,0,0.992526602,0.992460795,0.992497659,0.241505927,0.999933697,0.999970839,0.243324386,0,gaussian
382,8,0,0.995399504,0.995359651,0.995338408,0.02347948,0.999959962,0.999938622,0.023587996,0,gaussian
382,9,0,0.992333876,0.987855269,0.991570052,0.139164841,0.995486794,0.999230275,0.140239938,0,gaussian
382,10,1,0.963316734,0.098424721,0.004976499,0.00400617,0.102172751,0.005166005,0.004158726,0,gaussian
382,11,1,0.963119336,0.158633414,0.007563744,0.005942576,0.164707953,0.007853382,0.006170134,0,gaussian
382,12,1,0.965190136,0.113165032,0.010035171,0.004449994,0.117246362,0.010397092,0.004610484,0,gaussian
382,13,1,0.96514215,0.14067016,0.009128821,0.00613824,0.145750716,0.009458524,0.006359933,0,gaussian
382,14,1,0.963900565,0.128213662,0.011289445,0.006682115,0.133015444,0.01171225,0.00693237,0,gaussian
383,0,0,0.998509153,0.998496444,0.99848298,0.017822167,0.999987272,0.999973788,0.017848777,0,gaussian
383,1,0,0.995616488,0.995605601,0.995607011,0.024720605,0.999989065,0.99999048,0.024829445,0,gaussian
383,2,0,0.996230667,0.996215533,0.996215666,0.0250414,0.999984808,0.999984941,0.025136147,0,gaussian
383,3,0,0.992432001,0.992396615,0.992375699,0.035212568,0.999964344,0.999943268,0.035481089,0,gaussian
383,4,0,0.994878854,0.994789805,0.994778313,0.034478357,0.999910493,0.999898941,0.034655834,0,gaussian
383,5,0,0.995830899,0.995789003,0.995772296,0.031665291,0.999957928,0.999941152,0.03179786,0,gaussian
383,6,0,0.995115572,0.995023811,0.995092458,0.1134449,0.999907789,0.999976772,0.114001733,0,gaussian
383,7,0,1.000696123,1.000571689,1.000504348,0.020610585,0.999875652,0.999808359,0.020596247,0,gaussian
383,8,0,0.999392946,0.999232268,0.999163297,0.012426825,0.999839224,0.999770211,0.012434373,0,gaussian
383,9,0,0.994461008,0.994328897,0.994315968,0.305178455,0.999867154,0.999854152,0.306878251,0,gaussian
383,10,1,0.966063294,0.104993552,0.00498177,0.003663736,0.108681857,0.005156774,0.003792439,0,gaussian
383,11,1,0.964431354,0.103008303,0.004359683,0.003586537,0.106807293,0.00452047,0.00371881,0,gaussian
383,12,1,0.964057121,0.118765785,0.007382781,0.005334385,0.123193722,0.007658033,0.005533267,0,gaussian
383,13,1,0.965948568,0.130579545,0.006723662,0.00456185,0.13518271,0.006960683,0.004722663,0,gaussian
383,14,1,0.968746707,0.147264442,0.007860762,0.004695776,0.152015424,0.008114363,0.004847269,0,gaussian
384,0,0,0.997807188,0.997782814,0.997780246,0.033159779,0.999975572,0.999972999,0.033232652,0,gaussian
384,1,0,0.998148463,0.998128953,0.998127344,0.008042403,0.999980453,0.999978842,0.008057322,0,gaussian
384,2,0,0.991007967,0.990960011,0.990971561,0.063871581,0.999951608,0.999963264,0.064451127,0,gaussian
384,3,0,0.996756262,0.996718,0.996719599,0.026386223,0.999961613,0.999963218,0.026472091,0,gaussian
384,4,0,0.996024386,0.996012873,0.996010958,0.094526501,0.999988441,0.999986518,0.094903802,0,gaussian
384,5,0,0.998158282,0.998143416,0.998135042,0.032735597,0.999985107,0.999976718,0.032795998,0,gaussian
384,6,0,0.997575908,0.997553316,0.99754958,0.012205626,0.999977353,0.999973608,0.012235286,0,gaussian
384,7,0,1.000051515,1.00001457,1.000002859,0.035528074,0.999963057,0.999951346,0.035526244,0,gaussian
384,8,0,0.995698448,0.99566509,0.995656677,0.033572333,0.999966498,0.999958048,0.03371737,0,gaussian
384,9,0,1.001027246,1.000965966,1.000928455,0.008721304,0.999938783,0.99990131,0.008712354,0,gaussian
384,10,1,0.96712964,0.082736102,0.003787053,0.002986513,0.085548099,0.003915766,0.003088017,0,gaussian
384,11,1,0.961868141,0.088861562,0.003811695,0.003707314,0.092384349,0.003962804,0.003854285,0,gaussian
384,12,1,0.961387184,0.123926131,0.006022958,0.005624537,0.128903456,0.006264862,0.005850439,0,gaussian
384,13,1,0.9635745,0.124411374,0.005745016,0.005438522,0.129114431,0.005962192,0.005644112,0,gaussian
384,14,1,0.967439092,0.130902873,0.004904641,0.004239857,0.135308645,0.005069716,0.004382557,0,gaussian
385,0,0,0.997636878,0.99760982,0.997605711,0.015433483,0.999972877,0.999968759,0.01547004,0,gaussian
385,1,0,0.994593446,0.994545492,0.994555917,0.188089456,0.999951785,0.999962266,0.189111899,0,gaussian
385,2,0,0.995855464,0.995831929,0.995830796,0.024161048,0.999976367,0.99997523,0.024261601,0,gaussian
385,3,0,0.997710501,0.997677735,0.997678923,0.014363144,0.999967159,0.999968349,0.014396104,0,gaussian
385,4,0,0.997231044,0.997211407,0.997214176,0.014213599,0.999980309,0.999983085,0.014253065,0,gaussian
385,5,0,0.998716042,0.998699553,0.998692896,0.008576249,0.99998349,0.999976825,0.008587274,0,gaussian
385,6,0,0.99774544,0.997642381,0.997689127,0.018918866,0.999896707,0.999943559,0.018961616,0,gaussian
385,7,0,0.997604121,0.997486891,0.997473539,0.010888763,0.999882488,0.999869105,0.010914914,0,gaussian
385,8,1,0.965733743,0.103821172,0.004346217,0.003444991,0.107504965,0.00450043,0.003567227,0,gaussian
385,9,1,0.965080168,0.134095324,0.005673115,0.004781052,0.138947342,0.005878387,0.004954046,0,gaussian
385,10,1,0.967285628,0.123913735,0.006318351,0.004992086,0.128104597,0.006532043,0.005160922,0,gaussian
385,11,1,0.96634881,0.119143579,0.005858126,0.004713616,0.123292519,0.006062124,0.004877758,0,gaussian
385,12,1,0.964294092,0.089815226,0.004459379,0.0035352,0.093140907,0.004624501,0.003666102,0,gaussian
385,13,0,0.995127452,0.994185973,0.993931419,0.02408299,0.999053911,0.99879811,0.024200911,0,gaussian
385,14,0,0.9946109,0.994403432,0.994431395,0.049567912,0.999791408,0.999819523,0.049836486,0,gaussian
386,0,0,0.99847461,0.998448219,0.9984529,0.027934014,0.99997357,0.999978257,0.02797669,0,gaussian
386,1,0,0.99542396,0.995386822,0.995400009,0.039600589,0.999962691,0.99997594,0.039782636,0,gaussian
386,2,0,0.99464476,0.994618897,0.994613694,0.044603423,0.999973998,0.999968767,0.044843571,0,gaussian
386,3,0,1.000012947,0.999975636,0.999985618,0.010685357,0.99996269,0.999972671,0.010685219,0,gaussian
386,4,0,0.997009036,0.996983792,0.996975482,0.025460831,0.99997468,0.999966345,0.025537212,0,gaussian
386,5,0,0.99805595,0.99795964,0.997952727,0.014143005,0.999903502,0.999896575,0.014170553,0,gaussian
386,6,0,0.996371556,0.996281429,0.996310932,0.046193613,0.999909545,0.999939156,0.046361834,0,gaussian
386,7,0,0.996870195,0.996658023,0.996777913,0.024920245,0.999787162,0.999907427,0.024998485,0,gaussian
386,8,0,0.994730285,0.992208143,0.9921738,0.02463372,0.997464497,0.997429972,0.02476422,0,gaussian
386,9,0,0.994234721,0.99164659,0.992027996,0.077892173,0.997396862,0.997780479,0.078343847,0,gaussian
386,10,1,0.966149268,0.103877384,0.007287593,0.003910233,0.107516911,0.007542927,0.004047234,0,gaussian
386,11,1,0.964110786,0.08882578,0.012259136,0.004449633,0.092132337,0.012715484,0.004615272,0,gaussian
386,12,1,0.965417524,0.120261822,0.009527456,0.005682074,0.124569753,0.009868741,0.005885614,0,gaussian
386,13,1,0.968137665,0.129959205,0.010126078,0.005281672,0.134236286,0.010459337,0.005455497,0,gaussian
386,14,1,0.965539929,0.119467615,0.009721638,0.006040437,0.123731408,0.010068603,0.00625602,0,gaussian
387,0,0,0.993899772,0.993843687,0.993853277,0.162337755,0.99994357,0.99995322,0.163334131,0,gaussian
387,1,0,0.999027546,0.999013751,0.999007532,0.018578833,0.999986192,0.999979967,0.018596917,0,gaussian
387,2,0,0.995541292,0.995523342,0.99552007,0.026489656,0.999981969,0.999978683,0.026608295,0,gaussian
387,3,0,0.996872464,0.996863313,0.996866337,0.047899602,0.99999082,0.999993854,0.04804988,0,gaussian
387,4,0,0.996664059,0.99665198,0.996651562,0.022386463,0.99998788,0.999987461,0.022461393,0,gaussian
387,5,0,0.99615096,0.996080906,0.996069376,0.031319037,0.999929676,0.999918101,0.031440051,0,gaussian
387,6,0,0.995982939,0.995937305,0.995942675,0.042755558,0.999954182,0.999959574,0.042928003,0,gaussian
387,7,0,0.999480063,0.999391979,0.99938067,0.024241753,0.99991187,0.999900555,0.024254363,0,gaussian
387,8,0,0.997758725,0.997522673,0.99753552,0.026248573,0.999763418,0.999776293,0.026307536,0,gaussian
387,9,0,0.998312787,0.998000301,0.998170512,0.063625249,0.999686986,0.999857485,0.06373278,0,gaussian
387,10,1,0.967512944,0.101009885,0.004099348,0.003314133,0.104401585,0.004236995,0.003425415,0,gaussian
387,11,1,0.965581966,0.106188973,0.005132128,0.003743609,0.109974064,0.005315062,0.003877049,0,gaussian
387,12,1,0.966234188,0.108866842,0.00549824,0.004797523,0.112671279,0.005690381,0.004965176,0,gaussian
387,13,1,0.966003098,0.123038076,0.006395738,0.005047769,0.1273682,0.006620825,0.005225417,0,gaussian
387,14,1,0.962959773,0.14313853,0.008082537,0.007132729,0.14864435,0.008393432,0.007407089,0,gaussian
388,0,0,0.99881775,0.998798015,0.998795419,0.037509881,0.999980242,0.999977643,0.037554279,0,gaussian
388,1,0,0.99801082,0.997943332,0.997950731,0.015536355,0.999932378,0.999939791,0.015567321,0,gaussian
388,2,0,0.997054967,0.997045746,0.997045382,0.027119564,0.999990752,0.999990386,0.027199668,0,gaussian
388,3,0,0.997080974,0.997065424,0.997064432,0.012480024,0.999984405,0.99998341,0.01251656,0,gaussian
388,4,0,0.997111961,0.997088997,0.997090194,0.013850077,0.99997697,0.99997817,0.013890192,0,gaussian
388,5,0,0.997235348,0.997201766,0.997212002,0.03932383,0.999966324,0.999976589,0.039432848,0,gaussian
388,6,0,0.996267358,0.996253584,0.99625433,0.127110792,0.999986174,0.999986924,0.127587029,0,gaussian
388,7,0,0.98935072,0.989143017,0.989285012,0.555534214,0.999790061,0.999933586,0.561513933,0,gaussian
388,8,0,0.997348747,0.997239843,0.997218634,0.008695967,0.999890806,0.999869541,0.008719083,0,gaussian
388,9,1,0.964172261,0.095045112,0.004391086,0.003799459,0.098576899,0.004554255,0.003940643,0,gaussian
388,10,1,0.962157936,0.080473729,0.004093498,0.003949755,0.083638794,0.004254496,0.0041051,0,gaussian
388,11,1,0.965687362,0.154977442,0.006853838,0.005821871,0.160484074,0.007097368,0.006028733,0,gaussian
388,12,1,0.962163295,0.128761702,0.00672789,0.006503511,0.133825207,0.006992462,0.006759259,0,gaussian
388,13,1,0.96302904,0.145640239,0.007765294,0.007119547,0.151231409,0.008063406,0.007392869,0,gaussian
388,14,0,0.997854564,0.997701742,0.997739997,0.012117484,0.99984685,0.999885187,0.012143537,0,gaussian
389,0,0,0.994763117,0.994729676,0.994728506,0.056780001,0.999966383,0.999965207,0.057078917,0,gaussian
389,1,0,0.999575013,0.999545067,0.999545718,0.008207341,0.999970042,0.999970693,0.008210831,0,gaussian
389,2,0,0.991967122,0.991941105,0.991944937,0.108361,0.999973772,0.999977635,0.1092385,0,gaussian
389,3,0,0.994706114,0.994685561,0.994681335,0.037094317,0.999979338,0.999975089,0.037291736,0,gaussian
389,4,0,0.995315649,0.995303127,0.995295355,0.030166761,0.99998742,0.999979611,0.030308738,0,gaussian
389,5,0,1.000036246,0.999984505,0.999979634,0.010159415,0.99994826,0.99994339,0.010159047,0,gaussian
389,6,0,0.996739305,0.996671708,0.996701312,0.012858571,0.999932181,0.999961883,0.012900636,0,gaussian
389,7,0,0.998631803,0.998548731,0.998553499,0.020730501,0.999916814,0.999921589,0.020758903,0,gaussian
389,8,0,0.998799226,0.998584687,0.998624684,0.010270941,0.999785203,0.999825249,0.010283288,0,gaussian
389,9,0,0.992392301,0.992198261,0.992155117,0.093032307,0.999804473,0.999760998,0.093745494,0,gaussian
389,10,1,0.96254946,0.096740284,0.005825472,0.004609397,0.100504222,0.006052127,0.004788738,0,gaussian
389,11,1,0.963630063,0.090734365,0.005112151,0.003932348,0.094158919,0.005305097,0.004080765,0,gaussian
389,12,1,0.96750807,0.154267311,0.00854307,0.005010032,0.159448087,0.008829973,0.005178285,0,gaussian
389,13,1,0.963570367,0.121996558,0.010232364,0.005821041,0.126608872,0.010619218,0.006041117,0,gaussian
389,14,1,0.970580245,0.183431471,0.012224721,0.00526766,0.188991556,0.012595271,0.00542733,0,gaussian
390,0,0,0.997930758,0.997914189,0.997896391,0.009071956,0.999983397,0.999965562,0.009090767,0,gaussian
390,1,0,0.996595029,0.996578753,0.996583863,0.030574481,0.999983669,0.999988796,0.030678941,0,gaussian
390,2,0,0.995689563,0.995672505,0.995666338,0.021912813,0.999982869,0.999976675,0.022007676,0,gaussian
390,3,0,0.995800204,0.995774671,0.995767392,0.040584329,0.999974359,0.99996705,0.040755494,0,gaussian
390,4,0,0.997897381,0.997861351,0.997856403,0.015588284,0.999963894,0.999958936,0.015621129,0,gaussian
390,5,0,0.989751227,0.989690785,0.989658388,0.178125426,0.999938933,0.9999062,0.179969897,0,gaussian
390,6,0,0.993898887,0.993845446,0.993828964,0.129722138,0.999946232,0.999929648,0.130518446,0,gaussian
390,7,0,0.99703041,0.996895034,0.996880738,0.019841893,0.999864221,0.999849883,0.01990099,0,gaussian
390,8,0,0.992853533,0.992548994,0.992440713,0.127079934,0.999693269,0.999584208,0.127994644,0,gaussian
390,9,0,0.996662744,0.996112677,0.99593053,0.015760491,0.999448091,0.999265335,0.015813264,0,gaussian
390,10,1,0.962476118,0.095455573,0.004801647,0.004199751,0.099177082,0.004988848,0.004363486,0,gaussian
390,11,1,0.964872588,0.111607265,0.004920965,0.003649706,0.11567047,0.005100119,0.003782579,0,gaussian
390,12,1,0.966241989,0.122436202,0.007217165,0.005508076,0.126713808,0.007469314,0.005700515,0,gaussian
390,13,1,0.965671334,0.142458501,0.007400954,0.005436996,0.147522761,0.007664051,0.005630276,0,gaussian
390,14,1,0.963222603,0.138216387,0.008448302,0.006508595,0.143493712,0.008770872,0.006757104,0,gaussian
391,0,0,0.995364922,0.995343022,0.995342729,0.032671993,0.999977998,0.999977704,0.032824136,0,gaussian
391,1,0,0.995990311,0.995958075,0.995957321,0.123524438,0.999967634,0.999966877,0.124021726,0,gaussian
391,2,0,0.994234454,0.994225907,0.994226492,0.111179048,0.999991403,0.999991992,0.111823773,0,gaussian
391,3,0,0.993148829,0.993136686,0.993132127,0.429263657,0.999987773,0.999983183,0.432224904,0,gaussian
391,4,0,0.993345026,0.993287542,0.99328544,0.114323897,0.99994213,0.999940015,0.115089817,0,gaussian
391,5,0,0.997255225,0.997209751,0.997197005,0.019532436,0.999954401,0.99994162,0.019586196,0,gaussian
391,6,0,0.991528315,0.991446442,0.991497576,0.239128563,0.999917428,0.999968999,0.241171694,0,gaussian
391,7,0,0.999845516,0.999800099,0.99980602,0.017475807,0.999954576,0.999960498,0.017478507,0,gaussian
391,8,0,0.995556031,0.995505361,0.995472849,0.02218147,0.999949103,0.999916447,0.022280484,0,gaussian
391,9,0,1.000841304,1.000772029,1.000751723,0.010053441,0.999930783,0.999910494,0.01004499,0,gaussian
391,10,1,0.964635958,0.122264596,0.006142492,0.004917955,0.126746878,0.006367679,0.005098249,0,gaussian
391,11,1,0.961661599,0.117549881,0.005970606,0.005193889,0.122236222,0.006208635,0.005400953,0,gaussian
391,12,1,0.965126489,0.146987195,0.007243385,0.006295174,0.152298374,0.007505115,0.006522642,0,gaussian
391,13,1,0.963099258,0.138211769,0.007615224,0.006914294,0.143507295,0.007906998,0.007179212,0,gaussian
391,14,1,0.964400236,0.162285188,0.007546286,0.006936978,0.168275765,0.007824849,0.007193049,0,gaussian
392,0,0,0.992989612,0.992936536,0.992925911,0.070740223,0.999946549,0.999935849,0.07123964,0,gaussian
392,1,0,0.999057106,0.999029799,0.999037108,0.042757487,0.999972667,0.999979984,0.042797841,0,gaussian
392,2,0,0.99601213,0.996002456,0.995997918,0.025698195,0.999990287,0.999985731,0.025801086,0,gaussian
392,3,0,0.992701259,0.992682423,0.992683853,0.127249065,0.999981025,0.999982466,0.128184651,0,gaussian
392,4,0,0.994021028,0.993985274,0.993964133,0.140747811,0.999964031,0.999942764,0.1415944,0,gaussian
392,5,0,1.001576749,1.001543902,1.001524401,0.004257194,0.999967204,0.999947734,0.004250493,0,gaussian
392,6,0,0.996987467,0.996946727,0.99694755,0.042726813,0.999959137,0.999959962,0.042855917,0,gaussian
392,7,0,0.998884017,0.99880531,0.998787154,0.029226648,0.999921205,0.999903029,0.029259301,0,gaussian
392,8,0,0.997876816,0.997752215,0.99773022,0.021081794,0.999875134,0.999853092,0.02112665,0,gaussian
392,9,0,0.994787765,0.994651367,0.994669778,0.08742733,0.999862887,0.999881394,0.08788541,0,gaussian
392,10,1,0.965967058,0.088352723,0.004179615,0.003577056,0.091465566,0.004326871,0.003703083,0,gaussian
392,11,1,0.965927481,0.090245779,0.004569949,0.003705211,0.093429145,0.004731152,0.00383591,0,gaussian
392,12,1,0.965858509,0.113150061,0.005308638,0.004879155,0.117149727,0.00549629,0.005051625,0,gaussian
392,13,1,0.966952674,0.134927455,0.006736059,0.005578643,0.13953884,0.006966276,0.005769303,0,gaussian
392,14,1,0.965258913,0.123042786,0.006279884,0.00553804,0.127471277,0.006505906,0.005737362,0,gaussian
393,0,0,0.996650622,0.996634237,0.99663969,0.044317674,0.99998356,0.999989031,0.044466609,0,gaussian
393,1,0,0.998186706,0.998170155,0.99816652,0.026430701,0.999983418,0.999979778,0.026478715,0,gaussian
393,2,0,0.988262756,0.988229936,0.988234271,0.391072775,0.99996679,0.999971176,0.395717407,0,gaussian
393,3,0,0.993981029,0.993947483,0.993931934,0.082761721,0.999966251,0.999950607,0.083262878,0,gaussian
393,4,0,0.992050974,0.991981664,0.992007893,0.128208382,0.999930134,0.999956574,0.12923568,0,gaussian
393,5,0,0.992966489,0.992772269,0.992805162,0.080711744,0.999804405,0.99983753,0.081283452,0,gaussian
393,6,0,0.992008366,0.991759672,0.991879299,0.172453056,0.999749302,0.999869894,0.17384234,0,gaussian
393,7,0,0.992997107,0.992541997,0.992539597,0.048576382,0.99954168,0.999539264,0.048918956,0,gaussian
393,8,0,0.995081121,0.994685495,0.99471015,0.031648486,0.999602418,0.999627196,0.031804931,0,gaussian
393,9,0,0.992835271,0.992135931,0.991935631,0.066446256,0.999295613,0.999093867,0.066925761,0,gaussian
393,10,1,0.963157134,0.085046531,0.005415458,0.00363979,0.088299747,0.005622611,0.00377902,0,gaussian
393,11,1,0.965142963,0.091237436,0.006493107,0.003498743,0.09453256,0.006727612,0.003625103,0,gaussian
393,12,1,0.965884274,0.147142449,0.009231826,0.005493412,0.152339626,0.009557901,0.005687444,0,gaussian
393,13,1,0.967514237,0.156605022,0.00915721,0.004892241,0.161863274,0.009464677,0.005056505,0,gaussian
393,14,1,0.967316318,0.158200883,0.009743705,0.005238598,0.163546174,0.010072925,0.0054156,0,gaussian
394,0,0,0.993053615,0.993025103,0.993009395,0.054114026,0.999971289,0.999955471,0.054492552,0,gaussian
394,1,0,0.996529625,0.996507588,0.996496874,0.014025289,0.999977886,0.999967135,0.014074131,0,gaussian
394,2,0,0.996391081,0.996370628,0.996371464,0.014853512,0.999979472,0.999980312,0.014907312,0,gaussian
394,3,0,0.998967922,0.998942491,0.998941925,0.010052573,0.999974542,0.999973976,0.010062959,0,gaussian
394,4,0,0.999139246,0.999117003,0.999118533,0.018112811,0.999977738,0.999979269,0.018128415,0,gaussian
394,5,0,0.990131377,0.990049323,0.99009638,0.075992351,0.999917129,0.999964655,0.076749766,0,gaussian
394,6,0,0.999627489,0.999594392,0.999586321,0.005920859,0.99996689,0.999958817,0.005923065,0,gaussian
394,7,0,0.99591887,0.995520345,0.995611994,0.03669043,0.999599842,0.999691867,0.036840782,0,gaussian
394,8,0,0.98973677,0.989017437,0.989482812,0.359704787,0.999273208,0.999743409,0.363434802,0,gaussian
394,9,0,0.993946041,0.993528271,0.993267173,0.027868804,0.999579686,0.999316997,0.028038549,0,gaussian
394,10,1,0.964139555,0.110221994,0.004850972,0.003924905,0.114321618,0.0050314,0.004070889,0,gaussian
394,11,1,0.960982873,0.104615898,0.006389789,0.0048335,0.108863436,0.006649222,0.005029746,0,gaussian
394,12,1,0.967207729,0.177766426,0.00670516,0.005209825,0.18379343,0.006932492,0.005386459,0,gaussian
394,13,1,0.966746742,0.154570816,0.00749628,0.005883469,0.159887599,0.00775413,0.006085843,0,gaussian
394,14,1,0.962813242,0.156534609,0.007768174,0.006606835,0.162580449,0.008068204,0.006862011,0,gaussian
395,0,0,0.99552238,0.995496222,0.995492014,0.04907178,0.999973724,0.999969498,0.049292493,0,gaussian
395,1,0,0.998919826,0.998909303,0.998906283,0.022791154,0.999989466,0.999986442,0.022815799,0,gaussian
395,2,0,1.000001291,0.999991049,0.999990189,0.073895654,0.999989758,0.999988898,0.073895559,0,gaussian
395,3,0,0.994510056,0.994465604,0.994454166,0.045213636,0.999955303,0.999943801,0.045463227,0,gaussian
395,4,0,0.996493688,0.996294261,0.99641593,0.151819712,0.999799871,0.999921968,0.152353913,0,gaussian
395,5,0,0.996257187,0.996196169,0.99619095,0.038356364,0.999938754,0.999933515,0.038500464,0,gaussian
395,6,0,0.994119163,0.994039018,0.994056868,0.054900435,0.999919381,0.999937336,0.055225205,0,gaussian
395,7,0,0.991875548,0.99130795,0.991749403,0.939703853,0.999427753,0.999872822,0.947400966,0,gaussian
395,8,0,0.992646961,0.992526789,0.992509647,0.169732765,0.999878938,0.999861669,0.170990061,0,gaussian
395,9,0,0.999155486,0.998626926,0.998834337,0.030231418,0.999470994,0.99967858,0.030256971,0,gaussian
395,10,1,0.965317437,0.11120036,0.00607533,0.004364804,0.11519564,0.006293608,0.004521626,0,gaussian
395,11,1,0.964429368,0.10187605,0.005854163,0.004919486,0.105633501,0.006070079,0.005100929,0,gaussian
395,12,1,0.966283219,0.149898191,0.007217162,0.00566679,0.155128629,0.007468993,0.005864523,0,gaussian
395,13,1,0.965995667,0.129744347,0.006816838,0.005927858,0.134311521,0.0070568,0.006136526,0,gaussian
395,14,1,0.964826202,0.134332575,0.006910681,0.006317742,0.139229816,0.007162617,0.006548062,0,gaussian
396,0,0,0.993002936,0.992977371,0.992978525,0.269542479,0.999974255,0.999975417,0.271441775,0,gaussian
396,1,0,0.994801713,0.994789765,0.994794664,0.084161142,0.99998799,0.999992914,0.084600922,0,gaussian
396,2,0,0.997684865,0.997667521,0.997662526,0.011528984,0.999982616,0.999977609,0.011555737,0,gaussian
396,3,0,0.996146297,0.996122798,0.996128151,0.074700619,0.99997641,0.999981784,0.074989607,0,gaussian
396,4,0,0.995319617,0.995268891,0.995273448,0.041520511,0.999949036,0.999953614,0.041715757,0,gaussian
396,5,0,0.992037786,0.992007248,0.992002782,0.509392406,0.999969217,0.999964715,0.51348085,0,gaussian
396,6,0,0.996970411,0.996944627,0.996944873,0.037464287,0.999974137,0.999974384,0.037578134,0,gaussian
396,7,0,0.997652645,0.997612639,0.997597716,0.049960134,0.9999599,0.999944943,0.050077684,0,gaussian
396,8,0,0.992366022,0.992137346,0.992174378,0.08784923,0.999769565,0.999806882,0.088525028,0,gaussian
396,9,1,0.964770982,0.082140883,0.005779028,0.004080377,0.085140292,0.005990051,0.004229374,0,gaussian
396,10,0,0.993129541,0.988762084,0.989076401,0.139064239,0.995602328,0.99591882,0.140026284,0,gaussian
396,11,1,0.963308466,0.136857242,0.025566569,0.00610062,0.142070008,0.026540376,0.006332987,0,gaussian
396,12,1,0.964910253,0.153358235,0.010845062,0.006584653,0.158935233,0.011239451,0.006824109,0,gaussian
396,13,1,0.963208189,0.155599175,0.014672449,0.006645879,0.16154262,0.015232895,0.006899732,0,gaussian
396,14,1,0.970435592,0.164983549,0.010889668,0.004926727,0.170009787,0.011221422,0.00507682,0,gaussian
397,0,0,0.996327008,0.996299657,0.996302319,0.058638995,0.999972548,0.99997522,0.05885517,0,gaussian
397,1,0,0.996862176,0.996847613,0.996850327,0.017920703,0.999985391,0.999988113,0.017977112,0,gaussian
397,2,0,0.996621244,0.996611382,0.996606578,0.022058274,0.999990105,0.999985284,0.022133057,0,gaussian
397,3,0,0.995302544,0.99527848,0.995276128,0.028292985,0.999975823,0.99997346,0.028426517,0,gaussian
397,4,0,0.999726974,0.999687979,0.999688064,0.005562001,0.999960994,0.99996108,0.00556352,0,gaussian
397,5,0,0.998852398,0.998832188,0.998833209,0.014149309,0.999979766,0.999980789,0.014165565,0,gaussian
397,6,1,0.965991378,0.085470683,0.00412536,0.003203114,0.088479757,0.004270597,0.003315883,0,gaussian
397,7,1,0.96931916,0.111320195,0.006404229,0.004016871,0.114843696,0.006606935,0.004144013,0,gaussian
397,8,1,0.963985807,0.096838296,0.004043609,0.003436996,0.100456143,0.004194677,0.003565401,0,gaussian
397,9,1,0.964417348,0.118664729,0.007192576,0.005448526,0.123042923,0.007457949,0.005649552,0,gaussian
397,10,1,0.967034753,0.119371083,0.006262709,0.004717284,0.123440324,0.006476199,0.004878091,0,gaussian
397,11,0,0.998209967,0.998152586,0.998160507,0.099386555,0.999942516,0.999950452,0.099564779,0,gaussian
397,12,0,0.994529888,0.994468479,0.994424748,0.024354427,0.999938253,0.999894282,0.024488381,0,gaussian
397,13,0,0.995482409,0.995374104,0.995384374,0.040955324,0.999891203,0.999901521,0.041141183,0,gaussian
397,14,0,0.997489669,0.997415125,0.997398929,0.006641055,0.999925269,0.999909032,0.006657768,0,gaussian
398,0,0,0.996730749,0.996668918,0.996662304,0.015499402,0.999937966,0.999931331,0.01555024,0,gaussian
398,1,0,0.995595016,0.995571772,0.995566059,0.016915343,0.999976653,0.999970914,0.016990185,0,gaussian
398,2,0,0.994033966,0.994005734,0.994011717,0.129217331,0.999971598,0.999977617,0.129992873,0,gaussian
398,3,0,0.995724481,0.995711907,0.995709495,0.022886126,0.999987372,0.999984949,0.022984396,0,gaussian
398,4,0,0.99560711,0.995577742,0.995574399,0.04293165,0.999970503,0.999967146,0.043121077,0,gaussian
398,5,0,0.992059185,0.992027148,0.99202744,0.17181314,0.999967707,0.999968001,0.173188397,0,gaussian
398,6,0,0.995399808,0.995314925,0.995319927,0.016021067,0.999914725,0.99991975,0.016095107,0,gaussian
398,7,0,0.997650335,0.997615701,0.997620372,0.007645811,0.999965284,0.999969965,0.007663819,0,gaussian
398,8,0,0.997581543,0.997558063,0.997560874,0.014237365,0.999976463,0.999979281,0.014271881,0,gaussian
398,9,0,0.994134855,0.991561037,0.99279994,0.061578436,0.997410997,0.998657209,0.061941733,0,gaussian
398,10,1,0.967621554,0.095478323,0.004514319,0.003036958,0.098673208,0.004665377,0.003138581,0,gaussian
398,11,1,0.964617834,0.120839528,0.006605438,0.004939623,0.12527192,0.006847725,0.005120808,0,gaussian
398,12,1,0.965069062,0.108883494,0.009898328,0.004081715,0.112824562,0.010256601,0.004229453,0,gaussian
398,13,1,0.964851912,0.111866497,0.006945199,0.005161446,0.115941624,0.007198202,0.00534947,0,gaussian
398,14,1,0.963705728,0.113900352,0.009019577,0.005311598,0.118189971,0.009359265,0.005511639,0,gaussian
399,0,0,0.99362311,0.99360567,0.993605304,0.114271197,0.999982448,0.99998208,0.115004568,0,gaussian
399,1,0,0.997004975,0.996982743,0.996973649,0.014349165,0.999977701,0.99996858,0.01439227,0,gaussian
399,2,0,0.996542575,0.99648122,0.996483631,0.019851016,0.999938432,0.999940851,0.019919887,0,gaussian
399,3,0,0.994357978,0.994310963,0.994310096,0.09716412,0.999952718,0.999951846,0.097715432,0,gaussian
399,4,0,0.995876425,0.995842527,0.99585103,0.031004923,0.999965961,0.999974499,0.031133303,0,gaussian
399,5,0,0.993486105,0.993434069,0.993442198,0.204051158,0.999947623,0.999955805,0.205389041,0,gaussian
399,6,0,0.99305315,0.993004057,0.99296673,0.035702651,0.999950564,0.999912975,0.035952407,0,gaussian
399,7,0,0.997419801,0.99735717,0.997357215,0.016568515,0.999937207,0.999937252,0.016611375,0,gaussian
399,8,0,0.996981436,0.996724825,0.996796282,0.011387562,0.999742612,0.999814285,0.01142204,0,gaussian
399,9,0,0.996847936,0.995298714,0.995188589,0.052971904,0.998445879,0.998335407,0.053139403,0,gaussian
399,10,1,0.963745006,0.100826074,0.005141891,0.004251364,0.104619036,0.005335323,0.004411296,0,gaussian
399,11,1,0.966637586,0.106823587,0.004678977,0.003493422,0.110510484,0.004840466,0.003613994,0,gaussian
399,12,1,0.963509993,0.136670704,0.00737513,0.006546274,0.141846691,0.007654441,0.006794195,0,gaussian
399,13,1,0.964572694,0.099161568,0.00611978,0.005300735,0.102803623,0.00634455,0.005495423,0,gaussian
399,14,1,0.965182219,0.146015585,0.007481281,0.006648263,0.151282921,0.007751159,0.006888091,0,gaussian
400,0,0,0.993663008,0.993622987,0.993627192,0.097280457,0.999959724,0.999963955,0.097900854,0,gaussian
400,1,0,0.993472147,0.993444917,0.993455188,0.117093231,0.999972592,0.99998293,0.117862621,0,gaussian
400,2,0,0.996207799,0.996182115,0.996180108,0.027492271,0.999974218,0.999972203,0.027596924,0,gaussian
400,3,0,0.999128151,0.999099148,0.999104341,0.043549441,0.999970973,0.999976169,0.043587442,0,gaussian
400,4,0,0.994382077,0.994347729,0.994329354,0.0574713,0.999965457,0.999946979,0.057795993,0,gaussian
400,5,0,0.994091666,0.994030331,0.994046585,0.047205295,0.999938301,0.999954651,0.047485857,0,gaussian
400,6,0,0.995848792,0.995784843,0.995794264,0.111941678,0.999935784,0.999945245,0.112408308,0,gaussian
400,7,0,0.99463646,0.994595275,0.994566774,0.025618301,0.999958593,0.999929938,0.025756447,0,gaussian
400,8,0,0.993384085,0.993334367,0.993354971,0.047591832,0.999949951,0.999970692,0.047908793,0,gaussian
400,9,0,0.992417358,0.99224081,0.992358979,0.181015816,0.999822103,0.999941174,0.182398882,0,gaussian
400,10,1,0.966020781,0.096693044,0.004560193,0.003877515,0.100094166,0.004720595,0.004013905,0,gaussian
400,11,1,0.966221051,0.095810156,0.004599712,0.0038782,0.099159666,0.004760517,0.004013781,0,gaussian
400,12,1,0.967643967,0.140747347,0.005595965,0.004892716,0.14545365,0.005783082,0.005056318,0,gaussian
400,13,1,0.964130258,0.163348108,0.00674348,0.005906891,0.169425352,0.006994366,0.006126652,0,gaussian
400,14,1,0.964380742,0.136423846,0.006892654,0.006057111,0.14146264,0.007147233,0.006280829,0,gaussian
401,0,0,0.997684405,0.997625546,0.997649014,0.036328403,0.999941005,0.999964527,0.03641272,0,gaussian
401,1,0,0.993110384,0.993096187,0.993096198,0.203373345,0.999985705,0.999985716,0.20478423,0,gaussian
401,2,0,0.9964499,0.996441034,0.996436008,0.013503095,0.999991102,0.999986059,0.013551203,0,gaussian
401,3,0,0.99607716,0.996051074,0.99604834,0.033099384,0.999973812,0.999971067,0.033229739,0,gaussian
401,4,0,0.994025859,0.993988778,0.993995597,0.090345,0.999962697,0.999969556,0.090887978,0,gaussian
401,5,0,0.994835701,0.994807233,0.994819135,0.048448241,0.999971384,0.999983349,0.048699741,0,gaussian
401,6,0,0.98893575,0.988800275,0.988804526,0.341748607,0.999863009,0.999867308,0.345572103,0,gaussian
401,7,0,0.99804358,0.997946891,0.997907309,0.017841022,0.999903122,0.999863462,0.017875995,0,gaussian
401,8,0,0.996090809,0.995954455,0.995880767,0.037160475,0.999863111,0.999789133,0.037306312,0,gaussian
401,9,0,0.99543821,0.994834494,0.994730452,0.06407263,0.999393518,0.999288999,0.064366255,0,gaussian
401,10,1,0.962616895,0.096332994,0.005550912,0.004492417,0.100074074,0.005766481,0.00466688,0,gaussian
401,11,1,0.964417225,0.093301775,0.00537882,0.003983674,0.096744202,0.005577275,0.004130654,0,gaussian
401,12,1,0.963753938,0.095840109,0.006264182,0.005279723,0.099444583,0.006499773,0.00547829,0,gaussian
401,13,1,0.964609845,0.114114617,0.006515518,0.005312982,0.118301319,0.006754563,0.005507908,0,gaussian
401,14,1,0.967081758,0.125901449,0.006762319,0.005266248,0.130186975,0.0069925,0.005445504,0,gaussian
402,0,0,0.996050044,0.996019849,0.996016808,0.056379052,0.999969685,0.999966632,0.05660263,0,gaussian
402,1,0,0.995003336,0.994987183,0.994986764,0.208075587,0.999983766,0.999983344,0.209120492,0,gaussian
402,2,0,0.992142661,0.992074267,0.992092346,0.463141394,0.999931065,0.999949287,0.466809273,0,gaussian
402,3,0,0.999319135,0.999296377,0.999284614,0.018722689,0.999977227,0.999965455,0.018735445,0,gaussian
402,4,0,0.995626247,0.995493321,0.995502822,0.027739603,0.99986649,0.999876033,0.027861462,0,gaussian
402,5,0,0.996550246,0.996513443,0.996518237,0.013012079,0.999963069,0.999967881,0.013057123,0,gaussian
402,6,0,0.995208417,0.995171824,0.995161082,0.034831409,0.999963231,0.999952437,0.03499911,0,gaussian
402,7,0,0.999922541,0.999883718,0.999868619,0.007766428,0.999961174,0.999946074,0.00776703,0,gaussian
402,8,1,0.961542043,0.106336992,0.005668084,0.005212211,0.110590059,0.005894786,0.005420679,0,gaussian
402,9,1,0.960529377,0.115390182,0.006975104,0.006882975,0.120131862,0.007261729,0.007165814,0,gaussian
402,10,1,0.968426547,0.126106983,0.006241842,0.005144025,0.130218429,0.006445344,0.005311735,0,gaussian
402,11,1,0.966094833,0.13457841,0.006020303,0.004929954,0.139301449,0.006231586,0.005102971,0,gaussian
402,12,1,0.965650906,0.092711072,0.004733088,0.003811152,0.09600889,0.004901449,0.003946718,0,gaussian
402,13,0,0.996775591,0.996233685,0.996266052,0.020504852,0.999456341,0.999488812,0.020571182,0,gaussian
402,14,0,0.994284395,0.992428692,0.992458633,0.075708047,0.99813363,0.998163743,0.076143252,0,gaussian
403,0,0,1.000835887,1.000817552,1.000816013,0.013796344,0.99998168,0.999980143,0.013784822,0,gaussian
403,1,0,0.991849036,0.991837782,0.991838189,0.194240737,0.999988654,0.999989064,0.195836997,0,gaussian
403,2,0,0.99645994,0.996394377,0.99640218,0.064795737,0.999934205,0.999942036,0.065025933,0,gaussian
403,3,0,0.989292049,0.989261271,0.989270633,0.549080686,0.999968889,0.999978352,0.555023854,0,gaussian
403,4,0,0.99511291,0.995082305,0.995081101,0.073842602,0.999969245,0.999968035,0.07420525,0,gaussian
403,5,0,0.993240328,0.993195975,0.993182819,0.059119219,0.999955344,0.999942099,0.059521566,0,gaussian
403,6,0,0.991234633,0.991162236,0.991108477,0.148608943,0.999926963,0.999872729,0.149923074,0,gaussian
403,7,0,0.995923024,0.995862849,0.995858642,0.026922895,0.999939579,0.999935354,0.027033109,0,gaussian
403,8,0,0.990734178,0.990313595,0.990657206,0.383360891,0.999575483,0.999922308,0.386946266,0,gaussian
403,9,0,0.996163636,0.995541139,0.995601204,0.020186323,0.999375105,0.999435401,0.020264063,0,gaussian
403,10,1,0.964312871,0.094574742,0.004993783,0.004034058,0.098074748,0.005178592,0.00418335,0,gaussian
403,11,1,0.967228151,0.124945535,0.006741207,0.004755867,0.129178968,0.006969614,0.004917007,0,gaussian
403,12,1,0.965021767,0.130779532,0.007379584,0.005706477,0.135519775,0.007647064,0.005913314,0,gaussian
403,13,1,0.96935447,0.114888535,0.0064575,0.004527764,0.118520664,0.00666165,0.004670906,0,gaussian
403,14,1,0.963566028,0.080991303,0.004799185,0.003719232,0.084053713,0.00498065,0.003859862,0,gaussian
404,0,0,0.998365562,0.998330844,0.998347025,0.005403141,0.999965225,0.999981432,0.005411987,0,gaussian
404,1,0,0.996005854,0.99599262,0.995990474,0.068219992,0.999986713,0.999984558,0.068493566,0,gaussian
404,2,0,0.997896075,0.997877175,0.997879493,0.017974794,0.99998106,0.999983383,0.018012692,0,gaussian
404,3,0,0.99647408,0.996428899,0.996445001,0.015013762,0.999954659,0.999970818,0.015066887,0,gaussian
404,4,0,0.99092739,0.990904861,0.990905472,0.064464181,0.999977264,0.999977881,0.065054394,0,gaussian
404,5,0,0.992725332,0.992684874,0.992707651,0.142072964,0.999959245,0.999982189,0.143114071,0,gaussian
404,6,0,0.99343163,0.993374437,0.993353841,0.097644208,0.999942429,0.999921696,0.098289812,0,gaussian
404,7,0,0.995256933,0.995202203,0.995202399,0.01907185,0.99994501,0.999945206,0.019162741,0,gaussian
404,8,0,0.994239277,0.994075499,0.994051171,0.05436772,0.999835272,0.999810804,0.054682732,0,gaussian
404,9,0,0.995783879,0.995568309,0.995500983,0.172199929,0.999783517,0.999715906,0.172929019,0,gaussian
404,10,1,0.962637196,0.081381171,0.004431142,0.0037146,0.084539816,0.004603128,0.003858775,0,gaussian
404,11,1,0.961550826,0.120350806,0.006316419,0.004305425,0.125163229,0.006568991,0.004477584,0,gaussian
404,12,1,0.966221334,0.133733089,0.006933174,0.004923411,0.138408338,0.007175555,0.005095531,0,gaussian
404,13,1,0.96739384,0.136787576,0.006008258,0.004158693,0.141398023,0.006210767,0.004298863,0,gaussian
404,14,1,0.967328421,0.137858151,0.007015928,0.004700991,0.142514318,0.007252892,0.004859767,0,gaussian
405,0,0,0.99866181,0.99864472,0.998643014,0.016670242,0.999982887,0.999981179,0.01669258,0,gaussian
405,1,0,0.994301922,0.994293106,0.994290415,0.070552288,0.999991133,0.999988426,0.070956605,0,gaussian
405,2,0,0.995868869,0.99584144,0.995841594,0.032085026,0.999972458,0.999972612,0.032218123,0,gaussian
405,3,0,0.996441344,0.996428583,0.996427121,0.030277901,0.999987193,0.999985726,0.030386035,0,gaussian
405,4,0,0.994940978,0.994933566,0.994931775,0.027383515,0.99999255,0.999990749,0.027522753,0,gaussian
405,5,0,0.994453183,0.994427176,0.994423995,0.066739387,0.999973847,0.999970649,0.067111643,0,gaussian
405,6,0,0.995502492,0.995459426,0.99543786,0.021489194,0.99995674,0.999935077,0.021586278,0,gaussian
405,7,0,0.995250392,0.995162599,0.995163353,0.037768602,0.999911789,0.999912546,0.037948844,0,gaussian
405,8,0,0.994927977,0.994837038,0.994810901,0.016154084,0.999908597,0.999882326,0.016236436,0,gaussian
405,9,0,0.996850056,0.996635349,0.99677026,0.24268899,0.999784614,0.999919952,0.243455863,0,gaussian
405,10,1,0.967040514,0.10766591,0.006086718,0.004049056,0.11133547,0.006294171,0.004187059,0,gaussian
405,11,1,0.965668473,0.114466744,0.005618082,0.00438856,0.118536275,0.005817816,0.004544582,0,gaussian
405,12,1,0.961503607,0.128613441,0.0078379,0.006489674,0.133762828,0.008151711,0.006749506,0,gaussian
405,13,1,0.962742225,0.133384946,0.007037753,0.006095561,0.138546895,0.007310111,0.006331457,0,gaussian
405,14,1,0.965381584,0.125898126,0.007156129,0.006348422,0.130412811,0.007412746,0.006576075,0,gaussian
406,0,0,0.994359933,0.994322659,0.994328587,0.035791024,0.999962515,0.999968476,0.035994032,0,gaussian
406,1,0,0.996666555,0.996654872,0.996645215,0.025904793,0.999988278,0.999978588,0.025991434,0,gaussian
406,2,0,0.996893354,0.996873957,0.996870768,0.021023816,0.999980543,0.999977344,0.021089333,0,gaussian
406,3,0,0.991955683,0.99192135,0.991924646,0.065945141,0.999965389,0.999968712,0.066479927,0,gaussian
406,4,0,0.992977664,0.992950421,0.992953716,0.07028762,0.999972565,0.999975883,0.070784694,0,gaussian
406,5,0,0.993684102,0.993676739,0.993677548,0.132971447,0.99999259,0.999993405,0.133816619,0,gaussian
406,6,0,0.995950304,0.995777509,0.995757917,0.025138546,0.999826503,0.999806831,0.025240763,0,gaussian
406,7,0,0.990541058,0.990513943,0.990492668,0.359454626,0.999972626,0.999951147,0.362887154,0,gaussian
406,8,0,0.989510129,0.989472692,0.989447634,0.480384523,0.999962166,0.999936842,0.485477115,0,gaussian
406,9,0,0.99390853,0.993751234,0.993705065,0.377433887,0.99984174,0.999795287,0.379747105,0,gaussian
406,10,1,0.964865406,0.105462904,0.004572362,0.003892109,0.109303228,0.00473886,0.004033836,0,gaussian
406,11,1,0.965003681,0.115194124,0.00495655,0.004017519,0.119371694,0.005136302,0.004163216,0,gaussian
406,12,1,0.963919909,0.120849049,0.006661297,0.005718443,0.1253725,0.006910633,0.005932488,0,gaussian
406,13,1,0.968203496,0.123900061,0.006210961,0.00452114,0.127969029,0.006414933,0.004669618,0,gaussian
406,14,1,0.966090934,0.133545146,0.006596,0.005317298,0.13823248,0.006827515,0.005503931,0,gaussian
407,0,0,0.995761342,0.995722695,0.995727781,0.034350719,0.999961188,0.999966295,0.03449694,0,gaussian
407,1,0,0.993917067,0.993900931,0.993898808,0.086841109,0.999983766,0.99998163,0.087372591,0,gaussian
407,2,0,0.995674611,0.995651977,0.995655626,0.03304501,0.999977268,0.999980933,0.033188563,0,gaussian
407,3,0,0.996046384,0.996023086,0.996028524,0.048662837,0.999976609,0.999982069,0.048855995,0,gaussian
407,4,0,0.992837993,0.992794494,0.992818024,0.193713189,0.999956188,0.999979888,0.195110572,0,gaussian
407,5,0,0.994619609,0.994522293,0.99451877,0.090698827,0.999902158,0.999898615,0.091189462,0,gaussian
407,6,0,0.996920705,0.99688467,0.996879759,0.032795243,0.999963854,0.999958928,0.032896541,0,gaussian
407,7,0,0.996132226,0.995974575,0.996054334,0.095319226,0.999841737,0.999921806,0.095689331,0,gaussian
407,8,0,0.995076421,0.994911982,0.994943949,0.042447991,0.999834747,0.999866872,0.042658021,0,gaussian
407,9,0,0.995329207,0.995187194,0.995218031,0.074218552,0.99985732,0.999888302,0.074566838,0,gaussian
407,10,1,0.960056085,0.09768983,0.005077267,0.004959957,0.101754294,0.005288511,0.00516632,0,gaussian
407,11,1,0.964707243,0.084476752,0.006397329,0.004214715,0.087567241,0.006631369,0.004368905,0,gaussian
407,12,1,0.966923883,0.136265019,0.006600544,0.004943536,0.140926314,0.006826332,0.005112642,0,gaussian
407,13,1,0.966097709,0.125539855,0.005913048,0.005474048,0.129945298,0.006120548,0.005666143,0,gaussian
407,14,1,0.962896519,0.120073662,0.006730871,0.006165261,0.124700484,0.006990233,0.006402829,0,gaussian
408,0,0,0.999913561,0.999863377,0.999888571,0.054578552,0.999949812,0.999975008,0.05458327,0,gaussian
408,1,0,0.988276598,0.988218521,0.988269295,0.895728488,0.999941234,0.999992611,0.90635404,0,gaussian
408,2,0,0.992464229,0.99238758,0.992416531,0.126735908,0.99992277,0.999951941,0.127698213,0,gaussian
408,3,0,0.994005184,0.993947222,0.993964617,0.118591051,0.999941688,0.999959188,0.11930627,0,gaussian
408,4,0,0.99620058,0.996168757,0.996156011,0.0289064,0.999968056,0.999955261,0.029016647,0,gaussian
408,5,0,0.992907891,0.992847498,0.992859227,0.026886867,0.999939175,0.999950988,0.027078914,0,gaussian
408,6,0,0.991876971,0.991768894,0.991791334,0.28514334,0.999891037,0.999913661,0.287478536,0,gaussian
408,7,0,0.994374997,0.994295173,0.994239964,0.076496512,0.999919724,0.999864204,0.076929239,0,gaussian
408,8,0,0.994945383,0.994799023,0.994803422,0.053705203,0.999852897,0.999857319,0.053978042,0,gaussian
408,9,0,0.998947158,0.998207516,0.998538384,0.053003487,0.999259579,0.999590796,0.05305935,0,gaussian
408,10,1,0.965331782,0.125661347,0.005096096,0.004117797,0.130174257,0.005279114,0.00426568,0,gaussian
408,11,1,0.96421911,0.113560174,0.00596605,0.004559221,0.117774241,0.006187442,0.004728407,0,gaussian
408,12,1,0.967447552,0.157724058,0.007075829,0.005322643,0.16303112,0.007313915,0.005501738,0,gaussian
408,13,1,0.969581441,0.14112749,0.008411622,0.005352143,0.145555065,0.008675519,0.005520055,0,gaussian
408,14,1,0.966192576,0.149851865,0.008537248,0.006264628,0.155095236,0.008835969,0.006483829,0,gaussian
409,0,0,0.997455034,0.997424183,0.997431675,0.0204526,0.99996907,0.999976581,0.020504784,0,gaussian
409,1,0,0.992955148,0.992928329,0.992935096,0.137570636,0.99997299,0.999979805,0.138546677,0,gaussian
409,2,0,0.996954933,0.99691866,0.996916616,0.034552308,0.999963617,0.999961566,0.034657843,0,gaussian
409,3,0,0.997055967,0.996991245,0.99699007,0.031076836,0.999935086,0.999933908,0.031168598,0,gaussian
409,4,0,0.989272034,0.989204578,0.989157429,0.855819131,0.999931813,0.999884152,0.865099893,0,gaussian
409,5,0,0.997706456,0.997670684,0.997668647,0.022930782,0.999964146,0.999962105,0.022983495,0,gaussian
409,6,0,0.993294079,0.993201428,0.993234195,0.100237933,0.999906723,0.999939712,0.100914659,0,gaussian
409,7,0,0.996554487,0.996455681,0.996497805,0.010650224,0.999900852,0.999943123,0.010687046,0,gaussian
409,8,0,0.995087769,0.99496124,0.994975771,0.034526175,0.999872846,0.999887449,0.034696613,0,gaussian
409,9,0,0.995594516,0.994617693,0.993964465,0.03254861,0.999018855,0.998362737,0.032692637,0,gaussian
409,10,1,0.96239924,0.103964038,0.005021421,0.004106485,0.108025893,0.005217607,0.004266924,0,gaussian
409,11,1,0.965648579,0.100338306,0.0062927,0.004052106,0.103907683,0.006516552,0.004196253,0,gaussian
409,12,1,0.967715923,0.151207845,0.009404086,0.006025344,0.156252307,0.009717817,0.006226356,0,gaussian
409,13,1,0.965722157,0.118877918,0.007237413,0.004673133,0.123097432,0.007494301,0.004839003,0,gaussian
409,14,1,0.966067546,0.124883781,0.008589685,0.005166029,0.129270237,0.008891392,0.005347482,0,gaussian
410,0,0,0.9950558,0.995043624,0.995042656,0.043427779,0.999987764,0.99998679,0.043643562,0,gaussian
410,1,0,0.99620989,0.996175492,0.996174836,0.018724613,0.99996547,0.999964813,0.018795851,0,gaussian
410,2,0,1.000830825,1.00081216,1.00081289,0.006662937,0.999981351,0.99998208,0.006657406,0,gaussian
410,3,0,0.99740303,0.997379507,0.997380335,0.054284828,0.999976416,0.999977247,0.054426171,0,gaussian
410,4,0,0.996715276,0.996693306,0.996677169,0.018091392,0.999977958,0.999961768,0.018151014,0,gaussian
410,5,0,0.993592882,0.993530738,0.993548572,0.11318872,0.999937456,0.999955404,0.11391861,0,gaussian
410,6,0,0.996666358,0.996610089,0.996597451,0.0460047,0.999943543,0.999930863,0.046158576,0,gaussian
410,7,0,0.990453758,0.990409266,0.990435473,0.358163616,0.999955079,0.999981539,0.361615687,0,gaussian
410,8,0,0.998687102,0.998412869,0.998475442,0.015424702,0.999725406,0.999788062,0.015444979,0,gaussian
410,9,0,0.988208391,0.987266148,0.987501379,0.300647643,0.999046514,0.999284552,0.304235064,0,gaussian
410,10,1,0.963579436,0.108323362,0.004359992,0.004020586,0.112417678,0.004524787,0.004172553,0,gaussian
410,11,1,0.964066715,0.093338507,0.005084414,0.004197659,0.096817477,0.005273924,0.004354117,0,gaussian
410,12,1,0.962884135,0.126620904,0.006820021,0.005728023,0.131501703,0.00708291,0.005948819,0,gaussian
410,13,1,0.965567311,0.145184938,0.006478631,0.005100277,0.150362316,0.006709662,0.005282156,0,gaussian
410,14,1,0.967578208,0.144968359,0.006964886,0.005410792,0.149825986,0.007198267,0.005592098,0,gaussian
411,0,0,0.996819786,0.996778621,0.996779087,0.028042687,0.999958703,0.999959171,0.028132153,0,gaussian
411,1,0,0.996046619,0.996037132,0.996031493,0.013102484,0.999990475,0.999984814,0.013154489,0,gaussian
411,2,0,0.995988642,0.995958107,0.995961089,0.020683908,0.999969342,0.999972337,0.020767213,0,gaussian
411,3,0,0.997436552,0.997426676,0.997429259,0.04777452,0.999990098,0.999992688,0.047897302,0,gaussian
411,4,0,0.991343278,0.991318729,0.991322229,0.225157476,0.999975236,0.999978767,0.227123622,0,gaussian
411,5,0,0.998210623,0.998183858,0.998159242,0.035134146,0.999973187,0.999948527,0.035197127,0,gaussian
411,6,0,0.998473076,0.998370728,0.998391696,0.007980649,0.999897495,0.999918495,0.007992853,0,gaussian
411,7,0,0.987722521,0.987352782,0.987251834,0.143397222,0.999625666,0.999523463,0.145179662,0,gaussian
411,8,0,0.995475109,0.995099917,0.995125326,0.040427479,0.999623102,0.999648626,0.04061124,0,gaussian
411,9,0,0.993394605,0.993279723,0.993257417,0.202136886,0.999884355,0.9998619,0.203480958,0,gaussian
411,10,1,0.963608214,0.108360829,0.005874673,0.004269404,0.112453202,0.006096536,0.004430643,0,gaussian
411,11,1,0.966890505,0.106638408,0.00495196,0.003697079,0.110290056,0.005121532,0.003823679,0,gaussian
411,12,1,0.966850236,0.127113981,0.007180387,0.005011506,0.131472255,0.007426577,0.005183332,0,gaussian
411,13,1,0.966085711,0.148361648,0.007916182,0.005748693,0.15356986,0.008194078,0.0059505,0,gaussian
411,14,1,0.96827089,0.126310768,0.006375898,0.004868626,0.130449824,0.006584829,0.005028166,0,gaussian
412,0,0,0.993557177,0.993524573,0.993518254,0.068924289,0.999967186,0.999960825,0.069371235,0,gaussian
412,1,0,0.999672193,0.999656487,0.999641751,0.018086304,0.999984288,0.999969548,0.018092235,0,gaussian
412,2,0,0.988113801,0.98808667,0.988076669,0.140048107,0.999972543,0.999962422,0.141732771,0,gaussian
412,3,0,0.990940915,0.990902212,0.990905446,0.188330055,0.999960943,0.999964207,0.19005175,0,gaussian
412,4,0,0.994311696,0.994285425,0.994274186,0.024905814,0.999973579,0.999962276,0.025048296,0,gaussian
412,5,0,0.994140253,0.994097196,0.994067918,0.026022835,0.999956689,0.999927239,0.026176221,0,gaussian
412,6,0,0.995145345,0.995097246,0.995123546,0.198462304,0.999951667,0.999978095,0.19943047,0,gaussian
412,7,0,0.992504224,0.992433243,0.992384293,0.076284916,0.999928483,0.999879163,0.076861049,0,gaussian
412,8,0,0.99155174,0.991351137,0.991409687,0.055788319,0.999797688,0.999856737,0.056263649,0,gaussian
412,9,0,0.995002873,0.994502892,0.994541899,0.042755781,0.999497508,0.999536711,0.04297051,0,gaussian
412,10,1,0.963184855,0.097269696,0.005048218,0.004370243,0.100987568,0.005241173,0.004537283,0,gaussian
412,11,1,0.963939423,0.100935219,0.005845721,0.004155696,0.104711164,0.006064407,0.004311159,0,gaussian
412,12,1,0.967762239,0.111650869,0.006802533,0.004977397,0.115370144,0.007029136,0.005143202,0,gaussian
412,13,1,0.964865657,0.123065631,0.007498851,0.005469857,0.127546908,0.007771912,0.005669035,0,gaussian
412,14,1,0.967828711,0.125205608,0.007917061,0.005672482,0.129367528,0.00818023,0.005861039,0,gaussian
413,0,0,0.997535537,0.997512184,0.997521224,0.027592001,0.999976589,0.999985652,0.027660168,0,gaussian
413,1,0,0.995761908,0.99574689,0.995741933,0.038315736,0.999984918,0.99997994,0.038478812,0,gaussian
413,2,0,0.998312344,0.998257899,0.998291602,0.055078145,0.999945463,0.999979223,0.055171255,0,gaussian
413,3,0,0.995175959,0.995138837,0.995129266,0.023928726,0.999962698,0.999953082,0.024044719,0,gaussian
413,4,0,0.997395639,0.997365006,0.9973723,0.035617436,0.999969287,0.9999766,0.035710439,0,gaussian
413,5,0,0.994282299,0.994260198,0.994254506,0.075301512,0.999977771,0.999972047,0.07573454,0,gaussian
413,6,0,0.995729295,0.995642866,0.995601917,0.095227062,0.9999132,0.999872075,0.095635493,0,gaussian
413,7,0,0.996601069,0.99653898,0.996500714,0.014966748,0.999937699,0.999899302,0.015017793,0,gaussian
413,8,0,0.999033167,0.998762072,0.998759972,0.021241494,0.999728643,0.999726541,0.021262051,0,gaussian
413,9,0,0.994679081,0.994259768,0.994040866,0.026577588,0.999578444,0.999358372,0.026719762,0,gaussian
413,10,1,0.959910791,0.091536616,0.006551806,0.004856973,0.095359503,0.006825432,0.005059817,0,gaussian
413,11,1,0.967699367,0.121784314,0.005960583,0.003837045,0.125849327,0.00615954,0.003965121,0,gaussian
413,12,1,0.966089383,0.148130119,0.007576261,0.005613344,0.153329621,0.007842195,0.005810377,0,gaussian
413,13,1,0.965855378,0.171894267,0.007347933,0.005347136,0.177971021,0.007607694,0.005536166,0,gaussian
413,14,1,0.96386088,0.169806926,0.007886186,0.006371053,0.176173689,0.008181872,0.00660993,0,gaussian
414,0,0,0.995069885,0.99505472,0.995054451,0.114539463,0.99998476,0.999984489,0.115106953,0,gaussian
414,1,0,0.997816235,0.997804718,0.997804277,0.068316401,0.999988458,0.999988016,0.068465914,0,gaussian
414,2,0,0.991653461,0.991644773,0.991644706,0.269016482,0.999991238,0.999991172,0.271280737,0,gaussian
414,3,0,0.995352314,0.99531594,0.995317733,0.061432246,0.999963456,0.999965258,0.061719097,0,gaussian
414,4,0,0.996243143,0.996221426,0.996212958,0.022030558,0.999978201,0.999969702,0.022113636,0,gaussian
414,5,0,0.993783188,0.993750667,0.993770085,0.09423652,0.999967276,0.999986816,0.094826036,0,gaussian
414,6,0,0.994972133,0.994942954,0.994943894,0.072138015,0.999970674,0.999971619,0.072502548,0,gaussian
414,7,0,0.994007174,0.993777827,0.993628669,0.032006031,0.99976927,0.999619213,0.032198994,0,gaussian
414,8,0,0.996282983,0.996169251,0.996173675,0.020904242,0.999885844,0.999890284,0.020982234,0,gaussian
414,9,0,0.997041685,0.996766351,0.996723394,0.012694795,0.999723849,0.999680765,0.012732462,0,gaussian
414,10,1,0.964150951,0.128022844,0.005782007,0.004392178,0.132782988,0.005996994,0.004555488,0,gaussian
414,11,1,0.964364749,0.094797034,0.004661206,0.004014775,0.098299979,0.004833447,0.004163129,0,gaussian
414,12,1,0.965509268,0.142434202,0.007836584,0.006325726,0.147522356,0.008116529,0.006551699,0,gaussian
414,13,1,0.964116558,0.143308279,0.007502768,0.006670671,0.148642068,0.007782014,0.006918946,0,gaussian
414,14,1,0.964507085,0.112260289,0.006734315,0.005801057,0.116391357,0.006982131,0.00601453,0,gaussian
415,0,0,0.993949422,0.993934712,0.993936336,0.055759882,0.9999852,0.999986834,0.056099316,0,gaussian
415,1,0,0.996478223,0.996460791,0.996458499,0.044786086,0.999982507,0.999980206,0.04494437,0,gaussian
415,2,0,0.996584886,0.996565386,0.996556979,0.026153676,0.999980433,0.999971997,0.0262433,0,gaussian
415,3,0,0.994703043,0.994649436,0.994659152,0.039827666,0.999946108,0.999955875,0.040039755,0,gaussian
415,4,0,0.993579949,0.993574959,0.993568574,0.337001533,0.999994978,0.999988552,0.33917908,0,gaussian
415,5,0,0.998906465,0.998854374,0.998845116,0.012457161,0.999947852,0.999938584,0.012470799,0,gaussian
415,6,0,0.99490842,0.994894501,0.994897298,0.190663571,0.999986009,0.99998882,0.191639318,0,gaussian
415,7,0,0.996419725,0.996255338,0.996197687,0.019416073,0.999835022,0.999777165,0.019485838,0,gaussian
415,8,0,0.994990683,0.994171449,0.994278883,0.032201553,0.999176641,0.999284616,0.032363673,0,gaussian
415,9,0,0.998570056,0.997411001,0.997386706,0.02657987,0.998839285,0.998814956,0.026617933,0,gaussian
415,10,1,0.965195446,0.117211524,0.004854255,0.003810629,0.121438124,0.005029297,0.003948039,0,gaussian
415,11,1,0.964337573,0.104202524,0.008759568,0.003982377,0.108056065,0.009083508,0.00412965,0,gaussian
415,12,1,0.964613996,0.153688566,0.008682091,0.005589605,0.159326494,0.009000585,0.005794655,0,gaussian
415,13,1,0.963104346,0.122210029,0.010413209,0.005738429,0.126891785,0.01081213,0.005958263,0,gaussian
415,14,1,0.969322349,0.149470145,0.011371939,0.005014453,0.154200658,0.011731844,0.005173154,0,gaussian
416,0,0,0.994588735,0.994569537,0.994573641,0.043983898,0.999980697,0.999984824,0.044223202,0,gaussian
416,1,0,0.989952001,0.989927165,0.989929277,0.411597212,0.999974911,0.999977046,0.415774918,0,gaussian
416,2,0,0.996943466,0.996914897,0.996919243,0.032748976,0.999971344,0.999975702,0.032849381,0,gaussian
416,3,0,0.995331676,0.995301361,0.995307354,0.031610345,0.999969543,0.999975564,0.031758605,0,gaussian
416,4,0,0.997379035,0.997332054,0.997323225,0.018582933,0.999952895,0.999944043,0.018631767,0,gaussian
416,5,0,0.990891342,0.990743151,0.990721099,0.174915749,0.999850446,0.999828192,0.176523643,0,gaussian
416,6,0,0.993840825,0.99381933,0.993815179,0.094785843,0.999978372,0.999974195,0.095373263,0,gaussian
416,7,0,0.995826964,0.995767423,0.995775949,0.02202084,0.99994021,0.999948772,0.022113119,0,gaussian
416,8,0,0.996499978,0.996448351,0.996419703,0.017325132,0.999948192,0.999919443,0.017385983,0,gaussian
416,9,0,0.990433618,0.98994099,0.990125943,0.26444946,0.999502614,0.999689354,0.26700372,0,gaussian
416,10,1,0.964019315,0.089407124,0.005177228,0.004511695,0.092744121,0.005370461,0.004680088,0,gaussian
416,11,1,0.964736846,0.100769686,0.00556836,0.004535794,0.104453029,0.005771895,0.004701586,0,gaussian
416,12,1,0.966170303,0.11264785,0.006196697,0.005449282,0.116592126,0.006413669,0.005640084,0,gaussian
416,13,1,0.964659566,0.143811574,0.007843024,0.006377024,0.14908013,0.008130354,0.006610647,0,gaussian
416,14,1,0.967561867,0.162551224,0.006859854,0.006087378,0.168000858,0.007089835,0.006291462,0,gaussian
417,0,0,0.993749545,0.993677237,0.993691728,0.057224466,0.999927237,0.999941819,0.057584395,0,gaussian
417,1,0,0.995468211,0.995458481,0.995449802,0.05014703,0.999990226,0.999981507,0.05037532,0,gaussian
417,2,0,0.997246075,0.997220521,0.99722811,0.062505706,0.999974376,0.999981985,0.062678318,0,gaussian
417,3,0,0.999454884,0.999449398,0.999447534,0.040485633,0.999994512,0.999992646,0.040507715,0,gaussian
417,4,0,0.99591293,0.995900157,0.995900575,0.019726991,0.999987175,0.999987594,0.019807947,0,gaussian
417,5,0,0.999159442,0.999131353,0.999135871,0.012838449,0.999971887,0.999976409,0.012849249,0,gaussian
417,6,0,0.993976091,0.993929313,0.993925469,0.166144786,0.999952939,0.999949072,0.167151693,0,gaussian
417,7,0,0.996328051,0.996215284,0.99617599,0.019823275,0.999886817,0.999847379,0.019896334,0,gaussian
417,8,0,0.994257279,0.993964723,0.993937077,0.091693909,0.999705754,0.999677948,0.092223523,0,gaussian
417,9,0,0.994335456,0.993963659,0.993720571,0.049447901,0.999626085,0.999381611,0.049729597,0,gaussian
417,10,1,0.964002681,0.090680063,0.004638461,0.004230214,0.094066193,0.004811668,0.004388176,0,gaussian
417,11,1,0.960481527,0.127218507,0.007674358,0.006704818,0.132452841,0.007990115,0.006980684,0,gaussian
417,12,1,0.962302871,0.134515435,0.006537829,0.004630997,0.139784925,0.006793942,0.004812411,0,gaussian
417,13,1,0.963396386,0.169633428,0.007845322,0.006545775,0.176078539,0.0081434,0.006794478,0,gaussian
417,14,1,0.964076274,0.156105366,0.007527835,0.005741475,0.161922215,0.007808339,0.005955416,0,gaussian
418,0,0,0.994223684,0.994204649,0.994207134,0.06113667,0.999980854,0.999983354,0.061491867,0,gaussian
418,1,0,0.997612694,0.997599694,0.997599443,0.012888675,0.999986968,0.999986717,0.012919518,0,gaussian
418,2,0,0.99721605,0.997198163,0.997194368,0.040114686,0.999982063,0.999978257,0.040226675,0,gaussian
418,3,0,0.99799766,0.997992236,0.997992073,0.014401146,0.999994566,0.999994402,0.01443004,0,gaussian
418,4,0,0.997376573,0.997368746,0.997358323,0.015395565,0.999992153,0.999981702,0.01543606,0,gaussian
418,5,0,0.995885803,0.995859782,0.995871824,0.036717013,0.999973872,0.999985964,0.036868698,0,gaussian
418,6,0,0.995217025,0.99517482,0.99515947,0.043811074,0.999957593,0.999942168,0.044021629,0,gaussian
418,7,0,0.993756865,0.99369025,0.993682867,0.046162182,0.999932967,0.999925537,0.04645219,0,gaussian
418,8,0,0.996175769,0.996030111,0.996005238,0.020610991,0.999853783,0.999828815,0.020690115,0,gaussian
418,9,0,0.996018568,0.994767507,0.99344258,0.046256176,0.998743938,0.997413715,0.046441078,0,gaussian
418,10,1,0.963651183,0.091435022,0.005272579,0.003907984,0.094883941,0.00547146,0.004055392,0,gaussian
418,11,1,0.965631722,0.099857444,0.009575176,0.003781507,0.10341152,0.00991597,0.003916096,0,gaussian
418,12,1,0.965796635,0.106343256,0.007169138,0.004535173,0.110109367,0.007423031,0.004695785,0,gaussian
418,13,1,0.962448239,0.160795504,0.009707287,0.005849512,0.167069248,0.010086036,0.006077741,0,gaussian
418,14,1,0.969777502,0.141044622,0.008991536,0.00485187,0.145440188,0.009271751,0.005003075,0,gaussian
419,0,0,0.993098837,0.993083993,0.993086781,0.096010719,0.999985053,0.99998786,0.096677909,0,gaussian
419,1,0,0.994835379,0.99480639,0.994807881,0.093606835,0.999970861,0.999972359,0.094092788,0,gaussian
419,2,0,0.990604036,0.990588124,0.990589648,0.700864414,0.999983937,0.999985476,0.707512173,0,gaussian
419,3,0,0.998236594,0.998228048,0.998229745,0.017370815,0.999991439,0.999993139,0.017401501,0,gaussian
419,4,0,0.994115843,0.994056728,0.994040127,0.098164416,0.999940534,0.999923836,0.09874545,0,gaussian
419,5,0,0.999729562,0.999678455,0.999670762,0.00913978,0.999948879,0.999941184,0.009142252,0,gaussian
419,6,0,0.993245063,0.993204226,0.993184817,0.04619407,0.999958886,0.999939345,0.04650823,0,gaussian
419,7,0,0.99814961,0.997949914,0.997878813,0.012771258,0.999799935,0.999728701,0.012794933,0,gaussian
419,8,0,0.992173393,0.991800017,0.991826929,0.078935315,0.999623679,0.999650803,0.079557984,0,gaussian
419,9,0,0.995256611,0.99485576,0.994699733,0.034893152,0.999597239,0.999440468,0.035059453,0,gaussian
419,10,1,0.964107787,0.108502944,0.004819351,0.004054211,0.112542338,0.004998768,0.004205143,0,gaussian
419,11,1,0.963377931,0.133779015,0.007165452,0.006269939,0.138864521,0.007437841,0.006508286,0,gaussian
419,12,1,0.962167666,0.144483269,0.008181621,0.006873959,0.150164337,0.008503322,0.007144243,0,gaussian
419,13,1,0.961643597,0.139433934,0.008029451,0.006180986,0.144995438,0.008349716,0.006427523,0,gaussian
419,14,1,0.963432061,0.111862641,0.006898881,0.004451271,0.11610849,0.007160734,0.004620223,0,gaussian
420,0,0,0.991321413,0.991296027,0.991281779,0.123138127,0.999974392,0.999960019,0.124216147,0,gaussian
420,1,0,0.99077391,0.990752112,0.990746012,0.055680522,0.999977999,0.999971842,0.056199019,0,gaussian
420,2,0,0.995465991,0.995433249,0.995451606,0.037608007,0.999967108,0.999985549,0.037779298,0,gaussian
420,3,0,0.98879074,0.98877417,0.988768898,0.414624551,0.999983242,0.999977911,0.419324873,0,gaussian
420,4,0,0.994142484,0.994119037,0.994119051,0.034726877,0.999976415,0.99997643,0.034931489,0,gaussian
420,5,0,0.995774913,0.99572353,0.995728298,0.062456142,0.999948399,0.999953187,0.062721144,0,gaussian
420,6,0,0.996984714,0.996871,0.996906637,0.011531151,0.999885942,0.999921687,0.011566026,0,gaussian
420,7,0,0.992285965,0.992171243,0.992185637,0.118248966,0.999884387,0.999898892,0.119168234,0,gaussian
420,8,0,0.991404234,0.991346611,0.991299718,0.196284368,0.999941878,0.999894578,0.197986211,0,gaussian
420,9,1,0.964028383,0.121921705,0.004141616,0.003691032,0.126471074,0.004296156,0.003828758,0,gaussian
420,10,1,0.966183319,0.137002515,0.006280371,0.005184854,0.141797641,0.006500186,0.005366325,0,gaussian
420,11,1,0.96453883,0.146435877,0.007165562,0.005474961,0.151819577,0.007429003,0.005676248,0,gaussian
420,12,1,0.966126333,0.114482205,0.006721079,0.004836732,0.118496102,0.006956729,0.005006314,0,gaussian
420,13,1,0.962502607,0.089879127,0.005167089,0.004038267,0.093380658,0.00536839,0.00419559,0,gaussian
420,14,0,0.990035053,0.988743118,0.988949904,0.144699203,0.998695061,0.998903928,0.146155636,0,gaussian
421,0,0,0.992780454,0.992723492,0.992746702,0.09191466,0.999942623,0.999966002,0.092583068,0,gaussian
421,1,0,0.997905285,0.997877499,0.997870374,0.00655276,0.999972156,0.999965016,0.006566515,0,gaussian
421,2,0,0.997513906,0.997487805,0.997481483,0.017580658,0.999973834,0.999967496,0.017624474,0,gaussian
421,3,0,0.996223842,0.996203461,0.996198632,0.02046933,0.999979542,0.999974694,0.020546919,0,gaussian
421,4,0,0.997967146,0.997934565,0.997931278,0.020534815,0.999967353,0.999964058,0.020576645,0,gaussian
421,5,0,0.998159621,0.99804826,0.99804991,0.02280586,0.999888433,0.999890086,0.022847908,0,gaussian
421,6,0,0.993266885,0.993259575,0.993248236,0.197850381,0.99999264,0.999981225,0.199191561,0,gaussian
421,7,0,0.99230287,0.992256803,0.992236844,0.214942197,0.999953577,0.999933463,0.216609468,0,gaussian
421,8,0,0.988626769,0.988584234,0.988558169,0.603060908,0.999956976,0.999930611,0.609998563,0,gaussian
421,9,0,0.98781471,0.987331258,0.987514442,0.893469744,0.999510584,0.999696028,0.904491233,0,gaussian
421,10,1,0.966303709,0.101441494,0.005043229,0.004003955,0.104978893,0.005219093,0.004143578,0,gaussian
421,11,1,0.964025991,0.105695755,0.005475895,0.004166506,0.109639943,0.005680236,0.004321985,0,gaussian
421,12,1,0.965514659,0.127251184,0.007354852,0.005758023,0.131796221,0.007617546,0.005963683,0,gaussian
421,13,1,0.964065546,0.145572205,0.008013122,0.006325332,0.150998244,0.008311803,0.006561101,0,gaussian
421,14,1,0.963923334,0.16733734,0.009584493,0.007903554,0.173600258,0.009943211,0.00819936,0,gaussian
422,0,0,0.995607447,0.995574602,0.995582491,0.042212122,0.99996701,0.999974934,0.042398359,0,gaussian
422,1,0,0.994572142,0.994558101,0.994561093,0.081710517,0.999985882,0.99998889,0.082156451,0,gaussian
422,2,0,0.992309516,0.992281769,0.992280404,0.156135882,0.999972038,0.999970663,0.157345949,0,gaussian
422,3,0,0.996533873,0.996488228,0.996503119,0.063873448,0.999954196,0.999969139,0.064095612,0,gaussian
422,4,0,0.998356412,0.998274436,0.998285155,0.067827644,0.999917889,0.999928626,0.067939308,0,gaussian
422,5,0,0.998612184,0.998550154,0.998563848,0.028978783,0.999937884,0.999951597,0.029019056,0,gaussian
422,6,0,0.998264691,0.997946714,0.998030881,0.021415347,0.99968147,0.999765784,0.021452574,0,gaussian
422,7,0,0.994789694,0.994553391,0.994549527,0.117285684,0.999762459,0.999758575,0.117899979,0,gaussian
422,8,0,0.994477339,0.994193291,0.994214771,0.043222789,0.999714374,0.999735974,0.043462819,0,gaussian
422,9,1,0.966187061,0.095157175,0.004880678,0.003654951,0.09848732,0.005051484,0.003782861,0,gaussian
422,10,1,0.969238534,0.154790763,0.006615685,0.004238745,0.159703476,0.006825652,0.004373274,0,gaussian
422,11,1,0.967506197,0.150494758,0.007781379,0.005417468,0.155549141,0.008042718,0.005599414,0,gaussian
422,12,1,0.965591262,0.137608898,0.008414602,0.005790397,0.142512576,0.008714455,0.005996737,0,gaussian
422,13,1,0.967065022,0.109252594,0.005571805,0.003663359,0.11297337,0.005761562,0.003788121,0,gaussian
422,14,0,0.997737543,0.996301314,0.996606593,0.009950431,0.998560514,0.998866486,0.009972995,0,gaussian
423,0,0,0.992728292,0.992690071,0.992695679,0.107312225,0.999961499,0.999967148,0.108098284,0,gaussian
423,1,0,0.995431189,0.995418628,0.995412019,0.079097066,0.999987381,0.999980742,0.079460104,0,gaussian
423,2,0,0.993875947,0.993846521,0.993836771,0.081938475,0.999970393,0.999960583,0.082443363,0,gaussian
423,3,0,0.995509736,0.995492485,0.995493427,0.039921,0.999982671,0.999983617,0.040101064,0,gaussian
423,4,1,0.963747224,0.102864706,0.004825188,0.004556687,0.106734114,0.005006695,0.004728094,0,gaussian
423,5,1,0.966064144,0.146030922,0.006666867,0.006262572,0.15116069,0.006901061,0.006482564,0,gaussian
423,6,1,0.96314686,0.112521774,0.006224662,0.005964343,0.116827224,0.006462838,0.006192559,0,gaussian
423,7,1,0.962907426,0.110685332,0.005269229,0.004661468,0.114949089,0.005472207,0.004841034,0,gaussian
423,8,1,0.966809904,0.137945774,0.006794511,0.005735093,0.142681383,0.007027763,0.005931976,0,gaussian
423,9,0,0.996666685,0.99639347,0.996454444,0.015064812,0.999725871,0.99978705,0.015115196,0,gaussian
423,10,0,0.992527803,0.992467777,0.992482038,0.121396295,0.999939522,0.99995389,0.122310221,0,gaussian
423,11,0,0.99292867,0.992911862,0.992912815,0.072220374,0.999983072,0.999984032,0.072734705,0,gaussian
423,12,0,0.994957843,0.994936125,0.994931159,0.027836352,0.999978173,0.999973181,0.027977418,0,gaussian
423,13,0,0.988761294,0.988708213,0.988733482,0.278609736,0.999946316,0.999971872,0.28177654,0,gaussian
423,14,0,0.995830208,0.995793783,0.995797267,0.046584304,0.999963423,0.999966921,0.046779364,0,gaussian
424,0,0,0.999775907,0.999755169,0.999753832,0.014687393,0.999979258,0.99997792,0.014690685,0,gaussian
424,1,0,0.99274806,0.992722481,0.992709272,0.101967197,0.999974234,0.999960929,0.102712058,0,gaussian
424,2,0,0.998375545,0.998366383,0.998363595,0.033596321,0.999990823,0.99998803,0.033650986,0,gaussian
424,3,0,0.996799035,0.996772487,0.996771545,0.022801526,0.999973367,0.999972422,0.022874747,0,gaussian
424,4,0,0.999684584,0.999664942,0.999666026,0.04335749,0.999980352,0.999981436,0.04337117,0,gaussian
424,5,0,0.997614092,0.997570081,0.997595578,0.030392529,0.999955884,0.999981442,0.030465216,0,gaussian
424,6,0,0.992380884,0.992335496,0.992355585,0.100258668,0.999954263,0.999974507,0.101028415,0,gaussian
424,7,0,0.993545674,0.993454799,0.993452476,0.036842808,0.999908535,0.999906196,0.037082148,0,gaussian
424,8,0,0.99410363,0.993883505,0.993868347,0.019453049,0.99977857,0.999763321,0.019568432,0,gaussian
424,9,0,0.991406134,0.990553023,0.990119091,0.532954883,0.999139494,0.9987018,0.537574728,0,gaussian
424,10,1,0.965823116,0.088652706,0.006438481,0.00379758,0.091789795,0.006666315,0.003931962,0,gaussian
424,11,1,0.961706956,0.119163622,0.006638416,0.004775292,0.123908454,0.006902743,0.004965434,0,gaussian
424,12,1,0.967047202,0.152686634,0.009157904,0.005581819,0.157889536,0.009469966,0.005772024,0,gaussian
424,13,1,0.96521907,0.143287432,0.009958727,0.006347506,0.148450685,0.010317582,0.006576233,0,gaussian
424,14,1,0.964218774,0.139810706,0.009128384,0.005862416,0.144998946,0.009467129,0.006079965,0,gaussian
425,0,0,0.994450835,0.994411461,0.994413886,0.026453193,0.999960406,0.999962845,0.026600805,0,gaussian
425,1,0,0.993060585,0.993034295,0.993040045,0.16843773,0.999973526,0.999979317,0.169614757,0,gaussian
425,2,0,0.995012035,0.994997582,0.995001547,0.07136739,0.999985475,0.999989459,0.071725152,0,gaussian
425,3,0,0.995981285,0.995968169,0.995976807,0.04276667,0.999986831,0.999995504,0.04293923,0,gaussian
425,4,0,0.995250384,0.995210165,0.995205467,0.034770668,0.999959589,0.999954868,0.034936604,0,gaussian
425,5,0,0.994129213,0.994009514,0.993979569,0.056941333,0.999879594,0.999849473,0.057277597,0,gaussian
425,6,0,0.998590761,0.998575467,0.998572995,0.013015376,0.999984684,0.999982208,0.013033744,0,gaussian
425,7,0,0.994722397,0.994682587,0.994680867,0.216565694,0.999959978,0.999958249,0.217714706,0,gaussian
425,8,0,0.995838712,0.995790148,0.995804854,0.023575685,0.999951233,0.999966,0.0236742,0,gaussian
425,9,0,0.997639181,0.997557852,0.997596896,0.013799499,0.999918478,0.999957615,0.013832154,0,gaussian
425,10,1,0.961726916,0.102137298,0.004870361,0.004527771,0.106201976,0.005064183,0.004707959,0,gaussian
425,11,1,0.967231934,0.105822865,0.005288848,0.003479962,0.109407952,0.005468025,0.003597857,0,gaussian
425,12,1,0.967749569,0.144861801,0.007308711,0.004921145,0.149689347,0.007552276,0.005085143,0,gaussian
425,13,1,0.964618495,0.122457254,0.005855452,0.005350139,0.126948897,0.006070225,0.005546379,0,gaussian
425,14,1,0.964575259,0.120589439,0.006252933,0.005492464,0.125018175,0.006482576,0.005694179,0,gaussian
426,0,0,0.998233682,0.99821023,0.99821238,0.01358637,0.999976507,0.99997866,0.01361041,0,gaussian
426,1,0,0.996344914,0.996312517,0.996312243,0.024862263,0.999967484,0.999967209,0.02495347,0,gaussian
426,2,0,0.996571195,0.996554158,0.996553593,0.050418886,0.999982904,0.999982338,0.050592358,0,gaussian
426,3,0,0.995871819,0.995843449,0.995847347,0.01438634,0.999971513,0.999975426,0.014445975,0,gaussian
426,4,0,0.988642657,0.98861576,0.988619118,0.104369567,0.999972794,0.99997619,0.105568545,0,gaussian
426,5,0,0.99553873,0.995503687,0.995506785,0.067786521,0.9999648,0.999967912,0.06809029,0,gaussian
426,6,0,0.997437656,0.997352731,0.997284362,0.008684996,0.999914856,0.999846312,0.008707307,0,gaussian
426,7,0,0.988852979,0.988816022,0.988839335,0.254692391,0.999962627,0.999986202,0.257563456,0,gaussian
426,8,0,0.99064935,0.990420083,0.990535275,0.132740592,0.999768568,0.999884848,0.133993519,0,gaussian
426,9,1,0.965178438,0.097606262,0.005579108,0.003722119,0.101127686,0.00578039,0.003856405,0,gaussian
426,10,0,0.990304131,0.987740468,0.987261816,0.069119732,0.997411237,0.996927898,0.06979647,0,gaussian
426,11,1,0.968263336,0.124977675,0.009875298,0.004644151,0.129074055,0.01019898,0.004796371,0,gaussian
426,12,1,0.962688689,0.111135455,0.017869765,0.004782664,0.115442777,0.018562351,0.004968028,0,gaussian
426,13,1,0.963566102,0.134663803,0.011661329,0.005957715,0.139755646,0.012102261,0.006182985,0,gaussian
426,14,1,0.966363175,0.154166708,0.012427184,0.005486133,0.159532888,0.012859745,0.005677093,0,gaussian
427,0,0,0.997542405,0.997510973,0.997515777,0.012200243,0.99996849,0.999973306,0.0122303,0,gaussian
427,1,0,0.99660404,0.996584441,0.996591374,0.041988452,0.999980334,0.999987291,0.042131529,0,gaussian
427,2,0,0.992208891,0.992183938,0.992192215,0.173560802,0.999974852,0.999983194,0.174923651,0,gaussian
427,3,0,0.99614142,0.996116913,0.996102023,0.056212976,0.999975398,0.99996045,0.056430718,0,gaussian
427,4,0,0.994209831,0.994186785,0.994183031,0.052620698,0.99997682,0.999973044,0.052927155,0,gaussian
427,5,0,0.996298405,0.996236382,0.996233459,0.026186789,0.999937747,0.999934813,0.026284082,0,gaussian
427,6,0,0.996624586,0.996554474,0.996550535,0.022835054,0.999929651,0.999925698,0.022912392,0,gaussian
427,7,0,0.994488402,0.994455182,0.994457273,0.082655161,0.999966595,0.999968698,0.083113248,0,gaussian
427,8,0,0.997668866,0.997480719,0.997573777,0.011646039,0.999811413,0.999904688,0.011673251,0,gaussian
427,9,0,0.995948095,0.994514562,0.995295139,0.06603094,0.998560634,0.999344388,0.06629958,0,gaussian
427,10,1,0.964309382,0.114856253,0.004936247,0.004175405,0.119107265,0.005118945,0.004329943,0,gaussian
427,11,1,0.965645185,0.097360934,0.006199924,0.004350111,0.10082475,0.006420499,0.004504875,0,gaussian
427,12,1,0.965483402,0.138646197,0.007140353,0.005935565,0.14360288,0.007395625,0.006147765,0,gaussian
427,13,1,0.964455007,0.13447945,0.008141955,0.006578548,0.13943569,0.008442027,0.006821001,0,gaussian
427,14,1,0.967072573,0.127262319,0.007696561,0.005887789,0.131595418,0.007958618,0.00608826,0,gaussian
428,0,0,0.995260939,0.995238877,0.995233602,0.015023614,0.999977833,0.999972532,0.015095151,0,gaussian
428,1,0,1.000713919,1.000697545,1.0006959,0.007231866,0.999983637,0.999981994,0.007226707,0,gaussian
428,2,0,0.994512681,0.994476987,0.994474783,0.017519604,0.999964108,0.999961893,0.01761627,0,gaussian
428,3,0,0.993621878,0.993542453,0.993566337,0.031050603,0.999920066,0.999944103,0.031249919,0,gaussian
428,4,0,0.996659414,0.996610459,0.99660334,0.034820591,0.999950881,0.999943738,0.034937303,0,gaussian
428,5,0,0.99813887,0.997852389,0.997948783,0.040146728,0.999712985,0.999809558,0.040221586,0,gaussian
428,6,0,0.996415296,0.99596578,0.99548292,0.019132898,0.999548868,0.99906427,0.019201731,0,gaussian
428,7,0,0.994002285,0.993416299,0.993644901,0.05300384,0.999410479,0.99964046,0.05332366,0,gaussian
428,8,0,0.994086107,0.987886331,0.987041412,0.028459121,0.993763341,0.992913396,0.028628426,0,gaussian
428,9,1,0.96571424,0.116813634,0.014910146,0.004486421,0.120960869,0.015439501,0.004645702,0,gaussian
428,10,1,0.966823114,0.13347484,0.012131918,0.006055358,0.138055077,0.01254823,0.00626315,0,gaussian
428,11,1,0.96576762,0.183888675,0.011189827,0.006613287,0.190406751,0.011586459,0.0068477,0,gaussian
428,12,1,0.966670614,0.113772353,0.007262947,0.004334023,0.117695057,0.007513362,0.004483454,0,gaussian
428,13,1,0.966414152,0.15685553,0.010655357,0.006310564,0.16230674,0.011025663,0.006529875,0,gaussian
428,14,0,0.995800975,0.993682526,0.993857204,0.06701422,0.997872618,0.998048033,0.067296801,0,gaussian
429,0,0,0.998447181,0.998441574,0.998440908,0.016396405,0.999994384,0.999993717,0.016421905,0,gaussian
429,1,0,0.996116197,0.996101248,0.996095574,0.01791304,0.999984993,0.999979297,0.017982881,0,gaussian
429,2,0,0.995853577,0.995829461,0.995839584,0.032507269,0.999975783,0.999985949,0.032642619,0,gaussian
429,3,0,0.996041827,0.996013663,0.99599553,0.017306163,0.999971723,0.999953519,0.017374936,0,gaussian
429,4,0,0.997153483,0.997077123,0.997107754,0.06848342,0.999923422,0.999954141,0.068678916,0,gaussian
429,5,0,0.99850809,0.998413246,0.998402866,0.007579314,0.999905015,0.999894619,0.007590638,0,gaussian
429,6,0,0.995044367,0.994984782,0.994964402,0.044399731,0.999940118,0.999919637,0.044620855,0,gaussian
429,7,0,0.99163487,0.991255552,0.991529842,0.140993555,0.999617482,0.999894086,0.142182934,0,gaussian
429,8,0,0.99249022,0.991988929,0.992344992,0.11210515,0.999494916,0.999853673,0.112953406,0,gaussian
429,9,0,0.993622894,0.993191296,0.993140649,0.056760134,0.999565632,0.99951466,0.057124422,0,gaussian
429,10,1,0.962866166,0.113087417,0.005410014,0.004325397,0.117448739,0.005618656,0.00449221,0,gaussian
429,11,1,0.96331708,0.109770653,0.005523474,0.004133364,0.113950698,0.005733807,0.004290761,0,gaussian
429,12,1,0.963369302,0.152457758,0.00656699,0.005364013,0.158254739,0.00681669,0.005567971,0,gaussian
429,13,1,0.962328499,0.142059662,0.007720326,0.006119298,0.147620758,0.008022548,0.006358845,0,gaussian
429,14,1,0.968552632,0.129718724,0.006727342,0.004923484,0.133930485,0.006945769,0.005083342,0,gaussian
430,0,0,0.99326164,0.993233725,0.993242837,0.054622666,0.999971896,0.99998107,0.05499323,0,gaussian
430,1,0,0.995988635,0.99596348,0.995967162,0.110815696,0.999974744,0.99997844,0.111262008,0,gaussian
430,2,0,0.995259151,0.995227923,0.99521404,0.03014931,0.999968623,0.999954673,0.030292924,0,gaussian
430,3,0,0.991665068,0.991628173,0.991643311,0.567949765,0.999962794,0.99997806,0.572723375,0,gaussian
430,4,0,0.996230923,0.996145162,0.996180457,0.040594693,0.999913915,0.999949343,0.040748276,0,gaussian
430,5,0,0.992723979,0.992687327,0.992684536,0.100086178,0.999963079,0.999960268,0.100819745,0,gaussian
430,6,0,0.997471948,0.997400328,0.997379006,0.021664464,0.999928199,0.999906823,0.021719372,0,gaussian
430,7,0,0.998622443,0.998271336,0.99821466,0.033717916,0.99964841,0.999591655,0.033764429,0,gaussian
430,8,0,0.994093874,0.993115324,0.993175614,0.078100446,0.999015636,0.999076285,0.078564458,0,gaussian
430,9,0,0.999001746,0.998153983,0.997847121,0.011684606,0.999151389,0.998844221,0.011696282,0,gaussian
430,10,1,0.967972998,0.124211266,0.005221184,0.003406528,0.128321002,0.005393936,0.003519239,0,gaussian
430,11,1,0.964711243,0.094636609,0.009130617,0.004355332,0.098098378,0.009464611,0.004514648,0,gaussian
430,12,1,0.964876749,0.140480679,0.008562886,0.005836981,0.145594429,0.008874591,0.006049458,0,gaussian
430,13,1,0.96669036,0.127064705,0.008807742,0.005243444,0.131443024,0.009111234,0.005424119,0,gaussian
430,14,1,0.965219781,0.131076892,0.009007136,0.005982606,0.135800048,0.009331694,0.00619818,0,gaussian
431,0,0,0.993413184,0.993359181,0.99336734,0.030989551,0.999945639,0.999953852,0.031195027,0,gaussian
431,1,0,0.995864322,0.995824277,0.995829549,0.020376213,0.999959788,0.999965082,0.020460832,0,gaussian
431,2,0,0.993289926,0.993274465,0.993276768,0.101692776,0.999984434,0.999986753,0.102379752,0,gaussian
431,3,0,0.997728602,0.997701427,0.997704919,0.063116218,0.999972763,0.999976263,0.063259906,0,gaussian
431,4,0,0.997457811,0.997444271,0.997437631,0.016322583,0.999986425,0.999979769,0.016364184,0,gaussian
431,5,0,0.99361271,0.993599734,0.993598795,0.153209944,0.99998694,0.999985995,0.154194831,0,gaussian
431,6,0,0.999390903,0.999299842,0.999277098,0.015750965,0.999908884,0.999886126,0.015760565,0,gaussian
431,7,0,1.004622869,1.00440904,1.004456727,0.018190593,0.999787155,0.999834623,0.018106888,0,gaussian
431,8,0,0.99594645,0.994650384,0.994460393,0.017297013,0.998698658,0.998507894,0.017367412,0,gaussian
431,9,0,0.995980872,0.994975047,0.994909581,0.03464863,0.998990116,0.998924386,0.034788449,0,gaussian
431,10,1,0.965851231,0.098498949,0.006713028,0.004730094,0.101981492,0.006950374,0.004897332,0,gaussian
431,11,1,0.964741072,0.112038688,0.006986997,0.004533828,0.116133428,0.007242354,0.004699528,0,gaussian
431,12,1,0.965188931,0.158821232,0.008180952,0.006608409,0.164549372,0.008476011,0.006846751,0,gaussian
431,13,1,0.963786477,0.194296269,0.009254585,0.008161817,0.201596799,0.009602319,0.008468491,0,gaussian
431,14,1,0.964560123,0.135130247,0.008176226,0.006677317,0.140095204,0.008476637,0.006922655,0,gaussian
432,0,0,0.997879537,0.997859228,0.997854322,0.057426925,0.999979647,0.999974731,0.057548955,0,gaussian
432,1,0,0.995628656,0.995608464,0.995605513,0.026971808,0.99997972,0.999976755,0.027090229,0,gaussian
432,2,0,0.99311504,0.993084325,0.993083276,0.079936603,0.999969072,0.999968016,0.080490779,0,gaussian
432,3,0,0.996398534,0.996386521,0.996383265,0.027464309,0.999987944,0.999984676,0.027563579,0,gaussian
432,4,0,0.99675181,0.996734502,0.996737141,0.019834342,0.999982636,0.999985283,0.019898977,0,gaussian
432,5,0,0.998093143,0.998055136,0.998053521,0.015736336,0.99996192,0.999960302,0.0157664,0,gaussian
432,6,0,0.993371298,0.993280439,0.993256427,0.067101499,0.999908534,0.999884362,0.067549263,0,gaussian
432,7,0,0.994377845,0.994109385,0.994146402,0.127736577,0.999730022,0.999767248,0.128458793,0,gaussian
432,8,0,0.993434605,0.993228143,0.993195293,0.049273949,0.999792174,0.999759106,0.04959959,0,gaussian
432,9,0,0.992095605,0.991970777,0.991934332,0.343610116,0.999874178,0.999837443,0.346347785,0,gaussian
432,10,1,0.963372745,0.100290729,0.00665678,0.004551735,0.104103764,0.00690987,0.004724791,0,gaussian
432,11,1,0.963515226,0.10627683,0.006009526,0.003784215,0.110301143,0.006237085,0.003927509,0,gaussian
432,12,1,0.966199056,0.113198361,0.007427606,0.005034539,0.117158427,0.007687449,0.005210664,0,gaussian
432,13,1,0.971105175,0.170938456,0.008918138,0.00442213,0.176024658,0.009183493,0.004553709,0,gaussian
432,14,1,0.964758079,0.145532748,0.008052571,0.006117486,0.150848955,0.008346725,0.006340953,0,gaussian
433,0,0,0.995844912,0.995823386,0.995815878,0.013100283,0.999978385,0.999970845,0.013154943,0,gaussian
433,1,0,0.994461516,0.994421969,0.994382649,0.039880798,0.999960232,0.999920693,0.040102907,0,gaussian
433,2,0,0.99557602,0.995496232,0.995404564,0.02845302,0.999919857,0.999827782,0.028579455,0,gaussian
433,3,0,0.996310274,0.996292776,0.996283679,0.009366543,0.999982437,0.999973307,0.00940123,0,gaussian
433,4,0,0.996377866,0.996359092,0.996361896,0.026544799,0.999981158,0.999983972,0.026641297,0,gaussian
433,5,0,0.996390272,0.996373038,0.996371234,0.038626192,0.999982704,0.999980893,0.038766127,0,gaussian
433,6,0,0.997236935,0.997226595,0.997220979,0.02470691,0.999989631,0.999984,0.024775366,0,gaussian
433,7,0,0.9933622,0.993335647,0.993340688,0.151496093,0.999973269,0.999978344,0.152508413,0,gaussian
433,8,0,0.998607465,0.998555199,0.99855713,0.009740172,0.999947661,0.999949595,0.009753754,0,gaussian
433,9,0,0.99577026,0.995621024,0.995630703,0.029432869,0.99985013,0.999859851,0.029557891,0,gaussian
433,10,1,0.966778569,0.104250971,0.005429527,0.003994176,0.10783335,0.005616102,0.004131427,0,gaussian
433,11,1,0.963959107,0.082569064,0.004720966,0.004326447,0.08565619,0.004897476,0.004488206,0,gaussian
433,12,1,0.964769753,0.151054765,0.007264191,0.005542501,0.156570792,0.007529455,0.005744895,0,gaussian
433,13,1,0.965938937,0.130946952,0.006686957,0.005720705,0.13556442,0.006922753,0.005922429,0,gaussian
433,14,1,0.965009763,0.132475554,0.007323216,0.006712803,0.137278978,0.007588748,0.006956202,0,gaussian
434,0,0,0.997688435,0.997667858,0.997644807,0.007270131,0.999979375,0.999956272,0.007286975,0,gaussian
434,1,0,0.995658589,0.995617177,0.995621868,0.118395888,0.999958407,0.999963118,0.118912135,0,gaussian
434,2,0,0.994127968,0.994096461,0.994096898,0.102367799,0.999968307,0.999968747,0.102972456,0,gaussian
434,3,0,0.994076352,0.994049179,0.994030222,0.041564466,0.999972665,0.999953595,0.041812147,0,gaussian
434,4,0,0.992097584,0.992088089,0.992088799,0.111896618,0.99999043,0.999991146,0.112787915,0,gaussian
434,5,0,0.994970712,0.994938093,0.994948336,0.040613848,0.999967216,0.999977511,0.040819139,0,gaussian
434,6,0,0.994151488,0.99397684,0.99397288,0.046160201,0.999824325,0.999820342,0.046431757,0,gaussian
434,7,0,0.996803122,0.996659525,0.996656778,0.03366831,0.999855943,0.999853186,0.033776289,0,gaussian
434,8,0,0.99831749,0.998072118,0.998113245,0.005397084,0.999754214,0.99979541,0.005406179,0,gaussian
434,9,0,0.998695473,0.99783671,0.99736586,0.042931969,0.999140115,0.99866865,0.042988048,0,gaussian
434,10,1,0.963468777,0.113370135,0.006881466,0.004485641,0.117668717,0.007142387,0.00465572,0,gaussian
434,11,1,0.963917949,0.104396702,0.006596102,0.004333339,0.108304553,0.006843012,0.004495547,0,gaussian
434,12,1,0.965594531,0.120920864,0.008824186,0.006269465,0.125229441,0.009138604,0.006492854,0,gaussian
434,13,1,0.963564098,0.12874313,0.00885855,0.006701428,0.133611381,0.009193525,0.006954834,0,gaussian
434,14,1,0.962438283,0.160923949,0.009602152,0.007654012,0.167204434,0.009976901,0.007952731,0,gaussian
435,0,0,0.994857269,0.994824365,0.99482645,0.057802621,0.999966926,0.999969022,0.058101421,0,gaussian
435,1,0,0.992419106,0.992380859,0.992381623,0.07958809,0.999961461,0.999962231,0.080196048,0,gaussian
435,2,0,0.997698352,0.997680609,0.997682536,0.017001785,0.999982216,0.999984147,0.017041007,0,gaussian
435,3,0,0.995930824,0.9959032,0.995893611,0.014838706,0.999972263,0.999962635,0.014899334,0,gaussian
435,4,0,0.996452501,0.996438063,0.996428653,0.020540916,0.999985511,0.999976067,0.020614045,0,gaussian
435,5,0,0.989986249,0.989910711,0.989927221,0.728072795,0.999923699,0.999940376,0.735437281,0,gaussian
435,6,0,0.992538514,0.992482627,0.992485469,0.240493386,0.999943692,0.999946555,0.242301314,0,gaussian
435,7,0,0.99718435,0.997045502,0.997059573,0.056519239,0.99986076,0.99987487,0.056678827,0,gaussian
435,8,0,0.997098186,0.996976902,0.997003414,0.020109484,0.999878363,0.999904952,0.020168008,0,gaussian
435,9,0,0.997285329,0.996571707,0.996505095,0.017906404,0.999284436,0.999217643,0.017955146,0,gaussian
435,10,1,0.963573989,0.094585696,0.0055239,0.004172395,0.098161321,0.005732721,0.004330124,0,gaussian
435,11,1,0.963288221,0.105064369,0.007027134,0.004247382,0.109068466,0.007294944,0.004409253,0,gaussian
435,12,1,0.966391985,0.14775303,0.007447578,0.004941327,0.152891406,0.00770658,0.005113171,0,gaussian
435,13,1,0.961797289,0.142676402,0.011055615,0.007245337,0.148343527,0.011494745,0.007533123,0,gaussian
435,14,1,0.968303886,0.1506458,0.009268288,0.005334548,0.155576986,0.009571673,0.005509167,0,gaussian
436,0,0,0.99391773,0.993886487,0.993888141,0.059367919,0.999968565,0.999970229,0.059731221,0,gaussian
436,1,0,0.98967915,0.989657712,0.989657095,0.22028604,0.999978338,0.999977715,0.222583289,0,gaussian
436,2,0,0.997382135,0.997353922,0.997358164,0.016123364,0.999971712,0.999975966,0.016165683,0,gaussian
436,3,0,0.998725889,0.998712874,0.998708396,0.008866418,0.999986968,0.999982484,0.008877729,0,gaussian
436,4,0,0.998557989,0.998464514,0.998469026,0.008337517,0.99990639,0.999910908,0.008349557,0,gaussian
436,5,0,0.99667528,0.996034643,0.995802241,0.033898191,0.999357226,0.999124049,0.034011269,0,gaussian
436,6,1,0.963409402,0.096783685,0.004850966,0.003967642,0.10045956,0.005035208,0.004118334,0,gaussian
436,7,1,0.966402679,0.132775234,0.007379368,0.005888813,0.13739121,0.007635914,0.00609354,0,gaussian
436,8,1,0.963140012,0.141491903,0.007995712,0.006831945,0.14690689,0.008301713,0.007093408,0,gaussian
436,9,1,0.965687842,0.138488342,0.007198792,0.005888462,0.143409015,0.007454575,0.006097687,0,gaussian
436,10,1,0.965554217,0.089937787,0.005230214,0.004080624,0.093146283,0.005416799,0.004226199,0,gaussian
436,11,0,0.993142428,0.993073574,0.993065719,0.048643963,0.999930671,0.999922761,0.048979845,0,gaussian
436,12,0,0.995585585,0.995468049,0.995445452,0.060904456,0.999881943,0.999859246,0.061174505,0,gaussian
436,13,0,0.998700733,0.998590349,0.99860058,0.006798334,0.999889473,0.999899717,0.006807178,0,gaussian
436,14,0,0.999258113,0.99918982,0.999182739,0.006328813,0.999931657,0.99992457,0.006333512,0,gaussian
437,0,0,0.997343054,0.997327735,0.997330487,0.033973897,0.999984641,0.9999874,0.034064405,0,gaussian
437,1,0,0.998558674,0.998545724,0.998547389,0.016113594,0.999987031,0.999988699,0.016136852,0,gaussian
437,2,0,0.994739829,0.994720887,0.994714575,0.021692787,0.999980958,0.999974613,0.021807498,0,gaussian
437,3,0,0.995225624,0.995193611,0.995204949,0.100610804,0.999967834,0.999979226,0.101093463,0,gaussian
437,4,0,0.995477278,0.995458313,0.995458358,0.076392459,0.999980949,0.999980995,0.07673953,0,gaussian
437,5,0,0.995756963,0.995732439,0.995730512,0.020025979,0.999975371,0.999973436,0.020111312,0,gaussian
437,6,0,0.994282537,0.994171349,0.994239042,0.043994014,0.999888172,0.999956254,0.044246995,0,gaussian
437,7,0,0.996766727,0.996703407,0.996680447,0.019554377,0.999936474,0.999913439,0.019617807,0,gaussian
437,8,0,0.994542091,0.994358847,0.994424679,0.13586908,0.99981575,0.999881944,0.13661471,0,gaussian
437,9,1,0.96237072,0.083194797,0.005412051,0.004454423,0.086447764,0.005623665,0.004628594,0,gaussian
437,10,1,0.961743087,0.133864067,0.008388889,0.006691319,0.139189008,0.008722588,0.006957491,0,gaussian
437,11,1,0.963765417,0.14121847,0.011135851,0.007040679,0.146527845,0.011554525,0.007305386,0,gaussian
437,12,1,0.965303704,0.117902081,0.012766369,0.005718862,0.122139882,0.013225236,0.005924417,0,gaussian
437,13,1,0.963504194,0.141475621,0.035550252,0.005092437,0.146834463,0.036896832,0.00528533,0,gaussian
437,14,0,0.994001563,0.970841276,0.962991534,0.034547407,0.976699948,0.968802836,0.034755888,0,gaussian
438,0,0,0.990313743,0.990284918,0.990289266,0.344249634,0.999970893,0.999975283,0.347616739,0,gaussian
438,1,0,0.996635774,0.996619829,0.996612909,0.009270721,0.999984001,0.999977057,0.009302016,0,gaussian
438,2,0,0.992698891,0.992666849,0.992662839,0.095271039,0.999967722,0.999963683,0.095971739,0,gaussian
438,3,0,0.989789769,0.989750326,0.989763011,0.314676277,0.99996015,0.999972966,0.317922337,0,gaussian
438,4,0,0.994837652,0.994734129,0.994705181,0.027253437,0.99989594,0.999866841,0.027394859,0,gaussian
438,5,0,0.996591861,0.996501479,0.996513973,0.022515257,0.999909309,0.999921845,0.022592255,0,gaussian
438,6,0,0.999703987,0.999515867,0.999420703,0.096523365,0.999811824,0.999716632,0.096551946,0,gaussian
438,7,0,0.992856747,0.992138041,0.992241345,0.103920897,0.999276124,0.999380171,0.104668571,0,gaussian
438,8,0,0.993134982,0.991770694,0.991413186,0.054033285,0.998626282,0.998266301,0.054406788,0,gaussian
438,9,1,0.964072652,0.089882793,0.007838647,0.004177061,0.093232385,0.008130764,0.004332724,0,gaussian
438,10,1,0.963248918,0.123265002,0.008674295,0.005854569,0.127967963,0.009005247,0.00607794,0,gaussian
438,11,1,0.964867044,0.136195265,0.008443896,0.005959816,0.141154437,0.008751357,0.006176826,0,gaussian
438,12,1,0.961834032,0.105551725,0.006407509,0.004511572,0.109740061,0.006661761,0.004690593,0,gaussian
438,13,1,0.964384247,0.121353143,0.007655289,0.005829717,0.125834846,0.007938007,0.006045015,0,gaussian
438,14,0,0.991178078,0.988349198,0.98732971,0.257675977,0.997145942,0.99611738,0.259969406,0,gaussian
439,0,0,0.995160902,0.995115148,0.995126558,0.056359228,0.999954023,0.999965489,0.056633282,0,gaussian
439,1,0,0.995098501,0.995067886,0.99507293,0.063852,0.999969235,0.999974303,0.064166512,0,gaussian
439,2,0,0.998879296,0.998867472,0.99886355,0.025293525,0.999988162,0.999984236,0.025321903,0,gaussian
439,3,0,0.997680352,0.997664226,0.997661559,0.023838873,0.999983836,0.999981163,0.023894299,0,gaussian
439,4,0,0.997731258,0.997649803,0.997687544,0.0361327,0.99991836,0.999956187,0.036214862,0,gaussian
439,5,0,0.997649626,0.997619418,0.997616899,0.025276165,0.999969721,0.999967196,0.025335713,0,gaussian
439,6,0,0.994943929,0.994875429,0.994900443,0.071121267,0.999931152,0.999956293,0.071482688,0,gaussian
439,7,0,0.993722477,0.993679587,0.993682653,0.183861458,0.999956838,0.999959924,0.185022943,0,gaussian
439,8,0,0.995961769,0.995624535,0.995531145,0.026873945,0.999661399,0.999567631,0.026982908,0,gaussian
439,9,0,0.992276356,0.989563012,0.989678126,0.1531614,0.997265536,0.997381546,0.154353572,0,gaussian
439,10,1,0.963570297,0.098513693,0.005790134,0.004218217,0.1022382,0.006009042,0.004377695,0,gaussian
439,11,1,0.962188041,0.112304501,0.011506243,0.004617298,0.116717831,0.011958414,0.004798748,0,gaussian
439,12,1,0.963560723,0.132427713,0.010004892,0.005594751,0.137435773,0.01038325,0.00580633,0,gaussian
439,13,1,0.965307482,0.130234647,0.007508436,0.005009858,0.134915195,0.007778284,0.005189909,0,gaussian
439,14,1,0.966505412,0.127428198,0.008549637,0.005164501,0.131844267,0.008845927,0.005343478,0,gaussian
440,0,0,0.997815597,0.997776689,0.997783687,0.109287048,0.999961007,0.99996802,0.109526297,0,gaussian
440,1,0,0.995709912,0.995683033,0.995690345,0.025126077,0.999973005,0.999980349,0.025234334,0,gaussian
440,2,0,0.996189422,0.996161756,0.996172367,0.039785053,0.999972228,0.999982879,0.039937237,0,gaussian
440,3,0,0.995608417,0.995591933,0.995594513,0.026351955,0.999983443,0.999986035,0.026468192,0,gaussian
440,4,0,0.989781538,0.989751883,0.98977116,0.422677103,0.999970039,0.999989514,0.427040803,0,gaussian
440,5,0,0.995261053,0.995200012,0.995210026,0.024412725,0.999938668,0.99994873,0.024528967,0,gaussian
440,6,0,0.994243469,0.994138534,0.994148088,0.090053301,0.999894457,0.999904067,0.090574697,0,gaussian
440,7,0,0.994852556,0.994777703,0.994788356,0.045895516,0.999924759,0.999935468,0.046132983,0,gaussian
440,8,0,0.995150144,0.995009396,0.995032101,0.025372378,0.999858566,0.999881382,0.02549603,0,gaussian
440,9,0,0.999262919,0.999023604,0.999050875,0.010836293,0.999760508,0.9997878,0.010844286,0,gaussian
440,10,1,0.966936215,0.093991507,0.004435034,0.003493419,0.097205489,0.004586687,0.003612874,0,gaussian
440,11,1,0.963343409,0.104604789,0.005013156,0.004055632,0.10858515,0.005203914,0.004209955,0,gaussian
440,12,1,0.968529009,0.146016963,0.00677986,0.005079373,0.150761579,0.007000162,0.00524442,0,gaussian
440,13,1,0.964420854,0.132129267,0.006662568,0.005239353,0.137003743,0.006908362,0.005432642,0,gaussian
440,14,1,0.968757477,0.157632239,0.006447478,0.004777656,0.162715894,0.00665541,0.004931736,0,gaussian
441,0,0,0.998201127,0.998164798,0.998169591,0.006176523,0.999963605,0.999968407,0.006187654,0,gaussian
441,1,0,0.995169177,0.99513584,0.995132259,0.026842161,0.999966501,0.999962903,0.02697246,0,gaussian
441,2,0,0.993060436,0.993029797,0.993025097,0.066596343,0.999969147,0.999964414,0.067061722,0,gaussian
441,3,0,0.997752038,0.997724059,0.997732416,0.046880914,0.999971958,0.999980334,0.046986538,0,gaussian
441,4,0,0.996290738,0.996246332,0.996245885,0.028189002,0.999955428,0.99995498,0.028293952,0,gaussian
441,5,0,0.994796104,0.994763335,0.994762724,0.066194061,0.99996706,0.999966446,0.06654033,0,gaussian
441,6,0,0.991670929,0.991649474,0.99164213,0.126119133,0.999978365,0.999970959,0.127178411,0,gaussian
441,7,0,0.988548557,0.98851988,0.98852794,0.549784828,0.999970991,0.999979144,0.556153589,0,gaussian
441,8,0,0.999770409,0.999659178,0.999611299,0.018839418,0.999888743,0.999840853,0.018843744,0,gaussian
441,9,0,0.997143859,0.997080563,0.997089511,0.025609185,0.999936522,0.999945497,0.025682538,0,gaussian
441,10,1,0.96228081,0.115007898,0.006014302,0.005777192,0.119515942,0.006250049,0.006003645,0,gaussian
441,11,1,0.96581106,0.121990479,0.005018051,0.0042938,0.126308844,0.005195686,0.004445798,0,gaussian
441,12,1,0.963584827,0.142281394,0.006725626,0.006631295,0.1476584,0.006979797,0.0068819,0,gaussian
441,13,1,0.965764228,0.150920527,0.007535343,0.006817707,0.156270571,0.007802466,0.00705939,0,gaussian
441,14,1,0.964303951,0.150216486,0.007314059,0.006829131,0.155777113,0.007584806,0.007081928,0,gaussian
442,0,0,0.992356061,0.992337186,0.992332661,0.101570653,0.999980979,0.99997642,0.102353033,0,gaussian
442,1,0,0.994166409,0.994132098,0.994144042,0.063401288,0.999965488,0.999977502,0.063773315,0,gaussian
442,2,0,0.998469004,0.99846392,0.998464105,0.00689082,0.999994908,0.999995094,0.006901386,0,gaussian
442,3,0,0.991091535,0.991043882,0.991050052,0.207672429,0.999951918,0.999958144,0.209539101,0,gaussian
442,4,0,0.997832653,0.99781577,0.997815519,0.008003807,0.99998308,0.999982829,0.008021192,0,gaussian
442,5,0,0.997320499,0.997308734,0.997297656,0.009125728,0.999988204,0.999977096,0.009150246,0,gaussian
442,6,0,0.996454182,0.996412254,0.996422964,0.03582498,0.999957923,0.999968671,0.035952461,0,gaussian
442,7,0,0.991942865,0.991833789,0.991843045,0.227163359,0.999890038,0.999899369,0.229008512,0,gaussian
442,8,0,0.985399264,0.984771999,0.984806382,0.450511466,0.999363441,0.999398333,0.457186729,0,gaussian
442,9,0,0.999169917,0.998869318,0.998876522,0.015208748,0.999699152,0.999706362,0.015221383,0,gaussian
442,10,1,0.966182584,0.122195753,0.00809274,0.004785349,0.126472734,0.008375995,0.004952841,0,gaussian
442,11,1,0.964632394,0.091271598,0.005567821,0.00452665,0.094618011,0.005771961,0.004692616,0,gaussian
442,12,1,0.966510354,0.154486605,0.008480373,0.00661958,0.159839575,0.008774218,0.006848949,0,gaussian
442,13,1,0.966255086,0.164181175,0.009749398,0.006762469,0.16991494,0.01008988,0.006998637,0,gaussian
442,14,1,0.966446582,0.155105494,0.009466467,0.007014084,0.160490499,0.009795127,0.007257602,0,gaussian
443,0,0,0.993010591,0.992955498,0.992990563,0.141284522,0.999944519,0.999979831,0.142278968,0,gaussian
443,1,0,0.998041615,0.998025806,0.998031383,0.03666994,0.999984159,0.999989748,0.036741894,0,gaussian
443,2,0,0.995249826,0.995211469,0.995222302,0.038860451,0.99996146,0.999972345,0.039045926,0,gaussian
443,3,0,0.99725558,0.99721791,0.997231459,0.022631697,0.999962226,0.999975813,0.022693979,0,gaussian
443,4,0,0.996108881,0.996032211,0.996045877,0.011787171,0.99992303,0.99993675,0.011833215,0,gaussian
443,5,0,0.99807064,0.998009916,0.998029054,0.044732416,0.999939158,0.999958334,0.044818888,0,gaussian
443,6,0,0.995704792,0.99566091,0.995694687,0.071675092,0.999955929,0.999989851,0.071984279,0,gaussian
443,7,0,0.990926297,0.990847437,0.990865892,0.198536285,0.999920418,0.999939041,0.20035424,0,gaussian
443,8,0,0.99503268,0.99472749,0.994960349,0.05761565,0.999693286,0.999927308,0.057903274,0,gaussian
443,9,0,0.988285681,0.987971215,0.988151096,0.400753754,0.999681806,0.99986382,0.405503957,0,gaussian
443,10,1,0.963827157,0.100360499,0.004710776,0.004109457,0.104127072,0.004887574,0.004263687,0,gaussian
443,11,1,0.965055305,0.123550954,0.005186002,0.004077406,0.12802474,0.005373787,0.004225049,0,gaussian
443,12,1,0.963510239,0.148885182,0.007245091,0.005886142,0.154523715,0.007519475,0.00610906,0,gaussian
443,13,1,0.965782497,0.157058671,0.006312621,0.005483958,0.162623232,0.006536276,0.005678254,0,gaussian
443,14,1,0.965842655,0.140963895,0.006182641,0.005515626,0.14594913,0.006401292,0.005710688,0,gaussian
444,0,0,0.992021908,0.991974439,0.991945826,0.034643883,0.999952149,0.999923306,0.034922498,0,gaussian
444,1,0,0.99609934,0.996054936,0.996054865,0.035596089,0.999955422,0.99995535,0.035735481,0,gaussian
444,2,0,0.996195988,0.996170561,0.996176112,0.053836204,0.999974476,0.999980049,0.054041779,0,gaussian
444,3,0,0.98808535,0.988075211,0.988053914,0.261763241,0.999989738,0.999968184,0.264919666,0,gaussian
444,4,0,0.996246642,0.996191419,0.996188647,0.056279294,0.999944569,0.999941787,0.056491326,0,gaussian
444,5,0,0.998248286,0.99820466,0.99819375,0.028442329,0.999956297,0.999945368,0.028492239,0,gaussian
444,6,0,0.996042627,0.995964209,0.995937916,0.026538012,0.99992127,0.999894873,0.02664345,0,gaussian
444,7,0,0.99587353,0.995719895,0.995709794,0.034618451,0.999845728,0.999835586,0.034761895,0,gaussian
444,8,0,0.993534912,0.992793386,0.992966482,0.078826444,0.999253649,0.999427872,0.07933938,0,gaussian
444,9,0,0.992058859,0.990061056,0.990353718,0.253788318,0.997986205,0.99828121,0.255819819,0,gaussian
444,10,1,0.966465583,0.098461875,0.005648992,0.004188279,0.101878304,0.005845001,0.004333604,0,gaussian
444,11,1,0.964722066,0.108495906,0.006702959,0.004386137,0.112463382,0.006948073,0.004546529,0,gaussian
444,12,1,0.963621849,0.152621432,0.00723534,0.005509407,0.158383117,0.007508485,0.005717395,0,gaussian
444,13,1,0.964127743,0.140960191,0.006552939,0.005681541,0.146204891,0.006796754,0.005892933,0,gaussian
444,14,1,0.963848393,0.162289217,0.007235003,0.006200225,0.168376291,0.00750637,0.00643278,0,gaussian
445,0,0,0.996330393,0.996318222,0.996311016,0.019443615,0.999987784,0.999980552,0.019515229,0,gaussian
445,1,0,0.997445488,0.9974347,0.997430335,0.008547107,0.999989184,0.999984809,0.008568997,0,gaussian
445,2,0,0.997423804,0.997398386,0.997396385,0.019859942,0.999974517,0.99997251,0.019911237,0,gaussian
445,3,0,0.999386809,0.999334426,0.999366364,0.066531742,0.999947585,0.999979543,0.066572563,0,gaussian
445,4,0,0.9951729,0.995128775,0.995143135,0.040745345,0.999955661,0.999970091,0.040942981,0,gaussian
445,5,0,0.996608037,0.996570916,0.996571824,0.033943919,0.999962752,0.999963664,0.034059447,0,gaussian
445,6,0,0.986455934,0.986386293,0.986410158,0.879225602,0.999929402,0.999953595,0.891297393,0,gaussian
445,7,0,0.994222804,0.994071829,0.994073245,0.033507495,0.999848148,0.999849572,0.033702199,0,gaussian
445,8,0,0.989403113,0.989037325,0.989213392,0.135121822,0.999630295,0.999808248,0.136569028,0,gaussian
445,9,0,0.995805482,0.995322109,0.995250022,0.035549287,0.999514591,0.9994422,0.035699028,0,gaussian
445,10,1,0.961414801,0.100379338,0.00555848,0.004686702,0.104407939,0.005781563,0.004874797,0,gaussian
445,11,1,0.961576974,0.102908024,0.005442749,0.004676419,0.107020058,0.005660232,0.004863281,0,gaussian
445,12,1,0.964605384,0.120736135,0.006108012,0.005089686,0.12516635,0.006332135,0.005276443,0,gaussian
445,13,1,0.963284701,0.123674488,0.0064869,0.005688313,0.128388303,0.006734147,0.005905121,0,gaussian
445,14,1,0.965022922,0.133049911,0.007232298,0.006081025,0.13787228,0.007494431,0.006301431,0,gaussian
446,0,0,0.996233355,0.996225429,0.996210723,0.014713157,0.999992044,0.999977282,0.014768786,0,gaussian
446,1,0,0.997346798,0.997311238,0.997318609,0.012450966,0.999964345,0.999971735,0.012484089,0,gaussian
446,2,0,0.992673368,0.992652275,0.992655222,0.363805514,0.999978751,0.99998172,0.366490656,0,gaussian
446,3,0,0.993950834,0.993911159,0.993926722,0.209645333,0.999960083,0.99997574,0.21092123,0,gaussian
446,4,0,0.996508627,0.996478509,0.996472266,0.03843844,0.999969777,0.999963512,0.038573113,0,gaussian
446,5,0,0.996693748,0.996619334,0.996602061,0.02533312,0.99992534,0.999908009,0.025417155,0,gaussian
446,6,0,0.994690392,0.994537792,0.994609366,0.060625222,0.999846585,0.999918541,0.060948836,0,gaussian
446,7,0,0.997357531,0.997239732,0.997204597,0.011477514,0.999881888,0.999846661,0.011507923,0,gaussian
446,8,0,0.992651958,0.992514905,0.992529516,0.126973905,0.999861933,0.999876652,0.127913821,0,gaussian
446,9,0,0.994634293,0.994022719,0.99424298,0.085053087,0.999385126,0.999606575,0.085511918,0,gaussian
446,10,1,0.962605886,0.094552077,0.00535319,0.004367005,0.098225118,0.005561144,0.004536649,0,gaussian
446,11,1,0.964600242,0.106912066,0.006383379,0.004599806,0.11083562,0.006617642,0.004768613,0,gaussian
446,12,1,0.964843776,0.127538528,0.007795536,0.005970141,0.132185677,0.008079584,0.006187676,0,gaussian
446,13,1,0.966430595,0.137383614,0.007504814,0.005718523,0.142155696,0.007765497,0.005917159,0,gaussian
446,14,1,0.964155472,0.117817062,0.007713702,0.006069818,0.122197162,0.008000476,0.006295477,0,gaussian
447,0,0,0.996148263,0.996113016,0.996125309,0.286136482,0.999964617,0.999976957,0.287242866,0,gaussian
447,1,0,0.997391995,0.997354107,0.997352333,0.147670458,0.999962013,0.999960234,0.14805659,0,gaussian
447,2,0,0.995848412,0.995840267,0.995831223,0.02461087,0.99999182,0.999982739,0.02471347,0,gaussian
447,3,0,0.996003468,0.995978146,0.995979932,0.013793585,0.999974576,0.99997637,0.013848933,0,gaussian
447,4,0,0.997588586,0.997563609,0.997575943,0.064798624,0.999974963,0.999987327,0.064955258,0,gaussian
447,5,0,0.995411083,0.995351667,0.995393195,0.027998492,0.99994031,0.999982029,0.028127567,0,gaussian
447,6,0,0.995798233,0.995744142,0.995760179,0.049540702,0.99994568,0.999961785,0.049749738,0,gaussian
447,7,0,0.99167378,0.991639893,0.991614647,0.220063424,0.999965828,0.99994037,0.221911105,0,gaussian
447,8,0,0.997277542,0.997084484,0.997131632,0.096845692,0.999806415,0.999853692,0.09711007,0,gaussian
447,9,0,0.994758029,0.994283285,0.994252007,0.04396342,0.999522754,0.999491311,0.04419509,0,gaussian
447,10,1,0.963549083,0.091469662,0.005498555,0.004294102,0.094929946,0.005706565,0.004456547,0,gaussian
447,11,1,0.964484327,0.106082742,0.004641062,0.003738164,0.109989078,0.004811962,0.003875816,0,gaussian
447,12,1,0.967401579,0.138993024,0.006223981,0.004618547,0.143676656,0.00643371,0.004774178,0,gaussian
447,13,1,0.962786018,0.129065724,0.007120854,0.005816649,0.134054422,0.007396092,0.006041476,0,gaussian
447,14,1,0.966820941,0.122152426,0.006173811,0.005162419,0.126344415,0.006385682,0.005339581,0,gaussian
448,0,0,0.993550259,0.993537689,0.99353486,0.06988386,0.999987349,0.999984501,0.070337518,0,gaussian
448,1,0,0.995284954,0.995236477,0.995234233,0.02486895,0.999951293,0.999949038,0.024986763,0,gaussian
448,2,0,0.997100901,0.99707962,0.99708278,0.017723333,0.999978657,0.999981826,0.017774864,0,gaussian
448,3,0,0.998351381,0.998300677,0.998171588,0.039289347,0.999949212,0.99981991,0.039354227,0,gaussian
448,4,0,0.997308121,0.997285348,0.997287862,0.03175648,0.999977166,0.999979687,0.031842195,0,gaussian
448,5,0,0.990486196,0.990399464,0.990447571,0.475158431,0.999912436,0.999961005,0.479722416,0,gaussian
448,6,0,0.992283927,0.992104555,0.992189375,0.199817807,0.999819233,0.999904712,0.201371605,0,gaussian
448,7,0,0.994931143,0.994735349,0.994789485,0.146857907,0.999803208,0.99985762,0.147606101,0,gaussian
448,8,0,0.995555274,0.995447507,0.995364906,0.066869605,0.999891751,0.999808782,0.067168149,0,gaussian
448,9,0,0.997643484,0.996916593,0.99689788,0.011391041,0.999271393,0.999252635,0.011417947,0,gaussian
448,10,1,0.961594138,0.103232803,0.005185134,0.004786639,0.107355898,0.005392227,0.004977816,0,gaussian
448,11,1,0.965751081,0.091651201,0.005641373,0.004097892,0.094901474,0.005841436,0.004243217,0,gaussian
448,12,1,0.965494314,0.173847214,0.007913742,0.006926645,0.180060319,0.00819657,0.007174195,0,gaussian
448,13,1,0.966812088,0.113515409,0.007839106,0.005698145,0.11741207,0.0081082,0.005893746,0,gaussian
448,14,1,0.964378663,0.137950174,0.007776487,0.006239657,0.143045651,0.008063728,0.006470131,0,gaussian
449,0,0,0.988892889,0.988856489,0.988866293,0.483669001,0.999963191,0.999973105,0.489101506,0,gaussian
449,1,0,0.989579433,0.989532553,0.989538797,0.218003667,0.999952626,0.999958937,0.220299311,0,gaussian
449,2,0,0.987935444,0.987911238,0.98790258,0.417765917,0.999975499,0.999966735,0.422867627,0,gaussian
449,3,0,0.997313729,0.997281478,0.997292196,0.118063145,0.999967662,0.999978409,0.118381149,0,gaussian
449,4,0,0.987095083,0.987045082,0.987073197,0.450905026,0.999949345,0.999977828,0.456799992,0,gaussian
449,5,0,0.99225829,0.992206767,0.992209168,0.166407458,0.999948075,0.999950494,0.167705788,0,gaussian
449,6,0,0.993815403,0.993743966,0.993758407,0.04076461,0.999928118,0.999942649,0.041018291,0,gaussian
449,7,0,0.996734258,0.99665835,0.996662114,0.026450998,0.999923843,0.99992762,0.026537663,0,gaussian
449,8,0,0.996732246,0.996599937,0.996628256,0.011428966,0.999867257,0.999895669,0.011466435,0,gaussian
449,9,0,0.993603601,0.993183531,0.993383352,0.024087229,0.999577226,0.999778333,0.024242292,0,gaussian
449,10,1,0.964737834,0.10327677,0.00476177,0.003838463,0.107051643,0.004935818,0.003978762,0,gaussian
449,11,1,0.966034754,0.104001369,0.005475843,0.003767659,0.107658,0.00566837,0.003900128,0,gaussian
449,12,1,0.968499351,0.12887453,0.006294699,0.004828833,0.133066202,0.006499436,0.004985892,0,gaussian
449,13,1,0.962654589,0.137152363,0.007862212,0.006140276,0.142473079,0.008167221,0.006378483,0,gaussian
449,14,1,0.964334242,0.12997725,0.006678753,0.00545398,0.134784439,0.006925766,0.005655695,0,gaussian
450,0,0,0.992205735,0.99217188,0.992168864,0.061659302,0.999965879,0.999962839,0.062143667,0,gaussian
450,1,0,0.99585264,0.995823149,0.995816628,0.039082233,0.999970387,0.999963838,0.039244996,0,gaussian
450,2,0,0.996108257,0.996067375,0.996059524,0.028298533,0.999958957,0.999951076,0.028409094,0,gaussian
450,3,0,0.993848774,0.993835632,0.99382656,0.083812724,0.999986777,0.999977648,0.084331466,0,gaussian
450,4,0,0.996952938,0.996935328,0.996929771,0.00927035,0.999982337,0.999976762,0.009298684,0,gaussian
450,5,0,0.997622529,0.997588521,0.99757778,0.006698798,0.999965911,0.999955144,0.006714762,0,gaussian
450,6,0,0.99049965,0.990366368,0.990375452,0.279332245,0.999865439,0.99987461,0.282011452,0,gaussian
450,7,0,0.996064082,0.996002615,0.995987024,0.045771707,0.999938291,0.999922638,0.045952572,0,gaussian
450,8,0,0.996460324,0.996284587,0.996393077,0.047854451,0.999823639,0.999932514,0.048024442,0,gaussian
450,9,0,0.993375932,0.992758452,0.993008235,0.031625777,0.999378403,0.999629852,0.031836666,0,gaussian
450,10,1,0.964407683,0.101410973,0.004716014,0.004123399,0.105153635,0.004890063,0.004275577,0,gaussian
450,11,1,0.964144499,0.103365871,0.005578534,0.003677899,0.107209937,0.005785993,0.003814676,0,gaussian
450,12,1,0.964169226,0.117930066,0.006217489,0.005469322,0.122312621,0.006448545,0.005672575,0,gaussian
450,13,1,0.966387841,0.113149123,0.006639276,0.005033485,0.117084589,0.006870198,0.005208556,0,gaussian
450,14,1,0.966466892,0.118430944,0.006702132,0.005437237,0.122540094,0.006934673,0.00562589,0,gaussian
451,0,0,0.996288961,0.996268578,0.996248816,0.012637506,0.999979541,0.999959705,0.012684579,0,gaussian
451,1,0,0.996075646,0.996056834,0.996057922,0.02685656,0.999981114,0.999982206,0.02696237,0,gaussian
451,2,0,0.994995011,0.99497579,0.994982242,0.042889779,0.999980683,0.999987167,0.043105521,0,gaussian
451,3,0,0.995276344,0.995251568,0.995247494,0.023112892,0.999975107,0.999971014,0.023222588,0,gaussian
451,4,0,0.999693529,0.999666691,0.999672222,0.007408801,0.999973153,0.999978686,0.007411072,0,gaussian
451,5,0,0.99822012,0.998197714,0.998185837,0.10286592,0.999977554,0.999965656,0.103049336,0,gaussian
451,6,0,0.99293865,0.992900552,0.992879913,0.088128195,0.999961631,0.999940845,0.088754924,0,gaussian
451,7,0,0.997659892,0.997541693,0.997563277,0.032784046,0.999881524,0.999903158,0.032860944,0,gaussian
451,8,0,0.99035519,0.99003744,0.989990687,0.09401456,0.999679156,0.999631947,0.094930143,0,gaussian
451,9,0,0.994074975,0.993169174,0.993092295,0.042791714,0.999088801,0.999011464,0.043046767,0,gaussian
451,10,1,0.961853106,0.100691235,0.005788306,0.004292239,0.104684628,0.006017869,0.004462468,0,gaussian
451,11,1,0.963157383,0.092817657,0.006053138,0.004250751,0.09636811,0.006284682,0.004413351,0,gaussian
451,12,1,0.965166149,0.144844465,0.007417356,0.005183802,0.150072053,0.007685057,0.00537089,0,gaussian
451,13,1,0.967227787,0.143156246,0.00803982,0.005047959,0.148006755,0.00831223,0.005218997,0,gaussian
451,14,1,0.968345206,0.147322169,0.008060104,0.00506826,0.152138068,0.008323585,0.00523394,0,gaussian
452,0,0,0.995548917,0.995512476,0.995530985,0.013116789,0.999963395,0.999981987,0.013175434,0,gaussian
452,1,0,0.994914753,0.994761942,0.994876568,0.261238514,0.999846409,0.99996162,0.262573766,0,gaussian
452,2,0,0.996170758,0.996072327,0.996130025,0.037757524,0.999901191,0.99995911,0.037902662,0,gaussian
452,3,0,0.994476764,0.994384865,0.994398702,0.02962739,0.999907591,0.999921505,0.029791938,0,gaussian
452,4,0,0.994973059,0.994926283,0.994933948,0.017108674,0.999952988,0.999960692,0.017195113,0,gaussian
452,5,0,0.995596726,0.99419668,0.995538192,0.117255621,0.998593762,0.999941208,0.117774213,0,gaussian
452,6,0,0.994350086,0.99379513,0.994202995,0.038168165,0.999441891,0.999852073,0.038385038,0,gaussian
452,7,0,0.995520649,0.995147843,0.995383192,0.025015872,0.999625517,0.999861925,0.025128431,0,gaussian
452,8,0,0.994023385,0.992904901,0.993790424,0.031543571,0.998874791,0.999765638,0.031733228,0,gaussian
452,9,0,0.997984208,0.997429072,0.9976745,0.017189845,0.999443743,0.999689667,0.017224566,0,gaussian
452,10,1,0.964927085,0.101131234,0.005496889,0.003418784,0.104807125,0.005696688,0.003543049,0,gaussian
452,11,1,0.964083768,0.102926695,0.005526146,0.004008379,0.106761153,0.005732018,0.004157708,0,gaussian
452,12,1,0.967311432,0.144359075,0.007669723,0.004818103,0.149237433,0.007928908,0.004980923,0,gaussian
452,13,1,0.970943722,0.13621597,0.006546946,0.003812201,0.140292343,0.006742868,0.003926284,0,gaussian
452,14,1,0.964838979,0.133709087,0.007866309,0.0055121,0.138581763,0.008152976,0.005712974,0,gaussian
453,0,0,0.991127141,0.991104982,0.991103891,0.143041372,0.999977643,0.999976542,0.14432192,0,gaussian
453,1,0,0.996482521,0.996415883,0.99641325,0.017703096,0.999933127,0.999930485,0.017765586,0,gaussian
453,2,0,0.995255759,0.99524014,0.995236358,0.088223247,0.999984306,0.999980506,0.088643795,0,gaussian
453,3,0,0.997947644,0.997939607,0.997941437,0.026339723,0.999991947,0.999993781,0.026393893,0,gaussian
453,4,0,0.992607844,0.992585931,0.992569484,0.068679286,0.999977924,0.999961355,0.069190755,0,gaussian
453,5,0,0.996567037,0.996548596,0.996546962,0.026136419,0.999981495,0.999979855,0.026226453,0,gaussian
453,6,1,0.965266895,0.109886846,0.006134929,0.004170142,0.113840893,0.006355682,0.004320196,0,gaussian
453,7,1,0.967066992,0.128881501,0.007501148,0.004961716,0.133270499,0.007756596,0.005130685,0,gaussian
453,8,1,0.961903683,0.101803884,0.004819107,0.004505453,0.10583584,0.005009969,0.004683892,0,gaussian
453,9,1,0.965729241,0.148133594,0.005853039,0.005153668,0.153390399,0.006060745,0.005336556,0,gaussian
453,10,1,0.966549026,0.137301523,0.005998038,0.00499367,0.142053346,0.006205622,0.005166494,0,gaussian
453,11,0,0.992367137,0.992261866,0.992306211,0.100936519,0.999893919,0.999938605,0.10171288,0,gaussian
453,12,0,0.996754203,0.996634301,0.996622016,0.029162937,0.999879708,0.999867382,0.029257902,0,gaussian
453,13,0,0.995115684,0.995062102,0.995043829,0.036788433,0.999946155,0.999927792,0.036969001,0,gaussian
453,14,0,0.996463734,0.99638797,0.996386487,0.021906478,0.999923967,0.999922479,0.02198422,0,gaussian
454,0,0,0.995099176,0.995074472,0.995054816,0.066130882,0.999975174,0.999955421,0.066456574,0,gaussian
454,1,0,1.001383037,1.001361512,1.001358836,0.013394326,0.999978505,0.999975832,0.013375827,0,gaussian
454,2,0,0.99558995,0.995566863,0.995576939,0.031372374,0.99997681,0.999986931,0.03151134,0,gaussian
454,3,0,0.992938208,0.992912891,0.992921375,0.057234415,0.999974503,0.999983048,0.057641468,0,gaussian
454,4,0,0.994074366,0.994041582,0.994050519,0.065544041,0.99996702,0.999976011,0.065934747,0,gaussian
454,5,0,0.997809727,0.997740329,0.997756516,0.007389309,0.99993045,0.999946673,0.007405529,0,gaussian
454,6,0,0.996311427,0.996279397,0.996293685,0.039528977,0.999967852,0.999982192,0.039675322,0,gaussian
454,7,0,0.994924732,0.99480974,0.994829507,0.042855099,0.999884421,0.999904288,0.043073709,0,gaussian
454,8,0,0.985324187,0.985102991,0.985258038,0.768157032,0.999775509,0.999932865,0.77959827,0,gaussian
454,9,0,0.994625629,0.994231654,0.994455344,0.055585112,0.999603896,0.999828796,0.055885461,0,gaussian
454,10,1,0.963933171,0.102647586,0.004608554,0.004343761,0.106488281,0.004780989,0.004506288,0,gaussian
454,11,1,0.966072201,0.148432024,0.006513409,0.005760728,0.153644856,0.006742156,0.005963041,0,gaussian
454,12,1,0.96628458,0.116621873,0.005009708,0.003629037,0.120691022,0.005184506,0.003755661,0,gaussian
454,13,1,0.965494678,0.170699145,0.007098107,0.006156862,0.176799675,0.007351783,0.006376899,0,gaussian
454,14,1,0.963400097,0.144652105,0.008207484,0.006522685,0.150147488,0.008519289,0.006770484,0,gaussian
455,0,0,0.991445184,0.991417142,0.991412272,0.183786188,0.999971715,0.999966803,0.185372011,0,gaussian
455,1,0,0.998033588,0.998021146,0.998027097,0.008906025,0.999987534,0.999993496,0.008923573,0,gaussian
455,2,0,0.993215966,0.993172408,0.993171895,0.046787085,0.999956145,0.999955628,0.047106658,0,gaussian
455,3,0,0.992523663,0.992496423,0.992498631,0.077025239,0.999972555,0.999974779,0.077605443,0,gaussian
455,4,0,0.99593448,0.995892683,0.995893719,0.040798082,0.999958033,0.999959073,0.040964624,0,gaussian
455,5,0,0.996503282,0.996456,0.99644846,0.014445016,0.999952552,0.999944986,0.014495704,0,gaussian
455,6,0,0.996761686,0.996716838,0.99672603,0.065060207,0.999955006,0.999964228,0.065271577,0,gaussian
455,7,0,0.994587848,0.994567047,0.994558847,0.053563254,0.999979086,0.999970841,0.053854724,0,gaussian
455,8,0,0.991198729,0.991135621,0.991143728,0.075952668,0.999936332,0.999944511,0.076627084,0,gaussian
455,9,0,0.993672145,0.993616218,0.993619109,0.069792962,0.999943717,0.999946626,0.070237414,0,gaussian
455,10,1,0.967314207,0.098753513,0.004346935,0.003640749,0.102090419,0.004493819,0.003763771,0,gaussian
455,11,1,0.96284186,0.105066187,0.005356026,0.004963615,0.109120917,0.005562727,0.005155171,0,gaussian
455,12,1,0.966371004,0.132118929,0.00658147,0.006153719,0.13671657,0.0068105,0.006367864,0,gaussian
455,13,1,0.963390558,0.120659449,0.006731658,0.006985004,0.125244584,0.006987465,0.007250439,0,gaussian
455,14,1,0.96342075,0.146893702,0.007060578,0.007242729,0.152470976,0.007328655,0.007517721,0,gaussian
456,0,0,0.996231398,0.996210112,0.996205554,0.043628992,0.999978634,0.999974059,0.043794034,0,gaussian
456,1,0,1.000166322,1.000145043,1.000132947,0.01237678,0.999978724,0.99996663,0.012374722,0,gaussian
456,2,0,0.996052755,0.996028454,0.996027426,0.030741316,0.999975602,0.99997457,0.030863141,0,gaussian
456,3,0,0.996133223,0.996106763,0.996102723,0.050701187,0.999973437,0.999969382,0.050897998,0,gaussian
456,4,0,0.995863655,0.995804087,0.995798111,0.01768107,0.999940185,0.999934183,0.017754509,0,gaussian
456,5,0,0.995975665,0.995947558,0.995948243,0.039473508,0.999971779,0.999972467,0.039633005,0,gaussian
456,6,0,0.990676607,0.990590575,0.990609725,0.147646481,0.999913159,0.999932489,0.149036002,0,gaussian
456,7,0,0.989238303,0.989177939,0.989195274,0.271042314,0.99993898,0.999956503,0.273990921,0,gaussian
456,8,0,0.995778879,0.995636401,0.995689422,0.020115286,0.999856918,0.999910164,0.020200555,0,gaussian
456,9,0,0.996486499,0.996351969,0.996355659,0.034296181,0.999864996,0.999868699,0.034417106,0,gaussian
456,10,1,0.962984481,0.096219401,0.004858757,0.004618294,0.099917914,0.005045519,0.004795814,0,gaussian
456,11,1,0.963310839,0.101924042,0.004354146,0.004142666,0.105805974,0.00451998,0.004300445,0,gaussian
456,12,1,0.964347233,0.13378332,0.006519809,0.006010711,0.138729408,0.006760852,0.006232932,0,gaussian
456,13,1,0.960861125,0.136704801,0.006999464,0.006675276,0.142273214,0.007284574,0.00694718,0,gaussian
456,14,1,0.967980271,0.143237928,0.006268999,0.005530441,0.147976082,0.006476371,0.005713382,0,gaussian
457,0,0,0.997818972,0.997808948,0.997809325,0.015301005,0.999989954,0.999990332,0.01533445,0,gaussian
457,1,0,0.997778815,0.99775111,0.997747021,0.013314646,0.999972233,0.999968136,0.013344287,0,gaussian
457,2,0,0.996640037,0.996606533,0.996614044,0.037480617,0.999966383,0.99997392,0.037606975,0,gaussian
457,3,0,0.994630422,0.994575173,0.994583889,0.083055223,0.999944453,0.999953216,0.083503602,0,gaussian
457,4,0,0.997898198,0.99783799,0.997831749,0.005159672,0.999939665,0.999933411,0.005170539,0,gaussian
457,5,0,0.995431906,0.995317974,0.995283911,0.1409089,0.999885545,0.999851326,0.141555539,0,gaussian
457,6,0,0.996492617,0.996363807,0.996400835,0.077355551,0.999870737,0.999907895,0.077627821,0,gaussian
457,7,0,0.995877843,0.995721701,0.995711301,0.020661487,0.999843213,0.999832769,0.020747009,0,gaussian
457,8,0,0.993405102,0.990333712,0.990299593,0.049410736,0.99690822,0.996873875,0.049738758,0,gaussian
457,9,0,0.993815621,0.989281599,0.98563716,0.036506738,0.995437764,0.991770646,0.036733914,0,gaussian
457,10,1,0.964725879,0.1119907,0.006547171,0.003620952,0.116085515,0.00678656,0.003753348,0,gaussian
457,11,1,0.96585398,0.098211356,0.011260003,0.003896068,0.101683441,0.01165808,0.004033807,0,gaussian
457,12,1,0.965960827,0.144578764,0.010461613,0.005658986,0.149673527,0.010830266,0.005858401,0,gaussian
457,13,1,0.966395865,0.157481418,0.009892309,0.005629363,0.162957462,0.01023629,0.005825111,0,gaussian
457,14,1,0.963218574,0.111063918,0.00970797,0.005300772,0.115305001,0.010078678,0.005503187,0,gaussian
458,0,0,0.995876398,0.995856575,0.995856024,0.019424123,0.999980095,0.999979541,0.019504552,0,gaussian
458,1,0,0.994753334,0.994751081,0.994749231,0.045392715,0.999997735,0.999995875,0.045632132,0,gaussian
458,2,0,0.997421986,0.997403298,0.997394016,0.019004807,0.999981264,0.999971958,0.019053928,0,gaussian
458,3,0,0.994873757,0.994775304,0.994796215,0.071910839,0.99990104,0.999922058,0.072281371,0,gaussian
458,4,0,0.992977459,0.992954218,0.992957819,0.10145685,0.999976595,0.999980221,0.102174374,0,gaussian
458,5,0,0.99581992,0.995805841,0.995806219,0.041871573,0.999985861,0.999986241,0.042047334,0,gaussian
458,6,0,0.992136454,0.99204543,0.992079746,0.050724068,0.999908255,0.999942843,0.051126101,0,gaussian
458,7,0,0.99399238,0.993866193,0.993937658,0.133199805,0.999873051,0.999944948,0.134004855,0,gaussian
458,8,0,0.986217485,0.985928597,0.986064058,0.621676154,0.999707074,0.999844428,0.630364157,0,gaussian
458,9,0,0.995940499,0.995570295,0.995780097,0.104888354,0.999628287,0.999838944,0.105315884,0,gaussian
458,10,1,0.966515545,0.073519617,0.003673678,0.002815134,0.076066668,0.003800951,0.002912663,0,gaussian
458,11,1,0.961945827,0.077848892,0.004539108,0.004101501,0.080928561,0.004718674,0.004263755,0,gaussian
458,12,1,0.967866911,0.119548359,0.005768732,0.004334539,0.123517353,0.005960254,0.004478445,0,gaussian
458,13,1,0.961001204,0.106759221,0.006700542,0.005967978,0.111091662,0.006972459,0.006210167,0,gaussian
458,14,1,0.963716864,0.111885419,0.006578529,0.00572905,0.116097812,0.006826205,0.005944744,0,gaussian
459,0,0,0.995459488,0.995440241,0.995437756,0.071752379,0.999980666,0.999978169,0.072079657,0,gaussian
459,1,0,0.997505064,0.9974732,0.997474287,0.065936134,0.999968057,0.999969146,0.066101052,0,gaussian
459,2,0,0.996676114,0.996646154,0.996642346,0.030119063,0.99996994,0.999966119,0.030219509,0,gaussian
459,3,0,0.993560537,0.993534942,0.993533772,0.104891485,0.999974239,0.999973062,0.105571308,0,gaussian
459,4,0,0.997471058,0.997436128,0.997438496,0.009868842,0.999964981,0.999967355,0.009893863,0,gaussian
459,5,0,0.991538705,0.99150271,0.991503104,0.564461981,0.999963698,0.999964096,0.569278817,0,gaussian
459,6,0,0.995648801,0.995538868,0.995537017,0.184232314,0.999889587,0.999887727,0.185037449,0,gaussian
459,7,0,0.993249639,0.993155082,0.993161168,0.214003389,0.9999048,0.999910928,0.215457807,0,gaussian
459,8,0,0.996469617,0.995747117,0.995566616,0.030974139,0.999274941,0.999093801,0.031083877,0,gaussian
459,9,1,0.964270376,0.097076254,0.003991898,0.003805727,0.100673273,0.004139812,0.003946742,0,gaussian
459,10,1,0.962589263,0.146738089,0.006102687,0.005982649,0.15244102,0.006339866,0.006215162,0,gaussian
459,11,1,0.963897248,0.125777201,0.007418935,0.00658986,0.130488184,0.007696811,0.006836683,0,gaussian
459,12,1,0.965567483,0.117887969,0.006557036,0.004821156,0.122091901,0.006790862,0.00499308,0,gaussian
459,13,1,0.965364109,0.093591236,0.0056034,0.00349253,0.096949156,0.005804443,0.003617837,0,gaussian
459,14,0,0.997044367,0.995848194,0.995890665,0.043800457,0.998800281,0.998842878,0.043930299,0,gaussian
460,0,0,0.986555595,0.986509939,0.986505646,0.222542821,0.999953722,0.99994937,0.22557555,0,gaussian
460,1,0,0.99524314,0.995190362,0.995202505,0.052500891,0.99994697,0.99995917,0.052751824,0,gaussian
460,2,0,0.99786715,0.997841766,0.997854244,0.009613539,0.999974561,0.999987066,0.009634087,0,gaussian
460,3,0,0.993524502,0.993486559,0.993483833,0.050816237,0.99996181,0.999959066,0.051147442,0,gaussian
460,4,0,0.991565591,0.991434622,0.991551414,0.669160803,0.999867918,0.999985703,0.674852788,0,gaussian
460,5,0,0.995674732,0.995662575,0.995647019,0.030526707,0.999987791,0.999972167,0.030659316,0,gaussian
460,6,0,0.996121228,0.995925244,0.995946516,0.045520655,0.999803253,0.999824608,0.045697907,0,gaussian
460,7,0,0.998731638,0.998621859,0.998636842,0.01206176,0.999890082,0.999905084,0.012077078,0,gaussian
460,8,0,0.993328482,0.992933327,0.993081916,0.104923068,0.999602191,0.999751778,0.105627765,0,gaussian
460,9,0,0.993604642,0.991391535,0.993019999,0.50696893,0.997772648,0.999411594,0.510232047,0,gaussian
460,10,1,0.964527952,0.100950103,0.00458725,0.004174158,0.104662703,0.004755954,0.004327669,0,gaussian
460,11,1,0.964063022,0.117103406,0.006517186,0.004688869,0.121468621,0.006760124,0.004863654,0,gaussian
460,12,1,0.968011753,0.167675726,0.006851291,0.005637139,0.173216622,0.007077694,0.00582342,0,gaussian
460,13,1,0.964842762,0.164756838,0.008261434,0.006219088,0.170760298,0.008562467,0.006445701,0,gaussian
460,14,1,0.96710373,0.157405098,0.007517845,0.006093416,0.162759271,0.007773566,0.006300685,0,gaussian
461,0,0,0.996027094,0.996008597,0.99599992,0.028007431,0.99998143,0.999972718,0.028119146,0,gaussian
461,1,0,0.991536487,0.991522134,0.991521781,0.204351845,0.999985525,0.999985168,0.206096142,0,gaussian
461,2,0,0.997859476,0.997821737,0.997830317,0.03017309,0.99996218,0.999970778,0.030237814,0,gaussian
461,3,0,0.99755498,0.997479191,0.997501433,0.051809411,0.999924026,0.999946322,0.051936397,0,gaussian
461,4,0,0.996600902,0.996585708,0.996582386,0.050578297,0.999984754,0.999981421,0.050750804,0,gaussian
461,5,0,0.993416641,0.993391361,0.993382303,0.041358172,0.999974553,0.999965434,0.041632252,0,gaussian
461,6,0,0.996456658,0.996399953,0.996431401,0.032524254,0.999943094,0.999974654,0.032639908,0,gaussian
461,7,0,0.996383242,0.996273713,0.996237053,0.046641683,0.999890074,0.99985328,0.046810987,0,gaussian
461,8,0,0.991759563,0.991551305,0.991563581,0.101630842,0.999790012,0.99980239,0.102475283,0,gaussian
461,9,1,0.961955141,0.099648119,0.005592836,0.004843056,0.103589153,0.00581403,0.005034596,0,gaussian
461,10,1,0.96552847,0.130828372,0.007370997,0.0060496,0.135499238,0.007634158,0.006265584,0,gaussian
461,11,1,0.967498994,0.164372246,0.009055527,0.006526597,0.169893971,0.009359728,0.006745844,0,gaussian
461,12,1,0.965078033,0.105054614,0.006459062,0.004237784,0.108856083,0.006692788,0.004391131,0,gaussian
461,13,1,0.96552833,0.147799247,0.008287062,0.005883168,0.153076033,0.00858293,0.006093211,0,gaussian
461,14,0,0.996237294,0.994638787,0.994266168,0.011543434,0.998395456,0.998021429,0.011587033,0,gaussian
462,0,0,0.995777937,0.995761871,0.995763496,0.057420302,0.999983866,0.999985498,0.057663762,0,gaussian
462,1,0,0.994724502,0.994701058,0.994707173,0.027353741,0.999976432,0.99998258,0.027498811,0,gaussian
462,2,0,0.997899396,0.997877445,0.99787382,0.032353609,0.999978003,0.99997437,0.032421714,0,gaussian
462,3,0,0.997581177,0.997558887,0.997561619,0.014090644,0.999977656,0.999980394,0.01412481,0,gaussian
462,4,0,1.00102937,1.00099212,1.000998555,0.028226293,0.999962788,0.999969216,0.028197267,0,gaussian
462,5,0,0.994716638,0.99467606,0.994676911,0.020956224,0.999959207,0.999960062,0.021067532,0,gaussian
462,6,0,0.992574827,0.992541199,0.992552739,0.097707783,0.99996612,0.999977746,0.098438707,0,gaussian
462,7,0,0.996277059,0.996161083,0.996163201,0.140755259,0.99988359,0.999885717,0.141281241,0,gaussian
462,8,0,0.99681572,0.996741633,0.996756755,0.021724353,0.999925677,0.999940846,0.021793751,0,gaussian
462,9,0,0.993864412,0.993628822,0.993448361,0.029653664,0.999762955,0.99958138,0.02983673,0,gaussian
462,10,1,0.965545496,0.098461402,0.005282827,0.004007146,0.101974896,0.005471339,0.004150137,0,gaussian
462,11,1,0.960753228,0.108630692,0.005922062,0.004994641,0.113068256,0.006163978,0.005198672,0,gaussian
462,12,1,0.962860031,0.151636338,0.006622424,0.005979485,0.157485338,0.006877868,0.006210129,0,gaussian
462,13,1,0.966929597,0.124058906,0.006454698,0.005106371,0.128301902,0.006675459,0.005281016,0,gaussian
462,14,1,0.966813279,0.152068296,0.006975852,0.00597092,0.157288175,0.007215305,0.006175878,0,gaussian
463,0,0,0.996407205,0.996378324,0.99638157,0.026941053,0.999971015,0.999974272,0.027038196,0,gaussian
463,1,0,0.997522128,0.997503745,0.997496267,0.019473905,0.999981571,0.999974075,0.019522278,0,gaussian
463,2,0,0.994362335,0.994300581,0.994322168,0.084265661,0.999937896,0.999959605,0.084743416,0,gaussian
463,3,0,0.997966191,0.997815428,0.997822197,0.020490673,0.99984893,0.999855713,0.020532432,0,gaussian
463,4,0,0.998411305,0.99837578,0.998370877,0.011911423,0.999964418,0.999959507,0.011930377,0,gaussian
463,5,0,0.998767397,0.998749009,0.998759273,0.096645003,0.99998159,0.999991867,0.096764275,0,gaussian
463,6,0,0.994189678,0.994166329,0.994162968,0.037960275,0.999976515,0.999973134,0.038182125,0,gaussian
463,7,0,0.997708688,0.997684251,0.99768128,0.007503129,0.999975507,0.99997253,0.007520361,0,gaussian
463,8,0,0.996733847,0.996671442,0.99666433,0.010894049,0.99993739,0.999930255,0.010929747,0,gaussian
463,9,0,1.000650686,1.000541335,1.000557681,0.020407223,0.99989072,0.999907055,0.020393953,0,gaussian
463,10,1,0.966709422,0.084386903,0.004094203,0.0034314,0.087292935,0.004235195,0.003549567,0,gaussian
463,11,1,0.963381382,0.126005037,0.005157724,0.004680542,0.130794553,0.005353771,0.004858452,0,gaussian
463,12,1,0.967165979,0.154017284,0.006521575,0.005641015,0.15924597,0.006742974,0.005832521,0,gaussian
463,13,1,0.963368773,0.115647894,0.006202175,0.005895395,0.1200453,0.006438007,0.006119562,0,gaussian
463,14,1,0.960351209,0.138093373,0.008007862,0.007619563,0.143794658,0.008338473,0.007934142,0,gaussian
464,0,0,0.997097468,0.997071651,0.99707662,0.037757454,0.999974108,0.999979091,0.037867365,0,gaussian
464,1,0,0.997365602,0.997347423,0.997353293,0.036990832,0.999981772,0.999987658,0.037088538,0,gaussian
464,2,0,0.99579513,0.995735428,0.995750963,0.041763563,0.999940045,0.999955647,0.041939915,0,gaussian
464,3,0,1.001162929,1.001150831,1.001140943,0.008398212,0.999987916,0.99997804,0.008388457,0,gaussian
464,4,0,0.99549869,0.99546736,0.995465966,0.034523465,0.999968528,0.999967128,0.034679568,0,gaussian
464,5,0,0.995312686,0.995247589,0.995233505,0.039725817,0.999934597,0.999920447,0.039912901,0,gaussian
464,6,0,0.996575369,0.99650191,0.996514957,0.023019674,0.999926288,0.99993938,0.023098779,0,gaussian
464,7,0,0.996415032,0.996281382,0.996255355,0.008986806,0.99986587,0.999839749,0.009019139,0,gaussian
464,8,0,0.994114266,0.993780404,0.993948098,0.063950058,0.999664162,0.999832848,0.06432868,0,gaussian
464,9,0,0.994178357,0.992786646,0.992707924,0.040915726,0.998600139,0.998520956,0.041155317,0,gaussian
464,10,1,0.964858162,0.112828041,0.005173572,0.004322573,0.116937437,0.005362003,0.004480008,0,gaussian
464,11,1,0.965779896,0.117379781,0.006479979,0.005300747,0.121538853,0.006709582,0.005488566,0,gaussian
464,12,1,0.962461267,0.099730051,0.007345743,0.004358463,0.103619807,0.007632248,0.004528456,0,gaussian
464,13,1,0.963372998,0.174702207,0.010283545,0.007514036,0.181344306,0.01067452,0.007799717,0,gaussian
464,14,1,0.965994191,0.171004955,0.010658233,0.006821024,0.177024828,0.011033434,0.007061144,0,gaussian
465,0,0,0.993949479,0.993910953,0.993912477,0.062682529,0.999961239,0.999962773,0.063064099,0,gaussian
465,1,0,0.997757757,0.997741196,0.997739106,0.022804531,0.999983402,0.999981307,0.02285578,0,gaussian
465,2,0,0.999399626,0.99938523,0.99938654,0.025667649,0.999985595,0.999986906,0.025683069,0,gaussian
465,3,0,0.992334917,0.992308505,0.992305046,0.054657853,0.999973385,0.999969899,0.055080047,0,gaussian
465,4,0,0.996834476,0.996786355,0.996769007,0.036957271,0.999951726,0.999934323,0.037074631,0,gaussian
465,5,0,0.995685935,0.995653699,0.995662024,0.08926759,0.999967625,0.999975986,0.089654365,0,gaussian
465,6,0,0.994791809,0.994721091,0.994712139,0.040988261,0.999928911,0.999919912,0.041202853,0,gaussian
465,7,0,0.994188089,0.993896841,0.993914823,0.12327728,0.99970705,0.999725136,0.123997945,0,gaussian
465,8,0,0.995349334,0.994740758,0.994762546,0.055926036,0.999388581,0.99941047,0.056187345,0,gaussian
465,9,0,0.995631754,0.994703033,0.995117955,0.034755645,0.999067204,0.999483947,0.034908132,0,gaussian
465,10,1,0.962781877,0.110458434,0.005322738,0.004881103,0.11472841,0.005528498,0.005069791,0,gaussian
465,11,1,0.965130154,0.145526046,0.007087848,0.006438162,0.150783855,0.00734393,0.006670771,0,gaussian
465,12,1,0.960315288,0.097705408,0.007597514,0.005427449,0.101743052,0.007911479,0.005651737,0,gaussian
465,13,1,0.963480181,0.146733651,0.008480656,0.007102183,0.152295454,0.008802108,0.007371385,0,gaussian
465,14,1,0.967527787,0.166909949,0.008643095,0.005817824,0.172511789,0.008933175,0.006013082,0,gaussian
466,0,0,0.98809418,0.988049027,0.988050043,0.186928594,0.999954304,0.999955332,0.189180948,0,gaussian
466,1,0,0.997938709,0.997928188,0.997930202,0.029472017,0.999989458,0.999991475,0.029532893,0,gaussian
466,2,0,0.997439567,0.99739128,0.997376931,0.020070211,0.999951588,0.999937203,0.020121732,0,gaussian
466,3,0,0.993250786,0.993214129,0.99321684,0.087972469,0.999963094,0.999965824,0.088570249,0,gaussian
466,4,0,0.991692884,0.991680449,0.991677159,0.15878442,0.999987461,0.999984143,0.16011451,0,gaussian
466,5,0,0.988086721,0.98805682,0.988056396,0.260867513,0.999969739,0.99996931,0.264012771,0,gaussian
466,6,0,0.996879611,0.996840302,0.996846602,0.01682158,0.999960568,0.999966887,0.016874235,0,gaussian
466,7,0,0.997370423,0.997141757,0.997082192,0.038324415,0.999770731,0.99971101,0.038425457,0,gaussian
466,8,0,0.996387055,0.996149457,0.996276313,0.016174436,0.99976154,0.999888856,0.016233085,0,gaussian
466,9,0,0.997361614,0.996697573,0.996728074,0.058526357,0.999334203,0.999364784,0.058681181,0,gaussian
466,10,1,0.965230297,0.086243232,0.005615658,0.003636311,0.089349901,0.005817947,0.003767299,0,gaussian
466,11,1,0.962982019,0.107229463,0.005022438,0.004017785,0.111351469,0.005215506,0.004172232,0,gaussian
466,12,1,0.968100783,0.121633748,0.007392215,0.004632336,0.125641617,0.00763579,0.004784973,0,gaussian
466,13,1,0.968422961,0.14189745,0.006426923,0.004960384,0.146524252,0.006636483,0.005122126,0,gaussian
466,14,1,0.964781801,0.152211668,0.007283418,0.005574054,0.157767972,0.00754929,0.005777528,0,gaussian
467,0,0,0.994498635,0.994476882,0.994473531,0.024458783,0.999978127,0.999974757,0.024594084,0,gaussian
467,1,0,0.99799067,0.997967162,0.997970443,0.013356486,0.999976444,0.999979732,0.013383378,0,gaussian
467,2,0,0.988055273,0.988048355,0.988047284,0.470656261,0.999992998,0.999991914,0.476346085,0,gaussian
467,3,0,0.997024683,0.99697995,0.996973821,0.015751299,0.999955133,0.999948986,0.015798304,0,gaussian
467,4,0,0.998105538,0.99808879,0.998090425,0.016097657,0.999983221,0.999984858,0.016128211,0,gaussian
467,5,0,0.989939763,0.989932853,0.989935121,0.133547515,0.999993019,0.99999531,0.134904688,0,gaussian
467,6,0,0.990906188,0.990702463,0.990725628,0.204178649,0.999794406,0.999817783,0.206052452,0,gaussian
467,7,0,0.996024121,0.995508711,0.995534952,0.154590233,0.999482533,0.999508878,0.155207319,0,gaussian
467,8,0,0.999906239,0.999549861,0.999447038,0.012704473,0.999643589,0.999540756,0.012705664,0,gaussian
467,9,0,0.995440708,0.994696119,0.994183574,0.068297623,0.999252001,0.998737108,0.068610438,0,gaussian
467,10,1,0.963841974,0.081564864,0.005005516,0.003774196,0.084624727,0.005193295,0.003915783,0,gaussian
467,11,1,0.963855761,0.091411129,0.006721703,0.003920637,0.094839013,0.006973764,0.004067659,0,gaussian
467,12,1,0.967678164,0.144059503,0.007676699,0.004381418,0.148871296,0.007933112,0.004527764,0,gaussian
467,13,1,0.962508119,0.113004029,0.009360568,0.00592322,0.117405793,0.009725184,0.006153943,0,gaussian
467,14,1,0.967730725,0.158575704,0.010740107,0.005662694,0.163863459,0.011098239,0.005851518,0,gaussian
468,0,0,0.996127464,0.996102202,0.996107063,0.062808667,0.99997464,0.999979519,0.063052842,0,gaussian
468,1,0,0.996379995,0.996349636,0.996356293,0.072483611,0.999969531,0.999976212,0.072746955,0,gaussian
468,2,0,0.998417174,0.998400544,0.998401196,0.006894798,0.999983343,0.999983996,0.006905729,0,gaussian
468,3,0,0.992859995,0.992835962,0.992837776,0.125595307,0.999975794,0.999977621,0.126498507,0,gaussian
468,4,0,0.997891068,0.997877806,0.997876089,0.010114634,0.99998671,0.999984989,0.01013601,0,gaussian
468,5,0,0.994772895,0.994758688,0.994754854,0.1319949,0.999985719,0.999981865,0.132688476,0,gaussian
468,6,0,0.997190363,0.997035591,0.997090822,0.014237825,0.999844792,0.999900179,0.01427794,0,gaussian
468,7,0,0.990404512,0.990351375,0.990350737,0.291312372,0.999946348,0.999945704,0.294134738,0,gaussian
468,8,0,0.995890453,0.995880738,0.995879444,0.028061448,0.999990245,0.999988946,0.028177244,0,gaussian
468,9,0,0.994523948,0.994467144,0.994479919,0.094112992,0.999942883,0.999955728,0.094631197,0,gaussian
468,10,1,0.965752971,0.11356607,0.005395634,0.004340623,0.117593291,0.005586971,0.004494548,0,gaussian
468,11,1,0.963531407,0.124257925,0.005799972,0.004263806,0.128960949,0.006019494,0.004425186,0,gaussian
468,12,1,0.961919594,0.13879743,0.007704368,0.00698422,0.144292133,0.008009368,0.007260711,0,gaussian
468,13,1,0.96871652,0.156704403,0.0073519,0.005039309,0.161764974,0.007589321,0.005202047,0,gaussian
468,14,1,0.965478482,0.143238537,0.007334005,0.006401873,0.148360155,0.007596239,0.006630778,0,gaussian
469,0,0,0.99662623,0.996610294,0.996606586,0.013134662,0.999984009,0.999980289,0.013179126,0,gaussian
469,1,0,0.994332622,0.994318111,0.994320608,0.038824509,0.999985407,0.999987918,0.039045796,0,gaussian
469,2,0,0.994368449,0.994331838,0.99434509,0.133079845,0.999963182,0.999976509,0.133833536,0,gaussian
469,3,0,0.994104702,0.994029728,0.994055475,0.228965484,0.999924581,0.999950482,0.230323308,0,gaussian
469,4,0,0.994791442,0.994721554,0.994765281,0.391837534,0.999929745,0.999973701,0.393889129,0,gaussian
469,5,0,0.99305997,0.993019703,0.993021458,0.067704784,0.999959452,0.999961219,0.068177941,0,gaussian
469,6,0,0.995573763,0.995504777,0.995487582,0.111591301,0.999930707,0.999913436,0.112087426,0,gaussian
469,7,0,0.996894039,0.99678269,0.996782781,0.02125725,0.999888304,0.999888395,0.02132348,0,gaussian
469,8,0,0.997107584,0.996947751,0.996905588,0.014434129,0.999839703,0.999797418,0.014475999,0,gaussian
469,9,0,0.996380708,0.995934258,0.99613223,0.023213285,0.999551928,0.99975062,0.023297606,0,gaussian
469,10,1,0.962313357,0.091186393,0.004921743,0.004397953,0.094757484,0.005114491,0.004570188,0,gaussian
469,11,1,0.962258934,0.087641322,0.004698213,0.004101852,0.09107873,0.004882483,0.004262732,0,gaussian
469,12,1,0.966039394,0.124775273,0.005552607,0.005024903,0.129161682,0.005747806,0.005201551,0,gaussian
469,13,1,0.963212273,0.130557297,0.006454637,0.005789507,0.13554364,0.006701157,0.006010624,0,gaussian
469,14,1,0.966633122,0.121936144,0.005205441,0.004667741,0.126145216,0.005385126,0.004828865,0,gaussian
470,0,0,0.995451371,0.995423296,0.995427762,0.020375547,0.999971798,0.999976283,0.020468651,0,gaussian
470,1,0,0.994684535,0.994668917,0.994667977,0.03971973,0.999984298,0.999983353,0.039931987,0,gaussian
470,2,0,0.995772708,0.995729334,0.995727636,0.024682869,0.999956442,0.999954737,0.024787653,0,gaussian
470,3,0,0.989455253,0.989423271,0.989439527,0.19894356,0.999967677,0.999984107,0.201063726,0,gaussian
470,4,0,0.996573464,0.996513305,0.996540094,0.050200727,0.999939634,0.999966515,0.050373334,0,gaussian
470,5,0,0.998064313,0.997943512,0.997920832,0.018399457,0.999878965,0.999856241,0.018435141,0,gaussian
470,6,0,0.99329467,0.99326491,0.993245552,0.10456743,0.99997004,0.999950551,0.105273323,0,gaussian
470,7,0,0.997398941,0.997363379,0.997372933,0.010737539,0.999964346,0.999973924,0.010765541,0,gaussian
470,8,0,0.99517382,0.994529713,0.994812439,0.220964754,0.999352769,0.999636866,0.222036341,0,gaussian
470,9,0,0.995861721,0.994891707,0.994989942,0.10664014,0.999025955,0.999124598,0.10708328,0,gaussian
470,10,1,0.965508736,0.104117345,0.004800687,0.003781642,0.107836771,0.004972184,0.003916735,0,gaussian
470,11,1,0.962293074,0.121509834,0.00670315,0.004118597,0.12627113,0.006965809,0.004279982,0,gaussian
470,12,1,0.964683817,0.117822364,0.006308704,0.005001937,0.122135732,0.00653966,0.005185054,0,gaussian
470,13,1,0.965199416,0.133742892,0.0071948,0.004948352,0.138565037,0.007454211,0.005126767,0,gaussian
470,14,1,0.965996227,0.125558893,0.006719951,0.005169491,0.129978658,0.006956498,0.005351461,0,gaussian
471,0,0,0.99150074,0.991455068,0.991482016,0.399918348,0.999953936,0.999981116,0.403346494,0,gaussian
471,1,0,0.996330515,0.996315075,0.996315086,0.026958883,0.999984503,0.999984514,0.027058173,0,gaussian
471,2,0,0.997086968,0.997073866,0.997069792,0.040741168,0.99998686,0.999982774,0.040860195,0,gaussian
471,3,0,0.996719564,0.996682189,0.996697046,0.029924116,0.999962502,0.999977408,0.030022603,0,gaussian
471,4,0,0.996132946,0.996085348,0.996077396,0.045283364,0.999952217,0.999944234,0.045459157,0,gaussian
471,5,0,0.993893365,0.993808385,0.993820101,0.039001701,0.999914498,0.999926286,0.039241333,0,gaussian
471,6,0,0.999960011,0.999925948,0.999872329,0.018311959,0.999965935,0.999912315,0.018312692,0,gaussian
471,7,0,0.993577128,0.993489874,0.993525608,0.090384254,0.999912182,0.999948148,0.090968534,0,gaussian
471,8,0,0.991315229,0.991110576,0.991056751,0.116484341,0.999793554,0.999739257,0.117504844,0,gaussian
471,9,0,0.986971087,0.986604756,0.986590557,0.530805866,0.999628833,0.999614448,0.537812985,0,gaussian
471,10,1,0.966780123,0.114437404,0.005971829,0.003435341,0.118369629,0.00617703,0.003553384,0,gaussian
471,11,1,0.965091982,0.105391677,0.007773194,0.004157047,0.109203764,0.008054356,0.00430741,0,gaussian
471,12,1,0.963008211,0.135982839,0.011462663,0.005916151,0.141206313,0.011902975,0.006143407,0,gaussian
471,13,1,0.964832305,0.116035452,0.010507127,0.005594598,0.120264891,0.010890107,0.005798519,0,gaussian
471,14,1,0.965033564,0.125586832,0.012710459,0.006502973,0.130137268,0.013171002,0.006738598,0,gaussian
472,0,0,0.996013358,0.996008233,0.996008557,0.070220637,0.999994855,0.99999518,0.070501702,0,gaussian
472,1,0,0.997616505,0.997596561,0.997595983,0.030160173,0.999980008,0.999979429,0.030232232,0,gaussian
472,2,0,0.995840492,0.995830177,0.995828899,0.033611115,0.999989642,0.999988359,0.033751505,0,gaussian
472,3,0,0.993499068,0.993474265,0.993476643,0.191383315,0.999975035,0.999977428,0.192635626,0,gaussian
472,4,0,0.99581911,0.99579926,0.995798537,0.058697483,0.999980067,0.999979341,0.058943921,0,gaussian
472,5,0,0.992674204,0.992648834,0.992652651,0.172815911,0.999974443,0.999978289,0.174091268,0,gaussian
472,6,0,0.993677409,0.993662968,0.993656077,0.088410143,0.999985467,0.999978532,0.088972681,0,gaussian
472,7,0,0.990690373,0.990670233,0.990678911,0.394926421,0.999979671,0.999988431,0.398637589,0,gaussian
472,8,0,0.993050723,0.99298305,0.993000967,0.108179203,0.999931853,0.999949896,0.108936231,0,gaussian
472,9,0,0.9980752,0.997789775,0.99786064,0.040879818,0.999714024,0.999785026,0.040958655,0,gaussian
472,10,1,0.965076776,0.103480705,0.004406567,0.00372943,0.10722536,0.004566028,0.003864387,0,gaussian
472,11,1,0.964334078,0.097956651,0.004342611,0.003821529,0.101579581,0.004503222,0.003962868,0,gaussian
472,12,1,0.966062833,0.140562191,0.006490659,0.005517337,0.145500051,0.006718672,0.005711158,0,gaussian
472,13,1,0.967631373,0.126944564,0.005872757,0.004933501,0.131191038,0.006069209,0.005098534,0,gaussian
472,14,1,0.965823702,0.138197458,0.006592535,0.005595717,0.143087665,0.006825816,0.005793725,0,gaussian
473,0,0,0.992604332,0.992578972,0.992572305,0.343403978,0.999974451,0.999967734,0.345962602,0,gaussian
473,1,0,0.997785015,0.997770436,0.997770097,0.014418386,0.999985389,0.999985049,0.014450394,0,gaussian
473,2,0,0.998142613,0.998124477,0.998126323,0.020506766,0.999981831,0.99998368,0.020544926,0,gaussian
473,3,0,0.994147366,0.994125895,0.994128813,0.06738331,0.999978403,0.999981337,0.067780001,0,gaussian
473,4,0,0.996005336,0.995983449,0.995986097,0.048015495,0.999978026,0.999980684,0.04820807,0,gaussian
473,5,0,0.992317562,0.992270206,0.992225846,0.120137927,0.999952277,0.999907573,0.121068025,0,gaussian
473,6,0,0.998921286,0.998849578,0.998820979,0.005838361,0.999928214,0.999899585,0.005844666,0,gaussian
473,7,0,0.999126211,0.999100903,0.99909479,0.00900756,0.99997467,0.999968552,0.009015438,0,gaussian
473,8,0,0.995562802,0.995392766,0.995461432,0.038499135,0.999829206,0.999898179,0.038670725,0,gaussian
473,9,0,0.995333023,0.995060082,0.995015767,0.024706,0.999725779,0.999681256,0.024821843,0,gaussian
473,10,1,0.964745925,0.087667935,0.004779584,0.003841025,0.090871527,0.004954241,0.003981385,0,gaussian
473,11,1,0.965465377,0.12418199,0.004815134,0.004061993,0.12862397,0.00498737,0.00420729,0,gaussian
473,12,1,0.963897727,0.127157809,0.00681817,0.005630187,0.131920437,0.007073541,0.005841063,0,gaussian
473,13,1,0.96504852,0.129996671,0.006138363,0.005258136,0.134704803,0.006360678,0.005448571,0,gaussian
473,14,1,0.96597619,0.144370544,0.006916825,0.005562045,0.149455593,0.007160451,0.005757952,0,gaussian
474,0,0,0.995598075,0.995567728,0.995564874,0.075749203,0.999969519,0.999966653,0.07608412,0,gaussian
474,1,0,0.995868819,0.995856041,0.995849093,0.009818311,0.999987169,0.999980191,0.00985904,0,gaussian
474,2,0,0.996155341,0.996141652,0.996144907,0.020077662,0.999986259,0.999989526,0.020155152,0,gaussian
474,3,0,0.995686671,0.995632547,0.995638066,0.033064908,0.999945641,0.999951184,0.033208145,0,gaussian
474,4,0,0.996983085,0.996933129,0.996939728,0.016844248,0.999949892,0.999956511,0.016895219,0,gaussian
474,5,0,0.99849513,0.998468379,0.998467774,0.008450291,0.999973209,0.999972603,0.008463027,0,gaussian
474,6,0,0.995971725,0.995952476,0.995962345,0.344414998,0.999980673,0.999990581,0.345808008,0,gaussian
474,7,0,0.994822786,0.994793156,0.994787737,0.047288852,0.999970216,0.999964769,0.047534951,0,gaussian
474,8,0,0.995879896,0.995773252,0.995794631,0.047623687,0.999892915,0.999914383,0.047820714,0,gaussian
474,9,0,0.998228338,0.998139603,0.998159979,0.009530065,0.999911107,0.999931519,0.009546979,0,gaussian
474,10,1,0.967654464,0.114422278,0.004111474,0.003464917,0.118247042,0.004248907,0.003580738,0,gaussian
474,11,1,0.966226661,0.100778384,0.004043306,0.003652511,0.104300976,0.004184635,0.003780181,0,gaussian
474,12,1,0.966202016,0.133471082,0.006242562,0.005489108,0.138139933,0.006460929,0.005681119,0,gaussian
474,13,1,0.965552203,0.122251263,0.006330782,0.005829351,0.126612795,0.006556644,0.006037324,0,gaussian
474,14,1,0.962724933,0.140186572,0.007283493,0.0064143,0.145614357,0.007565497,0.006662651,0,gaussian
475,0,0,0.997073406,0.997055564,0.997059241,0.01166911,0.999982105,0.999985793,0.011703361,0,gaussian
475,1,0,0.998443739,0.998435309,0.998435067,0.01293198,0.999991557,0.999991314,0.012952137,0,gaussian
475,2,0,0.996631934,0.996611555,0.996608554,0.022676679,0.999979552,0.999976541,0.022753314,0,gaussian
475,3,0,0.999599478,0.999590534,0.999586304,0.022594452,0.999991053,0.999986821,0.022603505,0,gaussian
475,4,0,0.998304473,0.998243551,0.998235661,0.037233488,0.999938975,0.999931072,0.037296725,0,gaussian
475,5,0,0.992814929,0.992768408,0.992779314,0.860620092,0.999953142,0.999964128,0.86684846,0,gaussian
475,6,0,0.995217292,0.995153667,0.9951622,0.058904581,0.999936069,0.999944643,0.059187658,0,gaussian
475,7,0,0.994731895,0.994654289,0.994635131,0.112492258,0.999921983,0.999902724,0.113088018,0,gaussian
475,8,0,0.996351818,0.996001485,0.995989082,0.017905764,0.999648384,0.999635936,0.017971327,0,gaussian
475,9,0,1.001259593,1.00104841,1.001037705,0.020417542,0.999789082,0.999778391,0.020391857,0,gaussian
475,10,1,0.962946839,0.114968064,0.005221695,0.004709785,0.119391912,0.00542262,0.004891013,0,gaussian
475,11,1,0.964470224,0.109749726,0.004435268,0.003793177,0.113792757,0.004598657,0.003932913,0,gaussian
475,12,1,0.965446257,0.124356174,0.006263612,0.005658697,0.128806935,0.006487789,0.005861225,0,gaussian
475,13,1,0.965909581,0.129854919,0.006246883,0.005628835,0.134437966,0.006467357,0.005827497,0,gaussian
475,14,1,0.963842104,0.138127236,0.007181399,0.006330244,0.143308987,0.007450804,0.006567719,0,gaussian
476,0,0,0.997157483,0.997146571,0.99714519,0.013997181,0.999989057,0.999987672,0.014037081,0,gaussian
476,1,0,0.996981636,0.996970099,0.996970222,0.037304849,0.999988429,0.999988552,0.03741779,0,gaussian
476,2,0,0.994381254,0.994364556,0.994371627,0.049620639,0.999983208,0.999990319,0.049901021,0,gaussian
476,3,0,0.995056471,0.994970963,0.994974982,0.040609687,0.999914067,0.999918106,0.04081144,0,gaussian
476,4,0,0.994709764,0.994687011,0.994686333,0.026210128,0.999977126,0.999976444,0.026349524,0,gaussian
476,5,0,0.999042264,0.999013074,0.9990158,0.054978122,0.999970782,0.999973511,0.055030827,0,gaussian
476,6,0,0.994083164,0.993902741,0.993922765,0.041247081,0.999818503,0.999838646,0.041492586,0,gaussian
476,7,0,1.000518645,1.000439617,1.000456917,0.010703761,0.999921013,0.999938304,0.010698212,0,gaussian
476,8,0,0.99350846,0.993343915,0.993385476,0.172595341,0.99983438,0.999876213,0.173723071,0,gaussian
476,9,0,0.995480895,0.995036709,0.994476073,0.071723039,0.999553797,0.998990616,0.072048635,0,gaussian
476,10,1,0.965981665,0.087815437,0.003928742,0.003416474,0.090907975,0.004067098,0.00353679,0,gaussian
476,11,1,0.963172754,0.099674305,0.00443245,0.004181117,0.103485387,0.004601927,0.004340984,0,gaussian
476,12,1,0.964856232,0.117715773,0.006201168,0.005365553,0.122003433,0.006427038,0.005560987,0,gaussian
476,13,1,0.964617777,0.134138954,0.006378616,0.005510845,0.139059177,0.006612584,0.005712983,0,gaussian
476,14,1,0.967820778,0.141346027,0.006295425,0.005250941,0.146045663,0.006504743,0.00542553,0,gaussian
477,0,0,0.997483946,0.997432249,0.997408418,0.019527173,0.999948173,0.999924282,0.019576428,0,gaussian
477,1,0,0.992459517,0.992432002,0.992433304,0.073145544,0.999972276,0.999973588,0.073701288,0,gaussian
477,2,0,0.992909221,0.99285987,0.992863478,0.115035351,0.999950297,0.999953931,0.115856867,0,gaussian
477,3,0,0.994558947,0.994544919,0.994542852,0.037466436,0.999985895,0.999983816,0.037671408,0,gaussian
477,4,0,0.993491016,0.993474984,0.993470019,0.066926747,0.999983864,0.999978866,0.067365226,0,gaussian
477,5,0,0.997884068,0.997863652,0.997862764,0.007790517,0.999979541,0.99997865,0.007807036,0,gaussian
477,6,0,0.991073204,0.991054365,0.991036493,0.123705055,0.999980991,0.999962958,0.124819291,0,gaussian
477,7,0,0.994085152,0.994036924,0.994045184,0.059335963,0.999951485,0.999959795,0.059689015,0,gaussian
477,8,0,0.995209286,0.995116371,0.995077565,0.032575267,0.999906638,0.999867645,0.032732077,0,gaussian
477,9,0,0.998309769,0.998198296,0.99823127,0.019031,0.999888339,0.999921368,0.019063222,0,gaussian
477,10,1,0.965144529,0.078752449,0.0045349,0.00379127,0.081596534,0.004698675,0.003928189,0,gaussian
477,11,1,0.963842497,0.096200203,0.004791148,0.004255359,0.099809049,0.004970882,0.004414994,0,gaussian
477,12,1,0.967762349,0.109660961,0.00738778,0.004870026,0.113313936,0.007633879,0.005032254,0,gaussian
477,13,1,0.963983382,0.120601854,0.006031639,0.005240149,0.125107815,0.006256995,0.005435933,0,gaussian
477,14,1,0.963769462,0.138942647,0.008692952,0.006484325,0.144165853,0.009019742,0.006728087,0,gaussian
478,0,0,0.996618018,0.996579773,0.996582402,0.02951025,0.999961625,0.999964262,0.029610391,0,gaussian
478,1,0,0.997563828,0.997545844,0.997552199,0.004809688,0.999981972,0.999988342,0.004821434,0,gaussian
478,2,0,0.996444185,0.996411926,0.996424254,0.028158654,0.999967626,0.999979998,0.028259138,0,gaussian
478,3,0,0.996117319,0.996094293,0.996091411,0.097041398,0.999976884,0.999973991,0.097419648,0,gaussian
478,4,0,0.996257404,0.996218941,0.99623669,0.081058847,0.999961392,0.999979208,0.081363358,0,gaussian
478,5,0,0.995747251,0.995446399,0.995479693,0.024019885,0.999697864,0.9997313,0.024122472,0,gaussian
478,6,0,0.996986156,0.996939686,0.996946748,0.010544886,0.999953389,0.999960473,0.010576763,0,gaussian
478,7,0,0.998260271,0.998228188,0.998194668,0.025232053,0.999967861,0.999934283,0.025276027,0,gaussian
478,8,0,0.990318404,0.99004279,0.990114659,0.260596484,0.999721692,0.999794263,0.263144139,0,gaussian
478,9,0,0.99078251,0.990332857,0.990203037,0.273405663,0.999546164,0.999415137,0.275949222,0,gaussian
478,10,1,0.962121726,0.121418913,0.006129987,0.00471775,0.126199118,0.006371322,0.004903485,0,gaussian
478,11,1,0.965189234,0.108263,0.006795004,0.004476689,0.112167641,0.007040074,0.004638146,0,gaussian
478,12,1,0.964828519,0.179235195,0.009204258,0.006011982,0.185768965,0.009539787,0.006231141,0,gaussian
478,13,1,0.96756763,0.162553655,0.009224192,0.005361144,0.16800237,0.009533382,0.005540847,0,gaussian
478,14,1,0.966377788,0.128155038,0.008289116,0.00520797,0.132613808,0.008577511,0.005389166,0,gaussian
479,0,0,0.996226744,0.996206643,0.996209808,0.038440065,0.999979823,0.999983001,0.038585658,0,gaussian
479,1,0,0.994686887,0.994651513,0.994648324,0.041085929,0.999964438,0.999961231,0.041305389,0,gaussian
479,2,0,0.993517605,0.993470236,0.993491734,0.272384588,0.999952322,0.999973961,0.274161813,0,gaussian
479,3,0,0.994504419,0.994438838,0.994417578,0.085986154,0.999934057,0.999912679,0.086461309,0,gaussian
479,4,0,0.993187574,0.993159454,0.993168367,0.175886078,0.999971687,0.999980661,0.177092507,0,gaussian
479,5,0,0.998891728,0.998874589,0.998869868,0.023173935,0.999982842,0.999978115,0.023199647,0,gaussian
479,6,0,0.99325577,0.993213029,0.993206878,0.076052512,0.999956969,0.999950776,0.076568911,0,gaussian
479,7,0,0.995695057,0.995662828,0.99566487,0.087244968,0.999967632,0.999969683,0.087622176,0,gaussian
479,8,0,0.993537985,0.993460369,0.993467454,0.027510738,0.99992188,0.999929011,0.027689669,0,gaussian
479,9,1,0.964716932,0.139871092,0.005316698,0.00425355,0.144986666,0.005511148,0.004409117,0,gaussian
479,10,1,0.968323663,0.14681464,0.006974384,0.005375393,0.151617322,0.007202534,0.005551236,0,gaussian
479,11,1,0.966569515,0.131828369,0.006624084,0.005418605,0.136387882,0.00685319,0.005606017,0,gaussian
479,12,1,0.965347981,0.129349198,0.006831071,0.005941693,0.133992302,0.007076278,0.006154975,0,gaussian
479,13,1,0.967423558,0.110969139,0.00453882,0.003878907,0.114705848,0.004691657,0.004009523,0,gaussian
479,14,0,0.996877096,0.995854219,0.99585322,0.028328725,0.998973918,0.998972916,0.02841747,0,gaussian
480,0,0,0.991900434,0.991881954,0.991887053,0.105564176,0.999981369,0.99998651,0.106426182,0,gaussian
480,1,0,0.994793271,0.99478393,0.99478398,0.070323603,0.99999061,0.99999066,0.070691675,0,gaussian
480,2,0,0.996783077,0.996760323,0.996751181,0.017331979,0.999977172,0.999968002,0.017387915,0,gaussian
480,3,0,0.994240067,0.994217834,0.994224256,0.054941957,0.999977639,0.999984098,0.055260252,0,gaussian
480,4,0,0.99430697,0.994277182,0.994277149,0.031030371,0.999970042,0.999970009,0.031208039,0,gaussian
480,5,0,0.99376707,0.993704386,0.993727365,0.18229003,0.999936923,0.999960046,0.183433357,0,gaussian
480,6,0,0.993424885,0.993372457,0.993396608,0.073939825,0.999947225,0.999971536,0.074429206,0,gaussian
480,7,0,0.989289872,0.989204073,0.989219471,0.307692187,0.999913272,0.999928836,0.311023286,0,gaussian
480,8,0,0.9958146,0.994462183,0.99471949,0.038802232,0.998641898,0.998900287,0.038965317,0,gaussian
480,9,0,0.998668893,0.997262636,0.997475363,0.064193819,0.998591868,0.998804879,0.064279381,0,gaussian
480,10,1,0.963534443,0.082767126,0.005141162,0.003653624,0.085899499,0.005335732,0.003791898,0,gaussian
480,11,1,0.964010204,0.151677608,0.008761264,0.005691598,0.157340252,0.009088352,0.005904085,0,gaussian
480,12,1,0.965995342,0.124986541,0.008958738,0.005346875,0.129386277,0.009274101,0.005535094,0,gaussian
480,13,1,0.963893752,0.106107613,0.007907371,0.003320237,0.110082271,0.008203571,0.003444608,0,gaussian
480,14,1,0.968789534,0.14091624,0.007291448,0.003785586,0.14545599,0.007526348,0.003907542,0,gaussian
481,0,0,0.993316751,0.993299938,0.993307085,0.08730046,0.999983074,0.999990269,0.087887836,0,gaussian
481,1,0,0.993451648,0.993421263,0.993420894,0.087790767,0.999969415,0.999969043,0.088369441,0,gaussian
481,2,0,0.993292041,0.993247675,0.993253753,0.043244848,0.999955334,0.999961453,0.043536892,0,gaussian
481,3,0,0.990788362,0.990754136,0.990771632,0.422003186,0.999965455,0.999983114,0.425926668,0,gaussian
481,4,0,0.993179855,0.993110562,0.993099633,0.067699711,0.999930231,0.999919227,0.068164604,0,gaussian
481,5,0,0.996242125,0.996199522,0.996203033,0.04658645,0.999957237,0.999960761,0.046762176,0,gaussian
481,6,0,0.995361142,0.995271562,0.995273115,0.044886682,0.999910002,0.999911562,0.045095876,0,gaussian
481,7,0,0.999113823,0.998846244,0.998905356,0.025702939,0.999732184,0.999791348,0.025725736,0,gaussian
481,8,0,0.996165512,0.995201831,0.995449339,0.024132617,0.999032609,0.99928107,0.024225509,0,gaussian
481,9,0,0.992528281,0.989894341,0.98943613,0.063063452,0.997346232,0.996884572,0.063538192,0,gaussian
481,10,1,0.964485297,0.102406125,0.004927362,0.003551727,0.106176968,0.005108799,0.00368251,0,gaussian
481,11,1,0.963916401,0.088834077,0.00790522,0.003721487,0.092159524,0.008201147,0.003860799,0,gaussian
481,12,1,0.966850279,0.114377666,0.007988137,0.004560981,0.118299253,0.00826202,0.00471736,0,gaussian
481,13,1,0.966315539,0.101345146,0.006437359,0.004489443,0.104877901,0.006661757,0.004645939,0,gaussian
481,14,1,0.964862051,0.11420104,0.008455757,0.005756573,0.118359967,0.008763695,0.005966214,0,gaussian
482,0,1,0.963855286,0.109177795,0.004679148,0.003942673,0.113271978,0.004854616,0.004090524,0,gaussian
482,1,1,0.966653753,0.089558555,0.004326834,0.003389136,0.092648019,0.004476095,0.00350605,0,gaussian
482,2,1,0.967142042,0.141605468,0.006020962,0.00514609,0.146416413,0.00622552,0.005320925,0,gaussian
482,3,1,0.968481912,0.141046834,0.006625451,0.005048414,0.145637034,0.006841069,0.005212709,0,gaussian
482,4,1,0.96774979,0.133350471,0.006466538,0.004730831,0.137794368,0.006682035,0.004888486,0,gaussian
482,5,0,0.995800517,0.995733853,0.995716949,0.05061717,0.999933056,0.99991608,0.050830633,0,gaussian
482,6,0,0.995294233,0.995251781,0.995268545,0.150266611,0.999957347,0.99997419,0.150977074,0,gaussian
482,7,0,0.994143665,0.99409687,0.994106757,0.090879073,0.999952929,0.999962875,0.091414426,0,gaussian
482,8,0,0.994726277,0.994683222,0.994665704,0.014080312,0.999956717,0.999939106,0.014154962,0,gaussian
482,9,0,0.995617193,0.995591171,0.995591412,0.025008577,0.999973863,0.999974105,0.025118668,0,gaussian
482,10,0,0.996310629,0.996292617,0.99629334,0.066924845,0.999981921,0.999982647,0.06717267,0,gaussian
482,11,0,0.997156384,0.997119959,0.997124074,0.042684259,0.999963472,0.999967598,0.042805983,0,gaussian
482,12,0,0.98822213,0.988199241,0.988206307,0.496958492,0.999976838,0.999983988,0.502881364,0,gaussian
482,13,0,0.995404404,0.995374175,0.995384241,0.066833436,0.999969632,0.999979744,0.067141994,0,gaussian
482,14,0,0.997635511,0.997610639,0.997609881,0.012097523,0.99997507,0.99997431,0.012126195,0,gaussian
483,0,0,0.99751278,0.997494568,0.99749245,0.028763729,0.999981742,0.99997962,0.028835449,0,gaussian
483,1,0,0.996768348,0.996736051,0.996747812,0.018419335,0.999967598,0.999979397,0.018479053,0,gaussian
483,2,0,0.99393229,0.993926757,0.993916796,0.068471906,0.999994434,0.999984412,0.06888991,0,gaussian
483,3,0,0.997008823,0.996994029,0.996991142,0.027399717,0.999985162,0.999982266,0.027481921,0,gaussian
483,4,0,0.99807886,0.998062921,0.998062834,0.012905056,0.99998403,0.999983944,0.012929896,0,gaussian
483,5,0,0.996317728,0.996280142,0.996283613,0.035419661,0.999962275,0.999965759,0.035550568,0,gaussian
483,6,0,0.993162882,0.992958795,0.992936511,0.168313573,0.999794508,0.999772071,0.169472275,0,gaussian
483,7,0,0.999293905,0.999030597,0.998951996,0.018643698,0.999736505,0.999657848,0.018656871,0,gaussian
483,8,0,0.996046993,0.995781319,0.99571154,0.028133125,0.999733272,0.999663216,0.028244776,0,gaussian
483,9,0,0.996348417,0.995200254,0.995704879,0.020786361,0.99884763,0.999354104,0.020862542,0,gaussian
483,10,1,0.9646773,0.104296376,0.004707849,0.00380035,0.1081153,0.004880232,0.003939504,0,gaussian
483,11,1,0.96344418,0.090192999,0.00545373,0.003967582,0.093615178,0.005660661,0.004118123,0,gaussian
483,12,1,0.965225166,0.142932713,0.006953108,0.004797632,0.148082249,0.007203613,0.004970479,0,gaussian
483,13,1,0.963164679,0.157531936,0.009019197,0.006055214,0.163556596,0.009364128,0.006286789,0,gaussian
483,14,1,0.967245179,0.1550394,0.008371842,0.005104274,0.16028966,0.008655347,0.005277125,0,gaussian
484,0,0,0.996896522,0.996882688,0.996886751,0.037680866,0.999986122,0.999990198,0.037798171,0,gaussian
484,1,0,0.99172953,0.991701537,0.991707771,0.388444475,0.999971774,0.999978059,0.391683885,0,gaussian
484,2,0,0.995404477,0.995386328,0.995388081,0.01480099,0.999981767,0.999983528,0.014869322,0,gaussian
484,3,0,0.988026979,0.988016959,0.988014558,0.154822495,0.999989859,0.999987428,0.156698651,0,gaussian
484,4,0,0.994910705,0.994890989,0.994883633,0.02103073,0.999980183,0.99997279,0.021138309,0,gaussian
484,5,0,0.997945453,0.997919689,0.997919169,0.020192218,0.999974182,0.999973661,0.02023379,0,gaussian
484,6,0,0.995511984,0.995417595,0.995403752,0.035822906,0.999905186,0.99989128,0.035984405,0,gaussian
484,7,0,0.995614109,0.995334456,0.995407555,0.021900649,0.999719115,0.999792536,0.021997126,0,gaussian
484,8,0,0.994070321,0.99368374,0.993646788,0.123384145,0.999611114,0.99957394,0.124120138,0,gaussian
484,9,0,0.996708367,0.99620801,0.996335757,0.010933844,0.99949799,0.999626159,0.010969953,0,gaussian
484,10,1,0.962457066,0.107321607,0.005739094,0.004542079,0.111507943,0.005962961,0.004719253,0,gaussian
484,11,1,0.966311987,0.112365861,0.005384055,0.004238625,0.116283211,0.005571756,0.004386394,0,gaussian
484,12,1,0.968526034,0.13712414,0.00668082,0.004543397,0.141580231,0.006897925,0.004691043,0,gaussian
484,13,1,0.963006714,0.139026988,0.007388643,0.006621525,0.144367621,0.007672473,0.006875887,0,gaussian
484,14,1,0.966521037,0.147934904,0.007332206,0.005682925,0.153059167,0.007586184,0.005879774,0,gaussian
485,0,0,0.995934656,0.99592422,0.995926605,0.03821116,0.999989521,0.999991916,0.038367136,0,gaussian
485,1,0,0.998113265,0.998105175,0.99808696,0.031671479,0.999991894,0.999973645,0.031731348,0,gaussian
485,2,0,0.995520433,0.995486519,0.995495369,0.037171877,0.999965933,0.999974823,0.03733914,0,gaussian
485,3,0,0.993356147,0.993343677,0.99334372,0.097254437,0.999987446,0.99998749,0.097904903,0,gaussian
485,4,0,0.990750509,0.990710948,0.990701218,0.144747708,0.99996007,0.999950248,0.14609905,0,gaussian
485,5,0,0.996944494,0.996933518,0.996929757,0.022764721,0.99998899,0.999985219,0.022834492,0,gaussian
485,6,0,0.995104115,0.995073031,0.995080642,0.025129353,0.999968763,0.999976412,0.025252989,0,gaussian
485,7,0,0.996846811,0.996798306,0.996810005,0.016491821,0.999951342,0.999963078,0.016543987,0,gaussian
485,8,0,0.994029133,0.993846669,0.993866954,0.126944044,0.99981644,0.999836847,0.127706563,0,gaussian
485,9,0,0.996064975,0.9957325,0.995744591,0.017208917,0.999666211,0.99967835,0.017276902,0,gaussian
485,10,1,0.965792769,0.101800947,0.004600264,0.003838927,0.105406616,0.0047632,0.003974897,0,gaussian
485,11,1,0.964594124,0.087405229,0.00476483,0.003983156,0.090613478,0.004939725,0.00412936,0,gaussian
485,12,1,0.964390669,0.125718344,0.005974695,0.005576672,0.13036039,0.006195305,0.005782586,0,gaussian
485,13,1,0.964661352,0.143090234,0.006683965,0.006088685,0.14833209,0.00692882,0.006311733,0,gaussian
485,14,1,0.96508479,0.135493265,0.005965431,0.005749994,0.140395192,0.00618125,0.005958019,0,gaussian
486,0,0,0.99787867,0.997864258,0.997869383,0.023651185,0.999985557,0.999990693,0.023701463,0,gaussian
486,1,0,0.995582399,0.995566528,0.995559764,0.029596596,0.999984059,0.999977265,0.029727922,0,gaussian
486,2,0,0.993457798,0.993451107,0.99344601,0.06642111,0.999993265,0.999988134,0.066858512,0,gaussian
486,3,0,0.997031954,0.997017178,0.997011954,0.010936477,0.99998518,0.99997994,0.010969034,0,gaussian
486,4,0,0.995241979,0.995169238,0.995160762,0.022754264,0.999926912,0.999918395,0.022863047,0,gaussian
486,5,0,0.988500758,0.988474721,0.988491587,0.476225931,0.99997366,0.999990723,0.481765873,0,gaussian
486,6,0,0.987802902,0.987770168,0.987795675,0.687670522,0.999966862,0.999992684,0.696161675,0,gaussian
486,7,0,0.992855375,0.992615662,0.992663019,0.20174051,0.999758563,0.99980626,0.203192242,0,gaussian
486,8,0,1.000907314,1.00074274,1.000756272,0.007736543,0.999835576,0.999849095,0.007729529,0,gaussian
486,9,1,0.968549174,0.102394634,0.006446404,0.003923854,0.105719603,0.006655733,0.00405127,0,gaussian
486,10,1,0.966688778,0.140369631,0.009897583,0.006139488,0.145206641,0.010238645,0.006351049,0,gaussian
486,11,0,0.990829336,0.984043038,0.983963719,0.152702272,0.993150891,0.993070838,0.154115614,0,gaussian
486,12,1,0.964082841,0.106804323,0.020930953,0.005300005,0.110783346,0.021710741,0.005497458,0,gaussian
486,13,1,0.965138506,0.136223568,0.011909396,0.006570224,0.141144061,0.012339572,0.006807545,0,gaussian
486,14,1,0.964593117,0.131076849,0.019896939,0.007791411,0.135888227,0.020627287,0.008077407,0,gaussian
487,0,0,0.998602513,0.998562254,0.998558571,0.022722094,0.999959685,0.999955996,0.022753893,0,gaussian
487,1,0,0.992347531,0.992316265,0.992320594,0.288956514,0.999968492,0.999972856,0.291184797,0,gaussian
487,2,0,0.996424568,0.996411817,0.99640763,0.029412681,0.999987203,0.999983001,0.029518222,0,gaussian
487,3,0,0.994771658,0.994743309,0.994749658,0.085101089,0.999971502,0.999977884,0.085548365,0,gaussian
487,4,0,0.995642641,0.995618728,0.995620217,0.018583039,0.999975982,0.999977479,0.018664367,0,gaussian
487,5,0,0.99568362,0.995663698,0.995658576,0.135712499,0.999979992,0.999974847,0.136300825,0,gaussian
487,6,0,0.997671975,0.997609416,0.997630142,0.050471282,0.999937295,0.999958069,0.050589054,0,gaussian
487,7,0,0.996042671,0.995977829,0.995989268,0.118017593,0.999934901,0.999946385,0.118486483,0,gaussian
487,8,0,0.996631851,0.996583432,0.996562757,0.006785374,0.999951418,0.999930673,0.006808305,0,gaussian
487,9,0,0.992321396,0.992259137,0.99228485,0.672589062,0.999937259,0.999963171,0.677793571,0,gaussian
487,10,1,0.965581763,0.12864845,0.005301507,0.004005506,0.133234134,0.00549048,0.004148283,0,gaussian
487,11,1,0.966839578,0.100895611,0.004510356,0.003684543,0.104356103,0.004665051,0.003810915,0,gaussian
487,12,1,0.964483656,0.144822607,0.007949876,0.006599148,0.150155585,0.008242624,0.006842156,0,gaussian
487,13,1,0.96707475,0.120445764,0.005185203,0.004481118,0.124546488,0.00536174,0.004633684,0,gaussian
487,14,1,0.964020969,0.129297107,0.006858263,0.006094772,0.134122712,0.007114226,0.00632224,0,gaussian
488,0,0,0.995221788,0.995204824,0.995200674,0.040157638,0.999982954,0.999978784,0.040350441,0,gaussian
488,1,0,0.993604477,0.993581139,0.993572771,0.057065884,0.999976512,0.99996809,0.057433199,0,gaussian
488,2,0,0.995785648,0.995766268,0.995757179,0.056031208,0.999980538,0.99997141,0.056268343,0,gaussian
488,3,0,0.993559629,0.993541099,0.993528232,0.077105804,0.99998135,0.9999684,0.077605613,0,gaussian
488,4,0,0.995634158,0.995598468,0.995602413,0.074113474,0.999964154,0.999968116,0.074438461,0,gaussian
488,5,0,0.994051305,0.994010348,0.994029664,0.094839546,0.999958797,0.999978229,0.095407094,0,gaussian
488,6,0,0.994503641,0.994473805,0.994468133,0.051064809,0.999969999,0.999964296,0.05134703,0,gaussian
488,7,0,0.996866425,0.996760142,0.996745911,0.017036543,0.999893383,0.999879107,0.017090096,0,gaussian
488,8,0,0.991603876,0.991529395,0.991540988,0.098340026,0.999924889,0.99993658,0.099172692,0,gaussian
488,9,0,0.994543359,0.993377849,0.99386058,0.08178801,0.998828095,0.999313475,0.082236747,0,gaussian
488,10,1,0.963097678,0.110613152,0.005273447,0.004511667,0.114851437,0.005475506,0.004684538,0,gaussian
488,11,1,0.965823046,0.107654344,0.005224737,0.004137818,0.111463839,0.005409622,0.00428424,0,gaussian
488,12,1,0.96304145,0.155864773,0.007298717,0.006078204,0.161846381,0.007578819,0.006311467,0,gaussian
488,13,1,0.964579065,0.16699812,0.008126866,0.006812989,0.173130567,0.008425298,0.007063173,0,gaussian
488,14,1,0.966288106,0.152624579,0.006920253,0.005613484,0.157949351,0.007161687,0.005809327,0,gaussian
489,0,0,0.994444317,0.994422161,0.994417189,0.067884791,0.999977721,0.999972721,0.068264045,0,gaussian
489,1,0,1.000736993,1.000708786,1.000713131,0.008601131,0.999971813,0.999976156,0.008594796,0,gaussian
489,2,0,0.993111501,0.993073587,0.993089612,0.049558071,0.999961823,0.999977959,0.04990182,0,gaussian
489,3,0,0.997449902,0.99739086,0.997381759,0.023596539,0.999940807,0.999931683,0.023656866,0,gaussian
489,4,0,0.995049355,0.995014295,0.995012678,0.026961901,0.999964765,0.99996314,0.027096044,0,gaussian
489,5,0,0.998308706,0.998229616,0.998226705,0.01759912,0.999920776,0.99991786,0.017628936,0,gaussian
489,6,0,0.997520729,0.997482652,0.997484359,0.020497237,0.999961828,0.999963539,0.020548182,0,gaussian
489,7,0,0.997153666,0.996988272,0.997004649,0.018836266,0.999834134,0.999850558,0.018890034,0,gaussian
489,8,0,0.996471787,0.996219216,0.996011686,0.025142641,0.999746535,0.99953827,0.025231664,0,gaussian
489,9,0,0.995942152,0.99488642,0.994950569,0.072806471,0.998939967,0.999004376,0.073103113,0,gaussian
489,10,1,0.965441355,0.112485645,0.00650716,0.004424424,0.116512147,0.006740088,0.004582799,0,gaussian
489,11,1,0.967302451,0.091571544,0.004670693,0.003614277,0.09466692,0.004828576,0.00373645,0,gaussian
489,12,1,0.960554536,0.142753565,0.008658779,0.007448606,0.148615784,0.009014354,0.007754485,0,gaussian
489,13,1,0.968221755,0.1460596,0.007517613,0.00524107,0.150853458,0.007764351,0.005413088,0,gaussian
489,14,1,0.966286719,0.172207501,0.009149525,0.006923791,0.178215738,0.009468747,0.007165358,0,gaussian
490,0,0,0.997232881,0.997205752,0.997210279,0.010751617,0.999972796,0.999977335,0.01078145,0,gaussian
490,1,0,0.996829167,0.996803547,0.996803412,0.015674891,0.999974299,0.999974163,0.015724752,0,gaussian
490,2,0,0.996691503,0.996659919,0.996636014,0.010908448,0.999968312,0.999944327,0.010944658,0,gaussian
490,3,0,0.996874332,0.996773305,0.996777989,0.03041092,0.999898656,0.999903355,0.030506272,0,gaussian
490,4,0,0.994468777,0.994441007,0.99445634,0.046034352,0.999972076,0.999987494,0.046290394,0,gaussian
490,5,0,0.997764986,0.997723437,0.997732789,0.010521673,0.999958358,0.999967732,0.010545242,0,gaussian
490,6,0,0.995629048,0.995602517,0.995595126,0.075473688,0.999973353,0.99996593,0.075805029,0,gaussian
490,7,0,0.997138858,0.997051784,0.9970525,0.092694079,0.999912677,0.999913395,0.092960051,0,gaussian
490,8,1,0.962445284,0.095386376,0.005683681,0.004454457,0.099108363,0.005905459,0.004628271,0,gaussian
490,9,1,0.963472725,0.135723482,0.007051048,0.006101121,0.140869044,0.007318368,0.006332428,0,gaussian
490,10,1,0.964526582,0.137604894,0.007386564,0.006250057,0.142665735,0.007658228,0.006479922,0,gaussian
490,11,1,0.963479996,0.123392709,0.007357974,0.006138348,0.128069819,0.007636873,0.006371018,0,gaussian
490,12,1,0.965467012,0.090620226,0.005190099,0.004020904,0.093861546,0.005375739,0.004164725,0,gaussian
490,13,0,0.997584373,0.997218152,0.997251886,0.016218603,0.999632892,0.999666708,0.016257876,0,gaussian
490,14,0,0.996741311,0.99654399,0.996605382,0.028482394,0.999802034,0.999863627,0.028575513,0,gaussian
491,0,0,0.999152526,0.999142813,0.999142287,0.006008168,0.999990279,0.999989753,0.006013264,0,gaussian
491,1,0,0.994450619,0.99438614,0.994376501,0.046903542,0.999935161,0.999925469,0.04716528,0,gaussian
491,2,0,0.991836919,0.991807237,0.991810994,0.070926771,0.999970074,0.999973861,0.071510517,0,gaussian
491,3,0,0.997311881,0.997287787,0.997293626,0.013542418,0.999975841,0.999981696,0.01357892,0,gaussian
491,4,0,0.992569237,0.992552768,0.992545813,0.064450303,0.999983408,0.999976401,0.064932804,0,gaussian
491,5,0,0.992724877,0.992686367,0.992676355,0.143156265,0.999961208,0.999951122,0.144205377,0,gaussian
491,6,0,0.995926872,0.995866813,0.995841748,0.010063478,0.999939695,0.999914528,0.010104636,0,gaussian
491,7,0,0.997334064,0.997177225,0.997216734,0.019750597,0.999842742,0.999882356,0.019803392,0,gaussian
491,8,0,0.998627989,0.998438367,0.998440537,0.018685424,0.999810117,0.999812291,0.018711096,0,gaussian
491,9,0,0.991923092,0.991340577,0.991291035,0.047012272,0.999412742,0.999362797,0.047395078,0,gaussian
491,10,1,0.963138574,0.10646863,0.005871145,0.004918685,0.110543418,0.006095847,0.005106934,0,gaussian
491,11,1,0.966683599,0.109497889,0.008384007,0.004900632,0.113271694,0.008672959,0.00506953,0,gaussian
491,12,1,0.969901747,0.12742971,0.00769676,0.005414275,0.131384143,0.007935608,0.005582292,0,gaussian
491,13,1,0.961245964,0.126212509,0.011201235,0.007355677,0.13130095,0.011652829,0.007652232,0,gaussian
491,14,1,0.967084422,0.141793079,0.009834845,0.006870245,0.146619132,0.010169583,0.00710408,0,gaussian
492,0,0,0.995861224,0.99584861,0.995841937,0.025694568,0.999987334,0.999980633,0.025801354,0,gaussian
492,1,0,0.996884173,0.996867934,0.996870352,0.015091918,0.999983711,0.999986135,0.015139089,0,gaussian
492,2,0,0.995921609,0.995881016,0.99589182,0.024423157,0.999959241,0.999970089,0.024523173,0,gaussian
492,3,0,0.997536148,0.997507915,0.997515052,0.01221813,0.999971697,0.999978852,0.012248308,0,gaussian
492,4,0,0.995473721,0.995411727,0.995444271,0.029443933,0.999937724,0.999970416,0.029577811,0,gaussian
492,5,0,0.994503974,0.994350068,0.994413324,0.115533058,0.999845244,0.999908849,0.11617154,0,gaussian
492,6,0,0.989987265,0.989945571,0.98995367,0.553455911,0.999957884,0.999966065,0.559053567,0,gaussian
492,7,0,0.993714177,0.993449879,0.993298736,0.049968545,0.99973403,0.999581931,0.050284625,0,gaussian
492,8,0,0.995186882,0.994204491,0.994492394,0.081312366,0.999012857,0.999302153,0.081705625,0,gaussian
492,9,0,0.997742122,0.996197081,0.995387885,0.017413363,0.998451462,0.997640435,0.01745277,0,gaussian
492,10,1,0.964517208,0.106605153,0.004863703,0.003432095,0.110526958,0.00504263,0.003558356,0,gaussian
492,11,1,0.962083903,0.089996907,0.006190408,0.004007304,0.09354372,0.006434374,0.004165233,0,gaussian
492,12,1,0.964058169,0.119513329,0.005678672,0.004514552,0.123969002,0.005890383,0.004682863,0,gaussian
492,13,1,0.963727336,0.11404417,0.007434102,0.005417948,0.118336552,0.007713906,0.005621868,0,gaussian
492,14,1,0.964581339,0.125620443,0.006572045,0.005244648,0.130233126,0.006813365,0.005437228,0,gaussian
493,0,0,0.996741228,0.996713144,0.996705492,0.018176024,0.999971824,0.999964147,0.018235449,0,gaussian
493,1,0,0.995165999,0.995150404,0.995152567,0.315929408,0.99998433,0.999986503,0.31746403,0,gaussian
493,2,0,0.995135609,0.995113858,0.995122342,0.035566124,0.999978142,0.999986667,0.035739977,0,gaussian
493,3,0,0.994281557,0.994223144,0.994218103,0.102941402,0.999941251,0.999936181,0.103533452,0,gaussian
493,4,0,0.995470702,0.995413707,0.995419875,0.097356434,0.999942745,0.999948942,0.097799397,0,gaussian
493,5,0,0.997634022,0.997588824,0.997594078,0.015987188,0.999954695,0.999959961,0.016025103,0,gaussian
493,6,0,0.994530927,0.994504047,0.994516666,0.040098686,0.999972972,0.999985661,0.040319195,0,gaussian
493,7,0,0.99474452,0.994694294,0.99466846,0.060356499,0.999949509,0.999923538,0.060675377,0,gaussian
493,8,0,0.996239986,0.996056207,0.99606072,0.044917503,0.999815528,0.999820058,0.045087031,0,gaussian
493,9,0,0.995333126,0.995131703,0.99508366,0.070990317,0.999797633,0.999749364,0.071323173,0,gaussian
493,10,1,0.962832594,0.095386787,0.006137551,0.004733419,0.099068921,0.006374474,0.00491614,0,gaussian
493,11,1,0.967617825,0.10503991,0.005631907,0.003534208,0.108555163,0.005820384,0.003652483,0,gaussian
493,12,1,0.96622916,0.126008669,0.008385771,0.005636296,0.13041282,0.008678863,0.005833291,0,gaussian
493,13,1,0.967716052,0.154983575,0.009448742,0.0055233,0.160153977,0.009763961,0.005707562,0,gaussian
493,14,1,0.969401084,0.14977831,0.0090057,0.005129037,0.154506027,0.009289963,0.005290934,0,gaussian
494,0,0,0.993888075,0.993875622,0.99387409,0.040891688,0.99998747,0.999985928,0.041143151,0,gaussian
494,1,0,0.996251201,0.996239648,0.996239199,0.064037325,0.999988403,0.999987953,0.064278291,0,gaussian
494,2,0,0.998185156,0.99814393,0.998135646,0.019940632,0.999958699,0.9999504,0.019976887,0,gaussian
494,3,0,0.994811225,0.994760986,0.994755161,0.047242413,0.999949499,0.999943644,0.047488822,0,gaussian
494,4,0,0.991846496,0.991771213,0.991720046,0.130015075,0.999924099,0.999872511,0.131083868,0,gaussian
494,5,0,0.994072422,0.993987199,0.993969502,0.028758632,0.999914269,0.999896467,0.028930117,0,gaussian
494,6,0,0.995566279,0.995387344,0.995354097,0.023652029,0.999820268,0.999786873,0.023757363,0,gaussian
494,7,0,0.998055576,0.997409606,0.99702905,0.020006105,0.999352771,0.998971474,0.020045081,0,gaussian
494,8,0,0.98672794,0.985964552,0.986319094,0.331179963,0.999226345,0.999585655,0.335634524,0,gaussian
494,9,0,0.989115315,0.985904383,0.984981259,0.124400971,0.996753734,0.995820451,0.125769937,0,gaussian
494,10,1,0.965380171,0.104629482,0.009367067,0.003843252,0.108381635,0.009702982,0.003981076,0,gaussian
494,11,1,0.965758545,0.130095217,0.022758278,0.005228178,0.134707808,0.023565184,0.005413546,0,gaussian
494,12,1,0.967434053,0.127544608,0.012028785,0.00476222,0.131838039,0.0124337,0.004922526,0,gaussian
494,13,1,0.964337573,0.120395501,0.017055233,0.005809845,0.124847879,0.017685957,0.0060247,0,gaussian
494,14,1,0.967081863,0.152825523,0.014735443,0.005336787,0.158027494,0.015237018,0.005518444,0,gaussian
495,0,0,0.995427166,0.995403779,0.995406302,0.037794933,0.999976506,0.999979041,0.037968557,0,gaussian
495,1,0,0.995980021,0.995944061,0.995933045,0.013283398,0.999963895,0.999952834,0.013337013,0,gaussian
495,2,0,0.994250329,0.994212118,0.994227042,0.063097513,0.999961568,0.999976578,0.063462401,0,gaussian
495,3,0,0.993430018,0.993394075,0.993391633,0.094115367,0.99996382,0.999961361,0.094737793,0,gaussian
495,4,0,0.991800139,0.991726188,0.991750141,0.234108091,0.999925437,0.999949589,0.236043616,0,gaussian
495,5,0,0.994831927,0.99475032,0.994721271,0.072393574,0.999917969,0.999888769,0.072769653,0,gaussian
495,6,0,0.995308095,0.995187633,0.995196536,0.05255534,0.99987897,0.999887914,0.052803087,0,gaussian
495,7,0,0.996572245,0.996529615,0.996530842,0.035507251,0.999957223,0.999958455,0.03562938,0,gaussian
495,8,0,0.996168215,0.996085482,0.996113034,0.027317199,0.999916949,0.999944607,0.027422276,0,gaussian
495,9,0,0.992573491,0.992362382,0.992476257,0.102317241,0.999787312,0.999902038,0.103082786,0,gaussian
495,10,1,0.962229122,0.087119389,0.005376803,0.004424497,0.090539131,0.005587862,0.004598174,0,gaussian
495,11,1,0.963399344,0.11191482,0.005690752,0.004438282,0.116166594,0.005906951,0.004606898,0,gaussian
495,12,1,0.966877255,0.166730896,0.00776506,0.005703421,0.172442671,0.008031071,0.005898806,0,gaussian
495,13,1,0.96791015,0.144752748,0.007979238,0.005211061,0.149551844,0.00824378,0.005383828,0,gaussian
495,14,1,0.965723186,0.135458074,0.008733381,0.00611131,0.140265944,0.009043359,0.006328221,0,gaussian
496,0,0,0.996410524,0.996398911,0.996400912,0.027199254,0.999988345,0.999990353,0.027297237,0,gaussian
496,1,0,0.995371124,0.995328837,0.995321055,0.076090961,0.999957517,0.999949698,0.076444815,0,gaussian
496,2,0,0.998941773,0.998884614,0.998856987,0.046293899,0.99994278,0.999915124,0.046342941,0,gaussian
496,3,0,0.989723203,0.989682872,0.989689346,0.491909323,0.99995925,0.999965791,0.497017066,0,gaussian
496,4,0,0.993942514,0.993910043,0.993914204,0.06983314,0.999967331,0.999971517,0.070258731,0,gaussian
496,5,0,0.99197059,0.991937529,0.991950895,0.25663113,0.999966671,0.999980146,0.258708406,0,gaussian
496,6,0,1.001194977,1.001190703,1.001192298,0.019721623,0.99999573,0.999997324,0.019698084,0,gaussian
496,7,0,0.99674628,0.996699937,0.996672688,0.035107788,0.999953505,0.999926167,0.035222392,0,gaussian
496,8,0,0.995975685,0.995943421,0.995954273,0.037938468,0.999967606,0.999978502,0.038091761,0,gaussian
496,9,1,0.963692501,0.110706692,0.005531424,0.004119597,0.114877611,0.005739823,0.004274805,0,gaussian
496,10,0,0.996066577,0.979030934,0.987257127,0.02835011,0.982897085,0.991155762,0.028462063,0,gaussian
496,11,1,0.969085313,0.154234227,0.00778439,0.005089895,0.159154436,0.008032719,0.005252267,0,gaussian
496,12,1,0.965078284,0.133517765,0.009280009,0.005896933,0.138349155,0.009615809,0.006110316,0,gaussian
496,13,1,0.967128472,0.117847344,0.018105756,0.00402732,0.121852833,0.018721149,0.004164204,0,gaussian
496,14,1,0.966793871,0.138550198,0.012151158,0.005433162,0.143308933,0.012568509,0.005619772,0,gaussian
497,0,0,0.998259742,0.998216632,0.998221633,0.023880182,0.999956815,0.999961824,0.023921812,0,gaussian
497,1,0,0.991919926,0.991872998,0.99176349,0.134963752,0.999952689,0.99984229,0.136063152,0,gaussian
497,2,0,1.000964337,1.000948285,1.000948636,0.008278652,0.999983964,0.999984314,0.008270677,0,gaussian
497,3,0,0.996959212,0.996896911,0.996864405,0.137014163,0.999937509,0.999904903,0.137432065,0,gaussian
497,4,0,0.993897737,0.993859118,0.9938692,0.02384483,0.999961144,0.999971288,0.02399123,0,gaussian
497,5,0,0.997336738,0.997218054,0.997267762,0.149511698,0.999880999,0.99993084,0.14991095,0,gaussian
497,6,0,0.99996908,0.999864466,0.999876418,0.008369606,0.999895383,0.999907336,0.008369864,0,gaussian
497,7,0,0.995471109,0.995263283,0.995306106,0.140358055,0.999791228,0.999834246,0.140996613,0,gaussian
497,8,0,0.996189397,0.996017468,0.995997643,0.100332232,0.999827414,0.999807512,0.100716021,0,gaussian
497,9,0,0.99521003,0.993944533,0.994441927,0.048470995,0.998728412,0.9992282,0.048704287,0,gaussian
497,10,1,0.965531452,0.096127633,0.004556154,0.003956777,0.099559298,0.004718804,0.00409803,0,gaussian
497,11,1,0.966226554,0.10625194,0.005718903,0.003969744,0.109965866,0.005918801,0.004108503,0,gaussian
497,12,1,0.968089961,0.16626844,0.007447866,0.0049381,0.171748956,0.007693362,0.005100869,0,gaussian
497,13,1,0.966342658,0.146627134,0.006153215,0.005460873,0.1517341,0.00636753,0.005651073,0,gaussian
497,14,1,0.964716816,0.152981717,0.00773767,0.005696645,0.158576812,0.008020664,0.005904992,0,gaussian
498,0,0,0.996016631,0.995995297,0.995995272,0.018985348,0.999978581,0.999978556,0.019061276,0,gaussian
498,1,0,0.993235248,0.993224909,0.993224133,0.237636934,0.99998959,0.999988809,0.239255437,0,gaussian
498,2,0,0.9920656,0.992055294,0.992058765,0.345617313,0.999989612,0.999993111,0.348381511,0,gaussian
498,3,0,0.994864014,0.994825503,0.994831609,0.088204855,0.99996129,0.999967428,0.088660213,0,gaussian
498,4,0,0.994408533,0.994394071,0.994401006,0.067729472,0.999985456,0.99999243,0.068110309,0,gaussian
498,5,0,0.995256402,0.99524557,0.995239974,0.055213367,0.999989116,0.999983493,0.055476526,0,gaussian
498,6,0,0.995735494,0.995683356,0.995652764,0.016756858,0.999947638,0.999916915,0.016828624,0,gaussian
498,7,0,0.996003857,0.995899369,0.995910823,0.042386369,0.999895093,0.999906593,0.042556431,0,gaussian
498,8,0,0.996295926,0.996192098,0.996175607,0.048110458,0.999895786,0.999879234,0.048289325,0,gaussian
498,9,1,0.965671844,0.079619089,0.004499262,0.003910889,0.082449426,0.004659204,0.004049915,0,gaussian
498,10,1,0.964594989,0.098803584,0.005210035,0.004238367,0.102430124,0.005401267,0.004393934,0,gaussian
498,11,1,0.966016371,0.128476553,0.007041945,0.006108966,0.132996248,0.007289675,0.006323874,0,gaussian
498,12,1,0.961638849,0.158054391,0.008191999,0.007025812,0.164359407,0.00851879,0.007306082,0,gaussian
498,13,1,0.964028672,0.146849239,0.007599182,0.006740361,0.152328705,0.007882734,0.006991868,0,gaussian
498,14,0,0.997185496,0.996863881,0.99686679,0.034618555,0.999677477,0.999680394,0.034716264,0,gaussian
499,0,0,0.992171721,0.992113329,0.992100437,0.067219088,0.999941147,0.999928154,0.06774945,0,gaussian
499,1,0,0.992554308,0.992501847,0.992485141,0.065067649,0.999947146,0.999930315,0.065555757,0,gaussian
499,2,0,0.995283493,0.995235631,0.99525985,0.047552887,0.999951911,0.999976244,0.047778233,0,gaussian
499,3,0,0.994785976,0.99473952,0.994759652,0.039767844,0.9999533,0.999973538,0.039976281,0,gaussian
499,4,0,0.998481264,0.998451091,0.998437735,0.033284884,0.999969781,0.999956405,0.033335512,0,gaussian
499,5,0,0.996495377,0.996459627,0.996431872,0.019370262,0.999964125,0.999936272,0.019438386,0,gaussian
499,6,0,0.99923712,0.999177625,0.999190939,0.015329964,0.999940459,0.999953783,0.015341668,0,gaussian
499,7,0,0.997846865,0.997697067,0.997745349,0.048430588,0.999849879,0.999898266,0.048535091,0,gaussian
499,8,0,0.999754026,0.999481294,0.999442715,0.016228199,0.999727201,0.999688613,0.016232192,0,gaussian
499,9,1,0.965017478,0.096771899,0.005130331,0.004608402,0.100279944,0.005316309,0.004775459,0,gaussian
499,10,0,0.993375844,0.97113868,0.975951746,0.045181849,0.977614551,0.982459712,0.045483136,0,gaussian
499,11,1,0.965559373,0.120020181,0.006898184,0.005803947,0.124301192,0.007144236,0.006010969,0,gaussian
499,12,1,0.966956946,0.141408308,0.01637004,0.004459308,0.146240542,0.01692944,0.004611693,0,gaussian
499,13,1,0.964384316,0.133707035,0.00835918,0.006269374,0.13864497,0.008667893,0.006500909,0,gaussian
499,14,1,0.967610713,0.127967607,0.01082297,0.005680979,0.132251127,0.011185252,0.005871141,0,gaussian
